"Parameter";"Rhat";"zchain1";"zchain2";"zchain3";"zchain4";"zchain5";"zchain6";"Effective"
"Alpha1[1]";1,00002347636488;1,80378871452683;0,161646073814424;0,479836922081311;-1,62215720177229;-0,137748435092395;-0,226410306507195;30423,8272534386
"Alpha1[2]";0,999994129257544;0,389591662899784;1,40193452400219;-2,23436821099595;-0,699515789541283;-0,720498960507415;0,323520334515655;19361,1655270144
"Alpha1[3]";1,0001045869792;0,826394454616726;-1,16425877215431;1,03116432962598;0,565254012050159;-1,30006149607725;1,37246951338504;30182,9478699669
"Alpha1[4]";1,00007020459181;0,109249670609389;2,17768836274329;0,83350669405597;-0,802693975482514;-0,445528071901282;-1,25572719853434;16796,6597431357
"Alpha1[5]";0,999997422655239;-0,796108661558546;0,565154508491143;-0,335651762101124;-0,0394256238475805;-0,630817563957095;-0,589596212538907;11065,6879216645
"Alpha1[6]";1,00002637953876;-0,229010244727185;-1,1211198530225;-0,639986206576485;0,36480269186369;0,733895366146777;-0,20488055496592;30886,9512180271
"Alpha1[7]";1,00008961383543;-0,894184418770927;0,165232651479155;-0,106679322473379;-1,45144190433869;1,11436559208031;0,703927882466946;13245,3292776164
"Alpha1[8]";1,00014251327862;-0,245549099655195;0,680655723636778;-0,0768434194345623;-0,81827355114335;1,81503842609939;0,993706422201548;30377,9289029007
"Alpha1[9]";1,00013737359058;0,264245110574503;-1,00718767135672;0,0487399456029698;0,157104459138976;0,0652685942276857;0,131066606072096;30019,1453708513
"Alpha1[10]";1,00011929860783;-0,635146097933974;-0,0107757833634398;0,14954251788289;0,289506283819192;-0,0741202625556754;0,498321579755265;30459,1491838165
"Alpha1[11]";1,00011206189107;-0,55775248796633;-0,630019724582896;0,689772018266199;0,81478334749556;-1,22213453510152;1,09459416741301;30223,5192827214
"Alpha1[12]";0,999995836920869;1,3297959317313;-0,641131820417656;0,540036153246929;-0,790294228363796;-1,02618220763868;1,16928530382796;30930,0008725624
"Alpha1[13]";1,000036680801;0,359275843271585;-0,32784719679196;-0,482385389195064;1,23319942916747;-0,433309816573562;0,604539913166694;30326,7476092168
"Alpha1[14]";1,00027026045629;1,89210211263567;0,0929413992024482;-0,927344197226118;0,177826627239909;-1,15930457948223;-1,81826553473072;30029,8556151334
"Alpha1[15]";1,00000229800986;0,906497984195906;1,00678120521118;0,14220970522584;-3,07985685540707;0,361972575867092;0,170569410867051;30208,7013776592
"Alpha1[16]";1,00011767326033;-1,66737306289491;-0,197462128848823;-0,80606469792538;-1,62103473960843;-1,66368832764296;-0,637612477768269;30250,0059406237
"Alpha1[17]";1,00007966599143;0,842491055962715;0,826799025277496;0,5679055986486;1,57767873033956;-1,12278049359137;1,4586301677436;30405,0628343377
"Alpha1[18]";1,00000761674178;0,778426256765681;-1,59941336333429;1,33651594181453;-1,13840789652469;-2,19771608328285;1,18401443029677;29547,451727531
"Alpha1[19]";1,00000993240428;-1,71048609612263;0,639826801376115;0,435115633509598;0,328497436061351;0,98513651557055;1,17511150972704;30158,9962937538
"Alpha1[20]";1,00007866743396;-0,0722441139266383;0,764498033212789;0,792031986888344;-0,97051472950197;1,6765463381931;-0,112797297145034;30517,9070573145
"Alpha1[21]";1,0000487364307;-1,14723626024322;0,610064675022203;-0,751199338905728;-0,00870612844236607;0,167024011376492;-1,06216330341157;30102,7503502002
"Alpha1[22]";0,999997108756903;-0,750853445714728;0,391740315712158;-0,994214450366577;0,620803072583272;0,25844216345231;0,376596129431862;30556,243232676
"Alpha1[23]";1,00001525703993;-1,62207715089694;0,680249795484008;0,565513531433612;-0,644704650210537;1,30995348685539;0,940050477760168;30339,6764733796
"Alpha1[24]";0,999981971716378;-0,528773148564876;1,02650175882621;1,01060436129038;-1,17609626210357;0,103744646287997;2,82846970051309;30524,3544882271
"Alpha2[1]";1,00006575699042;0,187056120269003;-0,855755252004057;-0,193066046888881;1,75688635612099;-0,174127040900651;-0,568680022182765;28564,9243858395
"Alpha2[2]";1,00013324989389;0,430865558464356;0,275502147776506;0,389991725015175;1,90192534400266;-1,32183921233933;0,498872189724422;30072,9794029613
"Beta1";1,00002225275592;0,916875393078841;-0,100653627244531;1,82406012168047;-0,235077742474887;-0,192638796575628;-0,416707589953952;5482,13198227607
"Beta2";1,0002246029058;-1,16826408581797;-1,10303229680563;1,16470035889277;-0,634962626393763;-0,768111136541093;-0,16427267215491;29931,2575536225
"Gamma1[1, 1]";0,999951924697353;1,73304173997234;-1,61768914350966;-0,615770382797816;-0,429334066299593;-1,34677599648135;1,00456481159827;19293,4323814313
"Gamma1[1, 2]";0,999951924697353;-1,7330417399723;1,61768914350966;0,615770382797816;0,42933406629957;1,34677599648135;-1,00456481159827;19293,4323814313
"Gamma1[2, 1]";0,999994013965181;-1,99903254106108;0,759073008914737;0,652881238633507;-2,19028396564418;-1,41970605814625;1,60619451234012;30047,4151342329
"Gamma1[2, 2]";0,999994013965181;1,99903254106111;-0,759073008914737;-0,652881238633507;2,19028396564423;1,41970605814628;-1,60619451234009;30047,4151342329
"Gamma1[3, 1]";1,00006514119647;0,916605252537046;-0,908904877494775;-1,19657263889021;0,976941703350835;0,067447768329695;0,0264393608666459;30081,5205340893
"Gamma1[3, 2]";1,00006514119647;-0,916605252537046;0,908904877494775;1,19657263889021;-0,976941703350867;-0,0674477683296593;-0,0264393608666459;30081,5205340893
"Gamma1[4, 1]";1,00011730978271;0,861765455299242;0,402226747480928;-0,618167028159285;1,05785758808457;-1,12562111628225;0,302482042772808;30107,4421330766
"Gamma1[4, 2]";1,00011730978271;-0,861765455299293;-0,402226747480928;0,618167028159285;-1,05785758808457;1,12562111628225;-0,302482042772783;30107,4421330766
"Gamma1[5, 1]";1,00000009032408;-0,959302741583781;-1,40578954052849;0,00644572054628098;1,20700346395598;2,20872969844772;-1,70827661495606;22953,5937530385
"Gamma1[5, 2]";1,00000009032408;0,95930274158376;1,40578954052851;-0,00644572054633002;-1,20700346395596;-2,20872969844772;1,70827661495604;22953,5937530385
"Gamma1[6, 1]";0,99999837537694;0,415880995050968;-2,62992276103315;0,8473154589224;-0,523413681233836;0,472698683345725;-2,37545094598482;23787,4643199668
"Gamma1[6, 2]";0,99999837537694;-0,415880995051003;2,62992276103315;-0,847315458922361;0,523413681233836;-0,472698683345762;2,37545094598486;23787,4643199668
"Gamma1[7, 1]";1,00005563115602;1,69638689700975;-2,46316300743559;0,789434146327837;-0,217732560163241;-0,930167364459777;0,744968232481747;30032,7350934539
"Gamma1[7, 2]";1,00005563115602;-1,69638689700975;2,46316300743561;-0,789434146327837;0,217732560163214;0,930167364459722;-0,744968232481723;30032,7350934539
"Gamma1[8, 1]";1,00006900090027;0,842716433766748;-0,0247174966862579;1,41136377935834;0,533790521784097;-0,200411821613445;-0,916801451187075;30282,3631637579
"Gamma1[8, 2]";1,00006900090027;-0,842716433766783;0,0247174966862579;-1,41136377935834;-0,533790521784097;0,200411821613373;0,916801451187112;30282,3631637579
"Gamma1[9, 1]";1,00016715631635;-0,669529009663758;0,63389430957505;1,26290231622671;-1,23270808324376;-1,34233194186017;-0,194381206115738;13483,8364390277
"Gamma1[9, 2]";1,00016715631635;0,669529009663758;-0,633894309575006;-1,26290231622671;1,23270808324373;1,3423319418602;0,194381206115738;13483,8364390277
"Gamma1[10, 1]";1,00000559131589;0,0566098866897263;0,504302623130507;-0,525593636376526;-0,889995742378799;-1,1119872038611;0,934550365355418;29869,5968274511
"Gamma1[10, 2]";1,00000559131589;-0,0566098866896861;-0,504302623130507;0,525593636376526;0,889995742378799;1,11198720386117;-0,934550365355418;29869,5968274511
"Gamma1[11, 1]";1,00007399392349;-0,72159663705819;-0,206233086847521;1,90283647815494;2,42660320662992;0,858668045987261;0,0730960143417561;30850,8689401526
"Gamma1[11, 2]";1,00007399392349;0,72159663705819;0,206233086847491;-1,90283647815494;-2,42660320662995;-0,858668045987231;-0,0730960143417561;30850,8689401526
"Gamma1[12, 1]";1,00024524481649;0,00526732566492639;-0,169940991135272;0,487203433442368;0,210837799852618;-0,207312952115642;0,216983076443197;28400,9928212498
"Gamma1[12, 2]";1,00024524481649;-0,00526732566495928;0,169940991135241;-0,487203433442432;-0,210837799852646;0,207312952115578;-0,216983076443197;28400,9928212494
"Gamma1[13, 1]";1,00000124491388;1,29293934495241;0,409815838159218;-1,03615589645776;1,3753551355429;-0,807333199011204;-0,0664450275598685;30421,2872331798
"Gamma1[13, 2]";1,00000124491388;-1,29293934495238;-0,409815838159244;1,03615589645779;-1,3753551355429;0,807333199011204;0,0664450275598922;30421,2872331798
"Gamma1[14, 1]";1,00012154848389;-1,23905458833265;-1,00746713973641;-1,71221120931835;1,49310721168411;-0,948039178510651;0,526303319451631;29276,1206021155
"Gamma1[14, 2]";1,00012154848389;1,23905458833273;1,00746713973637;1,71221120931832;-1,49310721168407;0,948039178510651;-0,526303319451597;29276,1206021155
"Gamma1[15, 1]";0,999999153063444;0,488089175746071;1,05359233688791;0,517439453479465;-1,10811807137867;0,452287680579303;-1,23688197667293;30319,0359564064
"Gamma1[15, 2]";0,999999153063444;-0,488089175746128;-1,05359233688794;-0,517439453479465;1,10811807137867;-0,452287680579363;1,236881976673;30319,0359564064
"Gamma1[16, 1]";1,00007412619471;-0,186922364125467;-0,214776198189171;-0,930362190074495;0,387062161099717;0,534978016521195;1,0806460502999;11391,7361506649
"Gamma1[16, 2]";1,00007412619471;0,186922364125467;0,214776198189231;0,930362190074495;-0,387062161099768;-0,534978016521195;-1,08064605029993;11391,7361506649
"Gamma1[17, 1]";1,0000343372129;0,413822234158447;-0,662744824075084;-0,131129127726486;1,31408814800342;-0,453454145976779;0,524767985713175;30000,548916503
"Gamma1[17, 2]";1,0000343372129;-0,413822234158447;0,662744824075154;0,131129127726423;-1,31408814800342;0,453454145976746;-0,524767985713207;30000,548916503
"Gamma1[18, 1]";1,00015619489782;0,702080690663322;-1,66847414313113;-0,231985095067915;-0,379215765898453;-0,877721537510629;1,397716188128;30034,4574502881
"Gamma1[18, 2]";1,00015619489782;-0,702080690663354;1,6684741431311;0,231985095067886;0,379215765898453;0,87772153751066;-1,397716188128;30034,4574502881
"Gamma1[19, 1]";0,999963749378331;-0,472712492425117;-2,4473448976321;-1,29497451616118;1,04603946031266;-1,63279848911674;0,469622736052401;30137,9360264373
"Gamma1[19, 2]";0,999963749378331;0,472712492425117;2,4473448976321;1,29497451616121;-1,04603946031263;1,63279848911674;-0,469622736052401;30137,9360264374
"Gamma1[20, 1]";0,999993043034804;-0,948624450715853;-1,12612124882532;2,64181903597757;1,436543024218;-0,863588657033956;-0,53495928467427;28862,02219566
"Gamma1[20, 2]";0,999993043034804;0,948624450715853;1,12612124882526;-2,64181903597757;-1,436543024218;0,863588657033956;0,53495928467427;28862,02219566
"Gamma1[21, 1]";0,999963720444702;-0,263318605656566;1,82718225676684;-1,92337364592636;0,907101137375587;0,543376058539674;-1,35681696599103;30133,6376922044
"Gamma1[21, 2]";0,999963720444702;0,263318605656566;-1,82718225676684;1,92337364592636;-0,907101137375524;-0,543376058539646;1,35681696599103;30133,6376922044
"Gamma1[22, 1]";1,00004517426148;-0,420520517261294;1,50958458243132;0,241302310523176;-0,890783559303262;-0,286054844834062;0,363608298375343;17405,8198452516
"Gamma1[22, 2]";1,00004517426148;0,42052051726127;-1,5095845824313;-0,2413023105232;0,890783559303262;0,286054844834041;-0,363608298375343;17405,8198452516
"Gamma1[23, 1]";0,999982187719405;-0,094692614368888;-0,484299409582218;1,81146349225917;0,665641294132904;-0,362843053037861;-1,62598579588182;28720,2933664712
"Gamma1[23, 2]";0,999982187719405;0,0946926143688614;0,484299409582218;-1,81146349225917;-0,665641294132852;0,362843053037861;1,62598579588179;28720,2933664717
"Gamma1[24, 1]";1,00003742933534;0,771168702832687;1,53667297435616;-1,43530865270785;0,398982303227981;-1,70929361051637;-0,121574679269615;30419,1217191404
"Gamma1[24, 2]";1,00003742933534;-0,771168702832658;-1,53667297435616;1,43530865270779;-0,398982303227953;1,7092936105164;0,121574679269644;30419,1217191404
"Gamma1_F[1]";0,999951924697353;1,73304173997234;-1,61768914350966;-0,615770382797816;-0,429334066299593;-1,34677599648135;1,00456481159827;19293,4323814313
"Gamma1_F[2]";0,999994013965181;-1,99903254106108;0,759073008914737;0,652881238633507;-2,19028396564418;-1,41970605814625;1,60619451234012;30047,4151342329
"Gamma1_F[3]";1,00006514119647;0,916605252537046;-0,908904877494775;-1,19657263889021;0,976941703350835;0,067447768329695;0,0264393608666459;30081,5205340893
"Gamma1_F[4]";1,00011730978271;0,861765455299242;0,402226747480928;-0,618167028159285;1,05785758808457;-1,12562111628225;0,302482042772808;30107,4421330766
"Gamma1_F[5]";1,00000009032408;-0,959302741583781;-1,40578954052849;0,00644572054628098;1,20700346395598;2,20872969844772;-1,70827661495606;22953,5937530385
"Gamma1_F[6]";0,99999837537694;0,415880995050968;-2,62992276103315;0,8473154589224;-0,523413681233836;0,472698683345725;-2,37545094598482;23787,4643199668
"Gamma1_F[7]";1,00005563115602;1,69638689700975;-2,46316300743559;0,789434146327837;-0,217732560163241;-0,930167364459777;0,744968232481747;30032,7350934539
"Gamma1_F[8]";1,00006900090027;0,842716433766748;-0,0247174966862579;1,41136377935834;0,533790521784097;-0,200411821613445;-0,916801451187075;30282,3631637579
"Gamma1_F[9]";1,00016715631635;-0,669529009663758;0,63389430957505;1,26290231622671;-1,23270808324376;-1,34233194186017;-0,194381206115738;13483,8364390277
"Gamma1_F[10]";1,00000559131589;0,0566098866897263;0,504302623130507;-0,525593636376526;-0,889995742378799;-1,1119872038611;0,934550365355418;29869,5968274511
"Gamma1_F[11]";1,00007399392349;-0,72159663705819;-0,206233086847521;1,90283647815494;2,42660320662992;0,858668045987261;0,0730960143417561;30850,8689401526
"Gamma1_F[12]";1,00024524481649;0,00526732566492639;-0,169940991135272;0,487203433442368;0,210837799852618;-0,207312952115642;0,216983076443197;28400,9928212498
"Gamma1_F[13]";1,00000124491388;1,29293934495241;0,409815838159218;-1,03615589645776;1,3753551355429;-0,807333199011204;-0,0664450275598685;30421,2872331798
"Gamma1_F[14]";1,00012154848389;-1,23905458833265;-1,00746713973641;-1,71221120931835;1,49310721168411;-0,948039178510651;0,526303319451631;29276,1206021155
"Gamma1_F[15]";0,999999153063444;0,488089175746071;1,05359233688791;0,517439453479465;-1,10811807137867;0,452287680579303;-1,23688197667293;30319,0359564064
"Gamma1_F[16]";1,00007412619471;-0,186922364125467;-0,214776198189171;-0,930362190074495;0,387062161099717;0,534978016521195;1,0806460502999;11391,7361506649
"Gamma1_F[17]";1,0000343372129;0,413822234158447;-0,662744824075084;-0,131129127726486;1,31408814800342;-0,453454145976779;0,524767985713175;30000,548916503
"Gamma1_F[18]";1,00015619489782;0,702080690663322;-1,66847414313113;-0,231985095067915;-0,379215765898453;-0,877721537510629;1,397716188128;30034,4574502881
"Gamma1_F[19]";0,999963749378331;-0,472712492425117;-2,4473448976321;-1,29497451616118;1,04603946031266;-1,63279848911674;0,469622736052401;30137,9360264373
"Gamma1_F[20]";0,999993043034804;-0,948624450715853;-1,12612124882532;2,64181903597757;1,436543024218;-0,863588657033956;-0,53495928467427;28862,02219566
"Gamma1_F[21]";0,999963720444702;-0,263318605656566;1,82718225676684;-1,92337364592636;0,907101137375587;0,543376058539674;-1,35681696599103;30133,6376922044
"Gamma1_F[22]";1,00004517426148;-0,420520517261294;1,50958458243132;0,241302310523176;-0,890783559303262;-0,286054844834062;0,363608298375343;17405,8198452516
"Gamma1_F[23]";0,999982187719405;-0,094692614368888;-0,484299409582218;1,81146349225917;0,665641294132904;-0,362843053037861;-1,62598579588182;28720,2933664712
"Gamma1_F[24]";1,00003742933534;0,771168702832687;1,53667297435616;-1,43530865270785;0,398982303227981;-1,70929361051637;-0,121574679269615;30419,1217191404
"Gamma3[1, 1]";0,999958041493196;1,73997218321022;-1,82724804365768;-0,583823229714958;-0,509766983803789;-1,19018634875558;1,14707050008072;23361,3776278893
"Gamma3[1, 2]";0,999958041493196;-1,7399721832102;1,82724804365767;0,583823229714981;0,509766983803766;1,19018634875558;-1,14707050008072;23361,3776278906
"Gamma3[2, 1]";0,999996216801079;-2,09230760385629;0,575760701262846;0,673641610449506;-2,22723921079641;-1,45509969827439;1,52224276539244;27130,9399012998
"Gamma3[2, 2]";0,999996216801079;2,09230760385632;-0,575760701262846;-0,673641610449533;2,22723921079638;1,45509969827439;-1,52224276539251;27130,9399012998
"Gamma3[3, 1]";1,00006141550716;0,821358971859264;-0,993637537700261;-1,19878847862941;0,988012145002584;0,166335496213912;-0,0201510349903783;30123,6111939026
"Gamma3[3, 2]";1,00006141550716;-0,821358971859233;0,993637537700197;1,19878847862934;-0,988012145002615;-0,166335496213878;0,0201510349903783;30123,6111939026
"Gamma3[4, 1]";1,00009356578937;0,651857275239901;0,19355448197144;-0,470031401161931;1,12841552618909;-1,04526959180244;0,305085568761508;30133,1942864685
"Gamma3[4, 2]";1,00009356578937;-0,651857275239925;-0,193554481971415;0,470031401161908;-1,12841552618907;1,04526959180241;-0,305085568761508;30133,1942864685
"Gamma3[5, 1]";1,00001031507928;-1,2162509020172;-1,49616180974922;-0,134369031553558;1,19402476828397;2,1901952853917;-1,7725904355265;26175,6197277204
"Gamma3[5, 2]";1,00001031507928;1,2162509020172;1,49616180974922;0,134369031553533;-1,19402476828402;-2,1901952853917;1,7725904355265;26175,6197277204
"Gamma3[6, 1]";1,00000335445301;0,369178656887758;-2,63517287060476;0,841654047626953;-0,454866881965082;0,501558233780981;-2,31618746585134;20131,9259950806
"Gamma3[6, 2]";1,00000335445301;-0,369178656887758;2,63517287060476;-0,841654047626917;0,454866881965082;-0,501558233780945;2,31618746585138;20131,9259950813
"Gamma3[7, 1]";1,00005918995836;1,62731995435007;-2,4697353207342;0,75860492695028;-0,248708608922959;-0,837466919109404;0,737818784969356;30150,6548808018
"Gamma3[7, 2]";1,00005918995836;-1,62731995435004;2,46973532073423;-0,75860492695028;0,248708608923008;0,837466919109429;-0,737818784969356;30150,6548808018
"Gamma3[8, 1]";1,00008840081064;0,728431294600668;-0,376257615690166;1,4602458132116;0,567631319557555;-0,209073101780457;-0,972436674090755;30220,309280215
"Gamma3[8, 2]";1,00008840081064;-0,728431294600668;0,376257615690166;-1,46024581321164;-0,567631319557627;0,209073101780422;0,972436674090717;30220,309280215
"Gamma3[9, 1]";1,00014121543127;-0,788426254196714;0,471677403094216;1,7472776367659;-1,03559879772426;-1,40643075184806;-0,251717675049642;11732,4866654618
"Gamma3[9, 2]";1,00014121543127;0,78842625419675;-0,471677403094216;-1,74727763676586;1,03559879772426;1,40643075184809;0,251717675049642;11732,4866654618
"Gamma3[10, 1]";1,00001864501598;-0,198836117331167;0,184243029741501;-0,372372736300571;-0,897334508218931;-1,15750190975592;0,946203669806994;30039,3629173441
"Gamma3[10, 2]";1,00001864501598;0,198836117331207;-0,184243029741536;0,372372736300571;0,897334508218895;1,15750190975592;-0,946203669806929;30039,3629173441
"Gamma3[11, 1]";1,00008226217764;-0,735544770401653;-0,312961006149804;1,77506622524439;2,35990810153472;0,893557745026473;-0,0316655040616116;30786,3525569562
"Gamma3[11, 2]";1,00008226217764;0,735544770401683;0,312961006149804;-1,77506622524437;-2,35990810153469;-0,893557745026503;0,0316655040616116;30786,3525569562
"Gamma3[12, 1]";1,00021503844197;-0,00433269178162868;-0,300665257023572;0,297369137012268;0,182566084903379;-0,0493179491761838;0,0539327255160967;29621,1577309991
"Gamma3[12, 2]";1,00021503844197;0,00433269178162868;0,300665257023515;-0,297369137012298;-0,182566084903379;0,0493179491762135;-0,0539327255160967;29621,1577309991
"Gamma3[13, 1]";0,999985716116728;1,24761004716037;0,388015689303966;-1,15992636801665;1,3212092378741;-0,682961049965811;-0,228960157001682;30457,7315926672
"Gamma3[13, 2]";0,999985716116728;-1,24761004716037;-0,388015689303992;1,15992636801668;-1,32120923787408;0,682961049965811;0,228960157001655;30457,7315926672
"Gamma3[14, 1]";1,00009942298943;-1,25823395176767;-1,06868190328477;-1,85618940584853;1,58449313661834;-0,782328983882232;0,43340760083052;29200,1413302091
"Gamma3[14, 2]";1,00009942298943;1,25823395176771;1,06868190328477;1,85618940584853;-1,58449313661834;0,782328983882232;-0,43340760083052;29200,1413302091
"Gamma3[15, 1]";0,999990842019849;0,505713864742083;0,901548096543627;0,420538318661275;-0,853050816303979;0,473410828867823;-1,29052428756361;30394,7039212667
"Gamma3[15, 2]";0,999990842019849;-0,505713864742083;-0,901548096543596;-0,420538318661275;0,853050816303948;-0,473410828867882;1,29052428756364;30394,7039212667
"Gamma3[16, 1]";1,00005264286518;-0,361297107054342;-0,26170188268722;-0,923089951932966;0,365065484140323;0,689170206694093;0,915390383626262;12353,4511997054
"Gamma3[16, 2]";1,00005264286518;0,361297107054314;0,261701882687191;0,923089951933016;-0,365065484140273;-0,689170206694119;-0,915390383626263;12353,4511997054
"Gamma3[17, 1]";1,00003436012115;0,379131050049716;-0,726265172031626;-0,241809255234746;1,26451743714658;-0,375756273983961;0,492594692169079;30102,2897875287
"Gamma3[17, 2]";1,00003436012115;-0,379131050049684;0,726265172031626;0,241809255234746;-1,26451743714661;0,375756273983961;-0,492594692169079;30102,2897875287
"Gamma3[18, 1]";1,00014795895232;0,974268386822627;-1,91756781684074;-0,354897131744524;-0,251747188525685;-0,827742451822523;1,0813667337521;30072,7985535684
"Gamma3[18, 2]";1,00014795895232;-0,974268386822627;1,91756781684074;0,354897131744554;0,251747188525684;0,827742451822553;-1,08136673375204;30072,7985535685
"Gamma3[19, 1]";0,999980787705195;-0,429610815391305;-2,66193991462705;-1,4115538082766;1,05469669149313;-1,60033982983806;0,353511295863493;30135,4214801263
"Gamma3[19, 2]";0,999980787705195;0,429610815391271;2,66193991462705;1,41155380827663;-1,05469669149306;1,60033982983806;-0,353511295863493;30135,4214801263
"Gamma3[20, 1]";1,00000173819251;-0,946730856624667;-1,2434754615133;1,91577075574361;1,41265784563482;-0,770703933396582;-0,716798032852104;28281,5615284108
"Gamma3[20, 2]";1,00000173819251;0,946730856624699;1,2434754615133;-1,91577075574365;-1,41265784563482;0,770703933396582;0,716798032852136;28281,5615284104
"Gamma3[21, 1]";0,999977409228673;-0,393153902295266;1,72779459263301;-2,00645384071946;0,880444001455594;0,641590165881609;-1,4642896114722;30007,3213287585
"Gamma3[21, 2]";0,999977409228673;0,393153902295326;-1,72779459263294;2,00645384071946;-0,880444001455625;-0,641590165881581;1,46428961147217;30007,3213287585
"Gamma3[22, 1]";1,00004844368564;-0,349522619452957;1,34405172733323;0,0952428527370216;-0,911835916750077;-0,138992899583728;0,359703256498704;15064,6990889923
"Gamma3[22, 2]";1,00004844368564;0,349522619452982;-1,34405172733321;-0,0952428527369964;0,911835916750078;0,138992899583752;-0,359703256498752;15064,6990889923
"Gamma3[23, 1]";0,999966247546375;-0,0597898449200359;-0,48460676838459;1,64708272783995;0,773396689801592;-0,209070196833952;-1,65398416785701;30078,7480392076
"Gamma3[23, 2]";0,999966247546375;0,0597898449200899;0,484606768384617;-1,64708272783998;-0,773396689801564;0,209070196833896;1,65398416785704;30078,7480392076
"Gamma3[24, 1]";1,00002643949405;0,872045849914766;1,34065067975516;-1,58596412497176;0,486290937156696;-1,71986082773826;-0,140463131829682;30510,5471578083
"Gamma3[24, 2]";1,00002643949405;-0,872045849914734;-1,34065067975509;1,58596412497173;-0,486290937156696;1,71986082773826;0,140463131829714;30510,5471578083
"Gamma4[1, 1]";0,999980649940319;1,99937210715099;-0,997248864301178;-0,497763630729325;-0,00593292374259261;-1,51828428402708;1,40622680311127;16218,7617323901
"Gamma4[1, 2]";0,999980649940319;-1,99937210715098;0,997248864301178;0,497763630729325;0,00593292374257512;1,51828428402706;-1,40622680311124;16218,7617323901
"Gamma4[2, 1]";1,00002310615773;-1,19991187621633;0,883900226165036;0,942886272554244;-1,28499228915516;-1,47116866065885;1,49857070198643;30306,9717257397
"Gamma4[2, 2]";1,00002310615773;1,19991187621627;-0,883900226165056;-0,942886272554223;1,28499228915516;1,4711686606588;-1,49857070198643;30306,9717257397
"Gamma4[3, 1]";1,00007975620036;0,929177978887131;-0,145907870480781;-0,74483940837215;1,43643288332637;-0,459701401843766;0,527620294187158;14633,2828355752
"Gamma4[3, 2]";1,00007975620036;-0,929177978887037;0,145907870480845;0,744839408372041;-1,43643288332631;0,459701401843683;-0,527620294187126;14633,2828355747
"Gamma4[4, 1]";1,00028199748711;0,963784414605574;0,609739554773463;-0,39222467154302;1,36623275825216;-1,32553594322006;0,59286542672085;26301,6297884814
"Gamma4[4, 2]";1,00028199748711;-0,963784414605574;-0,609739554773463;0,39222467154305;-1,36623275825213;1,32553594322009;-0,592865426720807;26301,6297884814
"Gamma4[5, 1]";1,00001826012668;-0,722845916206645;-0,886978815124821;0,376261508274255;1,69579711895346;1,40958414432017;-1,23479337043186;17446,8042462752
"Gamma4[5, 2]";1,00001826012668;0,72284591620663;0,886978815124821;-0,376261508274255;-1,69579711895349;-1,40958414432017;1,23479337043185;17446,8042462752
"Gamma4[6, 1]";1,00014849264158;0,617950279283123;-1,32206367792673;0,836449377427286;0,365535319812136;-0,251939892429588;-1,39087132834348;30026,4585951091
"Gamma4[6, 2]";1,00014849264158;-0,617950279283179;1,32206367792673;-0,836449377427317;-0,365535319812165;0,251939892429558;1,39087132834351;30026,4585951091
"Gamma4[7, 1]";1,00008324385741;1,72521414239114;-1,58403458730689;0,772657676324137;0,215917440778794;-1,12541966810154;0,827379815594458;9475,97185324923
"Gamma4[7, 2]";1,00008324385741;-1,72521414239119;1,58403458730691;-0,772657676324233;-0,215917440778778;1,12541966810155;-0,827379815594417;9475,97185324923
"Gamma4[8, 1]";1,00009233246687;0,925190505469623;0,199737432960604;1,42723292462798;1,26044353020193;-0,853982295625818;-0,0721985897340495;30513,8590739771
"Gamma4[8, 2]";1,00009233246687;-0,925190505469648;-0,199737432960629;-1,42723292462808;-1,26044353020193;0,853982295625742;0,072198589733972;30513,8590739771
"Gamma4[9, 1]";0,999987339703846;-0,161707129180209;0,692730434416637;1,50405366662044;0,0748026545388592;-1,69536287696417;0,469428842554306;30126,4128761208
"Gamma4[9, 2]";0,999987339703845;0,161707129180234;-0,692730434416684;-1,50405366662039;-0,0748026545387885;1,69536287696417;-0,469428842554281;30126,4128761208
"Gamma4[10, 1]";1,00006697817708;0,346980383826783;0,48397363666744;0,131459927891995;0,193035419033611;-1,54354346664325;1,03150048070994;14538,6818651334
"Gamma4[10, 2]";1,00006697817708;-0,346980383826808;-0,48397363666744;-0,131459927892076;-0,193035419033587;1,54354346664325;-1,03150048070987;14538,681865134
"Gamma4[11, 1]";1,00015423153879;-0,168366404078305;0,140064354058092;1,65988275195434;2,65110598875021;0,0314423844307189;0,506833236030364;30457,8391809048
"Gamma4[11, 2]";1,00015423153879;0,168366404078283;-0,140064354058092;-1,65988275195434;-2,65110598875018;-0,0314423844307659;-0,506833236030435;30457,8391809048
"Gamma4[12, 1]";1,00026517042918;0,549857504954636;0,170364137790145;0,383337363181293;0,819815337551725;-0,52927305421801;0,455804118450983;29753,5782513688
"Gamma4[12, 2]";1,00026517042918;-0,549857504954636;-0,170364137790108;-0,383337363181322;-0,819815337551657;0,52927305421808;-0,455804118450913;29753,5782513691
"Gamma4[13, 1]";1,00002322125075;1,59778556505816;0,60328047940092;-0,593499359572566;1,89471798557056;-1,21059372991093;0,190099801698622;30328,5737059915
"Gamma4[13, 2]";1,00002322125075;-1,59778556505812;-0,603280479400942;0,593499359572546;-1,89471798557056;1,21059372991091;-0,190099801698602;30328,5737059915
"Gamma4[14, 1]";1,00013636728369;-0,39299648988628;-0,226997685780756;-1,22220747991856;2,05867802669968;-1,04304046777585;0,579149775564875;30311,8615466464
"Gamma4[14, 2]";1,00013636728369;0,392996489886314;0,226997685780739;1,22220747991856;-2,05867802669969;1,04304046777584;-0,57914977556486;30311,8615466464
"Gamma4[15, 1]";1,00008447336743;0,949693395845906;1,09170387652493;0,686385365178496;0,158869035317629;-0,232126793479969;-0,497138248651462;30140,3401500971
"Gamma4[15, 2]";1,00008447336743;-0,949693395845989;-1,09170387652493;-0,68638536517852;-0,158869035317681;0,232126793479929;0,497138248651506;30140,3401500971
"Gamma4[16, 1]";1,00019693300024;0,274341942267427;0,10172294762525;-0,628616101999638;0,819670020045006;0,104265372851241;1,21257067836451;19118,9705160686
"Gamma4[16, 2]";1,00019693300024;-0,274341942267448;-0,10172294762525;0,628616101999638;-0,819670020044964;-0,104265372851176;-1,21257067836451;19118,9705160686
"Gamma4[17, 1]";1,00015911885299;0,609090628763243;-0,00174394489883492;0,108054219563425;1,96048914871732;-1,03642512402458;1,0432251889611;29967,3557029925
"Gamma4[17, 2]";1,00015911885299;-0,609090628763144;0,00174394489883492;-0,108054219563399;-1,96048914871732;1,03642512402465;-1,04322518896104;29967,3557029925
"Gamma4[18, 1]";1,0001526489636;1,16422492642036;-1,19547985492072;-0,0671333739299457;0,484290545565795;-1,39055021257099;1,29415118119769;30086,4741412621
"Gamma4[18, 2]";1,0001526489636;-1,16422492642036;1,19547985492079;0,06713337393001;-0,484290545565795;1,39055021257101;-1,29415118119766;30086,4741412621
"Gamma4[19, 1]";0,999995582576422;-0,0722385837466927;-1,50046049109848;-0,983131471564103;1,574343843168;-1,90069495603454;0,9093967153697;27117,8453917823
"Gamma4[19, 2]";0,999995582576422;0,0722385837466927;1,50046049109843;0,983131471564054;-1,57434384316797;1,90069495603454;-0,909396715369755;27117,845391783
"Gamma4[20, 1]";1,00001709236763;-0,374731390647227;-0,505294318045422;1,84778057475194;1,88462143535726;-1,11793382548361;-0,0524831263825916;29550,1355063971
"Gamma4[20, 2]";1,00001709236763;0,374731390647179;0,505294318045399;-1,84778057475191;-1,88462143535729;1,11793382548361;0,0524831263826398;29550,1355063971
"Gamma4[21, 1]";0,999941742399174;0,00894903298882091;1,86863264535204;-1,55277043967459;1,71973887030577;-0,270313462181691;-0,686525753653031;30335,29378448
"Gamma4[21, 2]";0,999941742399174;-0,00894903298884515;-1,86863264535211;1,55277043967452;-1,71973887030568;0,270313462181712;0,686525753653031;30335,29378448
"Gamma4[22, 1]";1,00004817261364;-0,045569472518502;1,64678486082135;0,299788560981385;0,0437274319300372;-0,653415707591332;0,729098778940615;29211,7468420407
"Gamma4[22, 2]";1,00004817261364;0,0455694725184867;-1,64678486082138;-0,29978856098137;-0,0437274319300011;0,653415707591373;-0,729098778940675;29211,7468420407
"Gamma4[23, 1]";1,00004671947843;0,227638695636926;0,116102007274044;1,48220068886755;1,42944095575848;-0,74016049249187;-1,00791312346304;24692,8027821694
"Gamma4[23, 2]";1,00004671947843;-0,227638695636945;-0,116102007274069;-1,48220068886757;-1,42944095575846;0,740160492491851;1,00791312346308;24692,8027821694
"Gamma4[24, 1]";1,00004811019166;1,04946844691472;1,81094885354739;-1,17222732584632;0,877748424009078;-2,06523943173037;0,273810368469913;30190,4879983026
"Gamma4[24, 2]";1,00004811019166;-1,04946844691472;-1,81094885354742;1,17222732584627;-0,877748424009078;2,06523943173037;-0,273810368469939;30190,4879983026
"Mu_Alpha1";1,0000720137137;-0,335349049587312;0,411518591523826;-1,32974432277291;-0,142150419401595;-0,356155381899282;0,957746342561311;22816,6364604742
"Mu_L1[1]";0,999985292858814;-0,66245920630128;-0,351174225986423;-0,45689711769874;0,500439172519821;1,79719607883289;1,01902821277634;30570,6213055139
"Mu_L1[2]";0,999999901537508;-1,68865636697911;-0,436449111304315;-0,301241394040964;1,25197593672747;0,462628811903443;0,0256967421252908;30137,3325457327
"Mu_L1[3]";0,999998951746576;-0,886668562440715;0,450239611259951;-1,00421957050533;2,06485916300215;0,0549104639063996;-0,215834539595851;8354,52561238636
"Mu_L1[4]";0,999934462612133;-0,512957050145205;-1,22011508578273;-1,19792614222393;1,82489632397061;0,673253823544413;-0,282288719169276;15062,755325521
"Mu_L1[5]";0,99998279121083;-1,32726012308059;-0,0540820729244572;0,358239083299895;0,459733254147846;-0,730338023398488;0,467392858651274;27006,2277940318
"Mu_L1[6]";1,00003918715838;-1,16390008793492;0,240902204196288;-0,865169367647178;-0,622393701417339;-0,382863802347107;0,273741554708617;6449,66728767467
"Mu_L1[7]";1,00011000464911;-0,706157438519544;0,682619654037499;-0,874629624397973;0,659992012942511;0,571136515712086;0,1975378421089;23565,2837688861
"Mu_L1[8]";1,00007032023101;-0,248202061274588;-1,63611439400233;-1,597868783286;1,35397659453558;0,532217658736352;-0,297547842478186;30150,7390324286
"Mu_L1[9]";1,00009944755905;-1,13507855200207;1,47195525677218;-1,07262946542734;0,859593680169726;-0,406583827854002;-0,438619438928019;21064,083410675
"Mu_L1[10]";1,00000011194606;-1,56660333673075;0,211110169095999;-1,29262753232417;-0,404993481069157;1,44595650281212;-0,606287980723693;15381,9376894816
"Mu_L1[11]";1,00010634995163;-0,586090166315459;1,82576969266926;-1,41097463477435;0,999256656658066;-0,31646807045358;-0,812282323431873;6757,08334019558
"Mu_L1[12]";1,00005657162363;-1,76936221810575;-0,449684390599147;-0,460880007816013;0,507895562673192;1,94770136793987;-0,51759132387465;27330,0413267947
"Mu_L1[13]";1,00001629330247;-0,454254407682634;0,827113076201797;-0,919576511650541;0,992234190634403;-0,31139527690123;0,753747352033785;30126,0335376005
"Mu_L1[14]";1,00012199331124;-1,34922948388288;-1,34752886103754;-0,0816571150117916;0,470074622183772;0,644090941471226;0,663289721875402;30879,07788363
"Mu_L1[15]";0,999970598617168;-0,640932172015124;-0,540649307265398;-0,152036904417151;0,3074475121838;0,670836883745513;0,65910623559205;16731,6069651287
"Mu_L1[16]";1,00000517233639;-0,931481473669222;-0,406650630577899;-0,757474934629669;0,0899295384091523;0,822013745683318;-0,647546416074506;31057,1658333914
"Mu_L1[17]";1,00011119436138;-0,573071956085512;-0,0361024392663633;-0,293623310086283;-0,540714728979598;-0,0690324581018282;-0,486591547768696;29137,778921875
"Mu_L1[18]";1,00002920090877;-1,1140001549009;-1,19675542210804;-0,741638584119926;2,22428140106835;0,638344592214189;-0,104721389789201;30089,5771993637
"Mu_L1[19]";1,00006017052566;0,09494895912494;-0,971744209240678;1,79953805717375;-0,98552164607378;0,159845192062522;0,525939992270529;27338,2262034354
"Mu_L1[20]";1,00014496223355;-1,17578505740638;-0,705655343553629;0,0485003600989568;-1,21566366728197;-1,82710042478895;-0,354207916910531;30486,4838696883
"Mu_L1[21]";1,00017157222513;0,504450625512772;0,450341747440263;0,933942004851023;0,273045542578468;0,287549295067999;0,853368783826699;30140,0614590291
"Mu_L1[22]";1,00024520499876;-1,41323425278078;-1,64108105531096;-0,78693984005502;-1,26850599528958;1,46388882459145;-1,83349889494746;30186,6873541621
"Mu_L1[23]";1,0000051563071;1,14429220156432;-1,01444587657888;-0,231467416493735;1,14368234110421;-0,099386062261899;-0,768010137192306;30326,8706285183
"Mu_L1[24]";1,00002990491646;-0,688619384007411;-2,2457230097966;-1,85255697488614;1,0510262284947;1,27585627808026;-0,877981009375727;30499,4451442267
"Mu_L1surv[1]";0,999995599081712;-0,594473503819036;-0,53625651715127;-0,602991536948108;0,814348889079231;1,37299919057178;1,3137744929948;30251,9236032308
"Mu_L1surv[2]";0,999963208355129;-0,966138851254444;-0,377257786462273;0,795250146940334;0,77439359931293;1,1627165909966;1,47068119068473;22415,13722598
"Mu_L1surv[3]";1,00002467318039;-1,32455187196411;0,539939684655258;-0,793939088489048;2,27550813463143;-0,512610633052461;0,1047309612935;30118,0545027388
"Mu_L1surv[4]";0,999996306744368;0,459232354577001;-2,08304305441261;-0,00429166311739479;1,65210889601121;0,493928282443671;-0,839803213094317;5704,88825620489
"Mu_L1surv[5]";0,999938830544058;-0,412931495737261;-0,52479632342363;1,11509377544531;-0,354779826194145;-1,47299772004112;0,562784897975106;20020,4890260176
"Mu_L1surv[6]";1,00003201860743;-0,11092396432716;0,704444560137716;-0,227727853010507;-0,743374283044891;-0,401374985070525;0,200482460404472;10948,0109557693
"Mu_L1surv[7]";1,00011533668869;-0,0876886995205304;0,716211746368682;-0,555643733399037;0,661547997598778;-0,0592303095114156;0,0699989804664157;22361,0437743042
"Mu_L1surv[8]";1,00026959691777;0,556735192843486;-1,25345203303982;-0,653755431112913;1,47708778623394;0,505063159986069;-0,879239457575378;30099,0534895135
"Mu_L1surv[9]";1,00013801841087;-0,701676915483809;1,39422405059748;0,238785688361911;0,747931112551089;-0,421195795978677;-0,378644658541994;20700,5350156421
"Mu_L1surv[10]";1,00010858449749;-0,85080277843355;-0,183088323133616;-0,653215509095124;-0,684308051914827;-0,37298840787201;-0,304042247488136;30461,5863517632
"Mu_L1surv[11]";1,00011483244715;0,510770719760147;1,53839186261267;-0,554609372255739;0,744918409225509;-0,913006254638567;-0,325896885225289;8032,34345579463
"Mu_L1surv[12]";0,999982443132953;-1,46993532831318;-0,953796578468694;0,882224643891566;0,830355796667974;1,25247584134568;-1,57276268133667;24021,0040171015
"Mu_L1surv[13]";1,00000078170289;-0,0878628226766937;0,417284765804167;-0,486935132268804;0,471450398210378;-0,638795435359876;0,107899152252976;30387,1150127611
"Mu_L1surv[14]";1,00016627354176;-0,781208386486721;-2,02895571913867;0,268475320704256;-0,0719472733471948;0,978041060141322;0,363493570565671;30824,0589720196
"Mu_L1surv[15]";1,00003567543617;-0,0723694553002738;-1,05189078979647;0,714221272310256;0,994752657523274;0,658883371102966;0,421743737177289;29837,5245724413
"Mu_L1surv[16]";0,99999937647111;-0,229050854486442;-0,638602522592985;1,14667667316341;0,0552509490658881;0,332593220561626;-0,190362334481852;30976,2702693471
"Mu_L1surv[17]";1,000126939204;0,535118382846694;-0,303672439196325;0,894055846662197;-0,697706953610737;0,0257058290589721;-0,255007987104564;30130,2230884081
"Mu_L1surv[18]";1,00020716389284;-0,400836735065471;-1,41170838068425;0,147924527122295;2,15797655573452;0,883675504744026;-0,179881645353839;30444,4987675698
"Mu_L1surv[19]";1,00005482026291;-0,453847028918562;0,0404542851056501;2,3533630810662;-0,354642530419336;0,161958716810434;-0,00515436607759244;30061,6136441266
"Mu_L1surv[20]";1,00013974912129;-0,0979530738692764;-0,629444509616346;0,597359838967717;-1,22683771258893;-2,31851639852039;-1,52359934663405;30462,9995339952
"Mu_L1surv[21]";1,00016336077453;1,29123808455694;1,09424995244445;1,42783087850666;0,189967100229224;0,356278021933935;1,15788269045115;30601,2885975733
"Mu_L1surv[22]";1,00010880291882;-1,20921462479962;-0,988976202629277;0,452478254997943;-1,29643166452736;0,803233529440924;-1,30165000838138;30606,8594128284
"Mu_L1surv[23]";0,999960217434414;1,26690828037405;-0,725558456178353;-0,0976402227650074;1,0870370151633;-0,524169313602513;-0,746545705074837;30502,9568018311
"Mu_L1surv[24]";1,0000230067177;-0,0301688316290987;-2,74109901575369;-1,05951432797387;1,05877718740731;0,715992575053431;-1,96181947945916;30187,0692032198
"Mu_L2[1]";1,00006884308834;0,641142470799277;-1,43739830785858;0,653671049410721;-2,22984866466234;1,96273255833095;1,96728231636887;29878,8499834005
"Mu_L2[2]";1,00005966921206;-0,57351078135679;-0,169688064406447;0,186680265782418;-1,41173420597823;-1,08398424754054;-0,322856909799065;8596,33452782599
"Mu_L2[3]";1,00007633151397;-0,632037975435707;0,0958675360801466;1,57928413254224;-0,516235630869231;1,45845618472023;0,0648848702545358;30195,3385949473
"Mu_L2[4]";1,00003052151862;-2,16207476240917;-1,09664525777509;1,68875533212129;0,619915395780391;0,998075456983632;0,687375646298577;24790,1998281937
"Mu_L2[5]";1,00004569192709;-1,44883528913562;-0,585397934216956;-0,891638563466375;-0,501715260292142;1,69587343427535;-0,602301209345418;30084,3787652581
"Mu_L2[6]";1,00007302734279;-0,140807043604247;0,993970822342313;0,614483510641973;0,292967950586484;0,32260250846969;0,735950553326281;30650,7703583056
"Mu_L2[7]";1,00000835490056;-0,369718469540784;1,48575277281335;-0,143589933670645;-1,88395196784772;1,51092438011761;0,748296083637096;30317,9861606395
"Mu_L2[8]";1,00003559900974;-0,900402932714844;-3,11416496342007;0,842309269388467;-0,0522369562216057;-0,387121089093101;1,35209157521338;13772,2459999137
"Mu_L2[9]";1,00012757622937;-0,751245968001865;0,428195984648719;1,36390751401802;0,932161846898438;-0,972560969457873;0,302560123871136;27362,4433451409
"Mu_L2[10]";1,00004246289051;-1,90206632237523;-2,15465971604208;1,16848613191838;-1,21648078495042;-0,736066716132847;0,670837789845419;27802,6390146916
"Mu_L2[11]";1,00007618114939;0,667293318682702;-0,022045342738229;-0,647427045627826;-0,593689230286218;0,0150435742939409;-0,308164534765248;23851,3677070523
"Mu_L2[12]";1,00002233225959;-0,332756452928664;-0,74864306003314;-0,840631744612281;-1,44857944750648;1,21388877582148;-0,775365086311826;30036,9066389419
"Mu_L2[13]";1,00030058692235;-0,706609835186386;0,366192788477123;-0,821310317722658;-0,997088128368473;0,345440380912631;-0,78309139700888;30600,3236606741
"Mu_L2[14]";1,00003750368753;0,062747529176568;-0,111247789755784;-1,97443616765511;0,744559541631919;1,50648147324953;-0,433751656268034;30353,9839319388
"Mu_L2[15]";1,00004075869748;-0,293435080107796;-1,08763099278291;1,63786924123062;0,831016268594785;-1,50759587409707;-0,748074779919258;28768,8907986931
"Mu_L2[16]";1,00014314650471;-1,7118970671102;0,275595219040982;0,526306263387764;-1,56053863076789;1,37006704234648;-0,98404778979204;30008,8096441299
"Mu_L2[17]";0,999985304179094;-0,586840445818961;-0,467214227143832;-0,0380993918466545;-1,05651924028912;-0,720953521679246;0,348428088343968;30099,3978873474
"Mu_L2[18]";0,999946021278633;1,91823008569327;-2,4458037374574;0,0340699966979626;0,0039131584039961;-1,1323894581208;-2,02440670914702;19904,8756435504
"Mu_L2[19]";1,00009505069616;0,11999775111799;-1,74555568220976;-0,259172597412424;-0,849743516385012;-0,592195691824216;0,287814658129977;26750,3490442551
"Mu_L2[20]";1,0000431956734;-0,899512276221832;-0,699737461302602;-1,26422534411094;-0,853571929381607;-0,381684181481493;-0,925564605547595;30420,2595326126
"Mu_L2[21]";1,00002628796436;-1,54691782759501;0,333419533687913;-0,663282788926374;-0,623236396546329;0,407542313862184;-0,910896926269334;30629,1376703381
"Mu_L2[22]";1,00001271090653;0,819922952299718;-0,719577358244534;-0,897872356759891;-1,43805828416339;1,43753480429144;0,799035213357613;24367,0429135867
"Mu_L2[23]";1,00006973557401;-0,0231508188731504;0,573424823076749;-0,957831232411077;-0,444786256414199;0,712101202804268;0,0836543205406813;30166,0178654518
"Mu_L2[24]";0,999983699889455;1,18080805606782;-0,863579035973019;-1,1224050151101;0,1673415737087;-1,2385629116819;0,502533689666785;17984,9789573487
"Mu_L2m[1]";1,00008910998014;0,588184048570653;-1,31562851225764;0,70001630420316;-2,25203651799828;1,83602086308762;2,0221938389046;30002,9732728809
"Mu_L2m[2]";1,00004016229458;-0,74858003039188;-0,0483080622733728;0,140105926117855;-1,76379475823832;-1,11904781457482;-0,353088770659171;6871,50282390514
"Mu_L2m[3]";1,00008078939544;-0,603623579787868;-0,238899730049907;1,75548378942556;-0,706806668155174;1,39570041631474;-0,17502983070797;30222,5895393208
"Mu_L2m[4]";1,00005135350227;-2,05984559881039;-0,987896843651698;1,71177043081258;0,54236011430615;0,998036598627113;0,59386227168067;26727,4095787909
"Mu_L2m[5]";1,00006035256143;-1,53285435848813;-0,794296476641073;-0,823919459823835;-0,607435732386671;1,88481287913067;-0,791760828061579;30225,6241162379
"Mu_L2m[6]";1,00009388896709;-0,283132829796146;0,79295711281663;0,712079432883874;0,258073352027256;0,222422576189704;0,832063712089597;30638,4845101441
"Mu_L2m[7]";0,999988959590141;-0,515629900465815;1,23071586341072;0,0430519751292635;-1,93203712939479;1,2179834067649;0,873286350454067;30433,448936536
"Mu_L2m[8]";1,0000414813214;-1,02648663877854;-3,18916963682897;0,8101290924179;-0,0826983682218882;-0,473887170238337;1,24691878893221;19860,6946524313
"Mu_L2m[9]";1,00010155246464;-0,807314973077871;0,581960635664202;1,42896640377395;0,496770357110967;-1,01083047739686;0,144577847403312;27461,9520471894
"Mu_L2m[10]";1,00003858748967;-2,04611131822185;-2,0236186283092;1,14544509162425;-1,43126554967207;-0,821829716570832;0,61989805788873;25767,6811996713
"Mu_L2m[11]";1,00010526291682;0,60323024315956;-0,0155272293935225;-0,52264179720945;-0,646210736513269;-0,0202395122362478;-0,503857556157225;28450,3361474575
"Mu_L2m[12]";0,999997845478616;-0,786867664180571;-0,923070552521869;-0,406140772435132;-1,76645472399229;1,09263154991376;-0,652514741246639;30130,1119516493
"Mu_L2m[13]";1,00029146131351;-0,905738076828079;0,362596078217701;-0,837691527813258;-1,28169337265726;0,231158665528791;-0,736814119742363;30551,1346180237
"Mu_L2m[14]";1,00003602541044;-0,0547553653940709;-0,773768342733639;-2,02577175696141;0,402313072785889;1,23716187667502;-0,377999744566982;30386,7001449612
"Mu_L2m[15]";1,00006656055463;-0,665483688220883;-1,04302889681076;1,58317058789258;0,737579192933513;-1,54037965290713;-0,84689899924471;29362,0928847258
"Mu_L2m[16]";1,00012975451728;-1,95194267379941;0,220024104134021;0,486666922348814;-1,67371918549807;1,48596070927445;-0,899885447857445;30059,3809075534
"Mu_L2m[17]";1,00000222036266;-0,517499479591367;-0,615297532168628;-0,115256214037508;-1,22193479810806;-0,850932544034098;0,364481317037979;27390,3882350395
"Mu_L2m[18]";0,999952567313293;1,80299360820287;-2,66262366557029;0,119386738019489;-0,25578353995209;-1,19518217193026;-1,8579048261969;16611,2028949877
"Mu_L2m[19]";1,00008639059031;0,133437324804;-2,14494679090328;-0,249111144693872;-0,860003089520624;-0,542827874258344;0,28232998957723;21706,3043868588
"Mu_L2m[20]";1,0000418554123;-0,978615653427815;-0,992011669730565;-1,02876869677695;-0,83093448883391;-0,38173728486509;-0,813750957758482;30397,0459322456
"Mu_L2m[21]";0,999990580569106;-1,37857654362044;0,396606717896661;-0,817489525280389;-0,835643573814529;0,674553595117478;-1,14443086163707;30537,6331371613
"Mu_L2m[22]";0,999990833526433;0,678149513691898;-0,65050842919707;-0,737587858467119;-1,72080784646251;1,37148207783282;0,614443744958485;29990,1418825882
"Mu_L2m[23]";1,00005462649905;-0,176798054046529;0,248355696381033;-0,678527686705043;-0,57943514261821;0,586366369952801;-0,0399168432903587;30209,4829572162
"Mu_L2m[24]";0,999982083887778;1,13416548399306;-0,967951052619453;-0,95501939970767;0,231459180917967;-1,38849309586701;0,350101354701872;15924,9620930002
"Mu_L2nm[1]";0,999982717163803;1,55726193923685;-1,10412870629481;-0,66641875649895;-0,89471300101005;2,22577452501826;2,88952470997023;30034,4239093382
"Mu_L2nm[2]";1,00014029617933;-0,06636850920706;-0,442910114630051;0,501550323194488;-0,256147666198638;-0,898328035620229;0,333578647573704;30023,0971714356
"Mu_L2nm[3]";1,00010776596534;-0,442151917086484;1,50562371519287;0,346656670533522;0,209202927715288;1,39193154447177;1,22394424673368;26792,2996603726
"Mu_L2nm[4]";1,00007551795073;-2,19319047117235;-1,11260628401701;0,715456803814566;0,828111754258604;0,299158616129612;0,903970397076653;23459,232283917
"Mu_L2nm[5]";0,99996027568413;-0,951523035110207;0,299452766054226;-0,804666215698808;0,241532421332643;0,771300292288633;-0,0140036171489762;12187,672529329
"Mu_L2nm[6]";0,999969634563787;0,808839890663749;1,35135800288833;-0,0394130978551074;-0,0392489435129441;0,969659674072013;-0,193300882038897;30474,3525550529
"Mu_L2nm[7]";1,00004957665606;0,661923272055687;1,54859110428472;-0,500821128745871;-1,47445316421956;1,62896141697335;0,412913161627441;29104,8204894511
"Mu_L2nm[8]";1,00002550573338;0,211248781116652;-1,56766945884531;1,01299105228663;-0,103535066380634;0,284658547536155;1,44025001924664;5619,02134666952
"Mu_L2nm[9]";1,00014511736354;-0,536073912816353;-0,2748934569671;1,00395719408538;2,0884250500677;-0,720431120188567;1,08250962543837;29714,1317684241
"Mu_L2nm[10]";1,00009116854541;-0,355737378364852;-2,01621378572808;0,839601240427226;-0,138790693029059;-0,0860448473670701;1,26254784702136;30193,6968440963
"Mu_L2nm[11]";0,999974925841994;0,66125729203314;-0,0240182425822963;-0,623865571012606;-0,161904929972414;0,371887197562432;0,522230985590944;10279,2956329263
"Mu_L2nm[12]";1,00005059681347;0,65400298805647;-0,146341399532612;-1,63343083614984;-0,629777131966561;1,35605238056746;-0,750691367880059;30118,4986788976
"Mu_L2nm[13]";1,00014751438686;0,066605559209769;0,386644368973502;-0,681169638711203;-0,157232621561144;0,53544640595014;-0,702975815371899;30460,8644640789
"Mu_L2nm[14]";1,00001581208025;0,249385633568281;1,9589644478236;-1,66284057124757;1,48872313559026;1,8189980760045;-0,228917443464834;30193,9293102676
"Mu_L2nm[15]";1,00002396068402;0,465444366244658;-0,778826954848213;1,71083754120055;0,584579103195313;-0,919316746753256;-0,535372538985148;30009,7621108606
"Mu_L2nm[16]";1,0001960280969;-0,877557411775995;0,378644086532559;0,231067331135443;-1,21694891122973;1,49557675700093;-0,831422731893021;22575,0251877983
"Mu_L2nm[17]";0,999980093927898;-0,712960076972347;-0,0203840471702391;0,199260722778587;-0,523108331628854;-0,270310875602174;0,270007161053369;30489,1162810576
"Mu_L2nm[18]";0,999960803448329;2,45596417881763;-1,91099083924672;-0,160391534780349;0,17921568771181;-0,977431012493123;-1,71519359179588;28491,7522617504
"Mu_L2nm[19]";1,00016075520115;-0,11345817178193;-0,639852658514216;-0,458871399381511;-0,833877224662595;-0,839770104221144;0,391811588392942;30300,2522637874
"Mu_L2nm[20]";1,00004209412062;-0,672612509604668;0,0268828020974559;-1,19228427139248;-0,801311818311381;-0,434828713033989;-1,26892983164001;29260,1878367571
"Mu_L2nm[21]";1,00018443684492;-2,3273052931015;0,543686456483783;-0,482089568251364;0,0609698667486858;-0,300244418769788;-0,147510896933663;30526,7673430005
"Mu_L2nm[22]";1,0000849137208;0,951121154427256;-0,392340463443626;-1,34333450341034;-1,2814724045112;1,42142337332724;1,46102306239974;8439,55488455987
"Mu_L2nm[23]";1,00004141382371;0,244615208206466;1,19707274809819;-0,993882228373563;-0,161451124683982;0,881071427555639;-0,0170019022759138;30210,0127305791
"Mu_L2nm[24]";0,999976606849573;1,23347649029168;0,310546389585984;-1,96818712452491;-0,306134284218511;-0,60756586940555;1,08193010354035;30157,6199622293
"Mu_Mu_L1";1,00000603544031;-2,57466979048201;-0,589666975828234;-0,589223597405113;-0,930172117007812;0,0550964298355524;0,15799925273273;21504,3505879683
"Mu_Mu_L1surv";1,00008889971232;-0,832998386055661;-1,57043210236223;0,73873506890826;1,71072722838182;0,31820645773241;-0,645834499236304;26511,2529377728
"Mu_Mu_L2";1,00010097981491;-0,167818582618791;-0,887324995542626;-0,123951726242706;0,799073810170166;1,13665320886146;0,482437847957958;30401,3546044808
"Mu_Mu_L2m";1,00014828966341;-1,95124482473132;-2,31118458852239;0,450004199032222;-2,59965516234894;0,846005514539905;0,00890015368940442;30493,9253546136
"Mu_Mu_L2nm";1,00007357406336;0,0744706017945767;-0,140259976974475;-0,767309833093216;-0,285594281848969;1,35236709198714;1,03923791610044;30310,674051775
"Mu_N1[1]";1,00009952860213;-0,505360415459821;0,0822666584036265;-0,932296709089459;1,22186308672841;-0,816548657174698;-0,116767201644941;24116,0971908277
"Mu_N1[2]";1,00031127584814;-0,209802003732666;-0,859842315297955;1,76661644999746;0,0552785863742219;1,09431956315407;-0,924494637373508;30341,4338981215
"Mu_N1[3]";1,00004336903608;-0,852425844410093;1,34325524956031;-2,69263530270512;-0,51059163834834;-0,928950362746872;-0,757413708617823;30579,6082080193
"Mu_N1[4]";0,999961668415097;-0,932419364543789;-1,46464748750236;-0,501265604143132;-0,403073741856691;1,48497185143082;0,754121793696756;30222,6199550429
"Mu_N1[5]";1,00002438387316;0,772284003604572;-0,437262111216241;-0,5785786805356;0,821052089441651;1,25533553087148;0,322217605758112;26247,5935670338
"Mu_N1[6]";1,00008540565769;0,953901743760217;-0,271840760764558;0,238511790961532;-0,836839044138807;0,181418300968123;-0,195266693895865;30462,3095610846
"Mu_N1[7]";1,0001636176181;1,55476724838958;0,452754620213805;-1,08053513781233;0,654825248821568;-0,826218606938246;-0,236682546014144;30254,5844432735
"Mu_N1[8]";0,999937870758187;1,55842021951197;-0,164946777185731;0,035470274173656;-0,338448905261962;-0,0848052709746019;-0,814663960608445;12621,403225184
"Mu_N1[9]";1,00014620893838;-0,120447137984881;-0,171755066060581;-0,338386280837265;-0,809273956653718;0,390086656057007;2,59685421250793;11812,8267439783
"Mu_N1[10]";1,0001850722447;0,930652029220621;1,05325931195639;-1,1395497147768;-1,16899364962713;0,216889873955645;0,720586404312293;30301,0137191945
"Mu_N1[11]";1,00003346428882;1,99600431030598;-1,41691204761149;0,286599594887713;-0,260600004224742;0,94647834345332;-0,904578775956242;30149,4185193366
"Mu_N1[12]";0,999996971198583;-2,49011550173858;0,557591575785991;-0,347605589596675;-0,135332602306063;-0,191502858014737;0,824959282239986;30493,6997622806
"Mu_N1[13]";0,99994509430144;-1,79389540888169;0,935466805665276;1,02402280778717;-1,25159806109204;1,1156081166229;-1,28330408129052;30525,6830501692
"Mu_N1[14]";1,00006113777492;-1,51249503608987;1,61617011712445;1,81550880955682;0,445857284906727;-0,629458456085812;0,477850830246762;28589,6074639829
"Mu_N1[15]";0,999983757208908;-0,989946814781341;-2,13270778460765;1,01445284315752;2,26619045633475;0,422600531602248;-1,19953080777253;30035,6024392566
"Mu_N1[16]";1,00018630241733;0,268454515332463;0,677339659108146;0,00419968025800508;1,46472070991709;0,966266804660604;-0,703333621043679;30117,4772056283
"Mu_N1[17]";0,999936392076596;-0,379046285454103;0,117030149442783;-0,950160345694848;-1,19662819799608;0,599674563394753;-1,49495316663006;30099,9732874162
"Mu_N1[18]";1,00002655808058;-0,961100993096718;1,19480124820585;-1,33322569157838;-0,173314597382574;1,74679835195154;-1,17828721416936;30064,2029231672
"Mu_N1[19]";1,00005206643908;2,73691819818228;0,0288419320252834;-1,79653936000624;-0,995680529722688;-1,89564630595782;0,565923833678956;30241,3971655205
"Mu_N1[20]";1,00007017634513;0,359092924958302;0,183985228741258;-0,863287393691247;0,254866318196318;-0,939741839368745;0,53043304133572;30610,8549978397
"Mu_N1[21]";1,00018949953082;1,06554856708568;-1,7922933909603;0,572899454898447;-1,31642699183545;-0,0473024091927928;-0,722249740053532;30024,8552330525
"Mu_N1[22]";1,00002327717505;1,54451081404864;-0,135643579179459;1,37956828984686;-0,241607177248859;-0,650603647760714;0,0632161941837559;30139,0815322843
"Mu_N1[23]";1,0000318919415;0,0589803806547458;0,100748841028139;-0,858280486116175;1,03772057201399;-0,759817260721864;-1,17762999098728;30575,7591713577
"Mu_N1[24]";1,00003790671424;-0,603949314970069;1,22671310262532;-1,9208794718169;0,0570602890684538;-0,655524270058487;-1,9814581504658;30569,5749041759
"Mu_N2[1, 1]";1,00000070637901;2,83367428842156;-1,18490701221403;-0,779391897319754;-0,675441002561449;-1,88081734988376;0,511256370092511;22772,7472504314
"Mu_N2[1, 2]";1,0000279340907;-0,166205532733643;1,50560692383282;0,364987764407604;-0,174011284073234;0,0575957831047322;-1,41763568127748;29923,9834196528
"Mu_N2[2, 1]";0,999987703089233;-1,96873909611168;1,283101942172;0,0594132009972257;-2,26995615353346;-1,08905437576526;1,43549190571526;30220,3274342651
"Mu_N2[2, 2]";0,999968431584532;1,47242830409023;-0,0710705431461701;-1,06374000650622;2,20615330510424;1,42582428871128;-1,11966274466381;26813,5273355766
"Mu_N2[3, 1]";1,00004507682329;0,459222864339883;-0,651119203268545;-1,77906688247154;1,69904316261653;-2,10321170859487;0,476488572368697;14601,6211691311
"Mu_N2[3, 2]";1,00000650931636;-0,96025777316576;0,555690148215366;0,215129127290395;0,161821750604915;-1,86470167181559;0,450606816318714;30501,6120982796
"Mu_N2[4, 1]";1,00016696139464;0,0782539878580074;1,15040757336339;0,0778826303040946;0,134717950790343;0,221772429531424;-0,859796838373514;17040,8011744667
"Mu_N2[4, 2]";1,00013747906452;-0,904994510312568;0,413966920133587;0,807907123368872;-1,31667514624177;1,37538935440457;-0,960161586975771;30104,3277969157
"Mu_N2[5, 1]";0,999970694213299;-1,19485290997719;-1,06320579604941;-0,27468242708739;1,57107031690882;1,82984365094022;-1,49808689918428;30150,8465068087
"Mu_N2[5, 2]";0,999981072883406;0,516936541962465;1,32630255895657;-0,397892054200891;-0,589509421864412;-2,03192857334751;1,23309311414738;11293,5761761358
"Mu_N2[6, 1]";0,999980290192785;0,369821717944017;-2,96652985499091;-0,143132176025001;-0,784376186877681;1,1636606176312;-1,68791792263513;30078,6316228729
"Mu_N2[6, 2]";1,00005519524841;-0,210414384569252;0,934367830904599;-1,27895856328656;0,0130256621824785;0,429040933480688;1,63335328524151;13314,8054488194
"Mu_N2[7, 1]";1,0000564819631;1,04589050504148;-0,82402601802185;-0,288279960943366;-1,25036037032474;0,254307658597669;1,06839647053703;10297,5561836552
"Mu_N2[7, 2]";1,00004388643449;-1,3992348019072;2,39207253664317;-1,14180555760259;-0,372424494157592;1,47224461892132;-0,349070668785049;30186,5966728211
"Mu_N2[8, 1]";1,00008042915203;1,25615067010372;-0,507071717991521;0,966850613722418;0,417501479264744;1,36513300173629;-0,716430144411259;30555,2295916661
"Mu_N2[8, 2]";1,0000992519305;-0,199745014227937;-0,391614947739582;-1,35782779421156;-0,504709768204945;1,76917339514203;1,09372038493203;30008,5620159081
"Mu_N2[9, 1]";1,00008842316799;-0,965246669392694;0,241111021112127;1,19349360075068;-0,615867604535455;-1,10322865198445;0,514598593467081;24497,9879419756
"Mu_N2[9, 2]";1,00018118746919;0,2238760437515;-0,497925093814914;-1,10734268995072;1,45737682798156;1,09065029121285;0,901665730621428;16655,0499328878
"Mu_N2[10, 1]";1,00012230229624;-0,681089761210201;0,653831949020996;-1,01577351298265;-1,02723038090243;-0,528796116641342;1,09445416077509;30377,9393552314
"Mu_N2[10, 2]";0,999999003011796;-0,750771990855986;-0,137350209637733;-0,0335157726468848;0,256088884771253;1,30172075982189;-0,574172992299871;22570,6286872057
"Mu_N2[11, 1]";1,00002805811408;0,231252995940784;-0,964722415366496;1,70827421259052;2,93739031161563;-0,33522633496414;0,200137450206178;26882,5059091981
"Mu_N2[11, 2]";1,00001013914023;1,21819493053972;-0,575746148836413;-1,34308565641725;-0,966211647014323;-1,62369404820966;0,142303437064285;30986,0133562531
"Mu_N2[12, 1]";1,00013048401744;-0,264212820464081;-0,794969067691863;1,00331620104668;-0,440838186429308;-0,556810158391962;1,13663162913161;30347,9514149937
"Mu_N2[12, 2]";1,00010953355195;-0,129813111279763;-0,430601573790322;0,188312140332227;-0,607027575085739;-0,183989353516575;0,456474266296332;30102,5713433907
"Mu_N2[13, 1]";1,00014319479285;0,435214902184755;0,673642919420311;-0,550529340308022;1,71963758388727;-0,478941260442704;-0,110823808622515;30525,319730982
"Mu_N2[13, 2]";0,999948006107833;-1,70371371013343;-0,0899073188042667;0,752751349268308;-0,236398242088762;0,852256727377752;0,107311889908298;30284,365403545
"Mu_N2[14, 1]";1,00022870027166;-0,908615326555161;-0,544210662529974;-0,948320378321729;1,81884114499284;-1,93087316997084;-0,855076555771615;16702,0391944082
"Mu_N2[14, 2]";1,00002231141952;1,22276370853802;1,08202687515329;1,80376300158997;-0,983062095712201;0,123713642826618;-1,38713654270594;30136,3557943799
"Mu_N2[15, 1]";0,999963715340153;0,516945069416342;0,272684713179964;1,03015172268196;-2,2101903757883;1,15418301153798;-1,14282189340648;30263,1052938088
"Mu_N2[15, 2]";1,00000045289482;-0,391848024519894;-1,53263375813012;0,285807496412473;-0,299618155230098;0,36264383465884;1,16480277486997;30301,410609213
"Mu_N2[16, 1]";1,00003560174716;-1,73078322223364;-0,0378171835704983;-1,08558802557466;-0,55510474626357;-0,48748106866609;-0,419542069018193;24602,3366676515
"Mu_N2[16, 2]";1,00010598357611;-1,20636857013507;0,363931949825452;0,154708422477757;-0,901698569512206;-1,21547236656765;-2,08143623073915;18993,6701215478
"Mu_N2[17, 1]";1,00007905580024;0,60033409102576;0,829924703648409;-0,5950628217338;1,46292181536991;-1,23550084842365;0,485127470050695;16407,9001238998
"Mu_N2[17, 2]";1,00002581240809;0,152390251221946;1,70781462538119;-0,30059492881561;-0,597185250382269;-0,486246191951482;-0,344389611119426;30049,660140839
"Mu_N2[18, 1]";1,00009399372475;-0,603329217021085;-2,43905241191615;-0,376076002701772;-1,38014716530199;-1,45598940673356;1,55380728696621;12489,5023392825
"Mu_N2[18, 2]";1,00013399442536;-1,70465967297215;0,304169887976744;-0,0348469464758902;-0,516591850118177;-0,0591628535365517;-0,688638891314309;30098,2007132505
"Mu_N2[19, 1]";0,999981688969838;-0,248701559586866;-1,28059698775787;-0,452114051139601;0,158574251626068;-1,20386286335308;1,8395039319922;30679,0238978714
"Mu_N2[19, 2]";1,00005622954702;0,51315420203099;2,2861515572391;1,51083481653235;-1,5458139264858;1,10651733308633;1,2620616881581;23348,3617577151
"Mu_N2[20, 1]";1,00007227666092;-0,869814984894268;-0,381621272053658;2,41235738479445;-0,289873033251052;-0,72698394303112;-0,418148250065802;23642,4656891718
"Mu_N2[20, 2]";0,999986523028805;0,751232332022149;1,42576501332793;-1,56015920593812;-2,52789560500061;0,743370543675031;0,538858764132466;30151,0800329305
"Mu_N2[21, 1]";0,999947677051104;-0,147861616569294;1,38845213176943;-1,58953278758684;0,0891603812886544;0,729836446940271;-1,63692485895913;30511,7085961422
"Mu_N2[21, 2]";1,00000448101828;0,284345123078729;-1,8089552239954;2,18000229967856;-1,59841799864038;-0,337707644728523;0,876026920468887;24908,0475232197
"Mu_N2[22, 1]";1,00012289075514;-0,722615445569648;1,02909281486579;-0,0646110959844264;-0,632559528532094;-0,0817123374269763;0,152475979351349;14384,3099511884
"Mu_N2[22, 2]";1,00003414182994;0,0863973585110978;-1,31288038745214;-0,434188303277072;0,453565557344501;0,555272768339074;-0,432785841532527;30290,2563833204
"Mu_N2[23, 1]";1,00001360136832;-1,59348438817614;0,05451695980275;1,01885714801421;0,863538596597584;0,715180550495945;-1,10565464833414;29513,2547262963
"Mu_N2[23, 2]";0,999944946365409;-1,50000130126451;0,837218078806391;-1,46338303346899;-0,223929423695657;1,10524888223776;1,43813114620154;30242,6769466861
"Mu_N2[24, 1]";1,00005255232129;-0,046955343009665;1,60414918731732;-1,73588422308282;-0,117559061541947;-1,28782732622589;0,582569042998464;30396,433282993
"Mu_N2[24, 2]";0,999987711179803;-1,61707551298323;-0,452868577182183;-0,0341143552851999;-0,936014048546174;1,35863062673479;1,44649578584656;30636,5891524357
"Mu_N2m[1, 1]";0,999995612286054;2,87629622330563;-1,57328066887515;-0,736331668842925;-0,765469102335709;-1,76076393472617;0,796436777051316;27769,881392004
"Mu_N2m[1, 2]";1,00002969086924;-0,11438000628517;1,49869958400389;0,311195567872863;-0,0609732917531506;0,0457222401797387;-1,3315004596764;29957,4414018809
"Mu_N2m[2, 1]";0,99999179149831;-2,06200314224408;0,974456680790373;0,193979284411331;-2,18790602120966;-1,23855797963914;1,33034794578369;29760,54864212
"Mu_N2m[2, 2]";0,999970379910324;1,48488465952544;-0,0785436436916668;-1,01560554079275;2,32551913750794;1,32093051918976;-1,08067440981832;27057,3246433184
"Mu_N2m[3, 1]";1,00002324304255;0,313977417845201;-0,694480074018451;-1,54182830047418;1,80474351832246;-1,91701966877095;0,484854697852388;12732,4071129994
"Mu_N2m[3, 2]";1,00001279650095;-0,827140498493011;0,592801978224322;0,245958841700245;0,24645673923004;-1,90519435806509;0,49343447051738;30512,9251598809
"Mu_N2m[4, 1]";1,00011854326873;-0,327765519848166;0,828127214954509;0,295697415516683;0,309960273713152;0,272857992994366;-0,773435224084774;19230,2180478617
"Mu_N2m[4, 2]";1,00013440592255;-0,946588953605367;0,389909833564117;0,840119959513218;-1,24995548706724;1,33101551993932;-0,948170236452436;30115,3541727485
"Mu_N2m[5, 1]";0,999986011953805;-1,4966085965854;-1,15143768369211;-0,38655869293889;1,65484933159235;1,91961788510871;-1,56579679515455;30130,2912034642
"Mu_N2m[5, 2]";0,999986687325298;0,489591043192669;1,47177342368445;-0,376877823885507;-0,455723214962128;-2,1250415372479;1,28223518105626;10920,6040355703
"Mu_N2m[6, 1]";1,00000850573324;0,344784915696653;-2,88355078404404;-0,0108159691649083;-0,504645878860848;1,13541273355069;-1,62304127240239;29822,5451187659
"Mu_N2m[6, 2]";1,00004301982126;-0,177561682922667;0,990760939176885;-1,23617965094228;0,131342602945802;0,374763268220097;1,64773079524759;13421,1430202465
"Mu_N2m[7, 1]";1,00002725820796;0,944932404139322;-0,683472199182487;-0,295191387758928;-1,27344340280158;0,430286539525284;1,02315646372078;18073,1509024944
"Mu_N2m[7, 2]";1,00004164040439;-1,3727057633234;2,44023062566184;-1,14206596618749;-0,330134884418342;1,46457338272117;-0,332322885074931;30235,5453767226
"Mu_N2m[8, 1]";1,00009627247489;1,01738772933186;-1,15827762342107;1,20088308769633;0,591771364463722;1,17511631989391;-0,597016430243156;30566,2076211923
"Mu_N2m[8, 2]";1,00011158551217;-0,191232433193786;-0,468233561626355;-1,2642846562963;-0,370598583672704;1,66906444986626;1,17539681637088;29408,2712592751
"Mu_N2m[9, 1]";1,00004164088216;-1,09783649686163;0,0116493799275125;1,52066920531647;-0,102196985730401;-1,34453699014368;0,512803074687134;18020,9797797808
"Mu_N2m[9, 2]";1,00022384065536;0,216123881848361;-0,523129286537453;-1,05928972773865;1,69362754357562;0,96016591271416;0,996877461671085;13227,8238248324
"Mu_N2m[10, 1]";1,00011501053212;-1,02197492128466;0,03674983841971;-0,561507829649674;-0,974867789142819;-0,73128025641634;1,14850618378297;30415,8671944021
"Mu_N2m[10, 2]";0,999984693084068;-0,716372052721893;-0,220424259730028;0,0558490223532092;0,387116236499653;1,19485608873392;-0,513209909944684;24877,2614769299
"Mu_N2m[11, 1]";1,00005779773524;0,362224094095521;-1,10917724803024;1,53912357213086;2,99420899306117;-0,376098575736912;0,0534576889430132;25386,9049341925
"Mu_N2m[11, 2]";1,00000949450453;1,27237968254386;-0,577391536298463;-1,3425326310723;-0,853636966115259;-1,71471789703245;0,187337927377514;31004,715525517
"Mu_N2m[12, 1]";1,00008699930455;-0,0826045378946049;-1,16306383574961;0,670355601830246;-0,285633656403173;-0,215534022164114;0,859237256339964;30489,826402981
"Mu_N2m[12, 2]";1,00009963886505;-0,0372685633927045;-0,410492419415276;0,135822759241038;-0,514618677921312;-0,207531206893179;0,460038620689069;30103,8407319606
"Mu_N2m[13, 1]";1,00009539429129;0,434693387891903;0,655499154101695;-0,686625582739852;1,79157468604405;-0,351999935633272;-0,313898650941217;30565,8882880947
"Mu_N2m[13, 2]";0,999957064606718;-1,60570395379883;-0,0389847214043102;0,738300242964875;-0,12744678074549;0,792615771601076;0,108560178057243;30273,7464947539
"Mu_N2m[14, 1]";1,00018554617795;-0,854134314772533;-0,618635033338368;-1,30858968091574;2,2542232036458;-1,53771309171668;-1,12214670153697;20735,0485558316
"Mu_N2m[14, 2]";1,00003117982706;1,28825221166552;1,1397776664473;1,76130107593532;-0,796348432468037;0,0987043242424806;-1,37167392406373;30063,5311888547
"Mu_N2m[15, 1]";0,999973432522675;0,75352437751763;0,00508902461131192;1,04470342410716;-1,2009632029519;0,997714664283106;-1,24764858721215;30378,3640295909
"Mu_N2m[15, 2]";0,999996379065728;-0,245431840310356;-1,50337859375409;0,347739623119273;0,0528680886316436;0,210806987626768;1,15494434749108;30195,778272697
"Mu_N2m[16, 1]";1,00002968091145;-1,84289130119489;-0,0838514194490317;-1,04121903171579;-0,550735267758094;-0,200722195902476;-0,597365399744837;27671,4320733769
"Mu_N2m[16, 2]";1,00010292680372;-1,18007723541312;0,406943062369013;0,184717852251598;-0,805548070920818;-1,22721221448159;-2,05481853971378;17902,5160947803
"Mu_N2m[17, 1]";1,00005449735365;0,66541245346393;0,66881877471116;-0,755295534405514;1,56721583904148;-1,19003822260422;0,462707438285194;24912,1771222918
"Mu_N2m[17, 2]";1,00001918235812;0,203762002628747;1,77369000237228;-0,276588195163049;-0,39268204049056;-0,591117192486961;-0,26882190095871;30032,2356474843
"Mu_N2m[18, 1]";1,00004648323197;0,188709553100397;-2,77985713626138;-0,558666643593757;-0,769271102800643;-1,51062401985443;0,947470300069536;16841,392294851
"Mu_N2m[18, 2]";1,00013968492545;-1,43196943493461;0,285400408624978;-0,0346631933512562;-0,273195016187707;-0,222192444416544;-0,722372495406773;30052,3943413649
"Mu_N2m[19, 1]";0,99995268369465;-0,100793562625318;-1,78931770695831;-0,686359348526554;0,391650088521901;-1,2728550750949;1,94424455164059;30740,1264306168
"Mu_N2m[19, 2]";1,00007897880008;0,584633236951722;2,28762336543567;1,48230116128451;-1,31579809671779;0,952121251942996;1,33758304711897;27834,5547985714
"Mu_N2m[20, 1]";1,00006422382836;-0,824704534992931;-0,50045573198888;1,52188266290882;-0,0249570968588655;-0,677132223271449;-0,714017428388269;28603,6933544703
"Mu_N2m[20, 2]";0,999997345825816;0,810083406343088;1,48841963391988;-1,61418454193102;-2,21982387969683;0,615889768637287;0,566157744401024;30105,727464225
"Mu_N2m[21, 1]";0,999968497149094;-0,409364119536268;1,31483195467023;-1,54665381354022;0,372828814644339;0,783680407833217;-2,01844845261351;30348,662905541
"Mu_N2m[21, 2]";1,00002694094209;0,264936988656586;-1,74659962108776;2,16981020458328;-1,38955196955062;-0,448286010063662;0,924133644648776;21609,8102457555
"Mu_N2m[22, 1]";1,00013019818967;-0,537868585174228;0,879097021281264;-0,229920171490447;-0,533016312075544;0,0806257450795042;0,192553499049897;13250,8835929234
"Mu_N2m[22, 2]";1,00003309188856;0,155481048890049;-1,30682953126265;-0,4835266740358;0,567050739565728;0,533936612964436;-0,343066327311441;30247,0816265353
"Mu_N2m[23, 1]";0,999982860493362;-1,458651578373;0,104298755587913;0,714914925406373;1,07201477672363;0,906988942214523;-1,0830790681355;30135,7565024749
"Mu_N2m[23, 2]";0,999946321984209;-1,34560533708024;0,923059275000845;-1,48921039197111;-0,0291506722236597;1,07888173570686;1,50727330318998;30175,5036431654
"Mu_N2m[24, 1]";1,00003892289845;0,172271937550924;1,47135781368482;-1,93420871846994;0,0726159951404041;-1,41643093145626;0,57315708892265;30497,3297022737
"Mu_N2m[24, 2]";0,999979616263007;-1,47281757642524;-0,407859406244209;-0,123866808704107;-0,784187906086557;1,21868586962726;1,52124919589205;30578,3048510756
"Mu_N2nm[1, 1]";1,00006384804807;2,30670165156457;-0,146676113898953;-0,923179433407673;-0,144929843637284;-2,21829249693859;-0,354258412388587;9360,30528617807
"Mu_N2nm[1, 2]";1,0001216710096;-0,89304947498277;1,48422433093327;-0,0666160243955507;-0,603294206785441;-0,16519623946746;-2,42800735480317;30025,0689665928
"Mu_N2nm[2, 1]";1,00000666251391;-1,37351783274022;1,70665845194183;-0,285559621333764;-1,92363974179703;-0,503216252424519;1,49123092816997;30490,1440493527
"Mu_N2nm[2, 2]";1,00010734452469;0,794809349775449;-0,0698100696442868;-1,19447067543032;0,221462604707199;1,96542170431073;-0,900457465660356;19150,1153451263
"Mu_N2nm[3, 1]";1,00010538780535;0,74296697203801;-0,277898635862806;-2,21548811692767;1,12729043876503;-2,2331396887183;0,421298212304597;25268,2024384147
"Mu_N2nm[3, 2]";1,00001602586616;-0,523835060162201;-0,0903812209632301;-0,346565188712488;-0,989546751408872;-0,822044928242589;-0,14975800334141;29954,6963338302
"Mu_N2nm[4, 1]";1,00028695867504;1,14572927769575;1,89834971215281;-0,651342815101539;-0,428077380811417;-0,11285685903669;-1,03097073874055;12862,4975575109
"Mu_N2nm[4, 2]";1,00017059622251;-0,107813232963661;0,735439800555605;-0,108869782573786;-2,19681284349402;1,26371903126092;-1,14403219096747;27746,9993981476
"Mu_N2nm[5, 1]";0,999965657255992;-0,366534674485696;-0,638959689303072;0,066474196126794;1,26341850646354;1,33826110666255;-1,16051650835935;30133,7859331746
"Mu_N2nm[5, 2]";1,00011741996761;0,672956070725842;0,928265073018767;-0,238118616815839;-1,44515219323187;-0,994184499112381;0,514116345896868;28005,3522959213
"Mu_N2nm[6, 1]";1,00000471635265;0,359508135954409;-2,51778427981325;-0,446315180096679;-1,1675067876262;0,969958928073368;-1,45058269900734;30344,772703403
"Mu_N2nm[6, 2]";1,00022496242952;-0,358953898614682;-0,0459443036498916;-1,18524915000506;-1,67197275992748;0,874481194969433;0,629810739897185;29393,0152909568
"Mu_N2nm[7, 1]";1,00010416368644;1,08894300231653;-0,681781488198026;-0,202370215524447;-0,970337940158986;-0,224100948531758;0,952267176088589;4655,10417681536
"Mu_N2nm[7, 2]";1,00013702587742;-1,36300671796723;1,23234700201303;-0,897480655492512;-0,842401360971616;1,19037664779599;-0,497116223157674;15281,4686985956
"Mu_N2nm[8, 1]";1,00008350733025;1,58042358372285;1,29345103524299;0,170269614680248;-0,174778190813065;1,65220557283859;-0,790323439462549;30187,4784652468
"Mu_N2nm[8, 2]";1,00010658607701;-0,166389048669393;0,570709681326388;-1,41739604044176;-1,6699424246535;1,9608407698171;-0,255581194025478;30274,9155182048
"Mu_N2nm[9, 1]";1,00023637196149;-0,282964673320826;0,630248227077136;0,0683489292679136;-1,72035854900315;-0,240902528163203;0,403428216308748;29938,2031785901
"Mu_N2nm[9, 2]";0,999954948183813;0,178243636691567;-0,262733178208615;-1,52893379640013;-1,2726730508073;1,81261907959654;-0,330316638495754;30411,6381742496
"Mu_N2nm[10, 1]";1,00007149188383;0,479067501821343;2,2469231014848;-1,73898915343389;-0,8871921727798;0,170190408076548;0,712823862179422;30080,3611718427
"Mu_N2nm[10, 2]";1,00018827299623;-0,20780729470098;0,783332977856002;-0,997206990745771;-1,11018683946264;1,91394118280355;-0,807352389662868;9943,22962824274
"Mu_N2nm[11, 1]";1,00001189322708;-0,00443920188345542;-0,446079959960724;1,59824746969641;2,20048602845009;-0,19015877386126;0,477126433244208;21449,5917666688
"Mu_N2nm[11, 2]";1,00009997320034;0,36242445048671;-0,377982811285372;-0,893676019695939;-1,73809912705035;-0,134008199522941;-0,217386331451107;30300,4155567341
"Mu_N2nm[12, 1]";1,00016210768642;-0,4739685277534;-0,556062359929297;1,44219931477485;-0,621163286011186;-1,03733285315651;1,39846982184906;30029,7877627613
"Mu_N2nm[12, 2]";1,0001076461936;-0,818439532564724;-0,490398918626159;0,552363666217833;-1,24827088457528;0,0562371307195998;0,28379717172283;30334,6982231007
"Mu_N2nm[13, 1]";1,00021482331502;0,398344927839989;0,597514556139473;-0,260963226057066;1,46715833481221;-0,622506860558179;0,229068606336307;30467,2911514827
"Mu_N2nm[13, 2]";1,00004119091061;-1,90063025609179;-0,510632760657436;0,651181084259892;-1,19214155055907;1,10030129788021;0,0290802822035021;30254,1196924347
"Mu_N2nm[14, 1]";1,00026030790796;-0,764394609233102;-0,249043057370624;0,0325530983008262;0,484437854044716;-1,94411747596627;-0,22786289707801;20284,6991113723
"Mu_N2nm[14, 2]";1,00008113742221;0,179012768751512;0,177920711005407;1,59407740986806;-2,55173463717551;0,314886780640788;-1,06526914544311;30728,8103049291
"Mu_N2nm[15, 1]";0,99994463489278;0,16507540997243;0,51815956147067;0,686970380982827;-2,66012767632801;1,17114348982084;-0,801574260092394;30117,1434911362
"Mu_N2nm[15, 2]";1,00009739452358;-0,917435321658069;-1,17086486672777;-0,0843725146913321;-2,01811013925069;1,04000659255574;0,458678647032494;30603,7242677158
"Mu_N2nm[16, 1]";1,00001764868983;-1,22956111382379;0,0471379905924312;-1,02363196874839;-0,471786625163596;-0,994566868549561;-0,0564371240128569;16483,0196175996
"Mu_N2nm[16, 2]";1,00020526913076;-1,13102401890509;-0,0943601516885945;-0,155201714385379;-1,63038093573269;-0,754693426544621;-1,76712408706896;30016,29913178
"Mu_N2nm[17, 1]";1,00007596134912;0,508951465224177;0,904789705457466;-0,251415050707392;1,10023212098291;-1,04724789672594;0,430312863889358;18107,9299559182
"Mu_N2nm[17, 2]";1,00012227706839;-0,26086504642522;0,576441694411738;-0,299504254977873;-1,66110223385113;0,481197982540679;-0,692053690881575;30147,8025852158
"Mu_N2nm[18, 1]";1,00010508998925;-1,46946915247683;-1,52948520231478;-0,0480824934951791;-1,8983137376411;-1,11110809524329;2,10428528553412;8931,8369863354
"Mu_N2nm[18, 2]";1,0000707620997;-2,59696852425597;0,319653649790021;-0,0129184707926482;-1,7700621521001;0,915191258157198;-0,274843848709777;30262,0509561115
"Mu_N2nm[19, 1]";1,00003858520852;-0,439003103975344;-0,419715915928979;-0,0128155423155821;-0,249276671336432;-0,900580102197233;1,8120101102875;30524,5321317597
"Mu_N2nm[19, 2]";0,999995403729116;-0,207533941261099;1,59416639700548;1,16419591508491;-2,66647536097066;1,71082938669069;0,183999432803638;15471,8936887746
"Mu_N2nm[20, 1]";1,00010912577393;-0,772010554861803;-0,16465327452567;2,75617080401057;-0,691120210884965;-0,503898288800849;0,157982800727447;17567,227139637
"Mu_N2nm[20, 2]";1,00001346106968;0,0921548193198222;0,516673361735557;-0,632896283222296;-2,84797076136119;1,35799596282749;0,128245932004087;30415,6920155919
"Mu_N2nm[21, 1]";0,99997480021927;0,289820660680729;1,28142302804555;-0,964421117670398;-0,428677269491468;0,520020651713647;-0,973997514707637;30632,9224542299
"Mu_N2nm[21, 2]";0,999972230541005;0,260933441140827;-1,47341808917416;1,28052237849883;-2,35221970338848;0,621630523579931;0,112831470936902;30266,9690007187
"Mu_N2nm[22, 1]";1,00011116317743;-1,0235597581298;1,26396581987749;0,268851440874121;-0,777586876081101;-0,389700775278901;0,0639863295374687;19124,1643670359
"Mu_N2nm[22, 2]";0,999996458812981;-0,583919599542668;-1,00677507157306;-0,0586325809672163;-0,768450756934221;0,614374674205578;-1,21806154903417;30482,6740634597
"Mu_N2nm[23, 1]";1,0000851337316;-1,63805237093572;-0,0193552896101455;1,38321774416439;0,443877402826602;0,32381968020197;-1,02765027486336;14381,707234395
"Mu_N2nm[23, 2]";0,999994814883431;-1,46396107490669;-0,0418072788571874;-0,842687776837132;-1,86061079932519;1,17021373450184;0,432190126100156;30566,923355787
"Mu_N2nm[24, 1]";1,00007548670426;-0,488297577540466;1,87349813885923;-1,21857925839151;-0,477222820333461;-0,931258247425752;0,546526531678223;30227,5251833401
"Mu_N2nm[24, 2]";1,00008159527391;-2,11873883009332;-0,645293119531104;0,595199038370293;-1,9043935506793;1,8210012353182;0,285883640338288;30381,4859194657
"Mu_N3[1]";1,00005926914981;2,40886032999801;0,182952091536564;-0,324779481188432;-0,709066006679793;-1,27289271961845;-0,331321418779803;30244,7153773094
"Mu_N3[2]";0,999988893689062;-0,200741091933786;0,892804923441841;-0,86159146210956;0,648222670563388;0,211499146762608;-0,0144088321692083;30040,82490086
"Mu_N3[3]";0,999975002527857;-0,33788001133535;-0,103198289792984;-0,901208874426251;1,45459995537437;-2,49598604581888;0,662542566876045;30039,1615676166
"Mu_N3[4]";1,00012874592768;-0,829202617093731;0,805940963560613;0,780424268945517;-0,526746577900957;0,985638310531875;-1,13815637463269;25349,5451642678
"Mu_N3[5]";0,999969734208287;-0,761888031238258;0,493090619304592;-0,7024498657703;1,20804548534453;-0,454010439340314;-0,0438220615844616;24333,8021973563
"Mu_N3[6]";1,00005871843199;0,111500443249466;-1,30885748884802;-0,910266638760378;-0,234133781147323;1,09864877344983;0,066958563537221;24174,3461348243
"Mu_N3[7]";1,00003934499462;-0,260218567580805;1,20695441269353;-1,1055865129756;-1,02506007785725;1,30776858860647;0,505220415768278;20053,3788599451
"Mu_N3[8]";1,00014945596051;0,825695456828562;-1,53334336130884;-0,370523010618841;0,14242781323077;3,07729208342386;0,857847076734118;30276,3242237078
"Mu_N3[9]";1,00014362344393;-0,706092994092342;-0,490542890365686;-0,0450387473627946;1,31040366692034;-0,237405956881212;1,39800012344374;25540,720074598
"Mu_N3[10]";1,00010285423862;-1,38430091439041;-0,192916159016437;-0,390686550563469;-0,518219809471597;0,535719015143657;0,416712283123005;30318,3478337463
"Mu_N3[11]";1,0000619563388;1,42520677244029;-1,39951038466116;0,0764287388370553;1,30534674261775;-1,56263642523132;0,192328153253084;29613,9339484281
"Mu_N3[12]";1,0000299109011;-0,080269037156401;-1,12553949242396;0,543549690159901;-0,645721160509945;-0,311295523814366;0,874721208635691;30659,864170601
"Mu_N3[13]";1,00003603167826;-0,928369615033043;0,424638288400308;0,0700984048526979;1,043508026621;0,423838834079494;-0,0846833959735769;30419,2396024409
"Mu_N3[14]";1,00005319952462;0,520823935242796;0,641070050550878;0,458755225420655;1,41903580482331;-1,35131624583207;-2,64107470773279;28723,9815596687
"Mu_N3[15]";0,99999678135885;0,3666567423236;-1,45924861689673;1,22942456296419;-1,07429867767606;1,04595731358385;0,202314665387575;30138,7523620104
"Mu_N3[16]";1,00005118854951;-2,06206171613346;0,280936211952659;-0,525676108667448;-1,00118410537305;-1,12637279724804;-2,05970451863116;30025,733914889
"Mu_N3[17]";1,00003173187361;0,655922812474507;1,86675425713898;-0,828735701901997;0,778561356299599;-1,47428041140105;0,107330130254185;15924,7568567886
"Mu_N3[18]";0,999983302062692;-1,28657652942339;-1,86177275667573;-0,487381129939511;-0,814796049270076;-1,40155610506458;0,0548355976741823;10540,8884109796
"Mu_N3[19]";1,00015257362681;0,451227989366922;0,842897747500576;0,859732466874434;-0,788614466637424;-0,0786454827854228;2,55284966888762;30506,5669530693
"Mu_N3[20]";1,00009366822121;0,209383539889103;1,19393820654321;-0,373515021284766;-2,38194565099901;0,0905272048902149;0,0512135477473147;30334,9351614616
"Mu_N3[21]";1,00010249318833;-0,159160458707209;-0,871055409814231;0,966432706382218;-1,35046736577241;0,331297535418944;-1,05964425289295;30472,3603411024
"Mu_N3[22]";1,00000577325721;-0,181468914381479;-0,643399096320561;-0,610171051524009;0,19188908977747;0,544282721930839;-0,204927130247069;30323,8036598895
"Mu_N3[23]";0,999998649074535;-1,90800536036319;0,895145046213447;-0,717237688053831;0,67812432506405;1,61379008036485;0,388873030526212;30323,3103799467
"Mu_N3[24]";1,00004354757495;-1,24371108413079;0,310028530606458;-1,05094971793662;-0,690811641604709;0,16800030039885;1,8788396453339;30494,5794351586
"Mu_N4[1]";1,00010412891917;2,17706292131612;0,172901254478138;-0,879477223196665;-0,28267116124673;-2,13638287449053;-0,907862208132324;12794,3533581178
"Mu_N4[2]";1,00002287464913;-1,11018218440616;1,70763544604867;-0,640399364634453;-1,85273946329738;0,061372854295168;1,13837992947888;30212,7225462205
"Mu_N4[3]";1,00008484842777;0,631429172029468;-0,287856846604409;-2,19323027758562;0,906718607469594;-2,26250280046521;0,36978857403936;29272,7955783341
"Mu_N4[4]";1,00024575415358;1,07582705471068;1,91858142940147;-0,648968634036128;-0,722730721328542;0,0775598784765409;-1,17445394437301;13383,2189220367
"Mu_N4[5]";0,999980823442534;-0,189881501367789;-0,424101700659788;0,000190107081314827;0,861748538689018;1,02212069827496;-1,03810685043374;30299,1987793919
"Mu_N4[6]";1,00001669521374;0,252127485261724;-2,39996113825183;-0,691997096290289;-1,37475738446896;1,12948861346498;-1,18876441772276;30321,1936349533
"Mu_N4[7]";1,00011475755955;0,869634679373492;-0,517962721811718;-0,36836436541196;-1,13684630063479;0,0028224511992667;0,835602435550536;4852,0275464182
"Mu_N4[8]";1,00008500596169;1,49361130957605;1,45523506960708;-0,262672386793809;-0,685933330067828;2,31319808686269;-0,841858762750241;30050,9153231227
"Mu_N4[9]";1,00024016077578;-0,222242931685366;0,519208819302574;-0,381988009460037;-2,04295798529293;0,263453620801346;0,256157702192631;30128,8462535194
"Mu_N4[10]";1,00015754282348;0,407726466382979;2,39599028400126;-1,97401149679585;-1,15900029774142;0,641228174305372;0,42943773514118;30055,0004301191
"Mu_N4[11]";1,00000234289888;0,088277634665898;-0,526659219626917;1,40050035157694;1,72862082896815;-0,221242236521926;0,411771822065608;14019,6297844092
"Mu_N4[12]";1,00011136206335;-0,640531525296637;-0,647634870649501;1,50875935354325;-0,903301589683897;-0,997885114037301;1,42708174192392;30169,4073044775
"Mu_N4[13]";1,00023747750489;-0,0210974707460987;0,455233205983391;-0,124912959422515;1,11076690538942;-0,308512209685324;0,23014812738826;30478,5097702561
"Mu_N4[14]";1,00024540040716;-0,727260658344411;-0,212510803159839;0,397414842529768;-0,0553123152220379;-2,01187953352728;-0,457534750145849;26567,2554828996
"Mu_N4[15]";0,999933830724283;-0,139021416070306;0,186919054769721;0,646014812818238;-3,11600266548736;1,46660630121735;-0,652319664408114;30311,4293388192
"Mu_N4[16]";0,999982739005712;-1,44640385423231;0,0201602367221417;-1,02273163832901;-0,846834473795887;-1,11021273452735;-0,48862792632532;22532,0140123473
"Mu_N4[17]";1,00003440409809;0,414625833578063;1,05500463103804;-0,328259434562016;0,538072218991372;-0,9160352697958;0,226880538944143;19324,4506659049
"Mu_N4[18]";1,00006368535868;-2,18803148720417;-1,4127008206204;-0,0505445093045976;-2,39573037243102;-0,841513765764074;1,98711191010612;8720,263649992
"Mu_N4[19]";1,00005562426599;-0,491670877603929;-0,0913423793383281;0,297539265694809;-0,87409051861882;-0,42075737977631;1,78427043549822;30481,8758733685
"Mu_N4[20]";1,00013051881848;-0,736479705568173;0,00762105405687246;2,55204253763474;-1,65116393287548;-0,181755857698778;0,200698179410345;30010,2042355122
"Mu_N4[21]";0,999983066394898;0,352771009776619;0,863852986749833;-0,598953632244165;-1,07038523129429;0,704420297766495;-0,965375382575071;30640,252985822
"Mu_N4[22]";1,00010782472104;-1,18424128114274;0,863098228188394;0,241963705580215;-1,01261236047074;-0,195022137002614;-0,299462387575634;27814,0109001515
"Mu_N4[23]";1,00006058264497;-2,03378135994569;-0,0279714066307344;1,107000673336;0,0712490104778302;0,554753300452256;-0,869339933544471;28621,2723496251
"Mu_N4[24]";1,00008028438384;-1,27601075737389;1,49371475315603;-0,865611403273942;-1,15873050930728;-0,160917410054275;0,619170607552568;30362,5832750943
"Mu_Sd_L1";1,00010643971122;2,20498547709924;1,58601401230945;-0,420417411059833;0,946201907243342;-0,251485735707242;-0,172593626909807;15001,0848193051
"Mu_Sd_L1surv";1,00009297225026;1,20518927014767;-0,154413516432985;-0,563193625654465;-0,115353420317164;-1,73531539440209;0,714797112740771;29893,3992454939
"Mu_Sd_L2";1,00012775431996;1,16945772735206;0,828653281837178;-0,413114862544946;-1,89448498880223;-0,640150961723671;-1,13131540096509;30628,4995529976
"Mu_Sd_L2m";0,999966214182681;0,272926540370353;-0,161785539978766;-0,932026331204119;-2,05294339687316;0,291853254834536;-1,64723718621564;30645,2313799499
"Mu_Sd_L2nm";0,999988784960813;0,391133591251139;-0,033117947196105;-1,0344022622799;-1,98980036707067;0,562870607322873;-1,58753481708698;30590,52711484
"Sd_Alpha1";1,00008368287427;0,631813135641233;0,535408279403411;1,6083925007352;-2,74534284813144;-0,215126158738511;-0,789354900582444;30021,9652312203
"Sd_L1[1]";1,00009010561142;0,998944162222928;-0,429300229443267;-1,7069847889025;0,417299004844426;-0,658251737655625;0,827124893570532;28135,4636464094
"Sd_L1[2]";1,00009850679689;0,444332440759097;0,200830475109771;0,105472440449217;-1,12251638176991;1,38118977936524;2,70234446362622;23168,9203405513
"Sd_L1[3]";1,00003747893389;-1,16138343162196;0,0221526920932281;-1,16013233900311;0,319693893494225;-1,17921404480182;1,07952542307078;30415,1632894011
"Sd_L1[4]";0,999993904789984;1,25031064426554;-1,26020957542322;1,30804613641615;-1,56818160964185;-0,483663643767086;-1,16270872935673;30337,2841016232
"Sd_L1[5]";1,00010011632016;1,23347840019835;-0,806500099405073;-0,446624591581326;-1,6583775052165;-1,71483646321165;0,337213954529922;30462,3413983923
"Sd_L1[6]";1,00004995526005;1,08432976222658;0,923382244552501;-0,687754282646543;0,117062437290896;0,141997432086535;0,353012934473933;30683,71711834
"Sd_L1[7]";1,00000139194339;0,36793993618053;0,140711903405352;-1,16160763822262;-0,288619704144135;-1,03085987222846;0,437496009966031;30016,5210187729
"Sd_L1[8]";1,00017717388396;0,765222087566259;1,41398853285645;0,575236664026705;0,469578316878028;0,129612858667438;-1,12788226636786;5957,02057802983
"Sd_L1[9]";1,00006817375595;-0,123725139462778;-0,206303463821785;0,902618570176271;-0,160596017743115;0,244984989066851;0,63515958391511;14506,8958175967
"Sd_L1[10]";1,00002137602255;0,07900134236089;-0,58618313898332;-0,352619005628757;-0,215354197374735;-3,6843844439599;1,09594898818176;18407,1418084386
"Sd_L1[11]";1,00025636478478;1,05048927362001;-0,0379650138447678;0,326087168484855;-0,213666567738408;-1,16962670379249;1,55015655575362;12775,9889700872
"Sd_L1[12]";1,00003515334593;-0,154850884050773;-0,968168207983381;0,911008462219691;0,590892775714972;-1,4191223218545;-1,69654768743951;30237,9592659029
"Sd_L1[13]";0,999948841739498;-0,40653172361871;-0,731710695210822;-1,01484766533783;-0,784054866441201;-0,0550553773703978;-0,797255700343659;30013,2206407737
"Sd_L1[14]";0,999980686508269;0,517474706399595;-2,23611821566385;-0,96851197523673;-0,92944849235213;0,858069642022859;-0,79713865233351;30064,5529653194
"Sd_L1[15]";1,00011843836134;0,319086197275381;-0,819587526023016;0,0760489759982099;1,56542565958856;0,100122691355801;-0,264089188048218;30035,9291308272
"Sd_L1[16]";1,00003839703298;0,228206159280755;-0,384064891476848;1,47609119394629;-0,165171342737605;-0,884694099799187;1,13407162974585;30456,0775214198
"Sd_L1[17]";1,00004665000835;1,76922750842294;-0,292455511190156;0,71590664785794;0,494267450220076;0,106493680747061;1,0551374191245;29983,7276852349
"Sd_L1[18]";1,00038532792943;0,971641115963669;-0,801888553908648;0,542162548301216;0,176521137477376;0,254459885979181;0,338205208720101;26375,9303159448
"Sd_L1[19]";1,00006455121122;-2,17405263798224;3,05108529747031;-0,757129207481658;1,54568891616081;0,147305075011261;-0,942192558181674;30805,0196184121
"Sd_L1[20]";0,999982465371305;1,6979744987696;0,305867802101779;-0,330387430195682;0,272712626674877;-0,25206807252848;-2,32155943961781;24600,4501513741
"Sd_L1[21]";1,00005896815126;0,787036439822345;1,79844198918226;-0,682466688939999;0,336241315321449;0,366531533384893;0,86634008301429;19439,6845132734
"Sd_L1[22]";1,00012134365658;-0,641901588826194;1,71437560361909;0,8590372901258;-0,465640251381027;-1,10593048080907;1,41920611408589;23254,236950886
"Sd_L1[23]";0,999969800844521;-0,54827156032944;0,75573009156232;-1,23267672719137;0,0830736372044079;-0,573170474779993;0,587528141528425;30195,1390416884
"Sd_L1[24]";0,999956762076852;0,535554102676528;-1,19663869513645;0,882310753451531;0,213201416381753;-1,27010718943007;-1,99751968383656;30107,8105630377
"Sd_L1surv[1]";1,00008937158362;0,919604088617233;-0,500197918456869;-1,84164681832315;0,460419079619968;-0,612008534181642;0,861804257713144;27878,9897708062
"Sd_L1surv[2]";1,00009553627682;0,39556526012927;0,193662578663618;-0,00062247634429801;-1,14380241279503;1,36737988362698;2,73494640574216;20639,7610498209
"Sd_L1surv[3]";1,00003287866942;-1,25738168901791;0,0407097677523783;-1,24950063053967;0,298405522255295;-1,15268137436547;1,08461047286988;30416,2146617527
"Sd_L1surv[4]";0,999986236406942;1,1611893240366;-1,30571306791399;1,18285607826924;-1,52209657330674;-0,46262973168658;-1,1084375346287;30374,4447674709
"Sd_L1surv[5]";1,00009303238889;1,21379152051975;-0,847450763145931;-0,5551093147965;-1,58470505115826;-1,66138529188846;0,329973562488604;30494,4792309352
"Sd_L1surv[6]";1,00005021989695;1,02248428958364;0,907266406075021;-0,845744597571639;0,151506307046902;0,192963572941571;0,31587412596509;30741,2907143537
"Sd_L1surv[7]";0,999989129348762;0,26451713512287;0,145500210122803;-1,29279951147728;-0,229445268821383;-1,01067927278644;0,493319000446827;29486,1381521089
"Sd_L1surv[8]";1,00017655657139;0,675142820319422;1,41611458590326;0,472360936179237;0,505981855093116;0,121670289595393;-1,1280992933206;5951,76947845949
"Sd_L1surv[9]";1,00005582474384;-0,235071421358606;-0,18903244776069;0,829146213844362;-0,158309344993138;0,272013750295053;0,658683506698403;15316,7804852347
"Sd_L1surv[10]";1,0000151238975;-0,0055128849020718;-0,591031699012591;-0,484927017065196;-0,27363608996286;-3,66389700091868;1,13352510210184;15521,0213422983
"Sd_L1surv[11]";1,00025737968116;1,00035453044371;-0,031578852694305;0,210666966846669;-0,198812380514924;-1,08718394256241;1,68597861231732;14668,6373564313
"Sd_L1surv[12]";1,00003188167263;-0,20643398160233;-0,9962008781649;0,819079999249787;0,600692856569661;-1,43048609111699;-1,69228680104497;30236,9433639889
"Sd_L1surv[13]";0,999951552749788;-0,453800118335021;-0,694312763169065;-1,10430045917551;-0,795705298974998;-0,0579404822668009;-0,807046173422391;30007,9713228688
"Sd_L1surv[14]";0,999981779850512;0,46880304730136;-2,24477180623019;-1,00524438436004;-0,925066427531313;0,886334598112799;-0,789530080441531;30047,8041582572
"Sd_L1surv[15]";1,00012187018257;0,279598137060925;-0,831057082828895;0,0185225453364898;1,60870599831713;0,107846603782968;-0,273424387398667;30047,0092017876
"Sd_L1surv[16]";1,00003909990104;0,210518083302835;-0,399153610552337;1,38965330348982;-0,111945040504602;-0,861153211557899;1,11719907960652;30390,0352932914
"Sd_L1surv[17]";1,00005331252843;1,70487771059252;-0,312830418011782;0,626481278967727;0,497153956251594;0,133061990127828;1,04630419071011;29740,5428045407
"Sd_L1surv[18]";1,0003884353723;0,930563500241831;-0,788155399804392;0,434106829249594;0,225123646435048;0,293306841828443;0,3447091068616;26255,3367756726
"Sd_L1surv[19]";1,00006750598264;-2,21437777142743;3,05459179229626;-0,856821851049237;1,5620093608608;0,140113770411892;-0,918813004123267;30785,6240332265
"Sd_L1surv[20]";0,999979812910591;1,63726474535284;0,302538192404726;-0,422000454578769;0,321273401741194;-0,24207360803857;-2,30445688859573;24066,2603347646
"Sd_L1surv[21]";1,00007771938021;0,722122278443495;1,78107041112966;-0,768167363891539;0,383929877357771;0,362164239022544;0,912900451378226;17953,6403960673
"Sd_L1surv[22]";1,00012410602863;-0,677294194346998;1,70164734156179;0,802614082288116;-0,449796929815886;-1,09856449824144;1,41578008204323;22585,9095266464
"Sd_L1surv[23]";0,999967493680687;-0,561871711020913;0,72954795458441;-1,26778851480336;0,136546840094747;-0,574526023361462;0,587958346437293;30183,4455101693
"Sd_L1surv[24]";0,999957519182858;0,49120710833083;-1,23114684454523;0,818705217940748;0,251386651945665;-1,24583514328491;-2,02609544014736;30050,7436421468
"Sd_L2[1]";1,00012041660439;-0,999488520887484;0,632222124891296;1,20377890412287;-1,19696745845616;-0,697189479672041;-1,02939397431317;30321,3081598222
"Sd_L2[2]";1,00008226990559;-8,78476047048673e-05;1,47522053540106;-1,60855196677307;-1,91007104362851;0,389375862922267;-1,12152684722886;2531,61006886562
"Sd_L2[3]";1,00012173171892;0,693404145058723;-2,00336505392218;1,53359416566582;-0,860931821823801;0,0137272085481632;-2,29693483215857;30164,0677997833
"Sd_L2[4]";1,00017276433733;1,61809118659162;1,11952612943;0,345087674260221;-0,259969233662936;1,62563807104694;-0,508011081382101;30327,2990553184
"Sd_L2[5]";0,999979413704619;0,0565443132962792;-1,00396789452588;-0,6512214309492;-0,858232581104342;1,81717144592709;-0,952220039769519;30584,3275746349
"Sd_L2[6]";1,0000004682467;-0,808906918716933;-0,127679971232157;0,418507460699396;0,976263253214352;-0,787384701498059;1,89505567751056;12371,9280591784
"Sd_L2[7]";1,00001045275483;-0,958542468998206;0,273009700242847;0,0964514001110265;0,381463207766894;-0,661426323994488;0,727458932081478;25909,3052317149
"Sd_L2[8]";1,00001970701472;-1,33511461525786;-0,799846770200487;-1,1552900799499;0,538418138961329;-0,852172402955218;-0,261938675258305;30187,1136202641
"Sd_L2[9]";1,00003653309382;0,580084381284168;2,44239384309276;-0,253154604891753;-2,57701416717929;0,443078349312483;-1,56243743622761;30146,3502525281
"Sd_L2[10]";1,00002840680054;-1,68521033191684;1,08848267417149;-0,395000824925894;-1,30370747598939;-0,622703709101277;-1,2437409469603;30139,5974415091
"Sd_L2[11]";1,00010974727875;0,704347989238381;0,794891242923199;-0,528971516345711;-0,29871535910189;-0,133636623204408;-1,62039213775012;30125,7061791832
"Sd_L2[12]";0,999986276510671;-1,98861911368736;-0,391691382298266;1,47824773050157;-1,27044077686089;-0,30180751952114;0,384804547296036;30326,5354067579
"Sd_L2[13]";1,00004217460717;-0,795985158332869;0,589750536203216;-0,965626020149282;-1,78476722792724;-0,0173211457777153;0,262103943893035;30048,4525000643
"Sd_L2[14]";0,99997948413309;0,444624908603452;-4,01537209734317;-0,612735665782424;-1,63922915754385;-1,22544613172669;0,022694571089513;30150,2424711654
"Sd_L2[15]";1,00002719565489;-1,17752153614479;0,317726622192064;-0,808107076892992;0,691678713244828;0,074610094429936;-0,29878699900105;30186,5966237644
"Sd_L2[16]";1,00001753767876;-0,634758814674921;0,729486506696009;-0,395591195821422;-0,412167983263127;-0,171567896916357;0,162257065937721;14099,3429410801
"Sd_L2[17]";1,00005707179952;1,03515648352556;-0,350925390241618;-1,27542429591264;-1,32813335458683;-0,734279856006382;0,343389844740357;9147,48033148815
"Sd_L2[18]";0,999989583534386;-0,132136670814009;-0,880513793450629;-0,0510552562133843;-0,171644981830216;0,0144064601133528;-0,400395160782369;22691,3731097965
"Sd_L2[19]";1,0002611878968;1,40514508053881;-1,71405334044091;-0,478864069286599;0,344013408245665;0,978310131779115;0,132135199429722;30749,2921133702
"Sd_L2[20]";0,999992315582395;0,345965821622769;-0,930280149040366;-0,575627541167593;0,240413482047194;0,532084852631503;1,09611939868893;6262,412464612
"Sd_L2[21]";1,00014461288538;2,11659545552181;0,540515932425967;-1,57355837575902;-1,12062508549578;2,14880953616454;-1,43061040965605;13964,6023926999
"Sd_L2[22]";1,00009625180061;0,294815332768337;0,576421722501441;0,456034278442519;0,0339735636999058;0,0753126656503703;-1,15865631783259;30104,7471464991
"Sd_L2[23]";0,999964163206241;0,13655634802793;-0,919371388223931;-0,0850557181701137;-0,244614366393328;-0,193350878844999;0,318092820964551;30417,536432727
"Sd_L2[24]";1,00000805381716;0,597974290258807;-1,16544962630005;0,970651761204646;1,44861121295377;-0,985487121026304;-1,01082416470329;30164,2938414278
"Sd_L2m[1]";1,00012343805786;-1,12885458011775;0,980690752819746;1,06735147999648;-0,904460289168877;-0,879527827254338;-1,20332591010846;30268,608635316
"Sd_L2m[2]";1,0000774600111;0,108528407682858;1,50754011085589;-1,65572434530378;-1,79948524089672;0,462611031579189;-1,12423737228461;2390,30032888573
"Sd_L2m[3]";1,0001189417022;0,739906795158883;-1,9575751909844;1,45367787981897;-0,842982342590295;0,00501124128147803;-2,28832915484934;30182,6130237655
"Sd_L2m[4]";1,00015188498045;1,80168861070793;1,28420151683257;0,117252261494384;-0,303568038492523;1,65088097448639;-0,60186152270761;30271,9695435482
"Sd_L2m[5]";0,999967148432592;0,170163831792658;-0,82255384329636;-0,69697425935651;-0,736301342676404;1,70146750519384;-0,898669002198188;30576,2626755236
"Sd_L2m[6]";0,999990426783972;-0,715827163605549;-0,0597198116723709;0,311111191459413;1,10079710041986;-0,778369740945571;1,98270855323559;11461,9015819375
"Sd_L2m[7]";1,00001326592541;-0,890889053661103;0,382077988779407;0,0387704586163384;0,464947765038549;-0,595895856931878;0,722630164997989;26047,1561364814
"Sd_L2m[8]";1,00002701351212;-1,29941383414845;-0,768039667791683;-1,19159513950562;0,574163269579358;-0,827599350647598;-0,255847038177421;30166,5798665368
"Sd_L2m[9]";1,00003922813559;0,65101724323628;2,45033195822843;-0,362219326047994;-2,5753544025181;0,527790343577983;-1,55250448760755;30164,1419053219
"Sd_L2m[10]";1,00001091350588;-1,52179357103856;1,16584883954144;-0,476481730574975;-1,21361036648324;-0,572290914522961;-1,23287606271717;30134,6583545192
"Sd_L2m[11]";1,00009255256094;0,776385595521981;0,855772227078259;-0,588276324690503;-0,255059951684166;-0,102959179864057;-1,5590516001902;30157,6254133947
"Sd_L2m[12]";0,999978241173454;-1,91055381187069;-0,350195381204971;1,43386851601585;-1,25554831436915;-0,263143110703752;0,36672281723904;30310,9708816842
"Sd_L2m[13]";1,00005585353092;-0,73281808963627;0,648053906648886;-1,02604941006168;-1,75028404573552;0,0241534420353036;0,262757167720331;30043,7933144175
"Sd_L2m[14]";0,999975733850421;0,518297241764309;-3,96952296188741;-0,651479477526036;-1,58300732223508;-1,20689912886718;0,0293432453418496;30161,3114870757
"Sd_L2m[15]";1,00002634257153;-1,1124853166658;0,32978148653263;-0,849207277524674;0,74695771745765;0,0989400864086782;-0,294017323626374;30164,1900194458
"Sd_L2m[16]";1,00001715563802;-0,583716992818536;0,823444626175609;-0,439866719408813;-0,385162637909561;-0,120891790317469;0,166539118532661;15055,822405595
"Sd_L2m[17]";1,00005736025968;1,07975150478819;-0,297222913795694;-1,31073060150862;-1,30856399172135;-0,710246603663678;0,358799161485529;9910,50957681277
"Sd_L2m[18]";0,999993903107151;-0,04110234092076;-0,818168310268544;-0,0784145713845236;-0,116382122991245;0,0687515420769172;-0,432206120407746;24073,6540311084
"Sd_L2m[19]";1,00026500572915;1,46822399388026;-1,62217095469705;-0,543630292086329;0,372702299721552;1,00607346562171;0,146299581258085;30725,8703951765
"Sd_L2m[20]";0,999996567525025;0,407905371143937;-0,8719193613363;-0,651223636980568;0,259064040630028;0,560174029428238;1,12808165281086;6994,10748022393
"Sd_L2m[21]";1,00014746637434;2,16795003924836;0,569436613869561;-1,62216266241031;-1,09406014757062;2,16130039897084;-1,39723660660293;13738,1044219652
"Sd_L2m[22]";1,00009702121803;0,349618301493718;0,616142775041106;0,414739968683069;0,0884548836803884;0,0931467887965169;-1,12903540597174;30098,8005848078
"Sd_L2m[23]";0,999977697167093;0,208937254120472;-0,840643015895062;-0,194639583761208;-0,227490329754975;-0,15201640169909;0,361525616988923;30428,0259360563
"Sd_L2m[24]";1,00001377662147;0,64188210583444;-1,14747030354724;0,90337366116636;1,48389494620118;-0,960830431697383;-0,974255558026172;30163,1825325835
"Sd_L2nm[1]";1,00012250836099;-0,944653540493764;0,851993139706733;1,02492400973677;-1,07395100016004;-0,542564168214554;-1,05669497993841;30311,8984281887
"Sd_L2nm[2]";1,00008150287719;0,122206043573496;1,52884283490861;-1,72201463338317;-1,83107735012806;0,482167175630777;-1,12993794798936;2145,31050466911
"Sd_L2nm[3]";1,00011825099684;0,814423489617742;-1,90351863690734;1,42235490895186;-0,816249430725417;0,0617756285125824;-2,28917180773501;30208,5935650612
"Sd_L2nm[4]";1,00015303557213;1,71446200420294;1,22363181251984;0,158796394018193;-0,208678772444725;1,76365702098496;-0,533096919712638;30277,6771635766
"Sd_L2nm[5]";0,999968010922902;0,128029392214563;-0,79720135662496;-0,865404007180045;-0,695246825461198;1,87367495753801;-0,92570322893272;30538,9782400066
"Sd_L2nm[6]";0,999990572866302;-0,658520617139171;-0,0206979818544429;0,288397951144401;1,09150916842853;-0,702029100393771;1,92296447186883;11791,0837985401
"Sd_L2nm[7]";1,00001302178469;-0,803205201525864;0,424794363736418;0,002124164074052;0,411774985146507;-0,480929391844945;0,759390591873453;27710,5459562242
"Sd_L2nm[8]";1,00003324457029;-1,25600097476883;-0,754114692903225;-1,21074019882461;0,58515097401684;-0,7886502162782;-0,249015704970973;30140,0237813644
"Sd_L2nm[9]";1,00004887451247;0,669109700447366;2,48172410800912;-0,361428063988274;-2,55576888460894;0,55588156572498;-1,55044637313946;30147,0797321231
"Sd_L2nm[10]";1,00001646516849;-1,5288385742907;1,1373780824256;-0,489784215423101;-1,22655199337087;-0,527943833228104;-1,25773496023939;30113,1329081985
"Sd_L2nm[11]";1,0000874252032;0,818327998003292;0,895346988021899;-0,649363308325554;-0,221670638285227;-0,0226624420317892;-1,56577478379034;30184,3298412071
"Sd_L2nm[12]";0,999970674559218;-1,86748239744199;-0,349306160565553;1,33088743875696;-1,29690461779343;-0,208184883406717;0,322807488990091;30298,2984555276
"Sd_L2nm[13]";1,00007452217586;-0,644263865956176;0,693278524532274;-1,14643062607546;-1,74175091228221;0,0715922102110619;0,224405546343935;30057,1519156433
"Sd_L2nm[14]";0,999971975463798;0,545846331992225;-3,95789782627114;-0,710540668511296;-1,54066937595825;-1,18726478797871;0,0324817971207948;30181,7455296915
"Sd_L2nm[15]";1,00002097718557;-1,07573124923724;0,324294724347163;-0,885758431554191;0,744895917194952;0,167214300249727;-0,320295044847203;30152,0439753288
"Sd_L2nm[16]";1,00001900120914;-0,589133275529309;0,819761165001321;-0,496534314013241;-0,403368855627852;-0,0116212871963853;0,169967954396867;16283,3985565525
"Sd_L2nm[17]";1,00005929898799;1,09286125055848;-0,270999546707602;-1,3370899799372;-1,31412137887778;-0,663208774777759;0,380440288632232;10253,9287572244
"Sd_L2nm[18]";0,99999627975729;0,0570607825917036;-0,805813669366707;-0,102125386562557;-0,116407134187348;0,161940541547184;-0,478250739816437;24266,8345442518
"Sd_L2nm[19]";1,00027934820957;1,49666085765843;-1,59298434731758;-0,621055599470736;0,369857053102721;1,0305472156585;0,146903491840328;30696,10494529
"Sd_L2nm[20]";0,999995911650296;0,440949754799566;-0,858028695704541;-0,706317421239602;0,255573801006774;0,59531547732494;1,12922693450828;7560,00009244598
"Sd_L2nm[21]";1,00015422423234;2,18609297204425;0,596489457770558;-1,6937854215242;-1,09027394054313;2,21612295755279;-1,39024962280008;13613,3778956543
"Sd_L2nm[22]";1,00008849211444;0,381638891611219;0,645791824812767;0,364340660306474;0,0909973237079549;0,124391563119924;-1,12021211757359;30121,1179686497
"Sd_L2nm[23]";0,999991346599562;0,25725522147903;-0,764487859328571;-0,284639111750128;-0,263827720230388;-0,0890864674182788;0,366382178044023;30428,54177674
"Sd_L2nm[24]";1,0000202106001;0,675530704209053;-1,14926221598313;0,798936559771935;1,47149087478564;-0,904291376934371;-0,942393615900136;30164,6521680241
