"Parameter";"Rhat";"zchain1";"zchain2";"zchain3";"zchain4";"zchain5";"zchain6";"Effective"
"Alpha1[1]";1,00000435141937;0,856080027940901;1,10620734766384;-0,944557245202644;1,38758163536739;0,520596816959853;0,717876620418915;30561,4187311835
"Alpha1[2]";0,999983863577769;-1,8400857878254;0,0152595950380473;1,16175185583967;0,551761251257038;-1,44608097225157;0,484941540008673;19271,202086717
"Alpha1[3]";1,00001024452383;1,41660663824309;0,944591044751962;0,424918305512193;0,558689568156572;-0,684400198856388;2,12380052935508;30130,879942094
"Alpha1[4]";1,00016855085946;-1,32519413604455;0,107686255015449;-1,00221343131875;0,584476401257179;0,793881264423696;-0,818404036366152;29429,7572101916
"Alpha1[5]";1,0002280080131;-0,734803090408204;-0,996726025991287;0,481627555097596;0,0848108717147672;0,905958046298109;-1,8825688886591;30184,446414182
"Alpha1[6]";1,00013057660409;-1,41789006770515;2,15906210939476;-0,0945584144250578;0,0330211031677913;0,875280250540519;0,393650622335765;9151,51436879895
"Alpha1[7]";1,00017966198085;1,4110456372436;-0,5544762463194;0,718062199596738;-0,835702050736836;0,884396999518643;-0,115422690735956;6290,89219601121
"Alpha1[8]";1,00005936380934;1,95864177304069;0,892200105028998;-0,0498481853735108;0,903156754073485;0,986559224820131;-0,236504133645225;29936,5442097696
"Alpha1[9]";0,999987750687848;0,846568825826941;1,52601200486861;-0,449400855375914;0,490087513515859;-1,48463778393855;0,254984622961246;30119,6290423151
"Alpha1[10]";1,00008430820922;-0,61790652032703;-0,227114292312399;0,425953960086748;0,525625417574109;0,168846879678565;0,774199201642235;25406,7218330485
"Alpha1[11]";1,00013900433866;0,316076852449465;-0,272094255241765;-0,598332186527192;-0,729411095613729;0,00720076681496874;0,00957441097047762;30126,5142408139
"Alpha1[12]";1,00012380198456;0,328707651105509;0,175577452385992;0,796695272999813;-0,495186939410217;-0,172868351643057;-2,28959714646176;26539,3084665231
"Alpha1[13]";1,00002880951696;-0,883352535301511;-0,85712268227506;0,536136564612343;-0,362439174932221;-1,04000568359504;-0,87666759943815;21553,034671838
"Alpha1[14]";0,999979055570538;-2,38639696262822;-0,257293144236661;1,63612093858503;0,0260019383729244;-2,81245111679903;0,301413781923424;5604,81297120525
"Alpha1[15]";0,999990268745411;-0,698123593068087;1,00620465804904;-1,49090511544722;-0,44773212267294;-0,376840196136182;0,801936357684437;29247,8087528379
"Alpha1[16]";1,0001112659672;0,228189245319602;-0,268773993730002;0,177358207849127;0,714103254476542;-1,46762492683858;0,0659561790348144;17331,5546421547
"Alpha1[17]";1,00010626513809;1,07621707115062;1,01266867355392;-1,03665874490114;-2,21930171538244;2,09033397474065;0,508785993934605;29851,5782481109
"Alpha1[18]";0,99996248205307;0,0451238724597131;0,290766624591645;0,137948628487784;-1,48003439582553;1,818740711566;0,427836321566885;10558,7647646193
"Alpha1[19]";1,00001056787054;-0,168053628531801;-0,480258566778126;0,790360952803286;-0,631657562363635;0,263031143615276;-0,0707435207652835;22907,1211831735
"Alpha1[20]";1,00002119243488;0,207341136393094;0,317008951866166;2,1204093295888;1,623965777426;1,19146361035426;0,0698824060495806;12506,4629637984
"Alpha1[21]";1,00003088759388;0,0831660450346619;-0,154733410695613;0,429052820277209;-0,367520446998169;-1,9687506766804;-0,31856978008207;30085,4123949063
"Alpha1[22]";1,00007259368292;0,186286642822024;-0,496664298551671;-1,47557858237403;-0,217751406440058;1,20638731155766;0,999320219385278;30118,6795133736
"Alpha1[23]";1,00006357959489;-0,588677788631065;0,724461060007085;0,68385533346603;0,68874620214627;-0,281604163460284;0,833759937645247;30166,5924168906
"Alpha1[24]";0,999971159774392;-0,869310425239959;0,188414373781739;-0,0522921717078218;0,299803398555426;-1,90775286099604;0,760179438128354;20912,8735600994
"Alpha2[1]";1,00037993606443;0,74172550121857;1,68497210880901;1,04370332530612;-0,721507331749512;0,997542580623512;0,289311919726185;1,84946228572637
"Alpha2[2]";1,00045655158466;0,908999730530809;1,83076827361291;1,14440744370886;-0,97103288826693;1,20044891945031;0,536485394227437;1,47320721238618
"Alpha2[3]";1,00050232195328;0,588591754547444;1,69119669846711;1,06660046895628;-0,924261076654116;1,1795001775418;0,394524686073531;1,71857794573727
"Alpha2[4]";1,00034043440502;0,760789706957636;1,64706143867277;1,18137790649931;-0,884433254828631;1,23218808001249;0,263712834260912;1,81629738428698
"Alpha2[5]";1,00031634068822;0,631965780703715;1,94263558998352;1,16826434151696;-0,78866307510784;1,17984062457659;-0,0304733785278778;1,83032620266295
"Alpha2[6]";1,00047378728593;0,726328607417705;1,59476612531831;1,03033697083824;-0,827716787977637;1,11841727849776;0,469681384942527;1,48591291264473
"Alpha2[7]";1,00040221666864;0,854337122452497;1,63386800586871;0,996860535207555;-0,883697909076756;1,37523364727855;0,549470565468265;1,46707214439999
"Alpha2[8]";1,00045065209606;0,910511429222114;1,48521771070164;1,24066016034953;-0,77487464209425;1,1334212984062;0,280081121232079;1,30669637426461
"Alpha2[9]";1,0004731623573;0,879022008341816;1,40393328202423;1,2375110899772;-0,783575397534978;1,33977798047465;0,378119377436967;1,44661183034437
"Alpha2[10]";1,0005123358801;0,986742212513582;1,97934780201003;0,997957582331759;-0,961201597537535;1,31329665900461;0,387976230962039;1,39826733372694
"Alpha2[11]";1,00030253274529;0,842014418171716;1,71196101418411;1,31319154975202;-0,849340517091373;1,20253760889181;0,441003377316896;1,44892631931042
"Alpha2[12]";1,0003517066288;0,79025400593571;1,66432941638914;0,892862807673507;-0,724776822836917;1,3583289950403;0,237106043906809;1,42274203585636
"Alpha2[13]";1,00043534657548;0,925828453422497;1,66276552765537;0,913684796582477;-0,923847719143697;1,26144064925611;0,317575452330802;1,4637769485192
"Alpha2[14]";1,00048272774472;0,749362773313706;1,60132003467194;1,1475145265438;-0,950315730693565;1,36460140010716;0,302001545182611;1,26862968696937
"Alpha2[15]";1,00052486883936;1,01346427304009;1,72035738396478;1,00387042412341;-0,863710689564473;1,27230987462443;0,18333413268174;1,3719275633394
"Alpha2[16]";1,0004261786418;0,948273078900293;1,69925619568017;1,04459006470068;-0,822327415742035;1,31355101852069;0,386250720697118;1,45236229670156
"Alpha2[17]";1,00043035883425;0,835120777290234;1,70158255935861;0,931411160245527;-0,67666944056097;1,35139725507413;0,285235056200182;1,29687955269377
"Alpha2[18]";1,00045539777986;1,07718913165909;1,60300148594308;0,886694368529741;-0,835434057332248;0,97078095737766;0,319130064551395;1,2964572457936
"Alpha2[19]";1,00042511695332;0,844577592764365;1,88870005191465;1,13630174260924;-0,797807559004238;1,43216706218559;0,30431788084361;1,34318515525798
"Alpha2[20]";1,00045180503497;0,987020822193341;1,7122255559916;1,0634543670968;-0,848104551014274;1,21240863332861;0,364076564527139;1,25626436550108
"Alpha2[21]";1,00038179114912;0,84835381793215;1,69487603455767;1,21777347994644;-0,810231540609548;1,30105156034906;0,338025825787403;1,43548136258323
"Alpha2[22]";1,0003750357255;0,786276339996672;1,59538812067719;1,13011811381612;-0,886976676098673;1,50965555326469;0,418587517150646;1,53502194094762
"Alpha2[23]";1,00045506375177;0,823860836813696;1,59516001703161;1,12205461007581;-0,728786678101019;1,15939693986869;0,365392166163237;1,9365893274795
"Alpha2[24]";1,00034375080609;0,898170149180873;1,78932014372266;1,15193974870345;-0,729507851361917;1,25203679985419;0,143415615967079;1,63555816941881
"Beta1";1,00002979082522;-0,73956677912558;-0,177184010371097;-0,794055330505734;-0,585257971118398;1,31599351030684;0,130090161310006;30571,465198486
"Beta2";1,00045887305911;0,927367264105087;1,55475058502322;1,05959620695409;-0,788503105034813;1,303013279174;0,333084866013095;1,12747632201437
"Gamma1[1, 1]";1,0001748579731;-0,815747243572834;0,156820769878947;-1,46279362202346;1,17630036621609;1,27592823875763;-0,92181351835619;30452,5469430775
"Gamma1[1, 2]";1,0001748579731;0,815747243572834;-0,156820769878947;1,46279362202349;-1,17630036621604;-1,27592823875763;0,92181351835619;30452,5469430775
"Gamma1[2, 1]";1,00013923394754;1,73103833297378;-0,745947408806352;0,648665156263956;-0,30948290716843;0,454365060722123;0,766240563902347;30708,563618638
"Gamma1[2, 2]";1,00013923394754;-1,7310383329738;0,745947408806411;-0,648665156263984;0,30948290716843;-0,454365060722123;-0,76624056390232;30708,563618638
"Gamma1[3, 1]";1,00015060240538;1,6159924064232;-0,25275038212117;-0,122305952161729;-0,683930993097055;-1,68156850375747;-0,092051376551786;30176,061885414
"Gamma1[3, 2]";1,00015060240538;-1,61599240642317;0,252750382121202;0,122305952161697;0,683930993097055;1,6815685037575;0,0920513765518197;30176,061885414
"Gamma1[4, 1]";1,00001276254396;-1,22521524402697;1,08974019691344;-1,56051101945422;0,758253104059855;0,0210492368317106;2,32204831822146;30260,4758234185
"Gamma1[4, 2]";1,00001276254396;1,22521524402693;-1,08974019691342;1,56051101945417;-0,758253104059855;-0,0210492368317106;-2,32204831822144;30260,4758234185
"Gamma1[5, 1]";1,00011436078284;0,47380777824225;-0,828470560010356;-1,86992130656117;1,67547082899623;-1,72685379892952;1,69400001039252;13577,8242543582
"Gamma1[5, 2]";1,00011436078284;-0,473807778242294;0,828470560010356;1,86992130656117;-1,67547082899621;1,7268537989295;-1,69400001039249;13577,8242543579
"Gamma1[6, 1]";0,999963287532421;0,303598602919565;1,48429985671108;2,15353912140181;-1,07029932320884;1,28126374206664;0,322306892902132;27698,0656854002
"Gamma1[6, 2]";0,999963287532421;-0,303598602919532;-1,48429985671113;-2,15353912140178;1,07029932320884;-1,28126374206667;-0,322306892902095;27698,0656854002
"Gamma1[7, 1]";0,999958567513608;-0,127901381665839;0,865655597696921;-0,558878038591281;0,571981637632953;-0,796494332880052;-0,544335242733856;30204,2262419476
"Gamma1[7, 2]";0,999958567513608;0,127901381665839;-0,865655597696945;0,55887803859134;-0,57198163763293;0,796494332880077;0,544335242733856;30204,2262419476
"Gamma1[8, 1]";1,00002690589502;0,142153460067741;1,17265808292438;0,467704497817211;-0,765374214590064;-1,75553608106126;0,622387453240928;30254,7922970523
"Gamma1[8, 2]";1,00002690589502;-0,14215346006781;-1,17265808292435;-0,467704497817245;0,765374214590099;1,75553608106126;-0,622387453240962;30254,7922970523
"Gamma1[9, 1]";1,0000508217148;0,0476604309563469;-0,130300558434536;1,73496890791872;-0,576388764568145;-1,5140640945529;-0,466193772104386;30432,0931285559
"Gamma1[9, 2]";1,0000508217148;-0,047660430956313;0,130300558434536;-1,73496890791868;0,576388764568181;1,5140640945529;0,466193772104354;30432,0931285559
"Gamma1[10, 1]";1,00022021919382;-0,0995220708837563;0,691042551667653;-1,2692222055683;-0,52110937843507;-0,187312596173993;-0,685164110959947;28565,9785199252
"Gamma1[10, 2]";1,00022021919382;0,0995220708837563;-0,691042551667617;1,26922220556826;0,521109378435035;0,18731259617403;0,685164110959984;28565,9785199252
"Gamma1[11, 1]";0,999990811062633;-0,717334525078976;2,10988344426808;1,68032894278575;1,03889323670145;1,19760939650822;1,42428944581045;30575,1241294694
"Gamma1[11, 2]";0,999990811062633;0,717334525079036;-2,10988344426808;-1,68032894278568;-1,03889323670145;-1,19760939650825;-1,42428944581042;30575,1241294694
"Gamma1[12, 1]";1,00013603200618;-0,64524646194053;0,514552198659746;-1,22558042847726;-0,977552127818721;0,310398941456389;0,645599412207985;29797,8364966275
"Gamma1[12, 2]";1,00013603200618;0,64524646194056;-0,514552198659717;1,22558042847726;0,977552127818776;-0,310398941456419;-0,645599412207985;29797,8364966275
"Gamma1[13, 1]";0,999967283622937;-0,135186403874593;0,774335603358629;0,763970047527512;-0,0276563002463019;-0,207002604083205;0,580005368961295;30589,8583798925
"Gamma1[13, 2]";0,999967283622937;0,13518640387462;-0,774335603358629;-0,763970047527538;0,0276563002463019;0,207002604083178;-0,580005368961269;30589,8583798925
"Gamma1[14, 1]";1,00002509898953;-0,387822095872524;0,771870235731112;0,068391900521047;-1,34946066494928;-0,550148124618887;-1,11529466262196;29488,1111723706
"Gamma1[14, 2]";1,00002509898953;0,387822095872492;-0,771870235731112;-0,0683919005210779;1,34946066494928;0,550148124618918;1,11529466262203;29488,1111723704
"Gamma1[15, 1]";1,00001790110398;-0,44000198728918;-1,74165734956171;1,2373683001554;-2,64955433627258;0,775750873481625;3,34014058745669;30050,2923779315
"Gamma1[15, 2]";1,00001790110398;0,44000198728918;1,74165734956168;-1,2373683001554;2,64955433627258;-0,775750873481655;-3,34014058745664;30050,2923779315
"Gamma1[16, 1]";1,00008425850264;-0,260975923644717;0,356347423249801;0,575192620190675;1,66053121311095;0,333422265959322;1,06493822400377;30356,6818750685
"Gamma1[16, 2]";1,00008425850264;0,260975923644691;-0,356347423249801;-0,575192620190675;-1,66053121311092;-0,333422265959348;-1,06493822400377;30356,6818750685
"Gamma1[17, 1]";1,00010555574723;1,17598790486707;-1,06224848892277;-0,725631021545825;1,78168916510346;2,66699469996746;0,153490454285854;30111,2797690859
"Gamma1[17, 2]";1,00010555574723;-1,17598790486707;1,06224848892281;0,725631021545795;-1,78168916510339;-2,66699469996746;-0,153490454285821;30111,2797690859
"Gamma1[18, 1]";1,00007208829446;0,831904728426449;-0,760757994144806;0,906184997807346;-2,22502541529582;-1,28635597028182;0,531714632576053;13711,6523954972
"Gamma1[18, 2]";1,00007208829446;-0,83190472842648;0,760757994144806;-0,906184997807315;2,2250254152958;1,28635597028182;-0,531714632575992;13711,6523954972
"Gamma1[19, 1]";1,00013056630974;0,483933775212962;-0,175543204580503;0,486132181642446;-0,137822518851714;0,541639726612683;-1,54722464196268;30437,6403675841
"Gamma1[19, 2]";1,00013056630974;-0,483933775212926;0,175543204580503;-0,486132181642483;0,137822518851785;-0,541639726612683;1,54722464196265;30437,6403675841
"Gamma1[20, 1]";1,00001549964818;1,80413954695949;1,45935137465788;-1,42308843388722;-0,89426523770381;-0,164564899987937;-1,22150377866483;30034,807897478
"Gamma1[20, 2]";1,00001549964818;-1,80413954695946;-1,45935137465791;1,42308843388725;0,89426523770381;0,164564899987968;1,2215037786648;30034,807897478
"Gamma1[21, 1]";1,00011540646489;2,11168623970631;0,415187231651198;-0,160732282205191;-0,464479185510667;-0,0468899133131742;-0,803570538076329;23591,1606180544
"Gamma1[21, 2]";1,00011540646489;-2,11168623970631;-0,415187231651124;0,160732282205191;0,464479185510634;0,0468899133131742;0,803570538076329;23591,1606180544
"Gamma1[22, 1]";1,00014397711532;-1,79392919316204;0,788828160799803;0,407512845071708;0,39618016972844;0,635579134346511;-0,85333023096679;30489,7968802801
"Gamma1[22, 2]";1,00014397711532;1,793929193162;-0,788828160799826;-0,407512845071685;-0,396180169728484;-0,635579134346466;0,853330230966812;30489,7968802801
"Gamma1[23, 1]";0,999980763772816;0,162844604138127;1,41095990434754;-0,148318211449591;-0,509173688241932;-2,3947924182936;-1,62971665542658;13795,3019109627
"Gamma1[23, 2]";0,999980763772816;-0,162844604138127;-1,41095990434752;0,148318211449538;0,509173688241905;2,39479241829362;1,62971665542658;13795,3019109627
"Gamma1[24, 1]";1,00008529369683;-2,04005361087594;0,560881192830399;1,43116413133959;0,590982323708362;0,397925154695237;1,67173406900544;30052,2285806471
"Gamma1[24, 2]";1,00008529369683;2,04005361087591;-0,560881192830425;-1,43116413133959;-0,590982323708336;-0,397925154695237;-1,67173406900544;30052,2285806471
"Gamma1_F[1]";1,0001748579731;-0,815747243572834;0,156820769878947;-1,46279362202346;1,17630036621609;1,27592823875763;-0,92181351835619;30452,5469430775
"Gamma1_F[2]";1,00013923394754;1,73103833297378;-0,745947408806352;0,648665156263956;-0,30948290716843;0,454365060722123;0,766240563902347;30708,563618638
"Gamma1_F[3]";1,00015060240538;1,6159924064232;-0,25275038212117;-0,122305952161729;-0,683930993097055;-1,68156850375747;-0,092051376551786;30176,061885414
"Gamma1_F[4]";1,00001276254396;-1,22521524402697;1,08974019691344;-1,56051101945422;0,758253104059855;0,0210492368317106;2,32204831822146;30260,4758234185
"Gamma1_F[5]";1,00011436078284;0,47380777824225;-0,828470560010356;-1,86992130656117;1,67547082899623;-1,72685379892952;1,69400001039252;13577,8242543582
"Gamma1_F[6]";0,999963287532421;0,303598602919565;1,48429985671108;2,15353912140181;-1,07029932320884;1,28126374206664;0,322306892902132;27698,0656854002
"Gamma1_F[7]";0,999958567513608;-0,127901381665839;0,865655597696921;-0,558878038591281;0,571981637632953;-0,796494332880052;-0,544335242733856;30204,2262419476
"Gamma1_F[8]";1,00002690589502;0,142153460067741;1,17265808292438;0,467704497817211;-0,765374214590064;-1,75553608106126;0,622387453240928;30254,7922970523
"Gamma1_F[9]";1,0000508217148;0,0476604309563469;-0,130300558434536;1,73496890791872;-0,576388764568145;-1,5140640945529;-0,466193772104386;30432,0931285559
"Gamma1_F[10]";1,00022021919382;-0,0995220708837563;0,691042551667653;-1,2692222055683;-0,52110937843507;-0,187312596173993;-0,685164110959947;28565,9785199252
"Gamma1_F[11]";0,999990811062633;-0,717334525078976;2,10988344426808;1,68032894278575;1,03889323670145;1,19760939650822;1,42428944581045;30575,1241294694
"Gamma1_F[12]";1,00013603200618;-0,64524646194053;0,514552198659746;-1,22558042847726;-0,977552127818721;0,310398941456389;0,645599412207985;29797,8364966275
"Gamma1_F[13]";0,999967283622937;-0,135186403874593;0,774335603358629;0,763970047527512;-0,0276563002463019;-0,207002604083205;0,580005368961295;30589,8583798925
"Gamma1_F[14]";1,00002509898953;-0,387822095872524;0,771870235731112;0,068391900521047;-1,34946066494928;-0,550148124618887;-1,11529466262196;29488,1111723706
"Gamma1_F[15]";1,00001790110398;-0,44000198728918;-1,74165734956171;1,2373683001554;-2,64955433627258;0,775750873481625;3,34014058745669;30050,2923779315
"Gamma1_F[16]";1,00008425850264;-0,260975923644717;0,356347423249801;0,575192620190675;1,66053121311095;0,333422265959322;1,06493822400377;30356,6818750685
"Gamma1_F[17]";1,00010555574723;1,17598790486707;-1,06224848892277;-0,725631021545825;1,78168916510346;2,66699469996746;0,153490454285854;30111,2797690859
"Gamma1_F[18]";1,00007208829446;0,831904728426449;-0,760757994144806;0,906184997807346;-2,22502541529582;-1,28635597028182;0,531714632576053;13711,6523954972
"Gamma1_F[19]";1,00013056630974;0,483933775212962;-0,175543204580503;0,486132181642446;-0,137822518851714;0,541639726612683;-1,54722464196268;30437,6403675841
"Gamma1_F[20]";1,00001549964818;1,80413954695949;1,45935137465788;-1,42308843388722;-0,89426523770381;-0,164564899987937;-1,22150377866483;30034,807897478
"Gamma1_F[21]";1,00011540646489;2,11168623970631;0,415187231651198;-0,160732282205191;-0,464479185510667;-0,0468899133131742;-0,803570538076329;23591,1606180544
"Gamma1_F[22]";1,00014397711532;-1,79392919316204;0,788828160799803;0,407512845071708;0,39618016972844;0,635579134346511;-0,85333023096679;30489,7968802801
"Gamma1_F[23]";0,999980763772816;0,162844604138127;1,41095990434754;-0,148318211449591;-0,509173688241932;-2,3947924182936;-1,62971665542658;13795,3019109627
"Gamma1_F[24]";1,00008529369683;-2,04005361087594;0,560881192830399;1,43116413133959;0,590982323708362;0,397925154695237;1,67173406900544;30052,2285806471
"Gamma3[1, 1]";1,0001748579731;-0,815747243572834;0,156820769878947;-1,46279362202346;1,17630036621609;1,27592823875763;-0,92181351835619;30452,5469430775
"Gamma3[1, 2]";1,0001748579731;0,815747243572856;-0,156820769878947;1,46279362202348;-1,17630036621604;-1,27592823875763;0,92181351835619;30452,5469430775
"Gamma3[2, 1]";1,00013923394754;1,73103833297378;-0,745947408806381;0,648665156263956;-0,30948290716843;0,45436506072215;0,766240563902347;30708,563618638
"Gamma3[2, 2]";1,00013923394754;-1,7310383329738;0,745947408806411;-0,648665156263984;0,30948290716843;-0,454365060722123;-0,76624056390232;30708,563618638
"Gamma3[3, 1]";1,00015060240538;1,6159924064232;-0,25275038212117;-0,122305952161729;-0,683930993097055;-1,68156850375747;-0,0920513765517861;30176,061885414
"Gamma3[3, 2]";1,00015060240538;-1,61599240642317;0,252750382121202;0,122305952161697;0,683930993097055;1,6815685037575;0,0920513765518197;30176,061885414
"Gamma3[4, 1]";1,00001276254396;-1,22521524402697;1,08974019691344;-1,56051101945422;0,758253104059855;0,0210492368317106;2,32204831822146;30260,4758234185
"Gamma3[4, 2]";1,00001276254396;1,22521524402693;-1,08974019691342;1,56051101945417;-0,758253104059855;-0,0210492368317106;-2,32204831822143;30260,4758234185
"Gamma3[5, 1]";1,00011436078284;0,47380777824225;-0,828470560010356;-1,86992130656117;1,67547082899621;-1,72685379892952;1,69400001039252;13577,8242543582
"Gamma3[5, 2]";1,00011436078284;-0,473807778242294;0,828470560010356;1,86992130656117;-1,67547082899621;1,7268537989295;-1,69400001039249;13577,8242543579
"Gamma3[6, 1]";0,999963287532421;0,303598602919565;1,48429985671108;2,15353912140181;-1,07029932320884;1,28126374206664;0,322306892902132;27698,0656854002
"Gamma3[6, 2]";0,999963287532421;-0,303598602919532;-1,48429985671113;-2,15353912140178;1,07029932320884;-1,28126374206668;-0,322306892902095;27698,0656854002
"Gamma3[7, 1]";0,999958567513608;-0,127901381665839;0,86565559769697;-0,558878038591281;0,571981637632953;-0,796494332880051;-0,544335242733856;30204,2262419476
"Gamma3[7, 2]";0,999958567513608;0,127901381665839;-0,865655597696946;0,55887803859134;-0,57198163763293;0,796494332880077;0,544335242733881;30204,2262419476
"Gamma3[8, 1]";1,00002690589502;0,142153460067741;1,17265808292438;0,467704497817211;-0,765374214590064;-1,75553608106126;0,622387453240928;30254,7922970523
"Gamma3[8, 2]";1,00002690589502;-0,14215346006781;-1,17265808292435;-0,467704497817211;0,7653742145901;1,75553608106126;-0,622387453240996;30254,7922970523
"Gamma3[9, 1]";1,0000508217148;0,0476604309563808;-0,130300558434536;1,73496890791872;-0,576388764568146;-1,5140640945529;-0,466193772104386;30432,0931285559
"Gamma3[9, 2]";1,0000508217148;-0,0476604309563129;0,130300558434536;-1,73496890791868;0,576388764568181;1,51406409455297;0,466193772104354;30432,0931285559
"Gamma3[10, 1]";1,00022021919382;-0,0995220708837563;0,691042551667653;-1,26922220556821;-0,52110937843507;-0,187312596173993;-0,685164110959946;28565,9785199252
"Gamma3[10, 2]";1,00022021919382;0,0995220708837563;-0,691042551667617;1,26922220556821;0,521109378435035;0,18731259617403;0,685164110959984;28565,9785199252
"Gamma3[11, 1]";0,999990811062633;-0,717334525078976;2,10988344426803;1,68032894278575;1,03889323670145;1,19760939650822;1,42428944581045;30575,1241294694
"Gamma3[11, 2]";0,999990811062633;0,717334525079036;-2,10988344426808;-1,68032894278568;-1,03889323670145;-1,19760939650825;-1,42428944581042;30575,1241294694
"Gamma3[12, 1]";1,00013603200618;-0,64524646194053;0,514552198659746;-1,22558042847726;-0,977552127818721;0,310398941456389;0,645599412207985;29797,8364966275
"Gamma3[12, 2]";1,00013603200618;0,64524646194056;-0,514552198659717;1,22558042847726;0,977552127818776;-0,310398941456419;-0,645599412207985;29797,8364966275
"Gamma3[13, 1]";0,999967283622937;-0,135186403874593;0,774335603358629;0,763970047527512;-0,0276563002463019;-0,207002604083205;0,580005368961295;30589,8583798924
"Gamma3[13, 2]";0,999967283622937;0,13518640387462;-0,774335603358629;-0,763970047527538;0,0276563002463019;0,207002604083178;-0,580005368961269;30589,8583798925
"Gamma3[14, 1]";1,00002509898953;-0,387822095872524;0,771870235731112;0,0683919005210469;-1,34946066494928;-0,550148124618887;-1,11529466262203;29488,1111723706
"Gamma3[14, 2]";1,00002509898953;0,387822095872492;-0,771870235731112;-0,0683919005210779;1,34946066494928;0,550148124618919;1,11529466262203;29488,1111723706
"Gamma3[15, 1]";1,00001790110398;-0,44000198728918;-1,74165734956171;1,2373683001554;-2,64955433627258;0,775750873481625;3,34014058745669;30050,2923779315
"Gamma3[15, 2]";1,00001790110398;0,44000198728918;1,74165734956168;-1,2373683001554;2,64955433627258;-0,775750873481655;-3,34014058745664;30050,2923779315
"Gamma3[16, 1]";1,00008425850264;-0,260975923644717;0,356347423249801;0,575192620190675;1,66053121311095;0,333422265959322;1,06493822400377;30356,6818750685
"Gamma3[16, 2]";1,00008425850264;0,260975923644691;-0,356347423249801;-0,575192620190675;-1,66053121311092;-0,333422265959348;-1,06493822400377;30356,6818750685
"Gamma3[17, 1]";1,00010555574723;1,17598790486707;-1,06224848892284;-0,725631021545826;1,78168916510346;2,66699469996746;0,153490454285854;30111,2797690859
"Gamma3[17, 2]";1,00010555574723;-1,17598790486707;1,06224848892281;0,725631021545796;-1,78168916510339;-2,66699469996746;-0,153490454285821;30111,2797690859
"Gamma3[18, 1]";1,00007208829446;0,831904728426449;-0,760757994144806;0,906184997807345;-2,22502541529583;-1,28635597028182;0,531714632576053;13711,6523954972
"Gamma3[18, 2]";1,00007208829446;-0,83190472842648;0,760757994144806;-0,906184997807315;2,2250254152958;1,28635597028182;-0,531714632575992;13711,6523954972
"Gamma3[19, 1]";1,00013056630974;0,483933775212962;-0,175543204580503;0,486132181642446;-0,137822518851714;0,541639726612683;-1,54722464196268;30437,6403675841
"Gamma3[19, 2]";1,00013056630974;-0,483933775212926;0,175543204580503;-0,486132181642483;0,137822518851785;-0,541639726612683;1,54722464196268;30437,6403675842
"Gamma3[20, 1]";1,00001549964818;1,80413954695949;1,45935137465788;-1,42308843388722;-0,89426523770381;-0,164564899987937;-1,22150377866483;30034,807897478
"Gamma3[20, 2]";1,00001549964818;-1,80413954695946;-1,45935137465791;1,42308843388725;0,89426523770381;0,164564899987999;1,2215037786648;30034,807897478
"Gamma3[21, 1]";1,00011540646489;2,11168623970631;0,415187231651198;-0,160732282205191;-0,464479185510667;-0,0468899133131742;-0,803570538076329;23591,1606180544
"Gamma3[21, 2]";1,00011540646489;-2,11168623970631;-0,415187231651124;0,160732282205191;0,464479185510635;0,0468899133131742;0,803570538076329;23591,1606180544
"Gamma3[22, 1]";1,00014397711532;-1,79392919316204;0,788828160799803;0,407512845071707;0,39618016972844;0,635579134346511;-0,853330230966767;30489,7968802801
"Gamma3[22, 2]";1,00014397711532;1,793929193162;-0,788828160799826;-0,407512845071685;-0,396180169728484;-0,635579134346466;0,853330230966812;30489,7968802801
"Gamma3[23, 1]";0,999980763772816;0,162844604138127;1,41095990434754;-0,148318211449538;-0,509173688241932;-2,3947924182936;-1,62971665542658;13795,3019109627
"Gamma3[23, 2]";0,999980763772816;-0,162844604138153;-1,41095990434752;0,148318211449538;0,509173688241905;2,39479241829362;1,62971665542658;13795,3019109621
"Gamma3[24, 1]";1,00008529369683;-2,04005361087594;0,560881192830399;1,43116413133957;0,590982323708362;0,397925154695237;1,67173406900544;30052,2285806471
"Gamma3[24, 2]";1,00008529369683;2,04005361087591;-0,560881192830424;-1,43116413133959;-0,590982323708336;-0,397925154695237;-1,67173406900544;30052,2285806471
"Gamma4[1, 1]";1,0001748579731;-0,815747243572834;0,156820769878947;-1,46279362202346;1,17630036621609;1,27592823875763;-0,92181351835619;30452,5469430775
"Gamma4[1, 2]";1,0001748579731;0,815747243572834;-0,156820769878947;1,46279362202349;-1,17630036621604;-1,27592823875763;0,92181351835619;30452,5469430775
"Gamma4[2, 1]";1,00013923394754;1,73103833297378;-0,745947408806382;0,648665156263956;-0,30948290716843;0,454365060722123;0,766240563902347;30708,563618638
"Gamma4[2, 2]";1,00013923394754;-1,7310383329738;0,745947408806411;-0,648665156263984;0,30948290716843;-0,454365060722123;-0,76624056390232;30708,563618638
"Gamma4[3, 1]";1,00015060240538;1,6159924064232;-0,25275038212117;-0,122305952161729;-0,683930993097055;-1,68156850375747;-0,0920513765517861;30176,061885414
"Gamma4[3, 2]";1,00015060240538;-1,6159924064232;0,252750382121202;0,122305952161697;0,683930993097055;1,6815685037575;0,0920513765518197;30176,061885414
"Gamma4[4, 1]";1,00001276254396;-1,22521524402697;1,08974019691344;-1,56051101945422;0,758253104059855;0,0210492368317106;2,32204831822146;30260,4758234185
"Gamma4[4, 2]";1,00001276254396;1,22521524402693;-1,08974019691342;1,56051101945417;-0,758253104059855;-0,0210492368317106;-2,32204831822144;30260,4758234185
"Gamma4[5, 1]";1,00011436078284;0,47380777824225;-0,828470560010356;-1,86992130656117;1,67547082899621;-1,72685379892952;1,69400001039252;13577,8242543582
"Gamma4[5, 2]";1,00011436078284;-0,473807778242294;0,828470560010356;1,86992130656117;-1,67547082899621;1,7268537989295;-1,69400001039249;13577,8242543579
"Gamma4[6, 1]";0,999963287532421;0,303598602919565;1,48429985671108;2,15353912140174;-1,07029932320884;1,28126374206664;0,322306892902132;27698,0656854002
"Gamma4[6, 2]";0,999963287532421;-0,303598602919532;-1,48429985671113;-2,15353912140178;1,07029932320884;-1,28126374206667;-0,322306892902095;27698,0656854002
"Gamma4[7, 1]";0,999958567513608;-0,127901381665839;0,865655597696921;-0,558878038591281;0,571981637632953;-0,796494332880052;-0,544335242733856;30204,2262419476
"Gamma4[7, 2]";0,999958567513608;0,127901381665839;-0,865655597696945;0,55887803859134;-0,57198163763293;0,796494332880077;0,544335242733856;30204,2262419476
"Gamma4[8, 1]";1,00002690589502;0,142153460067741;1,17265808292438;0,467704497817211;-0,765374214590064;-1,75553608106126;0,622387453240928;30254,7922970523
"Gamma4[8, 2]";1,00002690589502;-0,14215346006781;-1,17265808292435;-0,467704497817211;0,765374214590099;1,75553608106126;-0,622387453240962;30254,7922970523
"Gamma4[9, 1]";1,0000508217148;0,0476604309563469;-0,130300558434536;1,73496890791875;-0,576388764568146;-1,5140640945529;-0,466193772104386;30432,0931285559
"Gamma4[9, 2]";1,0000508217148;-0,0476604309563129;0,130300558434536;-1,73496890791868;0,576388764568181;1,51406409455297;0,466193772104354;30432,0931285559
"Gamma4[10, 1]";1,00022021919382;-0,0995220708837563;0,691042551667653;-1,2692222055683;-0,52110937843507;-0,187312596173993;-0,685164110959946;28565,9785199252
"Gamma4[10, 2]";1,00022021919382;0,0995220708837907;-0,691042551667617;1,26922220556826;0,521109378435035;0,18731259617403;0,685164110959983;28565,9785199252
"Gamma4[11, 1]";0,999990811062633;-0,717334525078976;2,10988344426808;1,68032894278568;1,03889323670145;1,19760939650822;1,42428944581045;30575,1241294694
"Gamma4[11, 2]";0,999990811062633;0,717334525079036;-2,10988344426808;-1,68032894278568;-1,03889323670145;-1,19760939650825;-1,42428944581042;30575,1241294694
"Gamma4[12, 1]";1,00013603200618;-0,64524646194053;0,514552198659747;-1,22558042847726;-0,977552127818721;0,310398941456389;0,645599412207985;29797,8364966275
"Gamma4[12, 2]";1,00013603200618;0,64524646194056;-0,514552198659717;1,22558042847726;0,977552127818776;-0,310398941456419;-0,645599412207985;29797,8364966275
"Gamma4[13, 1]";0,999967283622937;-0,135186403874593;0,774335603358629;0,763970047527512;-0,0276563002463019;-0,207002604083205;0,580005368961295;30589,8583798925
"Gamma4[13, 2]";0,999967283622937;0,13518640387462;-0,774335603358629;-0,763970047527538;0,0276563002463019;0,207002604083178;-0,580005368961269;30589,8583798925
"Gamma4[14, 1]";1,00002509898953;-0,387822095872524;0,771870235731113;0,0683919005210469;-1,34946066494928;-0,550148124618887;-1,11529466262203;29488,1111723708
"Gamma4[14, 2]";1,00002509898953;0,387822095872492;-0,771870235731113;-0,0683919005210779;1,34946066494928;0,550148124618918;1,11529466262203;29488,1111723706
"Gamma4[15, 1]";1,00001790110398;-0,44000198728918;-1,74165734956171;1,2373683001554;-2,64955433627258;0,775750873481625;3,34014058745669;30050,2923779315
"Gamma4[15, 2]";1,00001790110398;0,440001987289151;1,74165734956168;-1,2373683001554;2,64955433627258;-0,775750873481655;-3,34014058745664;30050,2923779315
"Gamma4[16, 1]";1,00008425850264;-0,260975923644717;0,356347423249801;0,575192620190675;1,66053121311089;0,333422265959322;1,06493822400377;30356,6818750685
"Gamma4[16, 2]";1,00008425850264;0,260975923644691;-0,356347423249801;-0,575192620190675;-1,66053121311092;-0,333422265959348;-1,06493822400377;30356,6818750685
"Gamma4[17, 1]";1,00010555574723;1,175987904867;-1,06224848892284;-0,725631021545825;1,78168916510346;2,66699469996746;0,153490454285854;30111,2797690859
"Gamma4[17, 2]";1,00010555574723;-1,17598790486707;1,06224848892281;0,725631021545796;-1,78168916510339;-2,66699469996746;-0,153490454285821;30111,2797690859
"Gamma4[18, 1]";1,00007208829446;0,831904728426449;-0,760757994144806;0,906184997807345;-2,22502541529582;-1,28635597028182;0,531714632576053;13711,6523954969
"Gamma4[18, 2]";1,00007208829446;-0,83190472842648;0,760757994144806;-0,906184997807315;2,22502541529582;1,28635597028182;-0,531714632575992;13711,6523954972
"Gamma4[19, 1]";1,00013056630974;0,483933775212962;-0,175543204580503;0,486132181642446;-0,137822518851714;0,541639726612683;-1,54722464196269;30437,6403675842
"Gamma4[19, 2]";1,00013056630974;-0,483933775212926;0,175543204580503;-0,486132181642483;0,137822518851785;-0,541639726612683;1,54722464196265;30437,6403675841
"Gamma4[20, 1]";1,00001549964818;1,80413954695949;1,45935137465788;-1,42308843388722;-0,89426523770381;-0,164564899987937;-1,22150377866483;30034,807897478
"Gamma4[20, 2]";1,00001549964818;-1,80413954695946;-1,45935137465791;1,42308843388725;0,894265237703838;0,164564899987968;1,2215037786648;30034,807897478
"Gamma4[21, 1]";1,00011540646489;2,11168623970631;0,415187231651199;-0,160732282205191;-0,464479185510667;-0,0468899133131742;-0,803570538076329;23591,1606180544
"Gamma4[21, 2]";1,00011540646489;-2,11168623970631;-0,415187231651124;0,16073228220519;0,464479185510634;0,0468899133131742;0,803570538076329;23591,1606180544
"Gamma4[22, 1]";1,00014397711532;-1,79392919316202;0,788828160799802;0,407512845071707;0,39618016972844;0,635579134346511;-0,85333023096679;30489,7968802801
"Gamma4[22, 2]";1,00014397711532;1,793929193162;-0,788828160799826;-0,407512845071685;-0,396180169728484;-0,635579134346465;0,853330230966812;30489,7968802801
"Gamma4[23, 1]";0,999980763772816;0,162844604138127;1,41095990434754;-0,148318211449591;-0,509173688241932;-2,3947924182936;-1,62971665542658;13795,3019109621
"Gamma4[23, 2]";0,999980763772816;-0,162844604138153;-1,41095990434752;0,148318211449538;0,509173688241905;2,39479241829362;1,62971665542658;13795,3019109621
"Gamma4[24, 1]";1,00008529369683;-2,04005361087594;0,560881192830399;1,43116413133959;0,590982323708363;0,397925154695237;1,67173406900544;30052,2285806471
"Gamma4[24, 2]";1,00008529369683;2,04005361087591;-0,560881192830425;-1,43116413133959;-0,590982323708336;-0,397925154695237;-1,67173406900544;30052,2285806471
"Mu_Alpha1";0,999983707801525;-0,972147433064313;0,39535268989178;0,274512444557302;0,451432845808598;0,475379370616885;0,278405582269253;30326,2012933373
"Mu_Alpha2";1,00049600186874;0,889638384332735;1,66111126162172;1,20208501235352;-0,84983654091436;1,30049346456233;0,426926366744306;1,21242361597498
"Mu_L1[1]";1,00016522549069;0,85948440794767;-0,624751552849999;-0,25651445525685;0,384524915127838;-1,12004846466345;0,00688922769730585;16268,7042439629
"Mu_L1[2]";1,00000392681785;1,339803899606;0,210156673953701;0,0148613621256181;0,447034380745294;-0,560474935758079;-1,64921734243793;30254,0068955612
"Mu_L1[3]";0,999952289552811;-0,311300148728113;-0,361173826012485;0,108614467889073;0,828993233541302;-0,316268104792286;-0,498055289798322;30616,545046366
"Mu_L1[4]";1,00013950679837;-1,0947081756974;-1,3158161676761;-0,439834076443791;1,2072294891165;-0,500235047620624;0,179730857485981;28144,8325975155
"Mu_L1[5]";1,0001008170264;0,388489210598537;0,0224921232761174;1,02948605834995;1,78846256267119;0,292778501287;1,45505657773879;28496,8809591285
"Mu_L1[6]";1,00000482862953;0,531220933810985;-1,95161344548931;1,87511733016264;-0,904612998733287;-1,72643894110413;-0,151571648042976;25985,3328736022
"Mu_L1[7]";1,00011898662083;1,31116639431757;-0,43078617796874;0,527153660214502;0,196707553956302;0,60033298521276;0,130210524949922;6061,52857433932
"Mu_L1[8]";1,00004484998498;-1,77760727559414;0,0461882172539617;-0,857184839427849;0,515925187725302;-1,81638052555749;-0,634877683204749;30206,876520559
"Mu_L1[9]";1,00007183642248;1,17980874452072;0,285538821858661;0,736611234356317;0,267542689826796;0,794952634938155;-1,34388471974003;30051,303170943
"Mu_L1[10]";1,00007197917999;0,106596013597263;0,723669900257044;-0,662631975681775;-1,74656261269884;-0,94759872193618;-1,09457621668081;30084,1999430969
"Mu_L1[11]";1,00002634242866;0,0310816666582127;0,784602325229955;1,08539398541687;1,43396902298137;0,0191974119121574;1,22180865064851;30189,794816986
"Mu_L1[12]";0,999991913166766;-1,16736319333739;1,42289821678849;0,0694077762191713;-0,498290323260986;-1,7931960332195;1,14422155665357;3463,18224136802
"Mu_L1[13]";1,00008167192398;0,926826500478904;-0,586498176392204;-0,409785899391383;0,753774054460372;-0,5053821022811;0,0892371154268348;29521,6227216849
"Mu_L1[14]";0,99995272274946;3,32840992235072;0,544354094693953;0,746168006709208;-1,5011038203625;1,0278353962456;0,521970164976295;19684,8783830188
"Mu_L1[15]";1,00001808463576;0,545501047651424;-1,85971308504943;0,0297321604981232;0,806307690641071;-0,697611204472444;-0,667522869899771;14791,9981207478
"Mu_L1[16]";0,999954393371613;2,83246766084656;-1,07285851579244;0,00179171123557619;-0,34213304540916;0,017264634467121;0,0661913446063502;30304,2964385307
"Mu_L1[17]";1,00020306661834;0,418033012771217;0,625010827920971;1,57851850436866;3,14816693142557;0,273561776807342;-1,11992155043095;30212,8343912908
"Mu_L1[18]";1,00029486375885;-0,979388228553482;0,125028434774361;1,13958473400614;1,18136916613961;0,113859739444223;-1,46354240665089;13531,8153711796
"Mu_L1[19]";1,00007139642248;0,112038704571835;0,924063510420189;0,306927047816323;0,85438075344302;0,715727959021697;-1,26574558602864;18347,2721887862
"Mu_L1[20]";1,0000419795649;0,775480398646163;-0,192042680447725;-1,8736481037443;-0,58670479778624;-0,863819022745986;0,248012494249819;12749,4675721328
"Mu_L1[21]";1,00002244650127;-1,26984954433354;-1,001219471559;-0,171362161882992;0,156618182238411;0,765530085454856;0,65739542879799;30145,1528642186
"Mu_L1[22]";1,00029699506451;-0,366616815807143;0,715052768790246;2,51541541316214;1,43158050517774;-1,06313193342169;-0,428877494456246;28606,7586445365
"Mu_L1[23]";0,999994039633923;-0,696560862525277;1,49770266803055;0,246345142713474;-0,0694189689029596;-0,378365754745112;-0,68041509214089;10757,8957284587
"Mu_L1[24]";1,00008058613922;1,93170415822978;-0,661765955627206;1,87966035738447;-0,526774380331554;1,23841885191839;-0,735904582099603;30185,8496890891
"Mu_L1surv[1]";1,00013316547832;0,727420811872603;-0,848393779243395;-0,513171751799647;0,554109290110325;-0,89170136338242;-0,216995568420015;8451,24756915354
"Mu_L1surv[2]";0,999997796956424;0,674291280634516;-0,295769015136234;-1,26121975881717;-0,28070376626126;0,21643472400113;-1,48439280059099;30311,7681928282
"Mu_L1surv[3]";0,999974395743882;-1,02603657145318;-0,334902203635801;-0,503972822547857;1,37398124919258;0,995077196591462;0,184012002257001;17912,4106757439
"Mu_L1surv[4]";1,00015082851359;-0,872330066370022;-1,15153255696819;-0,53543222918238;1,20859529770692;-0,505936771291738;0,859716358424365;28260,2630225138
"Mu_L1surv[5]";1,00009703717004;0,268820237371923;-0,156913589908087;0,276826292210096;1,45073025335813;0,277824080198381;1,4856404532899;27154,7494214974
"Mu_L1surv[6]";1,00011813390345;0,0813394271024532;-1,53645498775013;1,34457785251998;-1,38973727667546;-1,09612041337412;-0,176637680301567;5401,76035455058
"Mu_L1surv[7]";1,00015892630942;1,14602454711726;0,264756451999074;-0,034836334335256;0,0011140917308443;0,917840180001615;0,627944353399031;8291,33547981892
"Mu_L1surv[8]";1,00009551307455;-1,88043136144064;-0,196543508821222;-0,847783403572081;-0,537947695338215;-1,57802014849226;-0,0704468111209848;30255,700062971
"Mu_L1surv[9]";1,00002449240008;0,374854577999918;0,371437090180203;0,576110245881772;-0,59764469661282;0,636956427754586;-0,49517489638083;30320,6848186168
"Mu_L1surv[10]";1,0001794084856;-0,0932987071772661;0,646739399282225;-0,0250286990480854;-0,942295602921166;-0,559588263816047;-1,08147136466179;30047,6501020462
"Mu_L1surv[11]";1,00006160310256;-0,72307504390396;0,897634574340098;0,409480071966638;0,413796413245825;0,526023914313052;0,69288333739683;30613,04217694
"Mu_L1surv[12]";0,999956716001294;-1,42085267395035;1,23674815829961;-0,0348809874560746;-0,292015416495636;-2,14908442901007;1,69885593642118;18960,2043008218
"Mu_L1surv[13]";1,00006127744779;0,224349205270658;-0,313507467477444;-1,46125525405845;0,374737406500302;-0,503355321209957;0,831965104204835;30373,7687313707
"Mu_L1surv[14]";0,999945190355959;2,84114808211092;0,294779757842418;0,49225590254081;-1,00969331801499;1,19639036565143;0,0812426991887757;8705,05184735015
"Mu_L1surv[15]";1,00003551275087;1,13322717586092;-2,96484914931711;0,420358249365293;0,136804457661095;-0,190935181157566;-0,809095714873405;21523,9106605156
"Mu_L1surv[16]";0,999937020258558;1,76149321075817;-1,10107317773204;-0,401973706479157;-0,197375776970497;1,35101469146253;-0,643625367386393;17221,9648374948
"Mu_L1surv[17]";1,00008190398696;0,261647609704999;0,0717250266060793;2,30508456281486;3,15632501941848;-0,0561580899309176;-0,845904369326455;30130,2676692678
"Mu_L1surv[18]";1,00009427759453;-1,42819727548918;-0,0122806356316707;1,77243088799345;1,26846409347176;-0,137220859462437;-1,30137103894405;5612,87686414842
"Mu_L1surv[19]";1,00006513242554;-0,151896046579266;1,17891517085391;0,323889079965318;0,886882613236826;0,5990320873614;-0,996306037084875;22475,2474179031
"Mu_L1surv[20]";1,00002682292489;0,514825864601658;-0,694848376070926;-2,01055476423652;0,0735616732807823;-0,827484604390369;0,714102393643209;6781,84573285255
"Mu_L1surv[21]";0,999967560803528;-1,86171618449708;-1,6480903605468;-0,48309124614458;0,55626543006857;1,45844297350751;0,939487932446049;30187,8430121178
"Mu_L1surv[22]";1,00017024901259;-0,779138846241107;-0,153444645697711;2,11206687671038;1,96694017415271;-1,08040742887823;0,0585697440678266;29200,6495540213
"Mu_L1surv[23]";1,00007968884672;-0,752580981088009;0,93936985387526;0,60037783352647;-0,0201535259959651;0,267713833999057;-0,988080069476849;20361,0347210781
"Mu_L1surv[24]";1,00007893502326;2,38921129744276;-0,776128648016435;1,62865119597127;-0,747979467152878;1,88803757163677;-0,937862191362846;29794,6735707382
"Mu_L2[1]";1,00000306053394;1,70532698092275;0,454741932575619;0,771391348092332;-0,533263295453113;0,563669132482671;-0,125482560945686;30060,4407828983
"Mu_L2[2]";1,00007487392071;2,49108233968272;0,425649363279568;0,233720884844008;0,37282686180371;-0,63495174652488;-0,956760438613957;30217,559293602
"Mu_L2[3]";1,00017316360883;-0,450959055076436;2,22437797244302;-0,65195057886719;0,087587330231056;-0,0506794624335053;0,373848009144977;30112,974877051
"Mu_L2[4]";1,00005127462552;-0,426435422066899;-0,544456759569728;-1,14376965237681;0,0709294588140748;0,791011320392231;1,13149776685282;13341,7346306474
"Mu_L2[5]";1,00003353423123;0,841811010949309;-0,102757031562726;0,356984957936169;-1,05627685608165;-0,755132515202872;1,61538012724369;26043,9959051076
"Mu_L2[6]";1,00003319386531;0,908271408271729;-0,666278580322551;-0,495461753059334;1,49446444732885;1,73657872170641;1,32599982175065;8946,20494222488
"Mu_L2[7]";0,999984605745766;-1,14778966990403;-1,76952201750986;1,23649599501782;1,58933315684872;0,756649606477482;0,393990254887297;21045,2406879698
"Mu_L2[8]";0,999978828028423;-0,252650626740941;1,47220018805502;1,19704027540945;-2,10066342896345;1,10529246452595;-0,533048553580778;17680,3710618281
"Mu_L2[9]";1,00016145885571;-0,667984972572125;0,887346295555758;-0,763148322192052;0,732897895219796;0,294104089586916;1,09570037432918;30028,4165866403
"Mu_L2[10]";1,00025944845827;-0,916816688804204;-0,89763408202225;-0,17609052231247;2,19411290920676;0,296747159107964;-1,45374817168755;9264,27051726768
"Mu_L2[11]";1,00023327890418;0,356594577090291;0,397670484767424;-0,539799674548127;-0,0839917760276947;0,85949556846992;0,354528736415344;15231,4682365614
"Mu_L2[12]";0,999972009806719;0,0477421456627243;0,688071107996896;-1,42930845196994;-2,19808144093899;-0,598184620719023;0,0363397011442214;25892,126330649
"Mu_L2[13]";1,00000112580212;-0,134170200977498;0,0316252107560146;2,09550375164141;1,2840763323719;2,80126108849564;-0,596495905735648;21148,8695609634
"Mu_L2[14]";1,00002155158911;-0,0896392698575759;0,712874079784336;0,543488896910084;1,0129257466709;1,12052099183312;-1,08856667464907;27844,9452484413
"Mu_L2[15]";0,999919000163257;1,60451985575201;0,403009585197342;-1,09322011152163;1,32509277140291;-0,0975922784319358;1,59405949684963;30276,0538508898
"Mu_L2[16]";1,00005508011726;0,168334213450046;-0,231361307411934;-0,124927732098512;1,82434973558691;1,9388060366162;-1,68910483193272;12616,9792565861
"Mu_L2[17]";0,999986399571826;0,763688466774278;-0,5059097396773;1,83388266111542;-0,77700092550669;-1,53321180612226;0,0421066603856389;5105,25669797704
"Mu_L2[18]";1,00002169588351;-0,16477123097721;-0,744895984336435;1,66953315804802;1,80250291881851;2,45165767597345;0,286368383646485;10302,288800197
"Mu_L2[19]";0,999976559241154;0,521199937657775;1,61078572749131;-1,0207942477408;-0,085995586397209;1,0333008213936;1,12537715112342;7469,74804719333
"Mu_L2[20]";1,00002914158647;-0,980473832016315;0,517972381562129;-0,299567208916167;-0,382367765873135;1,65446701001677;-1,01529725252805;7323,45130534908
"Mu_L2[21]";0,999972793201298;-1,04322299970563;0,68478621831615;0,0951339158440077;-0,15569507009424;0,953619256967211;-0,530931790515406;30070,0556229343
"Mu_L2[22]";1,00001860225205;-0,052168767106866;-0,135582796359311;0,261799248501323;0,494513514290324;0,0815859483357985;1,08181545380067;11816,2722622302
"Mu_L2[23]";0,999994592728308;1,47077521551008;-0,363300656731478;0,637859551989434;-0,0644906494153131;-0,774421603373894;0,925670233270065;14349,9158806136
"Mu_L2[24]";1,0000121088199;0,655180484960339;2,46816350632611;-0,529377935825184;-0,100678351848656;0,0527642565665793;0,518394202173644;21448,5666497459
"Mu_L2m[1]";1,00000251226593;1,85823975826465;0,643174296396731;0,878292318069959;-0,645624571361925;0,952149460930799;-0,00846286689373875;7589,794572015
"Mu_L2m[2]";1,0000862795342;2,46873739364261;0,845867258482675;0,384419762065718;0,36139422621888;-0,218541047720396;-0,639062224494497;3119,36783121275
"Mu_L2m[3]";1,00016751522016;0,216093685278375;2,64312555655332;-0,1800178668822;-0,111076486345196;0,355712571139771;0,415309039361415;3548,35061236269
"Mu_L2m[4]";1,00004302192789;-0,134914670452291;-0,139029457909644;-1,00644714271679;-0,0832764004319856;0,999773411350876;1,25561697222949;2189,81739342997
"Mu_L2m[5]";1,00002706728857;1,07444363112771;-0,00932956244429;0,241643460638523;-1,16460878659912;-0,530704015843344;1,80285307079468;4171,32913038232
"Mu_L2m[6]";1,00002482224389;1,14445027385882;-0,325762591530014;-0,333793299682188;1,29246602547689;2,08257158135557;1,180603238685;1844,20839837594
"Mu_L2m[7]";0,9999726355559;-0,610879482316633;-0,836852522453657;1,58463742503233;1,21402088752139;1,28625497476923;0,131123310974445;999,06745772544
"Mu_L2m[8]";0,999986146532481;-0,0669026683316538;1,86822977494312;1,24823591430909;-2,19724472958528;1,09858338919872;-0,453091600230646;3087,61532216092
"Mu_L2m[9]";1,00018505279349;-0,148856085164582;1,71902571756695;-0,681273131093253;0,24258250303261;0,609090041019074;0,949900612984025;3030,65667629258
"Mu_L2m[10]";1,0002648668469;-0,726127505868446;-0,660612798610448;0,0770321963975296;2,07193244485515;0,486156931330808;-1,392313878397;2646,40608132968
"Mu_L2m[11]";1,0002958384659;0,650214928294308;0,854748298893102;-0,399589926228263;-0,164950966100607;1,18878319643618;0,433100716376927;1717,5156504968
"Mu_L2m[12]";1,00004068479546;0,698570716931482;1,48356751451942;-0,654667925440025;-3,14361321580773;-0,179742168656214;0,221887096498213;930,751879096689
"Mu_L2m[13]";0,999983551966309;0,0655898840619548;1,0004279974742;2,51799328369318;1,00686900693039;2,14662550551568;-0,572901127277938;1000,42557771721
"Mu_L2m[14]";1,00006091040322;0,218162046480568;1,11195732830284;1,02034050253314;0,598615510337995;1,44582279259995;-0,87029034629309;1586,91308224804
"Mu_L2m[15]";0,999937109751586;1,81650769315483;1,10080094076892;-0,678949427298214;0,525810422942689;0,739452058809854;1,70213320159991;1212,66291664801
"Mu_L2m[16]";1,00010104134822;0,513869475422999;0,420167834367339;0,275067814383319;1,27374812015299;2,34875984723521;-1,58136680376129;980,913278895996
"Mu_L2m[17]";0,999982266744271;0,898653284154918;0,210212284695655;1,74609338760272;-1,16420095143846;-1,19845787247514;-0,0159613727240598;802,819896130525
"Mu_L2m[18]";1,00005190544116;0,147022106167534;0,068973429845733;2,02072499905743;1,03633204072116;2,89147511424208;0,233312200073948;915,375585582787
"Mu_L2m[19]";0,999983001737722;0,841614555163587;1,85530569206392;-0,537739113579651;-0,472761798687268;1,2942388801828;1,19825735880633;1266,34882738885
"Mu_L2m[20]";1,00004705732584;-0,594529937286286;0,783552294480504;0,135567641425724;-0,774126952216413;1,88799004761588;-0,92713516667375;928,150721613484
"Mu_L2m[21]";1,00003375843205;-1,00949695413639;0,731331626143205;0,0208273032856037;-0,616753972805281;1,10764120705158;-0,503399503833062;2503,99331104365
"Mu_L2m[22]";1,00005623729719;0,391797441036034;0,208368549431592;0,573177980073185;0,192691938953908;0,0393389097130768;1,08128695365102;1257,10080041918
"Mu_L2m[23]";0,999996939731849;1,73444709319886;0,239803866927638;0,946013115670641;-0,456512389883013;-0,089664885970719;0,969581655546444;3363,28835748012
"Mu_L2m[24]";1,00000438906659;0,970352880369568;2,51180968003974;-0,371237537685988;-0,281941932456429;0,274585970534603;0,644901817628886;5004,3262907267
"Mu_L2nm[1]";1,00005432969654;0,504776087319694;-1,7583294371926;0,581099156477071;0,560496223478625;-0,624205113016466;-0,723399138003301;165,355109785539
"Mu_L2nm[2]";1,00008757381799;1,55766858612827;-1,04547543583031;-1,02809913387662;0,807425129724689;-1,41763795249076;-1,7832137402848;217,868102052517
"Mu_L2nm[3]";1,00013638100844;-0,97557039394217;0,101284859844655;-1,94468472357942;1,12168538890435;-0,629221265923791;-0,173135553863373;278,893856719998
"Mu_L2nm[4]";1,00011165597354;-0,73448350321543;-1,70296069521805;-0,679798820876007;0,545333340311243;-0,329778414080085;0,0945516459135531;171,927333083371
"Mu_L2nm[5]";1,00006889758037;0,152159562501493;-1,95807473804243;-0,144824380323813;0,17190645127237;-1,42822120679398;0,908452513714763;205,066491391582
"Mu_L2nm[6]";1,00005248819733;-0,347262629549046;-2,13998878707983;-1,08357803283614;1,50420069343781;-0,44690792584181;1,05805041100434;267,895769666
"Mu_L2nm[7]";1,00010533856914;-1,08240772916231;-2,78067501597428;0,0444006225556264;1,48380596215786;-0,497928523289873;0,320573468535857;156,881968196905
"Mu_L2nm[8]";1,0000276659078;-1,06421200689464;-0,976878764201979;0,00203815379630793;-0,995475967316562;0,360783554380452;-0,639005905131912;229,786155623538
"Mu_L2nm[9]";1,00004177010332;-1,5021299006647;-0,978365092262539;-1,21775870591026;1,60879796649181;-0,68431846554554;0,865339924095063;623,577374308367
"Mu_L2nm[10]";1,00021020039748;-1,45052790654517;-2,36898176986457;-1,33739352372781;2,73143787437111;-1,19790290112445;-1,3437665408729;209,504691090606
"Mu_L2nm[11]";1,00011044822883;-0,509061141827687;-1,14361179379456;-1,00562628284426;1,10411208542066;0,378580222449742;-0,592170087019069;259,169776378643
"Mu_L2nm[12]";1,00002080732739;-0,822062229596709;-1,49501100088844;-1,74619051059977;-0,145007391463531;-1,21598478154325;0,102740859369454;281,03298652887
"Mu_L2nm[13]";1,00006697471789;-0,707960368300106;-2,49563835369342;0,951494347866153;1,76139952476503;1,23184189435959;-0,515741476669158;275,841697712336
"Mu_L2nm[14]";1,0000936511082;-0,324665650529222;-0,597260421741773;-0,831356698240311;2,37721960084131;-0,184107058490286;-0,659139149357117;359,067706190305
"Mu_L2nm[15]";0,99999166748649;0,488838767655297;-1,20340266474507;-1,51916559977888;2,04503180508616;-1,64765982339403;1,30690001368592;1058,92506349947
"Mu_L2nm[16]";1,00004184436667;-0,978091004586253;-2,00086049299185;-0,974486433361529;2,63471875550794;0,162679803167233;-1,28508119002883;223,872992358802
"Mu_L2nm[17]";1,00000800910861;0,0569077717986316;-2,17054151554986;1,50517838230336;0,0202450374608399;-2,34511214047766;0,284013283292141;961,166562426032
"Mu_L2nm[18]";1,00003965193334;-1,31722553741782;-2,07735676246948;0,507996287296265;2,36158295499177;1,53447998531146;0,213413654499164;281,493922387118
"Mu_L2nm[19]";1,00004658618488;-0,86614346504961;-0,887734046655996;-2,31189673457079;1,09473554070927;-0,682959269243687;0,720154051761623;509,36303431969
"Mu_L2nm[20]";1,00003683004754;-2,12273043895694;-0,778163997807348;-1,23743920826028;0,653128156039348;0,604646513878563;-1,14878672910985;248,037315810899
"Mu_L2nm[21]";1,00002576472427;-0,726212552564679;-0,617851698649398;-0,565776869677983;1,13664800101278;-0,14432542226332;-0,185424501503614;172,54101124031
"Mu_L2nm[22]";1,00007221488672;-1,1037578437949;-1,15605646523104;-0,887793841945483;1,44194608781038;-1,2306959238863;0,223875288797632;190,11387017518
"Mu_L2nm[23]";1,00003819945914;0,625184145586936;-1,45235008025026;-0,075601847148827;0,718367276378473;-0,921449856022471;0,200098930772719;160,298620503161
"Mu_L2nm[24]";1,00003870615201;-1,25730937485113;0,0703554600980785;-1,27545124635093;0,487530229640535;-0,366005314966001;0,186870351417984;127,29919633265
"Mu_Mu_L1";1,00000837197705;0,161813501282323;0,054544820574314;0,00490554951704419;0,632303680860358;-0,305422025814332;0,068210001833812;30113,0411336124
"Mu_Mu_L1surv";1,00007083390884;0,259598915303482;-1,07460832904066;0,687988839117503;1,10107676458397;0,109172198091887;-0,249751999300801;30395,221687652
"Mu_Mu_L2";1,00002657153669;-0,107253725733362;0,432305318911589;0,146061761632876;0,791492401108782;0,126684645862279;0,507269729988051;6965,77905910471
"Mu_Mu_L2m";1,00029004161498;0,989055401710565;1,4971471662818;0,838025458156528;-0,0276097888901296;1,67160789888108;0,582994622776692;8,8064667942019
"Mu_Mu_L2nm";1,00030861483254;-0,916771245025212;-2,047320783514;-1,02408928295543;1,41720209704906;-0,847696084478408;-0,155525640195149;3,01086476168311
"Mu_N1[1]";1,00003379789027;-1,00921385948654;-1,04072159721321;1,94526691660173;-1,54031498739814;-0,395466067260113;-1,29403768803328;30573,9191196791
"Mu_N1[2]";1,00000365613527;0,915797332707093;0,686090816812369;0,460922526740152;0,447305830332023;0,846555231150992;0,566401384915871;19740,7595858165
"Mu_N1[3]";0,999998554490446;-0,503605454643195;-1,48368383171638;-0,793643660932714;0,29969976842861;0,627452111883123;-1,55063889240727;15483,8712672332
"Mu_N1[4]";1,00008986661911;0,297201696591762;-1,09311983017215;-0,0875472172224508;-1,0137590721694;-0,226477928527322;-0,404835757788313;11603,1707138073
"Mu_N1[5]";1,00020741170264;0,991546994699127;0,960015890565113;-0,295945992959283;-0,301783000521984;-1,41000296883302;1,16458380420474;30381,5350338172
"Mu_N1[6]";1,0002763028415;0,363296647116398;-0,707378545621494;-0,438140943196311;0,0665939738539433;-0,697227232429062;-0,00364532670664775;25454,4601241478
"Mu_N1[7]";1,00012888266586;-1,04675100438189;-0,708754316090533;-0,0330483403201523;0,342772798932358;-0,70704904946384;-0,22743510370235;25335,9635467499
"Mu_N1[8]";0,999976868292871;-0,325851282655872;-0,0921292802091761;0,45839198308256;-1,33892843706913;-1,23793156670037;-0,0653375360828967;30341,272079447
"Mu_N1[9]";0,999967357479472;-0,091531660453797;-1,39415833067011;0,977928541102928;-2,16503487106606;0,0702363638601914;0,436312474673941;30463,7396948051
"Mu_N1[10]";1,00005181456569;0,945105903029192;0,713194302112445;0,0399579270233104;0,997374580255965;0,975525395290994;0,11142032420974;30231,1611003373
"Mu_N1[11]";1,00008720817633;0,719408378711639;0,240162269856269;0,0635516239526896;0,0151046543941154;0,469729491095468;0,250563933481761;30004,1153512754
"Mu_N1[12]";1,00005938860579;0,489866674169816;-0,0377760724830389;0,0501697242191062;1,17446387685402;-0,13382923317247;1,10780151177504;9617,0127949772
"Mu_N1[13]";0,999977743881713;2,68248210763107;0,242461719641662;-1,41465406298507;0,132472571797862;0,364739841734285;-1,85681969463168;13565,5772791834
"Mu_N1[14]";0,999986412848187;1,45219182313174;-0,490107736194404;-1,49086910312205;-0,286357036201684;1,53631768549295;0,194299206839629;26048,7453561058
"Mu_N1[15]";1,00016647278817;-0,424233545341229;0,236595738978553;0,814969524153927;0,482870906124341;0,492531818793974;-1,8853114244787;8736,05288669008
"Mu_N1[16]";0,999987289142862;-0,471447527398378;0,756069509613419;1,38161692346323;0,505482228015201;2,04308001151092;-0,317935256188094;28955,6330803587
"Mu_N1[17]";1,00004332892405;-0,954374645657991;-1,61935337169628;-0,104000601214136;1,54376432947492;-2,23118668462968;0,210674480227014;30413,9753425982
"Mu_N1[18]";1,00001639941179;0,492290479936687;-0,0696517385838105;-0,780281880259102;1,017944912868;-1,45470567667245;-0,376863504418671;18295,0967243092
"Mu_N1[19]";0,999955061330276;-0,136015644830861;0,67897291168428;-0,890938034818683;0,0132078204988582;-0,63528026135083;-0,60993363118734;30132,8230481104
"Mu_N1[20]";1,00000949530744;-0,0303416263426172;0,110941518212779;-2,84085241665217;-1,87905123364815;-0,535449890588896;-0,298606718084808;21735,7398224998
"Mu_N1[21]";1,00018919280454;2,17278135914684;0,387063502574185;-1,41850745974258;-0,866825844118359;1,55389520078103;-0,0509526322090192;30224,3548464441
"Mu_N1[22]";1,00013893288827;-0,0897837004820417;1,10249394517901;0,960554967386597;0,28239386615144;-0,398155389987635;-1,27119449401141;30188,9010568005
"Mu_N1[23]";0,999981617845055;0,128406029298403;-0,847204210167086;-0,808392393042871;-1,00502354918414;0,0893557877139207;0,409763061301772;30499,1171253466
"Mu_N1[24]";0,9999892528378;-0,621304318262958;0,242181101594431;-0,0851803979229071;-0,467400528871042;0,609182314105398;-0,726483268860468;11676,5457395512
"Mu_N2[1, 1]";1,00015488271257;-0,732474330819783;-0,038087652974047;-0,589611619861082;1,07659112847293;1,21288149544763;-1,03951715547146;30093,5292426075
"Mu_N2[1, 2]";1,00008247280167;0,895145518822576;-0,364390804920429;1,71206649075763;-0,849693929011232;-0,943886432799303;0,362189987930462;30820,8036957136
"Mu_N2[2, 1]";1,00016928105228;0,901773731594083;-0,425478653345521;0,926385199417041;0,0640037761427964;-0,170891080759743;0,728972976986506;30635,5292460878
"Mu_N2[2, 2]";1,00006577555323;-2,24219745822802;0,77465689050679;-0,00791413017684353;0,760353607350554;-0,975858432557489;-0,592871400887272;30522,8880843327
"Mu_N2[3, 1]";1,00006933410819;1,5584365356912;-0,429812180250467;-0,584994641459086;0,62210229800926;-0,867835371598624;1,14573906474915;30438,9437040487
"Mu_N2[3, 2]";1,00003467639921;-0,557951437283386;-0,219244680271405;-0,193528048941474;1,48322687156309;1,35310519935483;0,96701700460042;30724,6527861761
"Mu_N2[4, 1]";1,00017718221294;-2,4046411366444;-0,401496097557662;-2,08429277112052;0,439533582127583;0,898518344270906;0,230147552858878;30283,2976418241
"Mu_N2[4, 2]";1,00006531476641;-0,116681879540531;-1,45250858636445;0,319618326832916;-0,588234272363985;0,438139475242748;-2,32845773720304;30081,8090626531
"Mu_N2[5, 1]";1,00010446401748;0,483372611369024;-0,878615979779465;-1,39140822037368;2,01856502249907;-1,76398414381263;1,4109254928693;16694,2888700211
"Mu_N2[5, 2]";1,00017245155932;-0,247068981620777;0,474906543964687;1,82349792467837;-1,08536037204026;1,56898666959259;-1,66412875017922;13217,7202545187
"Mu_N2[6, 1]";0,999986864094749;-0,861708204155033;1,65919544977536;1,84332389833941;-1,50017384796658;0,732772677758746;0,544337252771121;14122,1872714653
"Mu_N2[6, 2]";1,0000660889781;-1,23785509181461;-0,0738281706662409;-1,50830805314329;0,165081040644219;-1,03573526528697;-0,0245049367573888;17734,8204526345
"Mu_N2[7, 1]";0,999943939491648;0,766036443646553;-0,537791348147073;0,338267480564305;-0,393063860230744;0,159927112029864;-0,391402369398604;30104,6626798706
"Mu_N2[7, 2]";1,00002894405132;0,599159623978585;-1,61017682285854;1,11541122897595;-0,950407446108148;1,2506802122057;0,370528036605428;30214,4172595735
"Mu_N2[8, 1]";0,999979192612563;0,395986697445447;1,70487567746712;-0,201757844870339;-0,565496157290288;-1,70894325633596;0,183955008291147;30409,8206021404
"Mu_N2[8, 2]";1,00005760905563;0,184217655448678;-0,408631350989732;-0,979683343739098;0,818997234746182;1,50520126127171;-0,963138277010083;27945,5516559067
"Mu_N2[9, 1]";1,00001731162372;0,87228708865926;0,772929655334989;1,5141977435541;-0,785794174366646;-1,96850283933079;-0,521415084661358;30351,699532168
"Mu_N2[9, 2]";1,00000953641551;0,782499799743815;1,07209379016901;-1,05699800448674;0,140037114540846;0,491665329069173;0,145565106898656;30551,802310451
"Mu_N2[10, 1]";1,00014169481529;-0,538057160219827;0,880383120431796;-0,985518612577494;-0,40429352987829;0,00547906415851879;-0,637400903532549;12803,8996032767
"Mu_N2[10, 2]";1,00027879668893;-0,217202918471881;-0,28885577609281;0,959164920447358;0,372219520830985;0,30335114163341;0,489673857510597;30046,7519536891
"Mu_N2[11, 1]";1,00000735292983;0,149440840029174;1,77380522880144;1,00898976515627;0,533405902353834;1,34078826545649;1,70472521038986;30153,310392455
"Mu_N2[11, 2]";1,00006884785516;1,2860456918852;-1,42753076274035;-1,37860532359498;-0,983292724228881;-0,605831349433359;-0,721731807367319;30325,5619371861
"Mu_N2[12, 1]";1,00006793276442;-0,491911416969393;0,981216806280901;-0,191223713408303;-1,16940590108988;-0,591570867433206;-0,732673744615933;27240,9846104167
"Mu_N2[12, 2]";1,00019878191246;0,485967385910439;0,163330170448083;1,6204970993912;0,596162231331075;-0,999302234732785;-1,39024628152349;29997,6927084836
"Mu_N2[13, 1]";1,00004199257763;0,876625135985079;-0,313640185363761;-0,162201811094198;-0,183838154948194;-1,06890069366954;-1,17994830287597;30639,8375463041
"Mu_N2[13, 2]";0,999970050730005;0,624591360633013;-1,62571249624032;-1,16912520282177;-0,205148655850007;-0,491829153205433;-1,94343176793607;30230,1990279408
"Mu_N2[14, 1]";1,0000208398674;-0,136582185033649;0,310800725393822;0,794084417747573;-1,95134861116004;-1,62774490258876;-0,216361983348144;30050,0974712477
"Mu_N2[14, 2]";1,00003883320328;0,407612581567776;-0,907274442971191;0,46837604536619;0,690333017995576;-0,255626830517406;1,40963931901071;14218,177854201
"Mu_N2[15, 1]";1,00001083618838;-0,606762286521682;-1,32398354474019;0,14837953842268;-1,80981977791901;0,232528321345794;2,60303974999501;30317,2972139332
"Mu_N2[15, 2]";1,00010076017969;-0,0344334438107961;1,56540788505628;-1,49257561397822;2,37646557283135;-1,00473650092283;-2,96818716268281;30124,864130973
"Mu_N2[16, 1]";1,00013463924159;0,689976498470236;-0,115772068459179;1,49182798792955;1,82999647000759;0,472484521158053;0,601037764697475;18257,059052674
"Mu_N2[16, 2]";1,00002799572124;1,06728603110979;-0,605080224348336;0,338386799432098;-0,303117569765422;-0,228401862317211;-1,14499733495439;30259,0734454727
"Mu_N2[17, 1]";1,00002960442814;1,19092632075543;-0,88444065822302;-1,40249304327308;1,65990467478583;1,65893348943811;0,53311618295412;24913,4066422638
"Mu_N2[17, 2]";1,00010628025469;-0,638824767669458;0,7328304109605;0,257031207107392;-1,32903507752296;-2,37164930428884;0,288238581579237;30310,3023510678
"Mu_N2[18, 1]";1,00009841815852;0,966312221928743;-0,0283333128199888;0,591230243197061;-2,53436216843818;-0,804423056120322;-0,318032930503907;6966,87312075595
"Mu_N2[18, 2]";1,00006052311903;-0,300442829205337;1,13902281486606;-0,794597074448371;1,34423040441678;1,25215857508412;-0,88970021448859;28298,6441439658
"Mu_N2[19, 1]";0,999981091172853;-0,0801920962688182;0,349995674477156;0,641289875807921;-0,521986747447493;0,702794939746635;-2,16454094260328;30061,2823919252
"Mu_N2[19, 2]";1,00018043952172;-0,5362442524044;0,51439641903411;-0,172631001630736;-0,0976344864053591;-0,155662318769412;0,323313828414057;30451,4643460535
"Mu_N2[20, 1]";0,999990467470674;1,83267586101107;1,46816777803173;-1,93423880423231;-0,586109163112194;0,543038147329373;-1,14720358964938;9105,63688694647
"Mu_N2[20, 2]";1,00003132502158;-1,1579452673828;-1,03867954953711;0,807256388336828;0,824063718191261;0,554945060659637;0,908163196920877;30536,2187033515
"Mu_N2[21, 1]";1,00011054142104;2,37816028742055;-0,1843528842146;-0,961797145534696;-0,906196032595003;-0,289424961260885;-0,637692705868647;29282,5750937654
"Mu_N2[21, 2]";1,00004730679194;-1,3925594640037;-0,903557732972631;-0,340996820110782;-0,0117269466044365;-0,0763585162790734;0,76452433084318;12637,0272549074
"Mu_N2[22, 1]";1,00006742666762;-1,4532496002943;0,874917584134738;0,143605912602014;0,7670293325842;1,14713430940138;-0,692205511196342;30439,1965193284
"Mu_N2[22, 2]";1,00011948116614;1,55484423572834;-0,307363508288462;-0,368647226283311;0,157493912848655;-0,0704257290034714;0,581656031858162;30545,0419986174
"Mu_N2[23, 1]";1,00005773301141;-0,30051374906126;1,49361431590659;0,2679410826181;-0,566360516311357;-1,79526936314985;-0,282833365604775;11123,561813449
"Mu_N2[23, 2]";1,00010771307309;-0,86551155210037;-0,420358034234356;0,169590578101106;0,115548462876468;1,34762473975035;2,29559369876149;10892,118862373
"Mu_N2[24, 1]";1,00021690982117;-2,05634474096786;0,622436126704359;1,64952819763238;0,35074396532622;-0,291944286744963;1,46049199407759;30167,4203894973
"Mu_N2[24, 2]";0,999946697010509;1,12449578328133;-0,287333951249741;-0,354808743143013;-0,615737218834584;-1,07751852804234;-0,859852074805653;15846,4893852625
"Mu_N2m[1, 1]";1,00014441641158;-0,886907364243066;-0,0156607796415443;-0,420029639675608;1,04368059583465;0,876732208470055;-1,15960124416378;30036,8968523813
"Mu_N2m[1, 2]";1,00006350102947;0,715955495943945;-0,318393437513281;1,82133586793731;-0,833204161611062;-1,14975774283985;0,233399529119494;30724,2954386848
"Mu_N2m[2, 1]";1,00024101537679;1,12476430900943;-0,405342139568085;1,28145842861506;-0,438963547381997;-0,452138708011622;0,848164866274513;30660,8769865267
"Mu_N2m[2, 2]";1,00004681257823;-1,91755192005861;0,759571871455486;0,243946738039331;0,222504724972767;-1,32524748161741;-0,50560186852873;30450,8235117889
"Mu_N2m[3, 1]";0,999980485396741;0,792946264077708;-0,707206926141348;-0,702110590829104;0,232138520865951;-1,30949645703159;1,28820741562782;30303,538273692
"Mu_N2m[3, 2]";1,00008092378024;-1,23237890519434;-0,386567492046633;-0,295945396732368;1,2155133412816;1,00506502503064;1,11383068610698;30570,245709762
"Mu_N2m[4, 1]";1,00014858374743;-2,43522732648139;-0,572546975524034;-1,86106373202248;0,307849479971869;0,683562478529861;0,196310017505824;30326,8839384548
"Mu_N2m[4, 2]";1,00006935999658;-0,305132118652681;-1,47733192593691;0,367548223578185;-0,612450503059725;0,433624955369128;-2,28852660644502;30098,7572129694
"Mu_N2m[5, 1]";1,00010180584204;0,205797730998621;-0,572383794959086;-1,13201932118246;2,02058932063951;-1,65257327201898;1,07863301273829;13671,395986995
"Mu_N2m[5, 2]";1,00016372666291;-0,522662280812406;0,639210949692343;2,12686850916331;-1,03598406539072;1,50039508882607;-2,01317149023784;9381,96203332856
"Mu_N2m[6, 1]";0,999986194618438;-1,14806983384513;1,52526617461792;1,70584299402239;-1,4184005378884;0,373050064688184;0,924802655301821;19311,0374055727
"Mu_N2m[6, 2]";1,00007980989835;-1,46204838861376;-0,0835700414426381;-1,50153054009656;0,252473273392706;-1,26469741734101;0,27505949455585;19755,9715695192
"Mu_N2m[7, 1]";0,999985695408173;0,368547713478098;-0,728879792095562;0,203345189940456;-0,338639232026229;0,125486571181269;0,140124712004644;30034,1800249298
"Mu_N2m[7, 2]";1,00007716110032;0,309399084943132;-1,67289890274772;0,845338183383318;-0,822283258078255;1,15156701492148;0,683030933618686;30236,4578849251
"Mu_N2m[8, 1]";0,999982111887608;0,338667858266013;1,52135409337267;0,161271660682665;-0,616491045160777;-1,74934747548561;0,0468855395720947;30420,8971098149
"Mu_N2m[8, 2]";1,00003865256647;0,156585420940115;-0,549330965914332;-0,641706936783671;0,744937126224881;1,46759041422085;-1,08838042638817;22415,9431500531
"Mu_N2m[9, 1]";0,999991842365738;0,479486860092117;0,0580084459489639;1,89932004699724;-0,540266009980914;-1,93563784222836;-0,183734526941639;30471,048879595
"Mu_N2m[9, 2]";1,00010363784895;0,410708302965298;0,29218958908869;-0,706915033844997;0,412755955328926;0,62544496137271;0,472741108814748;30432,7009337969
"Mu_N2m[10, 1]";1,00007571601519;-0,430126241273887;1,19479447744473;-1,21373017657259;-0,594855250850067;0,200919982583187;-0,533602237130135;10743,2508235302
"Mu_N2m[10, 2]";1,0003103716293;-0,18089416143553;0,00876446659441703;0,688786391563663;0,239679600419882;0,47738160193894;0,525767738388255;30078,5760550979
"Mu_N2m[11, 1]";1,00000557680706;-0,150243886261068;1,77886554658624;1,3260087345578;-0,0975490040942643;0,826584585587373;1,88744547160051;30293,3994505959
"Mu_N2m[11, 2]";1,00004498414734;1,04283701971625;-1,4120851564091;-1,14091927390721;-1,39050993155753;-0,995703496769478;-0,54378964356219;30303,887887984
"Mu_N2m[12, 1]";1,00000974188952;-0,955131287866202;1,00303243212937;-1,13280112117051;-0,944491547409225;-0,350398185973513;-1,15868336082071;6044,12417329679
"Mu_N2m[12, 2]";1,00018705666586;0,11383196186004;0,20922354900251;0,583253696410856;0,754150207818147;-0,886582330306013;-1,71858202149774;20335,3377221909
"Mu_N2m[13, 1]";1,00005396839803;0,936715224719027;-0,350921634070582;-0,338078963475827;-0,347583449013547;-1,03348323359299;-1,30266401980998;30461,0397814484
"Mu_N2m[13, 2]";0,999967237979933;0,540054883459764;-1,65406112466389;-1,12334116491027;-0,444365867301163;-0,537686748576091;-2,00712184642304;29974,84251099
"Mu_N2m[14, 1]";0,999990554912011;-0,988636680694543;0,176023782170872;0,954946389358226;-2,436335934916;-1,21450487328132;-0,479749317585354;30256,508892445
"Mu_N2m[14, 2]";1,00004166809352;-0,0128156862690373;-0,993439776067985;0,553722435484467;0,278380706969097;-0,0250798650111307;1,18032548830843;19902,803605989
"Mu_N2m[15, 1]";1,00000616652957;-0,198946273987557;-1,23278440082203;-0,019919493328879;-2,10906047663372;0,29990874857532;2,01340990974744;30437,8082643832
"Mu_N2m[15, 2]";1,00007490227293;0,471818611445438;1,60534666678184;-1,54316922250431;2,10365903126384;-1,13693918592011;-3,62966547097457;12797,9950071654
"Mu_N2m[16, 1]";1,00008968055703;0,733188520610799;0,107417797897982;1,13135221331522;1,96631221368676;0,639824759483073;0,575201041309244;29954,898779768
"Mu_N2m[16, 2]";1,00005085186977;1,12634691676221;-0,483520266883221;0,124314957356027;-0,160501252457159;0,0490271281963313;-1,01727477065061;30363,0586686437
"Mu_N2m[17, 1]";0,999993842132223;1,04871840051787;-1,00020390633045;-2,27836812837116;2,06713224998078;1,94379778574876;0,299226202417151;20566,003349645
"Mu_N2m[17, 2]";1,00009970007367;-0,694713498910808;0,594258581058763;-0,154557816827987;-0,832918719188997;-2,24348893898302;0,135041531774509;30387,9818368609
"Mu_N2m[18, 1]";1,00011127604561;1,45442467061976;-0,360596624816543;-0,00794733075801641;-2,13669586369773;-1,76939824272791;-0,287489036772641;4286,99824097562
"Mu_N2m[18, 2]";1,00005468215574;0,100995492598216;0,812001499000829;-1,26293797924197;1,49067518334286;0,378544221722714;-0,877914620202939;29946,9135349216
"Mu_N2m[19, 1]";0,999982257854026;-0,299427212952464;1,07956479190416;0,507509884931307;-0,298885794701696;0,829236018893477;-1,97674786049802;30146,4926943931
"Mu_N2m[19, 2]";1,00015716833525;-0,696408709426043;1,03225804288324;-0,191039617784361;0,0857184026166845;-0,0808246766821247;0,32778090550614;30571,9113636327
"Mu_N2m[20, 1]";1,00001411350602;1,88980606376527;1,67457195348668;-2,06446106806273;-0,463190560859585;0,383884606460401;-0,974392600387043;6617,18790405023
"Mu_N2m[20, 2]";1,00002033103357;-1,03081477851584;-0,797635602448733;0,605467575529015;0,866344149679096;0,380606947049793;0,896504244912192;30719,6192339456
"Mu_N2m[21, 1]";1,00005501962241;2,41185869950384;0,295075346581762;-0,371092685648692;-0,943434592919717;-0,254992306795583;-0,817193238976555;18092,2833489983
"Mu_N2m[21, 2]";1,00013127979609;-1,62979091614534;-0,503664141920418;0,0456932045600849;0,0218113232419927;-0,0690371130847037;0,720786874302296;20606,124187133
"Mu_N2m[22, 1]";1,00009436018551;-1,57145322473207;0,861074665248827;0,275592378144695;0,81506452761077;1,66342284880926;-0,458749112447594;30252,8094908558
"Mu_N2m[22, 2]";1,00020626010959;1,2838086468782;-0,303252290733362;-0,288585241717173;0,217908966040512;0,36858118510014;0,787190710577102;30307,8351565457
"Mu_N2m[23, 1]";1,00005147926002;-0,426740916432746;1,12682466699664;0,085943955564946;-0,392578823790595;-2,5847258246922;-0,221798960502858;25480,6409988164
"Mu_N2m[23, 2]";1,00009508336088;-1,02847724931086;-0,942000659238367;0,109942424660509;0,458474839120373;0,632325060528014;2,13376698324826;30009,1029034988
"Mu_N2m[24, 1]";1,00019799450933;-2,03045442423931;0,549195698209827;1,69717200580322;0,487927749438642;-0,504749092087309;1,19261536414917;30101,3451602937
"Mu_N2m[24, 2]";0,999956006759236;1,06071553789529;-0,311043747031657;-0,310174423343523;-0,371397086660019;-1,38044960528491;-1,15163907963187;22960,827141621
"Mu_N2nm[1, 1]";1,00012775399557;0,226104339359722;-0,330293489822606;-0,762405728999133;0,578373988597788;1,81084837263961;-0,063631810386611;30229,0448237677
"Mu_N2nm[1, 2]";1,00017779468728;0,900020628473382;-0,565794977484955;0,410826744414626;-0,472213244007192;0,789970695053209;0,660685845705199;30633,1070362154
"Mu_N2nm[2, 1]";0,999973285826771;-0,027961810401062;-0,35614147400394;-0,365090581011033;1,14399821561623;0,636730061269627;0,110587969618659;30146,943070867
"Mu_N2nm[2, 2]";1,00010483236853;-1,9224078158707;0,446949435471603;-0,627248328713317;1,49270015835707;0,261361805260421;-0,652661875061376;30221,1781280181
"Mu_N2nm[3, 1]";1,00017959294219;2,58978819144055;0,361980140780624;-0,0306350050822117;1,05728436416784;0,526402592836701;0,207741815953264;26059,7927288547
"Mu_N2nm[3, 2]";1,00002225696198;1,38866667491357;0,290792635587061;0,154760145414391;1,63961883411257;1,51122388905052;0,116498633340023;30177,3040805626
"Mu_N2nm[4, 1]";1,00019066801282;-0,654866303402558;0,35573040258155;-1,52486611702446;0,407659106587476;0,711228025969737;0,147082097263909;30309,6231464476
"Mu_N2nm[4, 2]";1,00006656215536;0,77586054280067;-0,706477629047457;0,115482142090873;-0,25611952847774;0,394206243132596;-1,6364954672977;30329,4600827209
"Mu_N2nm[5, 1]";1,00000664389061;1,29798158444542;-1,45440133308446;-1,50158604263671;1,09800084257683;-0,157615767438223;1,87479766999039;30275,8023475233
"Mu_N2nm[5, 2]";1,00001218426166;0,841739956418496;-0,605718024582075;-0,212489844296837;-0,447018453137696;1,01754751259955;0,44541429213519;30305,4357038721
"Mu_N2nm[6, 1]";0,999982723746831;0,701450834953439;1,15842101284199;1,3172316546301;-0,929898366296856;1,48124189418993;-1,21221586569652;26412,6539869518
"Mu_N2nm[6, 2]";1,0000311426858;0,335582457083483;0,0316970163108902;-0,654801879780288;-0,339935080853424;0,383044016753686;-1,22923223756868;26176,4531902725
"Mu_N2nm[7, 1]";1,00002473620471;1,3253941006044;0,205694660737004;0,41592999221286;-0,370502547307197;0,177105919766433;-1,42557680699237;30098,9269799956
"Mu_N2nm[7, 2]";0,999965800065357;1,11968282419007;-0,947515189041267;0,960103169156086;-0,979707422077733;1,18144391805346;-0,496161972514103;30047,8450014918
"Mu_N2nm[8, 1]";0,999950845090674;0,456367926081171;1,51123799962785;-1,43408623394126;-0,0569645960385856;-0,770511429471625;0,652161746940608;30295,2869948768
"Mu_N2nm[8, 2]";1,0000697046122;0,230717886898716;0,277326341044986;-2,03499730857855;0,905594839615345;1,18554073963507;-0,0561035989788225;30529,9944513374
"Mu_N2nm[9, 1]";1,00002476370261;1,17473139816893;1,73293463067106;0,183470107750306;-0,759053678490507;-1,28774420141816;-0,921621341742259;30055,9672971852
"Mu_N2nm[9, 2]";0,999964873085753;1,06831494749966;2,00740928925678;-1,41119609963558;-0,388135725454287;0,0475483970035401;-0,489002780625686;30261,1742085288
"Mu_N2nm[10, 1]";1,00018780153716;-0,628171138947686;-0,848881340931239;0,163401714818898;0,411221844312044;-0,69637667868142;-0,603540526942775;19647,8787416547
"Mu_N2nm[10, 2]";0,999989614097082;-0,24573955422418;-1,33803169106355;1,25325709748191;0,640384450913679;-0,576278056356856;0,21781511963421;19452,2037831509
"Mu_N2nm[11, 1]";1,00003788573156;0,766367261887675;0,937842070602071;-0,232199733369865;1,72170812761175;2,12248574357255;0,393117080471839;17307,3323446103
"Mu_N2nm[11, 2]";1,00009389778192;1,31302203273169;-0,930149752338446;-1,39027754625087;0,565055178996357;1,10546870279496;-0,864671932542165;30076,7918475841
"Mu_N2nm[12, 1]";1,00002429556012;0,349832864708834;0,503252019305898;1,24785458982125;-0,935961766307654;-0,520558088701525;0,188969467715496;30470,3800910308
"Mu_N2nm[12, 2]";1,00010408847537;0,867175754520872;0,0393475280665913;2,37067467022679;0,18415916314885;-0,83557156765057;-0,394514417239357;30229,3545762746
"Mu_N2nm[13, 1]";1,00003151501625;0,275702987366679;-0,136776921911793;0,204864839142453;0,219239927824533;-0,582595223754016;-0,516892217178957;30101,1267801949
"Mu_N2nm[13, 2]";0,999968476978098;0,200982731433145;-0,993966045828632;-0,55235507059216;0,245918666935176;-0,165697326994993;-1,05980321976519;30162,3213914429
"Mu_N2nm[14, 1]";1,00008220790838;1,09825490476117;0,407151382831899;0,339630351328482;-0,331219434367351;-1,70670464945487;0,394524988010575;28934,596965239
"Mu_N2nm[14, 2]";1,00003605402752;1,3661616111096;-0,508082725280988;0,160996277754288;1,37688700465133;-0,677627837992527;1,55725594659315;17951,7241724208
"Mu_N2nm[15, 1]";1,00004996782358;-0,857043952911909;-0,82604415796537;0,290315028431442;-1,12446916067739;0,0774731799157474;2,0503343530152;30121,3004547129
"Mu_N2nm[15, 2]";1,0001431640643;-0,643388536654357;0,647210849672139;-0,912974834923075;1,41116068701548;-0,564209341234813;-1,24533764654702;30525,7371507234
"Mu_N2nm[16, 1]";1,00020809550193;0,291633094377745;-0,508220580444124;1,21456352814021;0,93216209923555;-0,10613745573327;0,310246446781305;8101,61782715216
"Mu_N2nm[16, 2]";1,00009462229944;0,638254558163783;-0,713031314977283;0,6553255750925;-0,473290248015898;-0,694835361588042;-0,993492532834358;22835,4063921798
"Mu_N2nm[17, 1]";1,0000973592829;0,980682662386713;-0,201315015172102;0,380638377572092;-0,362289960471982;1,11094581173301;0,835918055793386;30479,2219948528
"Mu_N2nm[17, 2]";1,00007145941874;-0,300123367977544;0,775995198594115;1,32494585435616;-2,09178276871923;-1,64889196065464;0,600631187115468;30238,6188412395
"Mu_N2nm[18, 1]";1,00014708628213;-0,46450618970768;0,731979308742697;1,69116201166315;-2,10803850317217;1,48020076489869;-0,211023977298818;25401,9608893416
"Mu_N2nm[18, 2]";1,00014164651201;-1,17189398985444;1,32661347836654;0,634931000735654;0,500420037401206;2,69024493000089;-0,662424008525172;12000,6795464448
"Mu_N2nm[19, 1]";1,00001102101827;0,484287907014352;-1,7871061241203;0,597017009032491;-0,741247121949826;-0,0473169618506507;-1,30120446758782;6154,90111719031
"Mu_N2nm[19, 2]";1,0000562040622;0,182861874424668;-1,35537971493864;-0,0390971875984772;-0,679942847581413;-0,342535741068864;0,16841308095853;7587,91264274462
"Mu_N2nm[20, 1]";0,999925998265257;0,975647345435351;0,272693521457554;-0,808523755368577;-0,55507892187163;0,576141647523084;-0,963242237724211;30089,5743012872
"Mu_N2nm[20, 2]";1,00002219363833;-1,31905761333498;-1,38123555528328;1,21149455362158;0,470362317847985;0,823506967194623;0,684677873692797;25706,9958443166
"Mu_N2nm[21, 1]";1,00018044043881;1,11553997489633;-0,865595477575565;-1,55268839952529;-0,424665454491936;-0,215807278047737;-0,0355701395978629;22061,787322145
"Mu_N2nm[21, 2]";1,00009309941644;-0,348577023147662;-1,1475879402522;-1,06163910664692;-0,0754416797282182;-0,0549122503639301;0,542557495844501;6966,08219205826
"Mu_N2nm[22, 1]";1,00005586780505;-0,217528591445607;0,503238688377662;-0,261981189925898;0,279139913381884;-0,759614369086028;-1,16707237288559;30154,2387011715
"Mu_N2nm[22, 2]";1,00000755395169;1,56549828467584;-0,145847510102994;-0,428059231124169;-0,101122262332022;-1,32923763845576;-0,331684229852235;30139,6472995574
"Mu_N2nm[23, 1]";1,00008873393157;0,0358377675521571;1,24369351865668;0,439606206958147;-0,576669019754936;0,323325045540184;-0,228388805171852;29146,9611075938
"Mu_N2nm[23, 2]";1,00011911740115;-0,361435841679408;0,414071492217333;0,182130638558277;-0,459699496609324;1,80049650926366;0,8857350424008;20533,0503642028
"Mu_N2nm[24, 1]";1,00005549333525;-1,39269717753847;0,668218829946246;0,629092556857693;-0,362110739682376;0,747748515882137;1,65816127390991;30320,0393238181
"Mu_N2nm[24, 2]";0,999950237228178;0,576493568385185;-0,0193616372952615;-0,286834752478015;-0,899515495279741;0,49966711657212;0,586171210683548;19012,531275103
"Mu_N3[1]";0,999959838900401;-0,278307558136947;-0,269733684823264;1,01432126219039;0,218831736218157;-0,104791073541185;-1,04404182902742;30248,6844296603
"Mu_N3[2]";1,00028210880383;-1,04844693697979;0,286064622987054;1,38286395754971;-0,173013138343314;-1,80800078962507;0,358740390741728;30021,0074262705
"Mu_N3[3]";0,999975199087775;0,0209005193055644;-0,761114804378739;-0,694826568470702;0,875309785077999;-0,422815550553117;1,6488119876239;30595,9435357341
"Mu_N3[4]";1,00017426338161;-2,16201135727965;-1,19428634119468;-1,19161138377692;-0,0525226383706628;0,741220792697137;-1,02214200152715;30135,401553802
"Mu_N3[5]";1,00001782438091;-0,297322532523848;0,260425556260544;1,34660393992347;0,873989084241412;-0,0430312136431051;-0,83099653850381;5582,93470266901
"Mu_N3[6]";1,00007654534172;-1,78040063854887;1,11760403445552;0,382318815672895;-0,967759886813731;-0,537897838285737;0,888540340876419;12755,3198662265
"Mu_N3[7]";1,0001180916186;0,533498618566868;-1,68057585579146;0,690458496773427;-0,818542382422796;0,815305033660829;0,483917637836912;30023,1133785119
"Mu_N3[8]";0,999972121528289;0,531293409240494;0,980506911516005;-0,502210276736609;0,153794664588804;-0,241321092511328;-0,838728391282847;8663,49963574822
"Mu_N3[9]";1,00001573850594;0,804283012524415;0,329799332143259;1,01842276076076;-0,110771624156774;-1,17548573525377;0,259753905595915;30560,1704116126
"Mu_N3[10]";1,00013721897938;-0,526978082758038;1,10022102895649;-0,5449890330814;-0,331852503246547;0,589136762809072;0,0157586270486483;10488,7923599358
"Mu_N3[11]";0,999956987977678;0,661286712196598;0,296317896405482;0,204371605554734;-1,21601795329553;-0,137526709144097;1,26662419613843;27806,3106733561
"Mu_N3[12]";1,00006949572939;-0,666964563931649;0,917103467778707;-0,496533051801774;-0,204582680428406;-0,873871744139357;-1,97060947813353;3562,4881297289
"Mu_N3[13]";1,00005281653445;1,10008621203276;-1,19653337570633;-1,14155395974605;-0,544137453084648;-1,11464174412947;-2,29809408175647;23599,9280154487
"Mu_N3[14]";1,00003899019336;-0,92505030707105;-0,737728544476696;1,52125708441973;-2,25733313394648;-1,24738969630157;0,475453580438229;30001,6833665243
"Mu_N3[15]";1,00009645000095;0,235137309929602;0,277771005310984;-1,36842778612723;0,148202775515981;-0,624017331670134;-1,53918837329573;29636,716308851
"Mu_N3[16]";1,00007454605731;1,20372058470447;-0,222928169861916;0,872298451520766;1,36394075649299;0,509021814441224;-0,229355182673456;30040,1364421809
"Mu_N3[17]";0,999978915923497;0,389589126179878;-0,408659154211633;-1,51836819021588;0,899972080162157;0,0147503738835724;0,374759409306949;30089,5280369564
"Mu_N3[18]";1,00010916025097;1,28716096078504;0,257766105181565;-0,854385232091316;-0,766671784986729;-1,14939880908225;-0,910709407488522;9493,21239485539
"Mu_N3[19]";1,00000156231897;-0,779892891897986;1,53777901093901;0,249015440817409;-0,15271134083841;0,613120424343231;-1,46130453317516;30243,1988200919
"Mu_N3[20]";1,00006436566868;0,767614271060631;0,844590063282078;-1,31380907644683;0,363941342190862;0,66455421387335;-0,0992064635499124;30089,6624390933
"Mu_N3[21]";0,999960550564375;1,06229900998363;-0,140336579891922;-0,412481345094133;-1,19748988207414;-0,411330342359562;-0,147182865277992;10860,5144387571
"Mu_N3[22]";1,00010900973684;-0,284644929627549;0,408842414521023;-0,0301270198093839;0,784052597933944;1,26044760703664;0,285709075957147;29948,0562191758
"Mu_N3[23]";1,00014667221376;-0,925657593875419;0,223561224323321;0,131364728335011;0,0465182705044878;-1,49368105536037;1,3902573884738;30236,5155834239
"Mu_N3[24]";1,00002033635842;-0,410525938287995;0,101422052422796;0,890419983549192;0,00904740918677834;-1,46183773068171;-0,275052220562431;26219,2365446348
"Mu_N4[1]";1,00016001188609;0,586179158260038;-0,463049293137819;-0,287891555185914;0,108945445420829;1,49018956989068;0,297773910808452;30421,8073325442
"Mu_N4[2]";1,00004655510335;-1,10881182007139;0,0771159590244544;-0,583158379664861;1,50307303565102;0,531624886230298;-0,328660189855776;29815,5041077611
"Mu_N4[3]";1,00011743126737;2,24282708367681;0,359494710036481;0,0392590697417552;1,37800883438703;1,01712150707495;0,208509879284088;29929,4377182871
"Mu_N4[4]";1,00018462979344;-0,145131109220958;-0,0539628981161035;-1,01136876221125;0,162713279113854;0,663948931554255;-0,600463575701336;30303,4467421139
"Mu_N4[5]";0,999953041205684;1,19561828255851;-0,869389299061844;-1,11164950848135;0,373822149010843;0,453735164156287;1,31573662633936;30411,3771230815
"Mu_N4[6]";1,00002342181415;0,596653020307771;0,765571342499418;0,557737525259705;-0,721421776808104;1,12149614929025;-1,33848297446472;25863,1267284916
"Mu_N4[7]";1,00001382890515;1,55716106191598;-0,317114332294518;0,754898239950583;-0,828713739038336;0,719461877303203;-1,31523193775965;29281,6231561852
"Mu_N4[8]";1,00000829552586;0,426282828465826;1,08857620158404;-2,0702536911459;0,388650932381686;0,107286816995422;0,383187848147982;30455,2787000015
"Mu_N4[9]";0,999970063026634;1,25154211634266;2,21647207547879;-0,601412499282526;-0,640788569846334;-0,691473330278243;-0,793166837487185;30092,2351786097
"Mu_N4[10]";1,00006100613728;-0,503000844897072;-1,21508860644749;0,761929412632544;0,581892001286182;-0,718779489565721;-0,182096023053105;16585,3247921366
"Mu_N4[11]";1,00009226314591;1,16275534592199;0,0414527131457736;-0,89661145796499;1,35264785655858;1,74199522327537;-0,235927488051961;14885,3834675168
"Mu_N4[12]";0,999992543554069;0,660199326158934;0,35524530911681;2,06631754662783;-0,54324290878553;-0,699220709680157;-0,0707738392031088;30470,6637091023
"Mu_N4[13]";1,00001477554777;0,297804971543516;-0,466591738770725;-0,14763106722302;0,275516992674504;-0,448568021843367;-0,947939819317529;29616,6970938609
"Mu_N4[14]";1,0000546348608;1,66182001831337;-0,00554073020691012;0,364852026171484;0,527753368959829;-1,61499041827897;1,13980055464913;19441,0006512271
"Mu_N4[15]";1,00010453311966;-0,856264888998185;-0,191316547706037;-0,330281342668329;0,0383447953270056;-0,277004489480868;0,505559889313664;30392,2647064173
"Mu_N4[16]";1,00022914812244;0,509384595085241;-0,676829035511604;1,13150324230793;0,337763811769583;-0,456668452148334;-0,318667577632723;5803,21815364369
"Mu_N4[17]";1,00006424972734;0,515597561245699;0,262727685402225;0,860037967303827;-1,30714867112523;-0,162116100698152;0,881200376167833;30457,1179325791
"Mu_N4[18]";1,00017083999422;-0,929481591315965;1,31429869231503;1,56097585938995;-1,10117635727469;2,56838435560765;-0,474730034563913;20950,2415544962
"Mu_N4[19]";1,00001724787264;0,413029295560059;-1,63495333174983;0,363438106698653;-0,701916614305307;-0,194432334876678;-0,682935131454992;3909,78728459908
"Mu_N4[20]";0,999948983824786;0,0136760953559296;-0,675954199980996;0,164459294426569;-0,141420276825941;0,898732789201013;-0,18802957457485;26776,597470145
"Mu_N4[21]";1,0001490951991;0,501901110049972;-1,13670936423321;-1,50956950544571;-0,298760439911376;-0,156462341277979;0,239441991679044;10827,5466264896
"Mu_N4[22]";1,00000432477383;0,829492127278247;0,186146521251006;-0,356437260920119;0,092292785967707;-1,22989663603371;-0,866910225636031;29947,6339862268
"Mu_N4[23]";1,00012270503741;-0,162437850548838;0,879457131957213;0,337644316305026;-0,532560235265429;1,10515410713352;0,329134261064777;27454,4083093725
"Mu_N4[24]";0,999960173617731;-0,196332446891721;0,27076021866747;0,0585127269998993;-0,749492978208202;0,640835422112845;1,09203187443635;29169,1765703259
"Mu_Sd_L1";1,00004669732205;-0,132155896431192;-0,501845640270769;0,619141469800025;0,356946363706418;-1,54108217135414;2,14849012835198;30123,4499470194
"Mu_Sd_L1surv";0,999992312763813;0,227570013999415;-0,6152906674354;1,41246502209168;1,9970836717731;-2,74223057425132;1,12982902977181;25209,0047598928
"Mu_Sd_L2";1,00005343768497;0,385758750603603;-0,0744005702425568;-1,55245078711772;-1,41994161117818;-0,678837821469861;-0,642629683661675;17583,505937202
"Mu_Sd_L2m";0,999992824781801;0,0317824048255103;-0,01673996182273;-1,76769909114334;-0,587374900065531;-1,94601544162227;-0,792083060221425;79,9751636973412
"Mu_Sd_L2nm";1,0000087616206;-0,110342849400234;-0,348894204856627;-1,63999453738821;-0,29419589577494;-1,99640224507443;-0,65488006719156;39,2368958312841
"Sd_Alpha1";1,0000342759394;0,262450439787924;0,972101306561402;-0,2176067681766;-0,477525900353994;0,82986809142454;0,00520985154395511;30038,1735120179
"Sd_Alpha2";0,999965272411091;1,4740664618585;1,50978561493594;1,18788101156848;1,73434674636172;0,332488696956478;-1,18984773074515;7459,6943219743
"Sd_L1[1]";1,00013655150177;0,793450685138267;0,189039989598169;-0,239022438956049;1,92951153244503;-0,557292794424147;-0,448293433663452;18876,5567634972
"Sd_L1[2]";0,99999084557635;-0,759980167224212;-0,866620591273804;-1,65725227585889;-0,62764787359076;0,384859883802898;0,234207844198591;19729,9070899556
"Sd_L1[3]";1,00004992461457;-0,318609160015639;0,1078940286773;-0,551956411942411;1,65017988912563;1,52484025892513;1,68065215330187;30255,040614551
"Sd_L1[4]";1,00005624791136;0,818953143033314;0,557996778265532;0,277462564365598;0,628014084992785;-1,05164522071763;1,20155916875803;30520,7708778403
"Sd_L1[5]";1,00002189272818;0,0490686669301435;-0,351476138745408;-0,939849373246208;-0,632651174962812;-1,07055460847374;-0,307378742387523;29423,9385906986
"Sd_L1[6]";0,999982822384307;-0,101968813182654;0,944597873438553;-0,258178672430218;-0,0567605974804455;-0,133575313011702;-0,0696058061795997;27831,0600344149
"Sd_L1[7]";1,00000664643657;0,463643388861318;1,47222040391022;-0,573498200271434;-0,0281780509737909;0,0661617926395388;1,32523512737772;29905,7763010376
"Sd_L1[8]";1,000152535236;0,724023483985104;-0,362309178686417;0,809545234514981;-1,92042376966646;-0,535744325168824;1,16217396756186;5289,78063119727
"Sd_L1[9]";1,00003348441239;-1,1048890947113;0,165202342498758;0,406080737373718;-1,16941493264157;-1,77323344337922;1,9957052609813;30310,5500871966
"Sd_L1[10]";1,0001452436872;0,267453605084039;-0,0139620255930389;2,02468669245577;1,88644656456186;-0,542066316938705;0,00337361449511759;30131,7815578823
"Sd_L1[11]";1,00011867822776;-0,855045487962545;0,359747556737003;-0,590812015026789;-1,32999532926096;-0,384852972636048;-1,28659032278623;30071,3170333955
"Sd_L1[12]";1,00001493391671;0,419244141026262;0,279694618864772;0,455622119099587;1,05619905333971;-1,81826885144754;0,749958236176634;30446,1477964977
"Sd_L1[13]";1,00007966664785;-0,767715219640576;0,529797836497545;-0,910328972985382;-0,263918292883535;-1,46474989507691;0,963265273888543;30419,3463250491
"Sd_L1[14]";1,00005273745749;-0,618300836580874;-0,506648792355816;0,354398128020239;1,83194450350943;-0,768728046176231;-0,9956281868708;30012,900177481
"Sd_L1[15]";1,00007582462083;1,88864634579278;-1,70003676769851;1,85640347754678;-0,955139182836422;-0,374231534517632;-0,109948273298885;19428,0109417195
"Sd_L1[16]";0,999951842146349;-1,63955946649054;0,174046491749006;0,0533107396575468;1,16488057888681;0,665328773238958;-2,14677871835207;6352,82605244894
"Sd_L1[17]";1,00006207406802;0,498135714710784;-0,907259208407065;2,54230399707586;0,519364338001531;-1,61822962267603;0,651061838593744;30315,9751121829
"Sd_L1[18]";1,00016577489156;-0,335353970635375;-0,142362027318673;2,45619238003996;0,544720615141034;-1,42165271476285;0,274144644801533;30075,2460673808
"Sd_L1[19]";1,0000914810944;0,110843024636751;0,768511844332247;0,8078470965605;0,572175988507433;-1,63229694891216;0,785871698130567;29961,7790721988
"Sd_L1[20]";1,00001689779363;-0,132398071200791;-1,05504136739697;0,46793448742797;2,54054664094584;-1,04074472525997;1,06952320117136;30123,0021059888
"Sd_L1[21]";0,999980498658867;-0,951899236882824;-1,38466497274904;-0,0457942953016185;1,46027617914181;0,537350926050478;0,55949342064497;30261,5429204964
"Sd_L1[22]";1,00013173963126;-0,130815756750526;-1,83300911531905;-0,195661114986415;1,8793535842471;-1,21934538542922;0,999049977225265;30377,7310206435
"Sd_L1[23]";0,999993973652503;0,251085167685085;-1,41787685157045;1,71122041080665;0,915871971697444;0,248889730973082;-0,936715882597618;30473,1231269916
"Sd_L1[24]";1,00000926656253;1,78718357253401;-0,265207739392041;0,151560393436542;0,00624881525811263;-0,423462033445417;-0,728129876986591;30648,3064858299
"Sd_L1surv[1]";1,00013148935476;0,825684253463009;0,227698470253095;-0,132357743173454;1,99238217434777;-0,690159645403283;-0,463392420148209;21441,6175746455
"Sd_L1surv[2]";0,999980061521844;-0,696193321988289;-0,842341953475419;-1,575940472255;-0,582578702197776;0,325243404863217;0,256566429946569;18679,2462752709
"Sd_L1surv[3]";1,00004692679554;-0,269991330107361;0,0737460188051449;-0,531958646344875;1,64571155873107;1,47592301662954;1,65601556591458;30241,3595565485
"Sd_L1surv[4]";1,00004524307307;0,908089158339308;0,566754031894957;0,362058773712889;0,633555708124388;-1,16619162586427;1,21292498502954;30500,7386402007
"Sd_L1surv[5]";1,00001506641521;0,104621954123073;-0,311733996896001;-0,8860714608014;-0,583506403563198;-1,20459945668232;-0,301201203862795;30009,6246490002
"Sd_L1surv[6]";0,999978700117618;-0,02519845882348;0,938688707438292;-0,192739099397995;0,0235255142496713;-0,228014061605812;-0,0629030036649952;28651,9692038382
"Sd_L1surv[7]";1,00001016807692;0,476901849082208;1,47769028456724;-0,502672330636949;0,0420047827579884;-0,0741892656446197;1,29969873724144;29924,5644415089
"Sd_L1surv[8]";1,00015281907623;0,771015851489738;-0,37336264372025;0,874126262574936;-1,87150336545761;-0,636111631126546;1,16774139091143;5849,79833192523
"Sd_L1surv[9]";1,00001769940494;-1,08526149990491;0,140765054635;0,449480721354883;-1,14005820251151;-1,82458713304032;2,02512103458925;30276,477740679
"Sd_L1surv[10]";1,00011960858501;0,395310824166396;0,0285263886004115;2,10984680349699;1,9074229111742;-0,637270281513795;0,0059948302147997;30145,3643403524
"Sd_L1surv[11]";1,00011220811572;-0,824316538859399;0,393591482579017;-0,518230690344332;-1,24991504142826;-0,450559147484398;-1,27749687324618;30067,532674719
"Sd_L1surv[12]";1,0000176116703;0,498643815635191;0,296175331621427;0,465801342553817;1,08316038914128;-1,83600376910207;0,791759574629664;30456,4273836741
"Sd_L1surv[13]";1,00008205944433;-0,712276740218401;0,530222996119147;-0,908250044497046;-0,245572575805954;-1,46454782380491;0,97105638567368;30392,8735716486
"Sd_L1surv[14]";1,00005653542907;-0,570891230637653;-0,500250240553114;0,372195726928488;1,8526588973741;-0,76334786099359;-0,967345513223656;29976,7153333457
"Sd_L1surv[15]";1,00007989253379;1,89464488540656;-1,70940859119293;1,890432634936;-0,930304723090418;-0,427201611271678;-0,111763952438586;18761,2195353499
"Sd_L1surv[16]";0,99994745369467;-1,66359345075331;0,200164877826977;0,0840372382524817;1,2089457164514;0,568588914427772;-2,20224148266397;6756,94648739703
"Sd_L1surv[17]";1,00006512117593;0,514244583976705;-0,874783072754774;2,59580004386005;0,595504022689939;-1,65584008284917;0,64483076402584;30280,4717266107
"Sd_L1surv[18]";1,0001677816287;-0,306748060127734;-0,153683135748289;2,46399297157742;0,625018608285656;-1,48247222977656;0,27711032291187;30048,3389112606
"Sd_L1surv[19]";1,00009038671269;0,148341037475139;0,76097153942877;0,837092283505711;0,611940186192353;-1,67151285851652;0,808739796298751;29563,1933484152
"Sd_L1surv[20]";1,00002115669416;-0,126576224237585;-1,03804455747231;0,467192528804982;2,55059410912189;-1,10586410740901;1,07733336658148;30105,4408513534
"Sd_L1surv[21]";0,999986128573302;-0,921918332211658;-1,34532577572218;-0,0192540168410918;1,45030519104812;0,501079437728089;0,547738925367486;30267,943451179
"Sd_L1surv[22]";1,00013727790478;-0,100218609653806;-1,83346153136435;-0,167549712999582;1,88848081980853;-1,28689565206401;0,979062991354888;30368,2163713463
"Sd_L1surv[23]";0,999990135438154;0,284826536407374;-1,41954005213655;1,72628892614314;0,927538941450326;0,212947337155221;-0,954949595892898;30472,4192297277
"Sd_L1surv[24]";1,00001108174441;1,82730211312687;-0,247591074871119;0,180585016288451;0,0152566534210676;-0,450886659599965;-0,744394780542304;30639,7725487955
"Sd_L2[1]";1,00013335558387;0,345086101589382;0,895189182777487;-2,01229037701448;-0,0160649646938092;-0,142242211255398;0,855642885191906;28822,1434410159
"Sd_L2[2]";0,999970738896631;-1,06048119145769;-0,455173810433455;0,251219553675426;1,16548917023774;-0,378047492399099;2,35628792256915;20205,4298647582
"Sd_L2[3]";1,00004354212855;0,38778124017462;0,38232990658192;1,04267495691217;-0,923267244448835;-0,885685472756133;0,148074959212606;30241,8919798726
"Sd_L2[4]";1,00007328049432;-0,63922168154951;1,28374886679453;-2,55562450764676;0,547553531644608;-0,303399995850057;1,2508242892754;29817,2246710966
"Sd_L2[5]";1,00010300555209;-0,45282977716603;-0,345097520879193;-1,47336740809844;-0,130921381289998;-0,773897305245935;0,260698391652984;27586,4043761194
"Sd_L2[6]";1,00000077304774;0,786752770020828;-0,0909988301029483;-1,08842041822137;1,59998705397497;1,57832145238429;-1,07008729812568;30211,4960286356
"Sd_L2[7]";1,00007341841911;-1,2495439652538;-0,480601202550998;-0,0196894643577695;0,9912229863148;-0,0188974351714722;-1,35377115506789;30676,4693190319
"Sd_L2[8]";1,00009396736658;-0,003460103590364;0,469044184410283;-0,302787900539716;0,508858151124982;-1,62520060983113;-0,349247962669851;23264,3242057801
"Sd_L2[9]";1,00002921621635;1,06925647916037;1,21999338070588;-0,617643662591044;-1,39256673966155;-0,0460066323799659;-1,08963678363168;30053,3864632072
"Sd_L2[10]";1,00003179315896;-0,00122184669286208;0,631030814949707;0,508790569804434;0,103967597949199;0,844158670077873;-0,39693757070524;12604,4182652918
"Sd_L2[11]";1,00022827904551;-0,106877934471115;-0,00445672134889671;-0,943282013339382;-0,706818993731691;-1,21713895733802;1,1771497379331;30067,2502118951
"Sd_L2[12]";1,00019492568941;0,882796218281938;1,6941832865048;-0,292118029946146;-2,65096617981964;-0,861990748921382;-0,656933245922113;18452,5745160737
"Sd_L2[13]";1,00017035307097;-0,651907067916795;2,50301222168449;0,357222261544573;0,0984495433420691;-1,23255955861359;-1,03142267428136;4996,52344507727
"Sd_L2[14]";1,00015150218077;-0,81417370556499;-0,29226446773471;1,45931734843496;-1,11135947073694;0,129454360800807;-0,739714285722207;30013,9524168102
"Sd_L2[15]";1,00012614033401;0,610552160219685;0,547011529022681;-0,701561263399668;-1,70449014601537;1,89303119330422;0,0380652211179482;30000,0488867905
"Sd_L2[16]";0,999970901375077;0,483831099139652;0,754028987856838;0,182399129538835;-0,612999419713838;0,848005998324517;-1,13618580983665;30137,4849030974
"Sd_L2[17]";0,999981309432018;-0,310393480783326;1,10974847606504;-1,70225624551844;-0,298090184367629;-0,432525580239395;-1,47502663219359;30390,527659562
"Sd_L2[18]";1,0000015829775;1,43423496553769;0,52112410959206;0,682453085764417;-0,156448079427893;-0,401639734398204;-0,833360035045688;9954,29286111043
"Sd_L2[19]";1,00010760895369;1,60822063679479;1,42347582787034;1,97120523076254;-1,706460132974;0,928589310569845;-0,147871236360101;30298,8618681819
"Sd_L2[20]";1,00013986584959;1,18478937846992;-0,930829538063941;0,4685984335118;-0,721294261360996;-0,73250792510093;-0,406571662177476;25707,5753930681
"Sd_L2[21]";1,00008055913469;-2,2085928490399;-1,7255980314662;-1,31250855089984;-1,56321034710995;-0,660862847957901;-1,2679141737197;29328,9355849301
"Sd_L2[22]";1,0000355602475;1,43886547060178;-1,11332824225997;0,880447096913291;-0,360893630184856;-0,658049593139722;0,552391931266719;30016,5492984014
"Sd_L2[23]";0,999983618640656;-0,450243422017625;-0,454289332983671;-0,338859899385685;-0,276848754366107;-0,515420487733001;0,519459361202402;6932,9334088624
"Sd_L2[24]";0,999955730140432;2,7145778481168;0,0178968788628817;0,0222197407130336;0,441588533587482;-1,44529422828758;0,00409100950503166;30134,6982757655
"Sd_L2m[1]";1,00014042475065;0,0252318350457684;0,536674824659289;-2,15372809497402;0,10678074993183;-0,288326499810572;0,79699209642187;9420,59697671509
"Sd_L2m[2]";0,999963781041058;-1,25621345171355;-0,790054677020816;0,0781743451647189;1,25333419371089;-0,66034054212235;2,30898661809353;4851,05960251165
"Sd_L2m[3]";1,00003843066932;0,0930389712064619;-0,0457540310757679;0,860383348598152;-0,791506236030745;-1,20170145558499;0,0548824225338052;20814,1153716159
"Sd_L2m[4]";1,00010485462698;-0,897640362280753;0,928764414092501;-2,7614050967945;0,728433339377475;-0,62204753663693;1,15140992139267;7490,03818044747
"Sd_L2m[5]";1,00012958391074;-0,628611564340247;-0,566737416546432;-1,58784502934958;0,0534261817968727;-0,934466776078151;-0,0210937876111524;10146,633267731
"Sd_L2m[6]";1,00000207089658;0,556097308214015;-0,341071059999076;-1,21940706138632;1,62577748653405;1,31450328315364;-1,05592728641379;21417,7091078747
"Sd_L2m[7]";1,00005155992941;-1,62912943600005;-0,9474899416969;-0,45542738216247;1,1644520227956;-0,444045944476482;-1,42819906625047;20319,9962097391
"Sd_L2m[8]";1,00010493055915;-0,107917424794238;0,235517925319605;-0,399238105395758;0,622669137897927;-1,76427015275759;-0,398298488565425;12427,7027619114
"Sd_L2m[9]";1,00001598605677;0,79392826887019;0,779261608278715;-0,734263492538507;-1,1795311584679;-0,26784356468037;-1,16012369218284;16605,6548944193
"Sd_L2m[10]";1,00002379092513;-0,0889485661264965;0,334865828916752;0,399664542474634;0,115028622300646;0,688878755898378;-0,325742398136393;5474,85752626699
"Sd_L2m[11]";1,00021039275335;-0,364707116883048;-0,366457512944007;-1,08772743129205;-0,597131074589038;-1,34156537101178;1,10937506787122;14667,7128681749
"Sd_L2m[12]";1,00019171446992;0,647620570611722;1,2303434549968;-0,545360852820319;-2,39439308620762;-1,17431321530346;-0,776463333431458;4718,36243691386
"Sd_L2m[13]";1,00017463863974;-0,844333496057214;2,05748640829298;0,130629195476828;0,277293477467734;-1,41393630700512;-1,04188656251362;2320,03467837226
"Sd_L2m[14]";1,00012128709305;-0,981433715102372;-0,61290760220771;1,30224305636402;-0,949569128454532;-0,0799379327953895;-0,798769157242733;22386,2046084011
"Sd_L2m[15]";1,00012883825054;0,469950316390658;0,197110189470591;-0,902433786238995;-1,50493498806839;1,64278874376622;0,00886765493495766;18529,6393891148
"Sd_L2m[16]";0,999966712754795;0,336298739668205;0,37376173215312;-0,0324669618807437;-0,42570137265545;0,61621853062514;-1,17125006096192;25532,4839281792
"Sd_L2m[17]";0,999984373058601;-0,472422816158621;0,783920290141619;-1,88618226112106;-0,109568118427886;-0,64832935152344;-1,52712030835556;30085,2402533754
"Sd_L2m[18]";0,999994734715537;1,28857112268193;0,154709463053455;0,495196678836665;0,00951313908443399;-0,639110048072962;-0,877541801501534;4375,29134533187
"Sd_L2m[19]";1,00010625174758;1,48209474824061;1,24986260402696;1,8320170498798;-1,58148828634967;0,782796047519532;-0,191486596230029;30020,3223806688
"Sd_L2m[20]";1,00015123977322;1,03824039888818;-1,18484428801012;0,303660276579757;-0,582641730956749;-0,953911692743236;-0,46283149097915;19673,7728714163
"Sd_L2m[21]";1,00006326651772;-2,34036416317827;-1,95252987721289;-1,41743296761244;-1,38862653679031;-0,851719169921744;-1,32840577624952;14120,9923435982
"Sd_L2m[22]";1,00002572747702;1,27024283716222;-1,38563668193797;0,739379603270516;-0,204263173992809;-0,750828663904015;0,534245122836825;19084,5165296177
"Sd_L2m[23]";0,999973300290716;-0,587004864768789;-0,878812835123502;-0,504866684436;-0,109796189550621;-0,860928290770679;0,507292079768067;4158,39776301552
"Sd_L2m[24]";0,999953223516189;2,60521707269518;-0,21358998657576;-0,12528620751153;0,554063527583774;-1,63375737137694;-0,0628760300856465;26324,8076999115
"Sd_L2nm[1]";1,00016321720618;0,121397041122343;0,463677483012765;-2,18775510941604;0,120087034021783;-0,373520417106354;0,78864407437167;5594,96820153446
"Sd_L2nm[2]";0,999963972928013;-1,24728371620985;-0,903438758897199;0,0384978378795416;1,32078482858814;-0,74289022170956;2,25996436516382;3110,32246956001
"Sd_L2nm[3]";1,00003830677762;0,0652236717337026;-0,145298998366117;0,803135131172547;-0,75872327631511;-1,24925426238437;0,0689222076691784;12247,5887130165
"Sd_L2nm[4]";1,00012101822337;-0,929858979569383;0,709669222540553;-2,80745705611745;0,778224322682768;-0,637164827687633;1,11267676277208;4719,63828926245
"Sd_L2nm[5]";1,00014352568656;-0,605552575268803;-0,735246271915058;-1,60486546021607;0,102721301307274;-1,21069087714118;0,044548701649873;2965,92273991998
"Sd_L2nm[6]";1,00000409431821;0,532211986023531;-0,489324131081648;-1,32228591647968;1,7292191327928;1,24712024773026;-1,0529755066937;10188,1732478245
"Sd_L2nm[7]";1,00004794086644;-1,64437054452851;-1,11667997274408;-0,427165921212778;1,28804364880027;-0,504822198760152;-1,40331302986719;8948,4591742615
"Sd_L2nm[8]";1,00010853381039;-0,143628965306859;0,182902279048592;-0,424882440604393;0,635838248410295;-1,81091417842872;-0,398862110421543;9395,71811762281
"Sd_L2nm[9]";1,00001672751732;0,752000552415668;0,737944863849392;-0,759332681300054;-1,14588141702919;-0,332371439389682;-1,13908517177721;10590,7992748536
"Sd_L2nm[10]";1,00001957838969;-0,151977417823745;0,244038531002828;0,355119234868154;0,20544617710975;0,624770885752298;-0,394981142214191;4182,46154796883
"Sd_L2nm[11]";1,00020855042892;-0,398056553026459;-0,511799871290302;-1,18633326660951;-0,511190714551453;-1,38542666127394;1,09313818769038;8012,37843489236
"Sd_L2nm[12]";1,00018989324232;0,588185259207658;1,13448364287443;-0,59036213090326;-2,39077343006149;-1,21688541283419;-0,814477513140645;3018,63228541725
"Sd_L2nm[13]";1,00015597889635;-0,946122847008395;1,78219361023744;0,0919579697508687;0,312091186939031;-1,4742604128789;-1,03604672616868;1375,5752730071
"Sd_L2nm[14]";1,00011545704826;-1,00369126644549;-0,668417621877233;1,27231255115502;-0,915358456686979;-0,118220196086982;-0,804745093168532;18077,4452242016
"Sd_L2nm[15]";1,00013443770591;0,473196557825607;0,128421423322044;-0,9927208639871;-1,42564046833029;1,5691832489756;0,0577600993943891;11927,9796905215
"Sd_L2nm[16]";0,99996781683319;0,25446607216597;0,22489847547419;-0,100822972031462;-0,351903337566454;0,567748032246366;-1,18014836968672;13763,9255782298
"Sd_L2nm[17]";0,999984971253998;-0,543953718013287;0,617339635134352;-1,91510199156234;-0,0179219559135434;-0,790516159878118;-1,52998515400652;26529,7438039333
"Sd_L2nm[18]";1,00000387457747;1,18089772011441;-0,035201597824607;0,493218552842214;0,110490584621058;-0,640293054190924;-0,880735062371623;2502,32457162245
"Sd_L2nm[19]";1,00010234568228;1,44220339971942;1,18102850516688;1,76950408344665;-1,52272967386899;0,725293632447792;-0,193449228513712;25381,0902791867
"Sd_L2nm[20]";1,00015487300523;0,972142945397014;-1,26612611300031;0,2742731645628;-0,543193914690082;-1,00422182240386;-0,491507215333635;15386,9908387439
"Sd_L2nm[21]";1,00006128743305;-2,38423473752241;-2,03217598558701;-1,46521800610655;-1,34079453938997;-0,911278770565254;-1,32963311471421;8027,00537325868
"Sd_L2nm[22]";1,00002060603565;1,21837709813054;-1,46930636850814;0,687868975444927;-0,156098582291856;-0,806941570853752;0,532762820399264;11581,6046226194
"Sd_L2nm[23]";0,999965794950794;-0,580333323162372;-0,940795040803297;-0,526776855914923;-0,0590674014069746;-0,96874638116371;0,504758595864167;2691,25222626989
"Sd_L2nm[24]";0,999954475142869;2,54131433662255;-0,31019630220353;-0,250345898544386;0,527156843955182;-1,68392055274989;-0,0575863045348313;14607,874099589
