"Parameter";"Mean";"SD";"Naive SE";"Time-series SE";"2.5%";"25%";"50%";"75%";"97.5%"
"Alpha1[1]";-1,13155133401691;0,205700732192758;0,00118761373103992;0,00118353226045695;-1,51994394699492;-1,27303152536888;-1,13718323432003;-0,996842776910548;-0,715571085346979
"Alpha1[2]";-2,43000606853032;0,0784605706464572;0,000452992315835037;0,000453009667112927;-2,58458123045872;-2,48247530645784;-2,42968435145252;-2,37657840633491;-2,27754956432624
"Alpha1[3]";-2,44907260054869;0,122919360842495;0,000709675260710313;0,000709703481138258;-2,69058505443725;-2,5318977075701;-2,44961704929839;-2,36623927407144;-2,20646995788687
"Alpha1[4]";-1,66802238227081;0,167163393565924;0,000965118302739378;0,000965019978240418;-1,99076712597384;-1,78096709472521;-1,66966617527763;-1,55716978846683;-1,33365900977448
"Alpha1[5]";-1,82151024587948;0,127617120924312;0,000736797791188565;0,000733679278372568;-2,06806214749986;-1,9073959985807;-1,82343504724064;-1,73591877545815;-1,57056554282938
"Alpha1[6]";-2,58119052528803;0,101688957026868;0,000587101467130746;0,000593413543165347;-2,78058129562646;-2,64986518639941;-2,5812714762252;-2,51240912417183;-2,38212494471555
"Alpha1[7]";-0,954585412993359;0,146518923151793;0,000845927397230621;0,000845837792725334;-1,23630667423364;-1,05393540096198;-0,956633204918654;-0,857434478370596;-0,659921083061883
"Alpha1[8]";-1,79795774661846;0,0666092906262851;0,000384568918736157;0,000387479605586096;-1,93106866644892;-1,84226327118251;-1,7970504583481;-1,75229292447358;-1,66915375447754
"Alpha1[9]";-2,26820102095008;0,072102803399051;0,000416285729517687;0,000414782328332124;-2,40856449974635;-2,3171213239704;-2,26884301182098;-2,2189520320048;-2,12690547631295
"Alpha1[10]";-2,09395379498137;0,0730196775653972;0,000421579304985217;0,000421730934717202;-2,23864273850456;-2,14310589000501;-2,09349285512542;-2,04503557798086;-1,95229621932671
"Alpha1[11]";-2,13501745952058;0,101457429790871;0,000585764744010468;0,000581251528976149;-2,3340693064627;-2,20365328807023;-2,1354049631633;-2,06698073734727;-1,93417026188295
"Alpha1[12]";-2,57500003127181;0,0952809582247278;0,000550104868796921;0,000550104681843325;-2,76062613731894;-2,63948020956173;-2,57476396942789;-2,51054436128917;-2,38827169496689
"Alpha1[13]";-3,11821300135642;0,110763939437145;0,000639495902505392;0,000639504561181824;-3,33469088100615;-3,19248286928582;-3,11739808354448;-3,04371897129011;-2,89969172043892
"Alpha1[14]";-2,22089488125528;0,0776069661483445;0,000448064027967369;0,00044765892580056;-2,3715552803779;-2,27307701095401;-2,22043471529433;-2,16847644647482;-2,06846721361146
"Alpha1[15]";-2,45518298126923;0,0898008202317523;0,000518465277342514;0,0005155636314643;-2,62816972897973;-2,51665727944192;-2,4558289829036;-2,39487451219237;-2,27695599226714
"Alpha1[16]";-2,54028724308829;0,127776737286308;0,000737719336684219;0,000726063061217056;-2,788124641867;-2,62727232827613;-2,54102782486416;-2,4538567410658;-2,29096657564415
"Alpha1[17]";-1,87976501957194;0,129489356308788;0,000747607147220702;0,000745505697710547;-2,13027164516171;-1,96653689107129;-1,88055504056686;-1,79294513445697;-1,62283254816387
"Alpha1[18]";-1,75104689327726;0,175779555503266;0,00101486373687843;0,00101492863071212;-2,09236285948114;-1,86994761378135;-1,7530954760265;-1,6328260929211;-1,40380652528078
"Alpha1[19]";-2,35230415524832;0,0915020974003676;0,000528287605655176;0,000528309564980134;-2,53204440083707;-2,41321743392929;-2,35245534510389;-2,29130397422672;-2,1725782312459
"Alpha1[20]";-1,6606358156312;0,111839409631596;0,000645705132568106;0,000645722934654819;-1,87404456151272;-1,73704093829611;-1,66177283144638;-1,58601837098556;-1,4385063714121
"Alpha1[21]";-1,68531465973158;0,0769660175219059;0,000444363509347258;0,000446022714678293;-1,83291450860204;-1,73791777301335;-1,68647402820242;-1,63321398751608;-1,53205917973728
"Alpha1[22]";-2,47773754537882;0,119878004487669;0,000692115981608709;0,000674146002754234;-2,71196993649409;-2,5583240020351;-2,47871023376916;-2,39691485599996;-2,24319847278675
"Alpha1[23]";-2,41148861119034;0,14722050174636;0,000849977963134924;0,000839914311538166;-2,69697099954817;-2,51201484977568;-2,41250682080357;-2,31316381348777;-2,12011459688748
"Alpha1[24]";-1,90615085463547;0,112799206605109;0,000651246522978358;0,000663703719105202;-2,12733440725722;-1,98189698299709;-1,90605847033131;-1,83124478310491;-1,68104553678189
"Alpha2[1]";6,45662972878256;0,53673940785373;0,00309886641609032;0,00809762871149128;5,42033835908402;6,09785034902209;6,45068240349793;6,81223574070741;7,52680737065155
"Alpha2[2]";5,67627029975346;0,500113768775029;0,00288740819027701;0,00776494667796554;4,70129760594522;5,33946995983019;5,67691615121923;6,00620216515285;6,66711502746595
"Alpha2[3]";5,62945139939825;0,514470095370214;0,00297029448052006;0,00788568399883382;4,61652472226428;5,28748706419663;5,63002522485391;5,9714901904097;6,64966084246454
"Alpha2[4]";5,89276882903626;0,523123488677606;0,00302025487007432;0,00793164767051273;4,87864024702037;5,53946306096875;5,89048797879261;6,23854574794585;6,93952862546885
"Alpha2[5]";6,46416479846215;0,553321464042278;0,00319460296213207;0,00841114080977893;5,39524886730777;6,08920797155697;6,45515418816204;6,83005816302711;7,57327520479194
"Alpha2[6]";6,28162724638417;0,510774596494726;0,00294895850781452;0,0079778439334596;5,28969304017207;5,93861745091552;6,27713041032618;6,62533384399256;7,30051638042212
"Alpha2[7]";5,31256449024793;0,502617372293107;0,00290186275192808;0,00788842534297666;4,3270187305583;4,97101202142881;5,3108409534795;5,65034196210982;6,31166984282014
"Alpha2[8]";6,08234812898002;0,48488364285844;0,00279947701729967;0,00778248257931184;5,14374547279868;5,75369675384283;6,07936010100934;6,40484447701775;7,05335573689582
"Alpha2[9]";5,38422341167758;0,492616783975835;0,00284412432835776;0,00773429768007219;4,42235654537718;5,05373156050416;5,38010340161342;5,71357446815404;6,36635099871595
"Alpha2[10]";6,12854155006928;0,494633398049616;0,00285576725514125;0,00788392426402881;5,17220099197396;5,79358059200274;6,12136147722128;6,45877831099025;7,11357338178479
"Alpha2[11]";5,83943732745651;0,517641299839247;0,00298860343805857;0,00817936770667003;4,83445169680246;5,4877870169188;5,83452939661363;6,18411674874074;6,88049838809486
"Alpha2[12]";5,32786011215067;0,535462497206128;0,00309149416902907;0,00851868755585746;4,2877162208615;4,96825963560921;5,32529867115812;5,67886427858922;6,40038297207228
"Alpha2[13]";5,81658792652537;0,547438124303603;0,00316063548431349;0,0085550030083794;4,74736467628178;5,44654874144364;5,81363951327935;6,17890243258594;6,90264503878995
"Alpha2[14]";5,42370585245888;0,500751412809125;0,00289108962982433;0,00808332945349983;4,45438269091039;5,08495759426008;5,4206613530419;5,75708124338059;6,42171717172889
"Alpha2[15]";5,59520790226377;0,557413754454404;0,0032182298118425;0,0089409610902658;4,51497880544966;5,22113968958424;5,59301203872843;5,96289075330437;6,69208350174494
"Alpha2[16]";5,73142560329567;0,545971625983293;0,00315216865231352;0,00856547837309149;4,67218721947654;5,36254483975668;5,72876713079831;6,09124470034267;6,81549185839735
"Alpha2[17]";6,0196659324236;0,546773255057011;0,00315679685992853;0,00878650401554673;4,96063497102524;5,6520600736061;6,01770820245738;6,3838507010489;7,11300206168229
"Alpha2[18]";6,01323558842414;0,557973875248009;0,00322146367075217;0,00891925464222633;4,9310361913486;5,63542889364449;6,00956148711438;6,38243990868368;7,12457118138854
"Alpha2[19]";6,35339332772348;0,547468845734258;0,00316081285457608;0,00870203459024057;5,28586877584674;5,98686836372823;6,34810501322811;6,7154809194111;7,44632400450393
"Alpha2[20]";5,97701751854997;0,538569389734465;0,00310943182140486;0,00872838251471809;4,93342523592384;5,60989692965607;5,97351603476742;6,33687016650423;7,05338910879042
"Alpha2[21]";6,09849136197142;0,54075247076774;0,0031220358456271;0,00848998615817606;5,04462203168576;5,73408273471523;6,09587294439048;6,4577479882958;7,17853477826833
"Alpha2[22]";6,11905999720773;0,539519440450367;0,00311491694177056;0,00842586239154695;5,0724453797031;5,75406067981857;6,11500609290466;6,47787742513525;7,19430090272271
"Alpha2[23]";5,95444171431375;0,575779219221912;0,00332426287211563;0,00863068034860063;4,83681471160699;5,56493887405404;5,9512143439489;6,33930332538701;7,10258480415099
"Alpha2[24]";6,52159913414284;0,555478550716037;0,00320705690784967;0,00861327007048609;5,44530040230052;6,1470782462693;6,51864721497088;6,89042281533109;7,64400634086448
"Beta1";2,15801878164828;0,278399000753993;0,00160733738027441;0,00158624607737135;1,61493566406224;1,97097028942408;2,15802845531915;2,34441081705067;2,70498655903716
"Beta2";2,73715412716757;0,302825977320976;0,00174836659523877;0,0049473042715938;2,14437501784822;2,53254614750749;2,73653752096897;2,93737024150407;3,34070324371208
"Gamma1[1, 1]";0,546516655155838;0,0474246774547214;0,000273806502947146;0,00027940507484391;0,453149324800136;0,514431179514789;0,546547580427709;0,579026119240556;0,638211403162378
"Gamma1[2, 1]";0,471602467139996;0,0416787870547826;0,000240632589255758;0,000238333254518851;0,390338738735925;0,443134231211822;0,471396575945375;0,499819235104305;0,552943807691069
"Gamma1[3, 1]";0,61999457560678;0,0349824734198783;0,000201971404458857;0,000201959849147901;0,550378714799858;0,59659930364528;0,620310931614533;0,643736373619723;0,68790862152116
"Gamma1[4, 1]";0,653348680890499;0,0465819464326605;0,000268940993122732;0,000268698744458923;0,559907241818671;0,622334717513082;0,654479879896472;0,685330033779472;0,741658221621756
"Gamma1[5, 1]";0,488600824424344;0,0541657426207727;0,000312726060829591;0,000314368876332677;0,383845020777589;0,451559625854989;0,488627964318941;0,525100107055955;0,59482518534811
"Gamma1[6, 1]";0,591966911539209;0,0302469251046979;0,000174630703513558;0,000177877609704627;0,532032194160891;0,571456060887489;0,592225038754924;0,61243407167126;0,650917523429039
"Gamma1[7, 1]";0,651406327024863;0,0453857870341189;0,000262034963615316;0,000261211438141942;0,559657911547259;0,62126586853497;0,652553809932934;0,682961561296461;0,736448888490817
"Gamma1[8, 1]";0,537509558176991;0,033121770705011;0,000191228632325752;0,000186529581426579;0,472338536561103;0,515078349955723;0,537766785329336;0,560011874154279;0,601766899544915
"Gamma1[9, 1]";0,490776604395638;0,0340141350742892;0,000196380700413932;0,000195627358839219;0,423955252694358;0,467772853054563;0,491037741334587;0,513624467161213;0,557498507931077
"Gamma1[10, 1]";0,533934022656223;0,0316221348643411;0,00018257048076278;0,000182550739468104;0,472091951450563;0,512628787825935;0,534071445103252;0,555500084700653;0,595529524495854
"Gamma1[11, 1]";0,531430290731067;0,0396635583675652;0,000228997661005322;0,000226609678723517;0,453116938733775;0,50460925554042;0,531692034273132;0,5586669796125;0,608007705286478
"Gamma1[12, 1]";0,595352151761177;0,0382048203967978;0,000220575633404325;0,000221208137982451;0,518982355304123;0,569564688510611;0,595685994959977;0,621335002076476;0,669393345775725
"Gamma1[13, 1]";0,560849473699526;0,0431699334954786;0,000249241727245128;0,000247684384733109;0,474852570984872;0,531711530622414;0,561477125711757;0,590647287776027;0,64384470135546
"Gamma1[14, 1]";0,61578886912269;0,0360436924095729;0,00020809835515255;0,000208952912898837;0,544449072641657;0,591547135922715;0,616331512586779;0,640193290902536;0,68555296201498
"Gamma1[15, 1]";0,515321794895998;0,0389813791265328;0,000225059097320865;0,000224726370978813;0,43925080436372;0,488815418828203;0,515521990420724;0,541752804698654;0,590810835919903
"Gamma1[16, 1]";0,563579589569307;0,0440755710669779;0,000254470428202062;0,000256967392760016;0,476739417405877;0,533998412677125;0,563819552671845;0,593394930256333;0,648935441991968
"Gamma1[17, 1]";0,591217348142723;0,0344648560657222;0,000198982939271264;0,000201592815973933;0,522716396874505;0,567990513554621;0,591449559953144;0,614758661966452;0,657780031910753
"Gamma1[18, 1]";0,600818224826466;0,0365590068204243;0,000211073524290773;0,000214301781871086;0,527970346633058;0,576274841271281;0,601336492190137;0,625733337162951;0,67117038797108
"Gamma1[19, 1]";0,583960024518716;0,0321223589841894;0,000185458526065276;0,000185143978440582;0,520449350314421;0,562345525525389;0,584317360369651;0,605722255799665;0,646458940153113
"Gamma1[20, 1]";0,575455237719279;0,0378437410745053;0,000218490940965081;0,000218495897751696;0,500389774987039;0,549921121402604;0,576029586366472;0,601525859330406;0,648088930833158
"Gamma1[21, 1]";0,57475186025966;0,0369215783896691;0,000213166832221813;0,000213607047383403;0,501046600963314;0,549976936085263;0,575083477046327;0,600048138831238;0,645336839966981
"Gamma1[22, 1]";0,463482309213125;0,0503697782122702;0,000290810050098759;0,000288271676534488;0,365889997386078;0,428746427152318;0,463644495786115;0,497938292559669;0,561921235953647
"Gamma1[23, 1]";0,514646477416168;0,0424740301302331;0,000245223927292584;0,000244198166408094;0,430883073903998;0,486175821261572;0,51500246995099;0,543419296075385;0,597405549723548
"Gamma1[24, 1]";0,362187324246228;0,0430879275897436;0,000248768265927616;0,000259757752717441;0,279970372412591;0,332819236870411;0,36162743060705;0,390917240257463;0,448062619130082
"Gamma1[1, 2]";0,453483344844162;0,0474246774547214;0,000273806502947146;0,00027940507484391;0,361788596837622;0,420973880759444;0,453452419572291;0,485568820485211;0,546850675199864
"Gamma1[2, 2]";0,528397532860004;0,0416787870547826;0,000240632589255758;0,000238333254518851;0,447056192308931;0,500180764895695;0,528603424054625;0,556865768788178;0,609661261264075
"Gamma1[3, 2]";0,38000542439322;0,0349824734198783;0,000201971404458857;0,000201959849147901;0,31209137847884;0,356263626380277;0,379689068385467;0,40340069635472;0,449621285200142
"Gamma1[4, 2]";0,346651319109501;0,0465819464326605;0,000268940993122732;0,000268698744458923;0,258341778378244;0,314669966220528;0,345520120103528;0,377665282486918;0,440092758181329
"Gamma1[5, 2]";0,511399175575656;0,0541657426207727;0,000312726060829591;0,000314368876332677;0,40517481465189;0,474899892944045;0,511372035681059;0,548440374145011;0,616154979222411
"Gamma1[6, 2]";0,408033088460791;0,0302469251046979;0,000174630703513558;0,000177877609704627;0,349082476570961;0,38756592832874;0,407774961245076;0,428543939112511;0,467967805839109
"Gamma1[7, 2]";0,348593672975137;0,0453857870341189;0,000262034963615316;0,000261211438141942;0,263551111509183;0,317038438703539;0,347446190067066;0,37873413146503;0,440342088452741
"Gamma1[8, 2]";0,462490441823009;0,033121770705011;0,000191228632325752;0,000186529581426579;0,398233100455085;0,439988125845721;0,462233214670664;0,484921650044277;0,527661463438897
"Gamma1[9, 2]";0,509223395604362;0,0340141350742892;0,000196380700413932;0,000195627358839219;0,442501492068923;0,486375532838787;0,508962258665413;0,532227146945437;0,576044747305642
"Gamma1[10, 2]";0,466065977343777;0,0316221348643411;0,00018257048076278;0,000182550739468104;0,404470475504146;0,444499915299347;0,465928554896748;0,487371212174065;0,527908048549437
"Gamma1[11, 2]";0,468569709268933;0,0396635583675652;0,000228997661005322;0,000226609678723518;0,391992294713522;0,4413330203875;0,468307965726868;0,49539074445958;0,546883061266225
"Gamma1[12, 2]";0,404647848238823;0,0382048203967978;0,000220575633404325;0,000221208137982451;0,330606654224275;0,378664997923524;0,404314005040023;0,430435311489389;0,481017644695877
"Gamma1[13, 2]";0,439150526300474;0,0431699334954786;0,000249241727245128;0,000247684384733109;0,35615529864454;0,409352712223973;0,438522874288243;0,468288469377586;0,525147429015128
"Gamma1[14, 2]";0,38421113087731;0,0360436924095729;0,00020809835515255;0,000208952912898837;0,31444703798502;0,359806709097464;0,383668487413221;0,408452864077285;0,455550927358343
"Gamma1[15, 2]";0,484678205104002;0,0389813791265328;0,000225059097320865;0,000224726370978813;0,409189164080096;0,458247195301346;0,484478009579276;0,511184581171797;0,56074919563628
"Gamma1[16, 2]";0,436420410430693;0,0440755710669779;0,000254470428202062;0,000256967392760016;0,351064558008032;0,406605069743667;0,436180447328155;0,466001587322875;0,523260582594123
"Gamma1[17, 2]";0,408782651857277;0,0344648560657222;0,000198982939271264;0,000201592815973933;0,342219968089247;0,385241338033548;0,408550440046856;0,432009486445379;0,477283603125495
"Gamma1[18, 2]";0,399181775173534;0,0365590068204243;0,000211073524290773;0,000214301781871086;0,32882961202892;0,374266662837049;0,398663507809863;0,423725158728719;0,472029653366942
"Gamma1[19, 2]";0,416039975481284;0,0321223589841894;0,000185458526065276;0,000185143978440582;0,353541059846887;0,394277744200335;0,415682639630349;0,437654474474611;0,479550649685579
"Gamma1[20, 2]";0,424544762280721;0,0378437410745053;0,000218490940965081;0,000218495897751696;0,351911069166842;0,398474140669594;0,423970413633528;0,450078878597396;0,499610225012961
"Gamma1[21, 2]";0,42524813974034;0,0369215783896691;0,000213166832221813;0,000213607047383403;0,354663160033019;0,399951861168762;0,424916522953673;0,450023063914737;0,498953399036685
"Gamma1[22, 2]";0,536517690786875;0,0503697782122702;0,000290810050098759;0,000288271676534488;0,438078764046353;0,502061707440331;0,536355504213885;0,571253572847682;0,634110002613921
"Gamma1[23, 2]";0,485353522583832;0,0424740301302331;0,000245223927292584;0,000244198166408094;0,402594450276452;0,456580703924615;0,48499753004901;0,513824178738428;0,569116926096002
"Gamma1[24, 2]";0,637812675753772;0,0430879275897436;0,000248768265927616;0,000259757752717441;0,551937380869918;0,609082759742537;0,63837256939295;0,667180763129589;0,720029627587409
"Gamma1_F[1]";0,546516655155838;0,0474246774547214;0,000273806502947146;0,00027940507484391;0,453149324800136;0,514431179514789;0,546547580427709;0,579026119240556;0,638211403162378
"Gamma1_F[2]";0,471602467139996;0,0416787870547826;0,000240632589255758;0,000238333254518851;0,390338738735925;0,443134231211822;0,471396575945375;0,499819235104305;0,552943807691069
"Gamma1_F[3]";0,61999457560678;0,0349824734198783;0,000201971404458857;0,000201959849147901;0,550378714799858;0,59659930364528;0,620310931614533;0,643736373619723;0,68790862152116
"Gamma1_F[4]";0,653348680890499;0,0465819464326605;0,000268940993122732;0,000268698744458923;0,559907241818671;0,622334717513082;0,654479879896472;0,685330033779472;0,741658221621756
"Gamma1_F[5]";0,488600824424344;0,0541657426207727;0,000312726060829591;0,000314368876332677;0,383845020777589;0,451559625854989;0,488627964318941;0,525100107055955;0,59482518534811
"Gamma1_F[6]";0,591966911539209;0,0302469251046979;0,000174630703513558;0,000177877609704627;0,532032194160891;0,571456060887489;0,592225038754924;0,61243407167126;0,650917523429039
"Gamma1_F[7]";0,651406327024863;0,0453857870341189;0,000262034963615316;0,000261211438141942;0,559657911547259;0,62126586853497;0,652553809932934;0,682961561296461;0,736448888490817
"Gamma1_F[8]";0,537509558176991;0,033121770705011;0,000191228632325752;0,000186529581426579;0,472338536561103;0,515078349955723;0,537766785329336;0,560011874154279;0,601766899544915
"Gamma1_F[9]";0,490776604395638;0,0340141350742892;0,000196380700413932;0,000195627358839219;0,423955252694358;0,467772853054563;0,491037741334587;0,513624467161213;0,557498507931077
"Gamma1_F[10]";0,533934022656223;0,0316221348643411;0,00018257048076278;0,000182550739468104;0,472091951450563;0,512628787825935;0,534071445103252;0,555500084700653;0,595529524495854
"Gamma1_F[11]";0,531430290731067;0,0396635583675652;0,000228997661005322;0,000226609678723517;0,453116938733775;0,50460925554042;0,531692034273132;0,5586669796125;0,608007705286478
"Gamma1_F[12]";0,595352151761177;0,0382048203967978;0,000220575633404325;0,000221208137982451;0,518982355304123;0,569564688510611;0,595685994959977;0,621335002076476;0,669393345775725
"Gamma1_F[13]";0,560849473699526;0,0431699334954786;0,000249241727245128;0,000247684384733109;0,474852570984872;0,531711530622414;0,561477125711757;0,590647287776027;0,64384470135546
"Gamma1_F[14]";0,61578886912269;0,0360436924095729;0,00020809835515255;0,000208952912898837;0,544449072641657;0,591547135922715;0,616331512586779;0,640193290902536;0,68555296201498
"Gamma1_F[15]";0,515321794895998;0,0389813791265328;0,000225059097320865;0,000224726370978813;0,43925080436372;0,488815418828203;0,515521990420724;0,541752804698654;0,590810835919903
"Gamma1_F[16]";0,563579589569307;0,0440755710669779;0,000254470428202062;0,000256967392760016;0,476739417405877;0,533998412677125;0,563819552671845;0,593394930256333;0,648935441991968
"Gamma1_F[17]";0,591217348142723;0,0344648560657222;0,000198982939271264;0,000201592815973933;0,522716396874505;0,567990513554621;0,591449559953144;0,614758661966452;0,657780031910753
"Gamma1_F[18]";0,600818224826466;0,0365590068204243;0,000211073524290773;0,000214301781871086;0,527970346633058;0,576274841271281;0,601336492190137;0,625733337162951;0,67117038797108
"Gamma1_F[19]";0,583960024518716;0,0321223589841894;0,000185458526065276;0,000185143978440582;0,520449350314421;0,562345525525389;0,584317360369651;0,605722255799665;0,646458940153113
"Gamma1_F[20]";0,575455237719279;0,0378437410745053;0,000218490940965081;0,000218495897751696;0,500389774987039;0,549921121402604;0,576029586366472;0,601525859330406;0,648088930833158
"Gamma1_F[21]";0,57475186025966;0,0369215783896691;0,000213166832221813;0,000213607047383403;0,501046600963314;0,549976936085263;0,575083477046327;0,600048138831238;0,645336839966981
"Gamma1_F[22]";0,463482309213125;0,0503697782122702;0,000290810050098759;0,000288271676534488;0,365889997386078;0,428746427152318;0,463644495786115;0,497938292559669;0,561921235953647
"Gamma1_F[23]";0,514646477416168;0,0424740301302331;0,000245223927292584;0,000244198166408094;0,430883073903998;0,486175821261572;0,51500246995099;0,543419296075385;0,597405549723548
"Gamma1_F[24]";0,362187324246228;0,0430879275897436;0,000248768265927616;0,000259757752717441;0,279970372412591;0,332819236870411;0,36162743060705;0,390917240257463;0,448062619130082
"Gamma3[1, 1]";0,546516655155838;0,0474246774547214;0,000273806502947146;0,00027940507484391;0,453149324800136;0,514431179514789;0,546547580427709;0,579026119240556;0,638211403162378
"Gamma3[2, 1]";0,471602467139996;0,0416787870547826;0,000240632589255758;0,000238333254518851;0,390338738735925;0,443134231211822;0,471396575945375;0,499819235104305;0,552943807691069
"Gamma3[3, 1]";0,61999457560678;0,0349824734198783;0,000201971404458857;0,000201959849147901;0,550378714799858;0,59659930364528;0,620310931614533;0,643736373619723;0,68790862152116
"Gamma3[4, 1]";0,653348680890499;0,0465819464326605;0,000268940993122732;0,000268698744458923;0,559907241818671;0,622334717513082;0,654479879896472;0,685330033779472;0,741658221621756
"Gamma3[5, 1]";0,488600824424344;0,0541657426207727;0,000312726060829591;0,000314368876332677;0,383845020777589;0,45155962585499;0,488627964318941;0,525100107055955;0,59482518534811
"Gamma3[6, 1]";0,591966911539209;0,0302469251046979;0,000174630703513558;0,000177877609704627;0,532032194160891;0,571456060887489;0,592225038754925;0,61243407167126;0,650917523429039
"Gamma3[7, 1]";0,651406327024863;0,0453857870341189;0,000262034963615316;0,000261211438141942;0,559657911547259;0,62126586853497;0,652553809932934;0,682961561296461;0,736448888490817
"Gamma3[8, 1]";0,537509558176991;0,033121770705011;0,000191228632325752;0,000186529581426579;0,472338536561103;0,515078349955723;0,537766785329336;0,560011874154279;0,601766899544914
"Gamma3[9, 1]";0,490776604395638;0,0340141350742892;0,000196380700413932;0,000195627358839219;0,423955252694357;0,467772853054563;0,491037741334587;0,513624467161213;0,557498507931077
"Gamma3[10, 1]";0,533934022656223;0,0316221348643411;0,00018257048076278;0,000182550739468104;0,472091951450563;0,512628787825935;0,534071445103252;0,555500084700653;0,595529524495854
"Gamma3[11, 1]";0,531430290731067;0,0396635583675652;0,000228997661005322;0,000226609678723517;0,453116938733775;0,50460925554042;0,531692034273132;0,558666979612499;0,608007705286478
"Gamma3[12, 1]";0,595352151761177;0,0382048203967978;0,000220575633404325;0,000221208137982451;0,518982355304123;0,569564688510611;0,595685994959977;0,621335002076476;0,669393345775725
"Gamma3[13, 1]";0,560849473699526;0,0431699334954786;0,000249241727245128;0,000247684384733109;0,474852570984872;0,531711530622414;0,561477125711757;0,590647287776027;0,64384470135546
"Gamma3[14, 1]";0,61578886912269;0,0360436924095729;0,00020809835515255;0,000208952912898837;0,544449072641657;0,591547135922715;0,616331512586779;0,640193290902536;0,68555296201498
"Gamma3[15, 1]";0,515321794895998;0,0389813791265328;0,000225059097320865;0,000224726370978813;0,43925080436372;0,488815418828203;0,515521990420724;0,541752804698654;0,590810835919903
"Gamma3[16, 1]";0,563579589569307;0,0440755710669779;0,000254470428202062;0,000256967392760016;0,476739417405877;0,533998412677125;0,563819552671845;0,593394930256333;0,648935441991968
"Gamma3[17, 1]";0,591217348142723;0,0344648560657222;0,000198982939271264;0,000201592815973933;0,522716396874506;0,567990513554621;0,591449559953144;0,614758661966452;0,657780031910752
"Gamma3[18, 1]";0,600818224826466;0,0365590068204243;0,000211073524290773;0,000214301781871086;0,527970346633058;0,576274841271281;0,601336492190137;0,625733337162951;0,67117038797108
"Gamma3[19, 1]";0,583960024518716;0,0321223589841894;0,000185458526065276;0,000185143978440582;0,520449350314421;0,56234552552539;0,584317360369651;0,605722255799665;0,646458940153113
"Gamma3[20, 1]";0,575455237719279;0,0378437410745053;0,000218490940965081;0,000218495897751696;0,500389774987039;0,549921121402604;0,576029586366472;0,601525859330406;0,648088930833158
"Gamma3[21, 1]";0,57475186025966;0,0369215783896691;0,000213166832221813;0,000213607047383403;0,501046600963314;0,549976936085263;0,575083477046327;0,600048138831238;0,645336839966981
"Gamma3[22, 1]";0,463482309213125;0,0503697782122702;0,000290810050098759;0,000288271676534488;0,365889997386078;0,428746427152318;0,463644495786115;0,497938292559669;0,561921235953647
"Gamma3[23, 1]";0,514646477416168;0,0424740301302331;0,000245223927292584;0,000244198166408094;0,430883073903998;0,486175821261572;0,51500246995099;0,543419296075385;0,597405549723548
"Gamma3[24, 1]";0,362187324246228;0,0430879275897436;0,000248768265927616;0,000259757752717441;0,279970372412591;0,332819236870411;0,36162743060705;0,390917240257463;0,448062619130082
"Gamma3[1, 2]";0,453483344844162;0,0474246774547214;0,000273806502947146;0,00027940507484391;0,361788596837622;0,420973880759444;0,453452419572291;0,485568820485211;0,546850675199864
"Gamma3[2, 2]";0,528397532860004;0,0416787870547826;0,000240632589255758;0,000238333254518851;0,447056192308931;0,500180764895695;0,528603424054625;0,556865768788178;0,609661261264075
"Gamma3[3, 2]";0,38000542439322;0,0349824734198783;0,000201971404458857;0,000201959849147901;0,31209137847884;0,356263626380277;0,379689068385467;0,40340069635472;0,449621285200142
"Gamma3[4, 2]";0,346651319109501;0,0465819464326605;0,000268940993122732;0,000268698744458923;0,258341778378244;0,314669966220528;0,345520120103528;0,377665282486918;0,440092758181329
"Gamma3[5, 2]";0,511399175575656;0,0541657426207727;0,000312726060829591;0,000314368876332677;0,40517481465189;0,474899892944045;0,511372035681059;0,54844037414501;0,616154979222411
"Gamma3[6, 2]";0,408033088460791;0,0302469251046979;0,000174630703513558;0,000177877609704627;0,349082476570961;0,38756592832874;0,407774961245075;0,428543939112511;0,467967805839109
"Gamma3[7, 2]";0,348593672975137;0,0453857870341189;0,000262034963615316;0,000261211438141942;0,263551111509183;0,317038438703539;0,347446190067066;0,37873413146503;0,440342088452741
"Gamma3[8, 2]";0,462490441823009;0,033121770705011;0,000191228632325752;0,000186529581426579;0,398233100455085;0,439988125845721;0,462233214670664;0,484921650044277;0,527661463438897
"Gamma3[9, 2]";0,509223395604362;0,0340141350742892;0,000196380700413932;0,000195627358839219;0,442501492068923;0,486375532838787;0,508962258665413;0,532227146945437;0,576044747305642
"Gamma3[10, 2]";0,466065977343777;0,0316221348643411;0,00018257048076278;0,000182550739468104;0,404470475504146;0,444499915299347;0,465928554896748;0,487371212174066;0,527908048549437
"Gamma3[11, 2]";0,468569709268933;0,0396635583675652;0,000228997661005322;0,000226609678723517;0,391992294713522;0,441333020387501;0,468307965726868;0,49539074445958;0,546883061266225
"Gamma3[12, 2]";0,404647848238823;0,0382048203967978;0,000220575633404325;0,000221208137982451;0,330606654224275;0,378664997923524;0,404314005040023;0,430435311489389;0,481017644695877
"Gamma3[13, 2]";0,439150526300474;0,0431699334954786;0,000249241727245128;0,000247684384733109;0,35615529864454;0,409352712223973;0,438522874288243;0,468288469377586;0,525147429015128
"Gamma3[14, 2]";0,38421113087731;0,0360436924095729;0,00020809835515255;0,000208952912898837;0,31444703798502;0,359806709097464;0,383668487413221;0,408452864077285;0,455550927358343
"Gamma3[15, 2]";0,484678205104002;0,0389813791265328;0,000225059097320865;0,000224726370978813;0,409189164080097;0,458247195301345;0,484478009579276;0,511184581171797;0,56074919563628
"Gamma3[16, 2]";0,436420410430693;0,0440755710669779;0,000254470428202062;0,000256967392760016;0,351064558008032;0,406605069743667;0,436180447328155;0,466001587322875;0,523260582594123
"Gamma3[17, 2]";0,408782651857277;0,0344648560657222;0,000198982939271264;0,000201592815973933;0,342219968089247;0,385241338033548;0,408550440046856;0,432009486445379;0,477283603125494
"Gamma3[18, 2]";0,399181775173534;0,0365590068204243;0,000211073524290773;0,000214301781871086;0,32882961202892;0,374266662837049;0,398663507809863;0,423725158728719;0,472029653366942
"Gamma3[19, 2]";0,416039975481284;0,0321223589841894;0,000185458526065276;0,000185143978440582;0,353541059846887;0,394277744200335;0,415682639630349;0,43765447447461;0,479550649685579
"Gamma3[20, 2]";0,424544762280721;0,0378437410745053;0,000218490940965081;0,000218495897751696;0,351911069166842;0,398474140669594;0,423970413633528;0,450078878597396;0,499610225012961
"Gamma3[21, 2]";0,42524813974034;0,0369215783896691;0,000213166832221813;0,000213607047383403;0,354663160033019;0,399951861168762;0,424916522953673;0,450023063914737;0,498953399036685
"Gamma3[22, 2]";0,536517690786875;0,0503697782122702;0,000290810050098759;0,000288271676534488;0,438078764046353;0,502061707440331;0,536355504213885;0,571253572847682;0,634110002613921
"Gamma3[23, 2]";0,485353522583832;0,0424740301302331;0,000245223927292584;0,000244198166408094;0,402594450276452;0,456580703924615;0,48499753004901;0,513824178738428;0,569116926096002
"Gamma3[24, 2]";0,637812675753772;0,0430879275897436;0,000248768265927616;0,000259757752717441;0,551937380869918;0,609082759742537;0,63837256939295;0,667180763129589;0,720029627587409
"Gamma4[1, 1]";0,546516655155838;0,0474246774547214;0,000273806502947146;0,00027940507484391;0,453149324800136;0,514431179514789;0,546547580427709;0,579026119240556;0,638211403162378
"Gamma4[2, 1]";0,471602467139996;0,0416787870547826;0,000240632589255758;0,000238333254518851;0,390338738735925;0,443134231211822;0,471396575945375;0,499819235104305;0,552943807691069
"Gamma4[3, 1]";0,61999457560678;0,0349824734198783;0,000201971404458857;0,000201959849147901;0,550378714799858;0,59659930364528;0,620310931614533;0,643736373619723;0,68790862152116
"Gamma4[4, 1]";0,653348680890499;0,0465819464326605;0,000268940993122732;0,000268698744458923;0,559907241818671;0,622334717513082;0,654479879896472;0,685330033779472;0,741658221621756
"Gamma4[5, 1]";0,488600824424344;0,0541657426207727;0,000312726060829591;0,000314368876332677;0,383845020777589;0,451559625854989;0,488627964318941;0,525100107055955;0,59482518534811
"Gamma4[6, 1]";0,591966911539209;0,0302469251046979;0,000174630703513558;0,000177877609704627;0,532032194160891;0,571456060887489;0,592225038754925;0,61243407167126;0,650917523429039
"Gamma4[7, 1]";0,651406327024863;0,0453857870341189;0,000262034963615316;0,000261211438141942;0,559657911547259;0,62126586853497;0,652553809932934;0,682961561296461;0,736448888490817
"Gamma4[8, 1]";0,537509558176991;0,033121770705011;0,000191228632325752;0,000186529581426579;0,472338536561103;0,515078349955723;0,537766785329336;0,560011874154279;0,601766899544914
"Gamma4[9, 1]";0,490776604395638;0,0340141350742892;0,000196380700413932;0,000195627358839219;0,423955252694357;0,467772853054563;0,491037741334587;0,513624467161213;0,557498507931077
"Gamma4[10, 1]";0,533934022656223;0,0316221348643411;0,00018257048076278;0,000182550739468104;0,472091951450563;0,512628787825935;0,534071445103252;0,555500084700653;0,595529524495854
"Gamma4[11, 1]";0,531430290731067;0,0396635583675652;0,000228997661005322;0,000226609678723518;0,453116938733775;0,50460925554042;0,531692034273132;0,558666979612499;0,608007705286478
"Gamma4[12, 1]";0,595352151761177;0,0382048203967978;0,000220575633404325;0,000221208137982451;0,518982355304124;0,569564688510611;0,595685994959977;0,621335002076476;0,669393345775725
"Gamma4[13, 1]";0,560849473699526;0,0431699334954786;0,000249241727245128;0,000247684384733109;0,474852570984872;0,531711530622413;0,561477125711757;0,590647287776027;0,64384470135546
"Gamma4[14, 1]";0,61578886912269;0,0360436924095729;0,00020809835515255;0,000208952912898837;0,544449072641657;0,591547135922715;0,616331512586779;0,640193290902536;0,68555296201498
"Gamma4[15, 1]";0,515321794895998;0,0389813791265328;0,000225059097320865;0,000224726370978813;0,43925080436372;0,488815418828203;0,515521990420724;0,541752804698655;0,590810835919903
"Gamma4[16, 1]";0,563579589569307;0,0440755710669779;0,000254470428202062;0,000256967392760016;0,476739417405877;0,533998412677125;0,563819552671844;0,593394930256333;0,648935441991967
"Gamma4[17, 1]";0,591217348142723;0,0344648560657222;0,000198982939271264;0,000201592815973933;0,522716396874505;0,567990513554621;0,591449559953144;0,614758661966452;0,657780031910753
"Gamma4[18, 1]";0,600818224826466;0,0365590068204243;0,000211073524290773;0,000214301781871086;0,527970346633058;0,576274841271281;0,601336492190137;0,625733337162951;0,67117038797108
"Gamma4[19, 1]";0,583960024518716;0,0321223589841894;0,000185458526065276;0,000185143978440582;0,520449350314421;0,56234552552539;0,584317360369651;0,605722255799665;0,646458940153113
"Gamma4[20, 1]";0,575455237719279;0,0378437410745053;0,000218490940965081;0,000218495897751696;0,500389774987039;0,549921121402604;0,576029586366472;0,601525859330406;0,648088930833157
"Gamma4[21, 1]";0,57475186025966;0,0369215783896691;0,000213166832221813;0,000213607047383403;0,501046600963314;0,549976936085263;0,575083477046327;0,600048138831238;0,645336839966981
"Gamma4[22, 1]";0,463482309213125;0,0503697782122702;0,000290810050098759;0,000288271676534488;0,365889997386079;0,428746427152318;0,463644495786115;0,497938292559669;0,561921235953647
"Gamma4[23, 1]";0,514646477416168;0,0424740301302331;0,000245223927292584;0,000244198166408094;0,430883073903998;0,486175821261572;0,51500246995099;0,543419296075385;0,597405549723548
"Gamma4[24, 1]";0,362187324246228;0,0430879275897436;0,000248768265927616;0,000259757752717441;0,279970372412591;0,332819236870411;0,36162743060705;0,390917240257463;0,448062619130082
"Gamma4[1, 2]";0,453483344844162;0,0474246774547214;0,000273806502947146;0,00027940507484391;0,361788596837622;0,420973880759444;0,453452419572291;0,485568820485211;0,546850675199864
"Gamma4[2, 2]";0,528397532860004;0,0416787870547826;0,000240632589255758;0,000238333254518851;0,447056192308931;0,500180764895695;0,528603424054625;0,556865768788178;0,609661261264075
"Gamma4[3, 2]";0,38000542439322;0,0349824734198783;0,000201971404458857;0,000201959849147901;0,31209137847884;0,356263626380277;0,379689068385467;0,40340069635472;0,449621285200142
"Gamma4[4, 2]";0,346651319109501;0,0465819464326605;0,000268940993122732;0,000268698744458923;0,258341778378244;0,314669966220528;0,345520120103528;0,377665282486918;0,440092758181329
"Gamma4[5, 2]";0,511399175575656;0,0541657426207727;0,000312726060829591;0,000314368876332677;0,40517481465189;0,474899892944045;0,511372035681059;0,54844037414501;0,616154979222411
"Gamma4[6, 2]";0,408033088460791;0,0302469251046979;0,000174630703513558;0,000177877609704627;0,349082476570961;0,38756592832874;0,407774961245076;0,428543939112511;0,467967805839109
"Gamma4[7, 2]";0,348593672975137;0,0453857870341189;0,000262034963615316;0,000261211438141942;0,263551111509183;0,317038438703539;0,347446190067066;0,37873413146503;0,440342088452741
"Gamma4[8, 2]";0,462490441823009;0,033121770705011;0,000191228632325752;0,000186529581426579;0,398233100455085;0,439988125845721;0,462233214670664;0,484921650044277;0,527661463438897
"Gamma4[9, 2]";0,509223395604362;0,0340141350742892;0,000196380700413932;0,000195627358839219;0,442501492068923;0,486375532838787;0,508962258665413;0,532227146945437;0,576044747305642
"Gamma4[10, 2]";0,466065977343777;0,0316221348643411;0,00018257048076278;0,000182550739468104;0,404470475504146;0,444499915299347;0,465928554896748;0,487371212174065;0,527908048549437
"Gamma4[11, 2]";0,468569709268933;0,0396635583675652;0,000228997661005322;0,000226609678723518;0,391992294713522;0,4413330203875;0,468307965726868;0,49539074445958;0,546883061266225
"Gamma4[12, 2]";0,404647848238823;0,0382048203967978;0,000220575633404325;0,000221208137982451;0,330606654224275;0,378664997923524;0,404314005040023;0,430435311489389;0,481017644695876
"Gamma4[13, 2]";0,439150526300474;0,0431699334954786;0,000249241727245128;0,000247684384733109;0,35615529864454;0,409352712223973;0,438522874288243;0,468288469377586;0,525147429015128
"Gamma4[14, 2]";0,38421113087731;0,0360436924095729;0,00020809835515255;0,000208952912898837;0,31444703798502;0,359806709097464;0,383668487413221;0,408452864077285;0,455550927358343
"Gamma4[15, 2]";0,484678205104002;0,0389813791265328;0,000225059097320865;0,000224726370978813;0,409189164080097;0,458247195301345;0,484478009579276;0,511184581171797;0,56074919563628
"Gamma4[16, 2]";0,436420410430693;0,0440755710669779;0,000254470428202062;0,000256967392760016;0,351064558008032;0,406605069743667;0,436180447328156;0,466001587322875;0,523260582594123
"Gamma4[17, 2]";0,408782651857277;0,0344648560657222;0,000198982939271264;0,000201592815973933;0,342219968089247;0,385241338033548;0,408550440046856;0,432009486445379;0,477283603125495
"Gamma4[18, 2]";0,399181775173534;0,0365590068204243;0,000211073524290773;0,000214301781871086;0,32882961202892;0,374266662837049;0,398663507809863;0,423725158728719;0,472029653366942
"Gamma4[19, 2]";0,416039975481284;0,0321223589841894;0,000185458526065276;0,000185143978440582;0,353541059846887;0,394277744200335;0,415682639630349;0,437654474474611;0,479550649685579
"Gamma4[20, 2]";0,424544762280721;0,0378437410745053;0,000218490940965081;0,000218495897751696;0,351911069166842;0,398474140669594;0,423970413633528;0,450078878597396;0,499610225012961
"Gamma4[21, 2]";0,42524813974034;0,0369215783896691;0,000213166832221813;0,000213607047383403;0,354663160033019;0,399951861168762;0,424916522953673;0,450023063914737;0,498953399036685
"Gamma4[22, 2]";0,536517690786875;0,0503697782122702;0,000290810050098759;0,000288271676534488;0,438078764046353;0,502061707440331;0,536355504213885;0,571253572847682;0,634110002613921
"Gamma4[23, 2]";0,485353522583832;0,0424740301302331;0,000245223927292584;0,000244198166408094;0,402594450276452;0,456580703924615;0,48499753004901;0,513824178738428;0,569116926096002
"Gamma4[24, 2]";0,637812675753772;0,0430879275897436;0,000248768265927616;0,000259757752717441;0,551937380869918;0,609082759742537;0,63837256939295;0,667180763129589;0,720029627587409
"Mu_Alpha1";-2,09811453117709;0,112360833468879;0,000648715574496279;0,000643179333497646;-2,31974760381371;-2,17190921458293;-2,09839623910321;-2,02486116970215;-1,87197241349303
"Mu_Alpha2";5,92050046957068;0,509326867278432;0,00294060003928712;0,00831617142534556;4,93410270366324;5,57779121251581;5,91974649311909;6,25611075921639;6,94096290073464
"Mu_L1[1]";1,11817920062944;0,0225722195701372;0,000130320770450261;0,000129676944320535;1,07294959373265;1,1029957261811;1,11845161400272;1,13346461077347;1,16172543864893
"Mu_L1[2]";1,09321479932051;0,0239079475756376;0,000138032599685658;0,000137284752765577;1,04541083134588;1,07716586443874;1,09348561588875;1,10939599265115;1,13956999978125
"Mu_L1[3]";1,07524309376073;0,0221304179888702;0,000127770027831531;0,000127777240650621;1,03147883691534;1,06050393484698;1,07548142384022;1,09014199129838;1,11791604587429
"Mu_L1[4]";1,08929550769993;0,0216242036109878;0,000124847397758151;0,000124817242363212;1,04659539220097;1,07478423959176;1,08957717273656;1,1039089065551;1,13120454779327
"Mu_L1[5]";1,06081502748867;0,0229857038872807;0,000132708023268345;0,000133532927889125;1,01575048928274;1,04539359404736;1,06088581504316;1,07620726231969;1,10570762909959
"Mu_L1[6]";1,04752127962685;0,0231283204828461;0,000133531420566751;0,000136290140214788;1,00095005030093;1,03209613129966;1,04776585790518;1,06335355483516;1,09234062769897
"Mu_L1[7]";1,10635592362743;0,0199542822054327;0,000115206102027923;0,000113922065313248;1,06674950342289;1,09298588224339;1,10657791461673;1,11994468574953;1,14497052978001
"Mu_L1[8]";1,11550549140207;0,0207802684220878;0,000119974935673251;0,000120860936858334;1,07411636212421;1,10147206526215;1,11578755220422;1,12958570696003;1,1555242581008
"Mu_L1[9]";1,04884449550958;0,0219619709375904;0,000126797498327525;0,000129097796655474;1,00494731973413;1,03430425650613;1,04913015172111;1,06373333130525;1,09087104095665
"Mu_L1[10]";1,08135068843143;0,0239141686435978;0,000138068517038273;0,000138067763818901;1,03363929507603;1,06526634350634;1,0817251696001;1,09771143905003;1,12729477598019
"Mu_L1[11]";1,02965611168468;0,0220530888838483;0,000127323568035526;0,000127225456968867;0,985205387308752;1,01505081258076;1,02999145061923;1,04473386145951;1,07168637243681
"Mu_L1[12]";1,0741616139222;0,0216352768464101;0,00012491132911267;0,000126189192904988;1,0310872128215;1,0596084461892;1,0743359027862;1,08873487909492;1,11628755603136
"Mu_L1[13]";1,0661659146951;0,0236812121779987;0,000136723542257042;0,000135372212580977;1,01883421446202;1,05034429240147;1,06646998918009;1,0822295547721;1,11137977039009
"Mu_L1[14]";1,04137006544522;0,0187696837723156;0,000108366819785505;0,000108898340911835;1,00403559696305;1,02876737327484;1,04154204266102;1,05429115312475;1,07753767890101
"Mu_L1[15]";0,98572277223599;0,0197206406035912;0,000113857171610753;0,000113816647968965;0,945979265145674;0,972705515447978;0,985885963480188;0,999278731914297;1,02364491893444
"Mu_L1[16]";1,06491536380009;0,0235748391084599;0,000136109397053714;0,000135359486169706;1,01770055365415;1,04933086160451;1,06532175838769;1,08083318790927;1,11047032230581
"Mu_L1[17]";0,983477172881679;0,0194236728833569;0,000112142627678573;0,000112759138770666;0,944355379720006;0,970719812317152;0,983661991333622;0,996543957032696;1,02106695124929
"Mu_L1[18]";0,97583386559728;0,0177188865560189;0,000102300039228579;0,000102714881042332;0,940110155437675;0,964029695776981;0,976243238668282;0,987807712920783;1,00986029535412
"Mu_L1[19]";1,05465326485364;0,0202731242501324;0,000117046937431287;0,000117087990142837;1,0144551450893;1,04117384522367;1,05485196020411;1,06844848602048;1,09374118201971
"Mu_L1[20]";1,0208292337838;0,0178779903112498;0,000103218625187696;0,000103091521120253;0,985648778712101;1,00883466368069;1,02089371222706;1,03293907075863;1,05549022210474
"Mu_L1[21]";1,02675866897712;0,0195459701143318;0,000112848711070819;0,000112849240763083;0,987764456215753;1,01366437936784;1,02694991331032;1,04020276682255;1,06437349054543
"Mu_L1[22]";1,02992460483071;0,0201234516923025;0,000116182802515753;0,000115925859268032;0,989367878568962;1,0166700905828;1,03018842683923;1,04346224670234;1,06860897729465
"Mu_L1[23]";0,995628739125208;0,0211076774658557;0,000121865232668796;0,000124312618621378;0,95343640657698;0,98165726327858;0,995953120405335;1,00998195660591;1,03635113351424
"Mu_L1[24]";1,00949747927703;0,0212649576164564;0,000122773290041671;0,000121560061867054;0,967249330916041;0,995268147458247;1,00967075107778;1,02383235100039;1,05024279240687
"Mu_L1surv[1]";1,18098817605269;0,0213788105112985;0,000123430620036522;0,00012395731387443;1,13944810831003;1,16642926565596;1,18070053071511;1,19545006168314;1,22336649479413
"Mu_L1surv[2]";1,1873148824299;0,0216819559322068;0,000125180830940172;0,00012457833882313;1,14544639619232;1,17256759890099;1,18711372465297;1,20170746350335;1,23053727906904
"Mu_L1surv[3]";1,1598253448822;0,0206443181482891;0,00011919002640151;0,000120388252610041;1,12020944433857;1,14597897971938;1,15952879140552;1,17346757708613;1,20088703990077
"Mu_L1surv[4]";1,15850883230299;0,0205688951179966;0,000118754571333085;0,000118745675424064;1,11895745498185;1,14448269295899;1,15828505683851;1,17241555133037;1,19903684972948
"Mu_L1surv[5]";1,14106785822502;0,0221909715582607;0,000128119634027412;0,000128582540198995;1,09882800062624;1,12602195965527;1,14070136529946;1,155913790849;1,18547245022733
"Mu_L1surv[6]";1,14509253684806;0,0216099024695752;0,000124764830079708;0,000124189833027032;1,1033437671365;1,1303860143021;1,14497147915574;1,15955150891766;1,18806117357778
"Mu_L1surv[7]";1,15894092085374;0,0191002587697695;0,000110275395423179;0,00011062970413812;1,12195281090817;1,14604018556101;1,15872520890347;1,17178043999438;1,19668233853888
"Mu_L1surv[8]";1,18113529629324;0,0193322143760198;0,000111614591740266;0,00011056849934792;1,14388362199516;1,1680055738138;1,18092646698839;1,1940414430176;1,21955889037935
"Mu_L1surv[9]";1,13375047431311;0,0206600813473444;0,000119281035273688;0,000119280864416271;1,09363919320639;1,11982222957748;1,13370496789906;1,14745154446416;1,17463185546651
"Mu_L1surv[10]";1,17645835742662;0,02233101899726;0,000128928198293467;0,000128923470312235;1,13343842853332;1,16119117879393;1,17624665754302;1,1913297842592;1,22076751553449
"Mu_L1surv[11]";1,11809914094236;0,0210869732980941;0,000121745697100491;0,000120910896995511;1,07708180115126;1,10374466468285;1,11799794868571;1,1322155265506;1,16009684027388
"Mu_L1surv[12]";1,15507166432315;0,0200939321570121;0,00011601237139929;0,000116577617023688;1,11652458562634;1,14139013135825;1,15475925840463;1,16849881118738;1,19516431544352
"Mu_L1surv[13]";1,16289743118248;0,0219769139857847;0,0001268837720565;0,000125311516058453;1,12081399114824;1,14790657162919;1,16259729933513;1,17741408992079;1,20716729631117
"Mu_L1surv[14]";1,1026394425852;0,0179010461829905;0,000103351738325255;0,000102395285304455;1,06836943996704;1,09036968782363;1,10243721224282;1,1145213929492;1,1382760088997
"Mu_L1surv[15]";1,05631880624678;0,0191267595657084;0,00011042839783987;0,000109192277550716;1,01911424974435;1,04335051426164;1,05614377488002;1,06880785203292;1,09482105770597
"Mu_L1surv[16]";1,16278478835729;0,0217724347655552;0,000125703210728069;0,000126281135814774;1,12119108839865;1,14798534026392;1,16249337946835;1,17714528116165;1,20609067353504
"Mu_L1surv[17]";1,04956830539213;0,0190742294249464;0,000110125114930775;0,000111164817160573;1,01262061799332;1,03654039432216;1,04943007463947;1,06227226601239;1,08763667825216
"Mu_L1surv[18]";1,02909547662332;0,0174695866663091;0,000100860705644251;0,000101804908938785;0,995345630610793;1,01724897570744;1,02890171333908;1,04061427606932;1,06408780120623
"Mu_L1surv[19]";1,12679408947258;0,019141957410556;0,000110516142638008;0,000111168627868808;1,08966358061566;1,11378378509177;1,12661805924556;1,13952273701473;1,16460143238213
"Mu_L1surv[20]";1,07833478761099;0,0173773255649865;0,000100328035927407;9,87694202331021e-05;1,04457585808116;1,06657519584187;1,07809423017126;1,08988157273983;1,11277670741535
"Mu_L1surv[21]";1,09308756844814;0,0189983617215483;0,000109687092540978;0,000109258695582652;1,05650143769255;1,08022921725909;1,09283920665882;1,10577907433736;1,1308300736238
"Mu_L1surv[22]";1,1042764331965;0,0193247175016738;0,000111571308516048;0,000111154038903469;1,06679237271987;1,09120386871226;1,10401080681519;1,11702963411911;1,14277598653691
"Mu_L1surv[23]";1,06788293245304;0,021138327085454;0,000122042188330052;0,000122999925800645;1,02692764513797;1,05367117698111;1,06751046438039;1,08207088719578;1,10978544746005
"Mu_L1surv[24]";1,07657974714935;0,021018507673658;0,000121350410633507;0,000121773551889297;1,0358349806605;1,0622851665688;1,07635106695083;1,09052005626165;1,1189219720873
"Mu_L2[1]";2,99290380190921;0,0398484170608745;0,000230064943168764;0,000228530609152313;2,91566583791769;2,96644890202009;2,99258117974321;3,01908184073409;3,07285133759355
"Mu_L2[2]";2,94549000332448;0,0297662394472507;0,00017185546357633;0,000173414802804854;2,88711722304035;2,92559672374981;2,94547059294027;2,96517875827595;3,00457130612992
"Mu_L2[3]";2,93234737421128;0,0272029424560125;0,000157056261497287;0,000156091083209948;2,87944456556393;2,9139466679453;2,93231270883094;2,9505013189407;2,98619623723935
"Mu_L2[4]";2,97785797535528;0,0371129480782416;0,000214271705633934;0,000216116739658187;2,90531077707854;2,95311674499362;2,97762552969904;3,00238271255957;3,05139540395658
"Mu_L2[5]";2,86471682840291;0,0398245308967235;0,000229927036335739;0,000230954011212094;2,78665816978965;2,8379354799952;2,86446876507508;2,8911703641632;2,94401611961565
"Mu_L2[6]";2,89627152645372;0,0331711688716081;0,000191513832773575;0,000196614339989578;2,83242543792163;2,87396365014745;2,89594985903592;2,91854584844111;2,96200069650779
"Mu_L2[7]";2,91931761492363;0,031146802275908;0,000179826146783916;0,000184364615876478;2,85839664247859;2,89844749024227;2,91939268134739;2,94023620430948;2,98068063921422
"Mu_L2[8]";2,94521009661296;0,0248965983367112;0,000143740577516062;0,000143740762008726;2,89701442070233;2,92820104024495;2,94490741327623;2,96191083942758;2,99465845843883
"Mu_L2[9]";2,94921124157079;0,0336563424091723;0,000194314983498738;0,000198423723542514;2,88346607300964;2,92643475271466;2,94880830311907;2,97178307343628;3,01591825155826
"Mu_L2[10]";2,96560147876089;0,0326718897491999;0,000188631243416344;0,000186757875390269;2,90229109132677;2,94335843466599;2,9652565048935;2,98764327499984;3,03052313686714
"Mu_L2[11]";2,83451611942293;0,0313999565353536;0,00018128773358229;0,000185305277523748;2,77357757208731;2,81317669958956;2,83442513034813;2,85561845495189;2,89646338492762
"Mu_L2[12]";2,70050423452988;0,027227987038365;0,000157200856460917;0,000160185030551729;2,64729917778474;2,68193481894179;2,7001764680952;2,71899950768945;2,75355790551477
"Mu_L2[13]";2,66982156894638;0,0305335754504368;0,000176285680056314;0,000175114101865514;2,61076547172061;2,64940215762379;2,66952312977301;2,69009521163483;2,73031957032297
"Mu_L2[14]";2,81513936200328;0,0231632542623593;0,000133733110836809;0,00013555801908681;2,76997259567936;2,79965421676124;2,81510389993974;2,83052065462842;2,86086135280221
"Mu_L2[15]";2,54463648417968;0,0248955238203111;0,000143734373792733;0,000143744676555066;2,4962067675071;2,5280297131239;2,54463143722696;2,56117930920202;2,59408203983542
"Mu_L2[16]";2,682896118947;0,0271371632235436;0,000156676484921557;0,00015741015255907;2,62952925682969;2,66457882293248;2,68291098532849;2,70109757334452;2,73666967172083
"Mu_L2[17]";2,60179805044192;0,0290054765624204;0,000167463197012868;0,000171471307307659;2,54515694574642;2,58215299293123;2,60167119636561;2,62118708898696;2,65874326950866
"Mu_L2[18]";2,54345028140231;0,0261601018221444;0,000151035418290431;0,000153898038024538;2,49192658130973;2,52597839015241;2,54346285951886;2,56080750910909;2,59530000974856
"Mu_L2[19]";2,63654911327528;0,0256295545921916;0,00014797230243012;0,000152472224428341;2,58699007228766;2,61922920482955;2,63642585365216;2,65374910600057;2,68683803284287
"Mu_L2[20]";2,63040935444785;0,0238614300119443;0,000137764030406455;0,000140530775966587;2,58379095885395;2,61431057201299;2,63021696328766;2,64657163105652;2,67764277310874
"Mu_L2[21]";2,71566366875337;0,023728606147285;0,000136997171466296;0,000136380228334374;2,66947955154445;2,69950461513059;2,71539964263186;2,73172505942801;2,76228084341839
"Mu_L2[22]";2,73000821609265;0,0243681724821468;0,000140689709422267;0,000141144815190864;2,68272664496218;2,71379068213376;2,72990485196503;2,74607642801075;2,77831600089799
"Mu_L2[23]";2,66600429760928;0,0293730999723887;0,000169585671759924;0,000170433410606073;2,60826019829318;2,64640605204432;2,66592915961727;2,68560727740522;2,72386002213719
"Mu_L2[24]";2,73007623202305;0,030015254358947;0,000173293151839331;0,000173041853495519;2,67122358764702;2,71002660173555;2,7298878760223;2,75014093988624;2,78922480383886
"Mu_L2m[1]";3,00820547800443;0,0381140570268007;0,000220051610843321;0,000221275948189513;2,93337594063742;2,98291492678273;3,00825847651899;3,0334609334785;3,08335931753668
"Mu_L2m[2]";2,97469430972223;0,0300170729155309;0,000173303651280664;0,000182650909051959;2,91645241660079;2,95472645076543;2,97466745271956;2,99422701853105;3,0343296007767
"Mu_L2m[3]";2,9599193110967;0,0276083711211111;0,000159397004986606;0,00017087266365527;2,9064468193376;2,94106646440379;2,95978593117513;2,97820449176807;3,01498893374121
"Mu_L2m[4]";3,00429543082472;0,0362253435687891;0,000209147118609271;0,000219837034879022;2,93330899927907;2,97993233826053;3,00408957343561;3,02821025684214;3,07603831326723
"Mu_L2m[5]";2,88775407436685;0,0392966128936325;0,000226879100323792;0,000232144881224348;2,81103387927832;2,86117762338515;2,88740051807566;2,91375112427957;2,96598372264802
"Mu_L2m[6]";2,91704378359282;0,0334479896931051;0,000193112058531661;0,00020908839243392;2,85242844802084;2,89452124112494;2,91650583200583;2,93942227887698;2,98342054851593
"Mu_L2m[7]";2,96517374499722;0,0315049473079128;0,000181893898090285;0,000205290991418726;2,90423325737436;2,9439438040615;2,9650228941305;2,98625209978939;3,02750153427868
"Mu_L2m[8]";2,96095511209309;0,0252494872187967;0,000145777982426723;0,000150586315275383;2,91221083285469;2,94359791995163;2,96059279893189;2,97797978760435;3,01114618875121
"Mu_L2m[9]";2,98285401926738;0,0340702379861093;0,000196704610726348;0,000215626329502087;2,91670586112303;2,95961974471981;2,98241901820456;3,00561955664073;3,0508351947576
"Mu_L2m[10]";2,98409743417894;0,0326864686504242;0,000188715414741807;0,000192319729642624;2,92106746525608;2,96178436098454;2,98369738216681;3,00608917994049;3,04906652427969
"Mu_L2m[11]";2,86446325439125;0,0320005023684491;0,000184754986566273;0,000200019655619798;2,80295269446375;2,84272771220504;2,86415764402979;2,88586935342286;2,92794564771958
"Mu_L2m[12]";2,74701518291297;0,0282808506716074;0,000163279567481641;0,00018004338026823;2,69244230402141;2,727525665616;2,74659741492357;2,7658702231866;2,80335523959723
"Mu_L2m[13]";2,70890175959784;0,0314709976078526;0,000181697889405598;0,000194693908480063;2,64861414529352;2,68757275918619;2,7083104458111;2,72958302028701;2,77171548317879
"Mu_L2m[14]";2,84442131637015;0,0240080176691247;0,000138610354639785;0,000151539982208763;2,79813071418344;2,82827541344983;2,84425484334887;2,86038242287427;2,89244194593541
"Mu_L2m[15]";2,58343269360578;0,0260988323843065;0,000150681679026143;0,000163462053109741;2,53343801291467;2,56570927712554;2,58327920901246;2,60066303137799;2,63591107538704
"Mu_L2m[16]";2,71881218322575;0,0278475590116901;0,000160777956916733;0,000171045022715073;2,66476150636325;2,70003684708057;2,71845512297378;2,73729437644659;2,77435522741991
"Mu_L2m[17]";2,6315458731743;0,0302146666486958;0,000174444459230993;0,000189127531970852;2,57357013465886;2,61098536211889;2,63110008549278;2,65156731170792;2,69215808146204
"Mu_L2m[18]";2,57688947370083;0,0271968474017256;0,000157021071684954;0,000172712039977992;2,52452700105538;2,55861623464392;2,57657979720267;2,5947684719888;2,63203407056983
"Mu_L2m[19]";2,65677666514225;0,0263777188075999;0,000152291830541761;0,000170497408375315;2,6060695844588;2,63892043668056;2,65644932270293;2,67443787670562;2,70934942883705
"Mu_L2m[20]";2,65676435360696;0,0247300464900143;0,000142778989980817;0,000156731522834721;2,60913185588676;2,63999687376003;2,65637953941606;2,67329244596394;2,70668476504831
"Mu_L2m[21]";2,7396815848183;0,0243103714049646;0,000140355994747561;0,000147761628304047;2,69282593280671;2,72320891069956;2,73931369533713;2,75591145549139;2,78791997552425
"Mu_L2m[22]";2,75286627958161;0,0249171165256316;0,000143859039335027;0,000153466030423192;2,70472654306767;2,73596555294555;2,75269585666413;2,76919085551455;2,80248203900972
"Mu_L2m[23]";2,69855594103978;0,0295794253852696;0,000170776892086599;0,000174333985953043;2,64118399807694;2,67877334035569;2,69810675933116;2,71805622756477;2,75738309953863
"Mu_L2m[24]";2,75007200410818;0,0303126587078036;0,000175010216648037;0,000177748738120965;2,69103026084615;2,72966526909077;2,74984188041435;2,770308416066;2,81002082711613
"Mu_L2nm[1]";2,7985716363902;0,0457267346746749;0,000264003425735861;0,000332831588169922;2,70535388754515;2,76834043434635;2,79974721790628;2,83002297948394;2,88560812358258
"Mu_L2nm[2]";2,81625505769711;0,0331916513677911;0,000191632088520424;0,000244847245573974;2,74875314119252;2,79438253121925;2,81711257380243;2,83882146847807;2,87913449319312
"Mu_L2nm[3]";2,81991531784693;0,0301718037574305;0,000174196990212891;0,00021167740961575;2,75953318310018;2,80010720326673;2,82062437516316;2,84035628080814;2,87689586373638
"Mu_L2nm[4]";2,81659689879076;0,0420518927216969;0,00024278671582805;0,000307263315106492;2,73024191761566;2,78907923885011;2,8175580053054;2,84531445441218;2,89607447284752
"Mu_L2nm[5]";2,68053327477221;0,0447112525278691;0,000258140536827705;0,000322952665004119;2,59021387968389;2,65066530552759;2,68205192447719;2,71115820203988;2,76474389773073
"Mu_L2nm[6]";2,74661963965278;0,0360064201998395;0,000207883163949321;0,000248406172943235;2,67353562595348;2,72295156223823;2,74768077560025;2,77116529092623;2,8148515541231
"Mu_L2nm[7]";2,7827884352284;0,0354521174545263;0,00020468289555713;0,000257850124535355;2,71116849881442;2,75944026365933;2,78377018215238;2,80696835634919;2,84988879599562
"Mu_L2nm[8]";2,84190713120858;0,0276685881127667;0,000159744667950027;0,000192095121045226;2,7863476003695;2,82361653247318;2,84256499466202;2,86072852335861;2,8946490272217
"Mu_L2nm[9]";2,83618484694877;0,0368671027725766;0,000212852317099887;0,000252779119688329;2,76183639711723;2,81189446384938;2,83704000038477;2,8612643619136;2,90712695401205
"Mu_L2nm[10]";2,83173741559949;0,03646191992606;0,000210512992844813;0,00025848486212298;2,7582165402748;2,80754674622919;2,83262418652211;2,85659793358776;2,90109803163039
"Mu_L2nm[11]";2,71081723987989;0,034462452650463;0,000198969063146795;0,000236725571241837;2,64134653561549;2,6877374714206;2,71160590751333;2,73447320996298;2,77612326173914
"Mu_L2nm[12]";2,60771081377915;0,0296234282266134;0,000171030942609548;0,000205353021781448;2,54898078811017;2,5878178946405;2,60800004334837;2,62816751315686;2,66501637706587
"Mu_L2nm[13]";2,55514537075853;0,0325732770273488;0,000188061902601281;0,0002238164037653;2,49006249523879;2,53350674671826;2,55552957386504;2,57727107046284;2,61794078581631
"Mu_L2nm[14]";2,73507785785005;0,0252721536226557;0,000145908846970418;0,000168887874415373;2,68475407418854;2,71840563730014;2,73561618336579;2,75224059454774;2,78337370674951
"Mu_L2nm[15]";2,46928113076809;0,0259544922152691;0,000149848330671657;0,000166155051992613;2,41733208552995;2,45206843175937;2,46951489838006;2,48661304390347;2,51955331747876
"Mu_L2nm[16]";2,58146851540016;0,0297911076213905;0,000171999040046669;0,000216600007856617;2,52138755568577;2,56169533072859;2,58212108186344;2,60192897984999;2,6380678796637
"Mu_L2nm[17]";2,50608579240837;0,0296314954675442;0,000171077518846778;0,000190253735080938;2,44682142968758;2,48618593505394;2,50644649667287;2,52641930426138;2,56279769573674
"Mu_L2nm[18]";2,44909779300052;0,027149526196279;0,000156747862577925;0,000186506724852746;2,39420345342518;2,43126102330602;2,44965237266483;2,46735267927126;2,50129096398802
"Mu_L2nm[19]";2,53991717443062;0,0270277182292492;0,000156044603952384;0,000180817036058931;2,48572585701233;2,52199182157092;2,54039937444211;2,55858406321042;2,59127467077417
"Mu_L2nm[20]";2,54316210260501;0,0255188442470885;0,000147333115954647;0,000173154550173489;2,49175783126531;2,52630708924705;2,54358869276275;2,5605619332244;2,59206049636339
"Mu_L2nm[21]";2,61249714870489;0,0262378690451587;0,000151484407561846;0,000187324649018616;2,56011119130303;2,59484056166992;2,61311242930103;2,63046428363723;2,66248153627725
"Mu_L2nm[22]";2,62726635439364;0,026594483052191;0,000153543319491414;0,000183728302813966;2,57324096605326;2,60982989089755;2,62782498917914;2,6451231375512;2,67857999312419
"Mu_L2nm[23]";2,55762438156846;0,0322652169630655;0,000186283316990876;0,000237636961025222;2,49249097152782;2,53633232375145;2,55824195258064;2,57965464415064;2,61876051039971
"Mu_L2nm[24]";2,60100038492785;0,033716017240424;0,000194659516297608;0,000250161596427427;2,53259967899368;2,57887459992567;2,6018000690747;2,62386741129797;2,66507348242641
"Mu_Mu_L1";1,04999561334698;0,012581320648104;7,26382886294386e-05;7,29006935142921e-05;1,02569234189305;1,04153503847439;1,04989668411463;1,05832131982804;1,07494489936698
"Mu_Mu_L1surv";1,12527138723379;0,00537912882484716;3,10564147503118e-05;3,095752747359e-05;1,11470180836067;1,12166807302965;1,12529941022149;1,12892226470434;1,13575731794146
"Mu_Mu_L2";2,78836931554492;0,033904357675506;0,000195746900306548;0,00019941721209323;2,72163264806584;2,76631456984932;2,78785090982768;2,81048732130264;2,85595979195989
"Mu_Mu_L2m";2,81563296930918;0,00817749376344879;4,72127822562365e-05;9,11621293808764e-05;2,79953912366714;2,81012515679309;2,81564870431903;2,82114153525032;2,83169086199032
"Mu_Mu_L2nm";2,66946923810877;0,0112833980692521;6,5144729126564e-05;0,000154428756178986;2,64736322919379;2,66187219990796;2,66944832786122;2,67699448127879;2,69163305707225
"Mu_N1[1]";2422,70863815503;314,036523808157;1,81309071556014;1,81313437153198;1865,64302038651;2202,21273657312;2400,34577790109;2622,90862496757;3090,24688729137
"Mu_N1[2]";10130,4495113382;274,806722087836;1,58659734972531;1,59361153383527;9598,84189957636;9944,05932808064;10127,5773683635;10310,4871287568;10678,1032605005
"Mu_N1[3]";5086,36920732135;365,316374690804;2,10915507267114;2,11017548256079;4400,58309465134;4835,42905382764;5076,23395623148;5322,7304864045;5844,85699268801
"Mu_N1[4]";2794,82847169002;221,606094683447;1,2794433841955;1,282676442631;2383,06319804712;2640,99995509604;2786,54505338336;2939,75423129756;3255,33805056938
"Mu_N1[5]";3223,48748330728;258,332728701453;1,49148470456275;1,48524689390557;2744,85983764481;3044,89053455495;3214,31057236716;3389,99666353164;3758,88390911596
"Mu_N1[6]";12084,1200055782;725,507373087955;4,18871877151389;4,18653458276793;10716,4218422004;11581,4071062762;12067,0664227189;12560,6165060334;13555,6014668294
"Mu_N1[7]";1353,58119506637;85,9320145428867;0,496128717283425;0,493258576519496;1193,7488537362;1293,72989015617;1350,55307896646;1409,68300689467;1528,51384338922
"Mu_N1[8]";10271,6802046449;214,323766365822;1,23739884205042;1,25788278714886;9860,41630098012;10127,1312467586;10269,4988708143;10413,7810982639;10699,2512389317
"Mu_N1[9]";7979,54322575819;169,183336807828;0,976780450483985;0,975327725191505;7655,95710483777;7864,16573518852;7977,63001225733;8092,63007586564;8315,86493162629
"Mu_N1[10]";10923,7117593458;255,753812763129;1,47659532645066;1,46188391665406;10424,706480811;10749,9087708715;10920,9049376364;11094,2857039708;11430,4099223792
"Mu_N1[11]";7471,22915017476;431,39566580411;2,49066403779241;2,49299169928782;6663,21352925739;7171,3476571698;7460,55493024023;7753,04134057759;8348,74685317402
"Mu_N1[12]";7710,93046501554;285,401401805047;1,64776576159241;1,66757300664144;7166,58307685762;7514,29123027237;7705,45071076788;7901,71418595774;8284,88844725342
"Mu_N1[13]";10663,5403332993;625,349594704691;3,61045756840377;3,627044934989;9489,59694986871;10233,1568379994;10647,689139561;11074,431356322;11941,4455335781
"Mu_N1[14]";14048,4028592383;640,330237912184;3,69694835228857;3,73302983853786;12845,2892692194;13605,6483381431;14031,6508252936;14474,5856323423;15343,0437620539
"Mu_N1[15]";10815,0891063419;461,441259519973;2,66413235399056;2,75389934680328;9936,32173187096;10497,9174295459;10805,8152434731;11121,28973768;11739,514991242
"Mu_N1[16]";9163,19951005894;691,762861684601;3,9938947440899;4,01002184691951;7887,89230895939;8685,30927011064;9137,47602336853;9613,66272412218;10588,7902455536
"Mu_N1[17]";8809,69978376419;837,221584403828;4,83370107126915;4,73994353464295;7280,56538055049;8231,74051721089;8770,14418180311;9348,46153357019;10559,5378533056
"Mu_N1[18]";9391,8187892412;1317,21584958976;7,60494925341492;7,6377096509671;7079,40597490276;8465,89134049422;9293,25608693205;10215,9454441352;12242,3658730392
"Mu_N1[19]";10543,5319739185;565,427903297436;3,26449952176101;3,26014423202658;9480,04570062016;10152,2884944333;10526,819495617;10910,6776566366;11691,9913656822
"Mu_N1[20]";6960,85926927125;530,904446034534;3,06517824832008;3,07842184736041;5976,37287329234;6595,24983772166;6943,97319195764;7305,16269782039;8049,8692873837
"Mu_N1[21]";10004,8340553005;379,555097506245;2,19136237717525;2,19118415300465;9286,3163137999;9744,30566657849;9995,32633945864;10256,3549093424;10781,2788209267
"Mu_N1[22]";6470,14876299241;448,02948205245;2,5866994206787;2,60507915304875;5633,81612683067;6161,21978452447;6456,70734772861;6761,34428686973;7391,66363052497
"Mu_N1[23]";5407,11707360852;500,5975332465;2,89020120575529;2,87621398666761;4487,98573885736;5062,69078849195;5382,17465424972;5726,11003338801;6459,86218109305
"Mu_N1[24]";5435,01861512013;285,136619689629;1,64623704133628;1,64632267773671;4902,63294371478;5238,69267883641;5428,69528685733;5623,32551934787;6016,11986374253
"Mu_N2[1, 1]";365,394966635028;39,947181498615;0,230635159915922;0,230284112437438;290,708471233606;338,009998460862;364,361089159223;391,663628235013;446,394117140281
"Mu_N2[2, 1]";454,298335751717;45,850933152731;0,264720485983247;0,262866810225526;368,117652697737;422,504246623354;453,152078213109;484,497390264429;546,772126459341
"Mu_N2[3, 1]";282,195525034783;27,0021367742176;0,155896909352896;0,155894760923209;232,529166585567;263,628064551592;281,223500887795;299,830829543367;338,126869325427
"Mu_N2[4, 1]";324,744501675141;42,2677089459449;0,2440327313797;0,243348023464877;248,953542791912;295,391120741101;322,184781533996;351,707839162076;415,093243226415
"Mu_N2[5, 1]";235,748848308136;29,9835827137717;0,173110295510655;0,173014921496928;179,822335607309;215,056825397317;234,66702630485;255,477510356745;296,910446079705
"Mu_N2[6, 1]";543,404188245713;42,0487883155796;0,242768792530974;0,243332476785995;464,95710078478;514,330704807087;542,031927254646;571,152681562578;628,786579141954
"Mu_N2[7, 1]";271,331634665033;27,5322322206642;0,158957416839918;0,158404800555184;219,842165544589;252,349642344263;270,37883924109;289,222656461872;327,778992423791
"Mu_N2[8, 1]";922,100759375306;65,0861310033785;0,375774952553118;0,374582969539795;797,568299844216;877,749914657872;921,266535798305;965,361837712574;1052,2028889719
"Mu_N2[9, 1]";391,999818871552;32,8473417840655;0,189644216211939;0,186317528171098;329,12178837419;369,454869837807;391,476898273513;414,059687457727;458,126463175007
"Mu_N2[10, 1]";729,035017777235;52,5004297904157;0,303111372720676;0,305592442750514;629,908796940231;693,135609066351;727,800886504916;763,984025773164;834,785933537869
"Mu_N2[11, 1]";431,766301965441;40,9217950691994;0,23626209398925;0,235149634535718;353,863481234461;403,721980010371;430,660924439226;459,014096625919;515,745095148401
"Mu_N2[12, 1]";365,038136090555;34,3057648671969;0,198064425808322;0,197728619409754;301,943856818874;341,184995029062;363,799615049819;387,402803298026;435,673346453044
"Mu_N2[13, 1]";286,085630864374;30,7488210628456;0,177528401178975;0,177014533150771;228,602548343878;264,748744086528;284,96129017491;306,075746896658;349,335410453091
"Mu_N2[14, 1]";871,989995916986;62,148346678984;0,358813646848016;0,358818307093552;751,956913707125;829,997266625773;871,007932478568;913,524549164715;996,462451770749
"Mu_N2[15, 1]";410,968094485348;39,6053870724584;0,228661808876432;0,226755064536987;336,925474208641;383,660929641004;409,630088922785;437,290994508074;492,019236345924
"Mu_N2[16, 1]";421,692029876197;47,5712798516015;0,274652912280171;0,275601233203577;334,366331481033;388,520628701508;419,657098216191;452,648717361798;520,686527871919
"Mu_N2[17, 1]";635,209555932073;49,6732979457786;0,286788919405317;0,287024428934271;542,789759385319;601,102324519337;633,743131031678;667,732924076753;736,668977732894
"Mu_N2[18, 1]";746,208609566429;60,2044527046462;0,347590569754416;0,348631424885275;631,879960156795;704,677643117917;745,393731640706;786,05898482086;867,915553467588
"Mu_N2[19, 1]";571,30325294357;42,9846789937679;0,248172159880816;0,249263658174613;490,215300789608;541,573516344197;570,597944243064;599,765182776523;658,61425494971
"Mu_N2[20, 1]";627,531070269005;50,5143944938688;0,291644992589861;0,303943612930052;531,185773144845;592,691167641723;626,705693950924;661,229441344796;728,45306500365
"Mu_N2[21, 1]";899,718704198446;68,1569171721476;0,393504144764744;0,392030701362715;769,212045816422;852,82982427345;898,740191641699;945,607793251962;1035,04061674291
"Mu_N2[22, 1]";237,20142754857;32,1164414703652;0,185424361283282;0,18638263783804;177,801590529687;214,595293274444;236,095069763285;258,159505296712;304,003941622678
"Mu_N2[23, 1]";217,933783590775;27,4457645610829;0,158458195574563;0,159192263669917;168,655539358507;198,578458816557;216,652065724563;235,653385963132;275,326477414419
"Mu_N2[24, 1]";247,773927588066;34,9974302167192;0,20205775756568;0,198707875235961;183,540232560095;223,871153859864;246,235043861399;270,189574713679;320,764596221039
"Mu_N2[1, 2]";303,189793611785;37,5575868751256;0,216838828924665;0,214391731196844;233,325265321027;276,955638496627;302,096500303931;328,010223522292;379,857800096936
"Mu_N2[2, 2]";508,994849668856;47,0198054472333;0,27146897332204;0,269722139673753;419,877137519195;476,828407880311;507,771680317967;540,243142605999;604,424004553567
"Mu_N2[3, 2]";172,968532713957;20,8676414005495;0,120479383799598;0,118311905002333;134,794662804163;158,484920430376;172,072733919378;186,38934248016;216,506994518452
"Mu_N2[4, 2]";172,334937276789;30,0604943344198;0,173554344959505;0,170029008489816;119,285305250243;151,08184996529;170,463046653994;191,32964570703;236,213859142634
"Mu_N2[5, 2]";246,763233707706;30,4400797433841;0,175745882339965;0,176416220983447;189,518361574636;225,80712364764;245,778474858568;266,682473331293;309,349454285545
"Mu_N2[6, 2]";374,57729492301;35,5010333794162;0,204965311781158;0,208452907256382;308,477601870715;349,938712854742;373,27782846067;397,83140031921;447,758329091908
"Mu_N2[7, 2]";145,189078668026;21,6944219618933;0,125252803596124;0,125254325900792;105,613253655496;130,011849941216;144,044178090845;159,317592359132;190,700968580413
"Mu_N2[8, 2]";793,402815804206;63,0040565065856;0,363754089841156;0,360207193981746;672,188737378363;750,407968217161;792,520356670515;835,352994870398;919,626331480097
"Mu_N2[9, 2]";406,728828700041;33,1798498942045;0,191563952680903;0,191600434220169;343,217004674732;384,032245278111;406,141115331004;428,706665360715;473,54796064012
"Mu_N2[10, 2]";636,373859527926;50,5063753957522;0,291598694305298;0,29295509603462;540,513719513145;601,843407015125;635,455340610962;669,947872781142;738,162756189428
"Mu_N2[11, 2]";380,684645124042;39,0593911354206;0,22550949986418;0,225862506926122;307,515738643639;353,717052849109;379,395928252523;406,435236224117;460,295384438231
"Mu_N2[12, 2]";248,119226113468;29,0652068321257;0,167808049885799;0,167794362228276;194,298635030113;228,049550741121;246,948834283294;267,181624286552;308,002310134754
"Mu_N2[13, 2]";224,034135217995;27,9333244764332;0,161273124058299;0,16054417188791;172,864419250313;204,587411698261;223,002152359592;242,068591627321;282,007114773789
"Mu_N2[14, 2]";544,051929144901;55,5393492502964;0,320656582402752;0,32197105889756;438,721658928473;505,776654870087;542,956662535927;580,452619608889;657,002846108484
"Mu_N2[15, 2]";386,549880007585;38,9135830040804;0,224667676225386;0,226315503509866;314,055909298159;359,532852956284;385,343279205484;412,052514998391;465,596279496837
"Mu_N2[16, 2]";326,562198794636;42,4637134733579;0,245164364046343;0,242764406104252;249,151771561423;296,942722200456;324,95354938586;354,295504474133;414,973923062685
"Mu_N2[17, 2]";439,209037461441;43,627974946518;0,251886230795704;0,255486969847746;357,415187609655;408,966106811632;438,10019509789;467,756525193546;528,00808217911
"Mu_N2[18, 2]";495,769747114198;52,4148216182918;0,30261711370847;0,300763079666519;397,892182819686;459,961876787625;493,954413831532;529,74680537361;603,980001582026
"Mu_N2[19, 2]";407,035606924828;37,8824064220234;0,21871417545306;0,21851172258527;335,653641791849;380,761676125817;406,057328920339;432,155540018389;483,914499368522
"Mu_N2[20, 2]";462,971101233201;46,6137876506945;0,269124828480765;0,267936170459515;374,685448782675;430,803417995166;461,637442350344;493,87338932394;557,794272063521
"Mu_N2[21, 2]";665,693220609939;63,824754000166;0,368492389029575;0,374238790315036;546,862667578677;621,306971772709;664,212001422804;707,902285459504;794,984639543126
"Mu_N2[22, 2]";274,539823157176;33,6792825893408;0,194447428690694;0,194438716194779;212,578268139002;251,073347984604;273,404629196321;296,366757943601;344,061693312558
"Mu_N2[23, 2]";205,500265684305;26,3369573094721;0,152056493922594;0,152860039255701;158,000177741756;187,104631950652;204,125224848929;222,537779132983;260,87380271379
"Mu_N2[24, 2]";436,282657549003;43,7724098917747;0,252720126340947;0,254673235665338;354,591850772941;406,004435806306;434,959066947626;464,74301583776;526,049691801772
"Mu_N2m[1, 1]";328,278994287995;36,2964390142109;0,209557588354795;0,20829861230956;260,089210106025;303,172244520355;327,21881365295;351,957566542772;402,245442518074
"Mu_N2m[2, 1]";367,478683655536;36,8039857004975;0,212487910514334;0,210990027832166;297,680687369075;342,065325079049;366,725250398247;391,647053805758;441,116677932538
"Mu_N2m[3, 1]";225,673968478641;22,2959142628971;0,128725521015125;0,128730708327223;184,923672323792;210,324231713956;224,67247735769;240,100500951645;272,377718052796
"Mu_N2m[4, 1]";273,406446094127;38,2593300389656;0,220890344970115;0,221132312308176;205,421407392253;246,710061434155;271,041919047354;297,486576950827;355,942417519222
"Mu_N2m[5, 1]";207,56421229159;26,3806268450571;0,152308620103848;0,152038456889118;158,264767598651;189,274491801162;206,762233813566;224,81141056815;261,926271904661
"Mu_N2m[6, 1]";474,508560877888;38,4420635997056;0,221945357674948;0,221957488514773;402,730111330023;448,060776301166;473,376001491057;499,833927457346;553,345817403405
"Mu_N2m[7, 1]";200,652940642195;22,3469779717928;0,129020337475892;0,128628743793721;159,524216379312;184,973302846639;199,865656997402;214,931330860889;247,180763028063
"Mu_N2m[8, 1]";798,875903419392;57,1291375102844;0,329835229201338;0,329856338669964;688,892379623164;760,007616145339;798,237617461518;836,780976457191;912,805480634046
"Mu_N2m[9, 1]";299,928133854189;24,7549941909741;0,142923025599465;0,141124508529283;252,840783800699;283,086392333876;299,454191327066;316,381184263626;349,854889760096
"Mu_N2m[10, 1]";635,723061237828;46,425139176438;0,268035666006823;0,269298590454386;547,606125804257;604,251511101982;634,577704125871;666,616198894905;729,800791350866
"Mu_N2m[11, 1]";347,021543790808;33,6754554469061;0,194425332673545;0,193357479768133;283,587783183375;323,91568461102;345,857446481245;369,484123383466;415,158684836179
"Mu_N2m[12, 1]";243,593552056689;24,3446063611134;0,140553650359043;0,14067251446692;198,759671004831;226,574298168599;242,578849428588;259,413023976184;293,647893991876
"Mu_N2m[13, 1]";214,439145855902;24,5188106735025;0,141559419425561;0,142276724592234;169,418030353299;197,435400273014;213,326412344229;230,324545397315;265,318214430428
"Mu_N2m[14, 1]";638,298038652942;46,7273189190087;0,269780301563991;0,265332475153374;549,101955662166;606,452591890786;637,68966741212;669,21767260021;731,928591005301
"Mu_N2m[15, 1]";272,651810263687;25,3021880525768;0,146082250832418;0,14607246482929;224,684627851374;255,401086613549;272,003155162754;289,563780405786;324,104449681687
"Mu_N2m[16, 1]";312,232127693995;38,1611611472807;0,220323566609712;0,218896333316584;242,514669797973;285,758831309733;310,489999393313;336,617852360503;392,867022296431
"Mu_N2m[17, 1]";486,588533780485;40,1549884729293;0,23183493404152;0,233624733583379;411,781431993294;458,82194979292;485,278593238892;512,855134173945;569,374331948027
"Mu_N2m[18, 1]";555,995349299571;47,0673427593204;0,27174343012134;0,272971682433406;467,120582679226;523,840676215794;554,899812492161;586,9658630708;651,28841387025
"Mu_N2m[19, 1]";473,097906145882;36,6418401746991;0,211551762884658;0,215493604438192;404,280038630616;447,885530062151;472,089708781559;497,289136940777;548,122578737325
"Mu_N2m[20, 1]";482,759718907229;41,0009068909083;0,236718846304847;0,247029998455216;405,249366497643;454,378764711441;481,777255815155;509,931693196258;566,178282437274
"Mu_N2m[21, 1]";729,801441663061;52,1362882520633;0,301009000568767;0,30101016681424;628,6712439323;694,255254207889;729,53725860034;765,280220873128;831,761957310147
"Mu_N2m[22, 1]";194,17317283864;27,2370908275936;0,157253417212534;0,158187170659411;144,017826415459;175,174810173421;193,107488601064;211,821594166041;251,068476018942
"Mu_N2m[23, 1]";167,839690735002;20,5714803666067;0,118769497272895;0,118571358494258;130,243345438755;153,517458602699;166,807991945341;181,257479219878;210,601626324916
"Mu_N2m[24, 1]";214,836002829169;30,8973540894866;0,178385957008123;0,174935006328305;158,04723219675;193,327720860154;213,430699824765;234,687009914466;279,436304267326
"Mu_N2m[1, 2]";272,39845103109;34,0945353247618;0,196844891476465;0,194886479080545;209,210859354732;248,517619759868;271,14648073387;294,926330118381;342,291610358893
"Mu_N2m[2, 2]";411,740350266677;37,9140250448648;0,218896725657149;0,218524247608502;339,611955785867;385,833508562209;410,831950079967;436,895291407144;488,429972714174
"Mu_N2m[3, 2]";138,323391379507;17,0181437294956;0,0982542986333202;0,0979744018671628;107,15889797553;126,540226237417;137,565351877517;149,22103706953;173,812135528999
"Mu_N2m[4, 2]";145,087867142066;26,3647630249268;0,152217030295622;0,148727296997271;98,87361846238;126,529972323642;143,25462666685;161,544229184074;201,367873352434
"Mu_N2m[5, 2]";217,266449869649;26,8213020018941;0,154852859308098;0,155566329167899;166,670451541991;198,785532547362;216,528696083447;234,839672812619;272,085637231032
"Mu_N2m[6, 2]";327,086307209055;31,9803162437591;0,184638441921037;0,187981208995083;267,476890194864;304,916568050757;325,855994504059;348,01818267104;393,083122421989
"Mu_N2m[7, 2]";107,373733001104;16,821876790251;0,0971211509312614;0,0971194743556244;77,0503446361671;95,6142475988805;106,325458462728;118,147296936527;142,756306325194
"Mu_N2m[8, 2]";687,370923816464;55,0902015671988;0,31806342704533;0,318868918233085;581,727503225809;649,776183362442;686,332408414694;724,060713204716;798,526683064505
"Mu_N2m[9, 2]";311,196391291314;24,9617086615635;0,144116492151867;0,143428383006564;263,342621824654;294,15731106913;310,616044756958;327,92061908343;361,249204517943
"Mu_N2m[10, 2]";554,920325738001;44,5404892295219;0,257154634465021;0,258194053422954;470,517978249901;524,268172733448;554,015714668382;584,406566988665;645,517045496755
"Mu_N2m[11, 2]";305,959181938079;31,9635295988392;0,184541524181404;0,184209872528473;245,856166772285;283,909395966209;304,924308891432;327,09969222123;370,850086551288
"Mu_N2m[12, 2]";165,572815628744;20,2028038134043;0,116640942200541;0,117652259765146;128,443773538897;151,481772178134;164,794607585467;178,928999197357;207,341156960357
"Mu_N2m[13, 2]";167,930551128379;21,9627852709731;0,126802199883503;0,126383228219028;127,880120074912;152,609536454811;166,970048456125;181,942732856649;213,995684424634
"Mu_N2m[14, 2]";398,249669539911;41,2173574610733;0,237968524254357;0,238991356485714;320,181153787765;369,967906301803;397,174731049141;425,487226962297;481,8943774768
"Mu_N2m[15, 2]";256,448256547119;24,9205249155847;0,143878717683596;0,14443750013035;209,583781633029;239,326548323992;255,840464992101;272,791570620625;307,406342532528
"Mu_N2m[16, 2]";241,810500475737;33,5540863734313;0,193724608001125;0,190652687354344;180,798433331353;218,3655408545;240,04151925163;263,535238329903;312,355203170981
"Mu_N2m[17, 2]";336,447837595065;34,5831606173125;0,199665970918334;0,20180364586869;272,219418383056;312,514460617436;335,161250375822;359,287213293336;406,92153993643
"Mu_N2m[18, 2]";369,399276838208;40,2382879247982;0,232315863651119;0,23300569356846;294,580434303582;341,681393710783;367,806553023086;395,8769921344;452,487721165711
"Mu_N2m[19, 2]";337,070663907608;31,9983133370595;0,184742348187653;0,186714568139723;276,695143820872;314,694571516652;336,334243899688;358,361053670146;402,139181799138
"Mu_N2m[20, 2]";356,166316346326;37,1588441807839;0,214536686905509;0,213511335268408;286,375306735469;330,60222602885;355,051007722434;380,507461349224;432,180119185918
"Mu_N2m[21, 2]";539,963874291225;49,8162794404476;0,28761442344968;0,290383937361929;445,833157894627;505,503469666908;539,072854329479;573,025651194724;640,502791086869
"Mu_N2m[22, 2]";224,724690548111;28,6461782747835;0,165388787382003;0,165374848426002;172,12762189128;204,571560990968;223,561989283528;243,298329685354;284,709931771876
"Mu_N2m[23, 2]";158,277872879746;19,8751536851962;0,114749253303332;0,11474590582934;122,007727543815;144,49699687344;157,320869555776;170,964106978974;199,551066685623
"Mu_N2m[24, 2]";378,288339341967;39,3428494945239;0,227146047463503;0,228181745376952;305,841290764136;350,895657000504;376,945647748157;404,073266421186;459,759629765161
"Mu_N2nm[1, 1]";35,203193399107;8,09852136268714;0,0467568348878535;0,0469240621707965;21,6521675168096;29,4133889351719;34,4254136985785;40,1193481817159;53,123425615366
"Mu_N2nm[2, 1]";86,4006523640802;15,0570759850481;0,0869320687317615;0,0869369178353147;60,6342331501717;75,8249585742607;85,1503156371888;95,7217140535557;119,564129235644
"Mu_N2nm[3, 1]";56,4142206753403;11,0632719366572;0,0638738303074707;0,0638699197770689;37,9092731392081;48,5994799240117;55,329832727348;63,0902535558684;81,339485471275
"Mu_N2nm[4, 1]";50,3633012128889;10,1386667127273;0,05853561955817;0,0583101297253082;33,1706059967168;43,2048797187892;49,3979484659002;56,5095568321527;72,8680478663255
"Mu_N2nm[5, 1]";27,6793487433866;6,89860282563628;0,0398291019841342;0,0396586387645824;16,4235851190692;22,784685611762;26,8708411273426;31,7145668394719;43,3644407943923
"Mu_N2nm[6, 1]";68,4358294430391;10,2238184652815;0,0590272434307612;0,0585862278688526;50,5627537960886;61,2602554955437;67,7113009015839;74,7456627874612;90,4491755877896
"Mu_N2nm[7, 1]";70,2301773772449;10,0728773323139;0,0581557843932553;0,0581564390796734;52,3823031127983;63,1349443159323;69,5679356461354;76,5522153705057;91,8835115492867
"Mu_N2nm[8, 1]";123,091603909259;14,7036971308485;0,084891834965781;0,0860144346749633;96,6372038749843;112,793336020713;122,282010342085;132,465846622964;154,51016692407
"Mu_N2nm[9, 1]";91,8058106581639;13,8234348145541;0,0798096381130803;0,0798117200364327;67,4837234636511;82,0663485301332;90,7606254996869;100,535019504782;121,513255918259
"Mu_N2nm[10, 1]";92,6585377760459;13,0463743694697;0,0753232775416197;0,0753162826908192;69,8852835278924;83,4721116481468;91,8424866023823;100,762693523953;120,860683880547
"Mu_N2nm[11, 1]";84,6127797100416;13,6803202775827;0,0789833659486265;0,0800126729131531;60,5920343751375;74,995273912759;83,5350983039605;93,1772562565789;114,000868332405
"Mu_N2nm[12, 1]";121,343544863795;17,8563713799146;0,103093808229436;0,103677863466414;90,1025054033041;108,838752241012;120,078689646207;132,354347002663;159,806744829616
"Mu_N2nm[13, 1]";71,4452208759189;11,9834482784974;0,0691864708941041;0,0700998807767005;50,7609865062658;62,9640916233202;70,4775551026544;79,0120669178591;97,4701058743142
"Mu_N2nm[14, 1]";233,67616483802;25,0654959308262;0,14471570823034;0,145583733157114;187,868921074052;216,11428292569;232,428901589618;249,619053247946;286,351227507605
"Mu_N2nm[15, 1]";138,081613648239;21,8646919483946;0,126235857821538;0,12623553471291;100,072823490168;122,618764345614;136,39366201924;151,688886658281;185,760602920586
"Mu_N2nm[16, 1]";109,33577890738;17,9516626512462;0,103643972640984;0,102242103539029;78,1794755201869;96,7419085756765;108,112458931995;120,513744016644;148,579567056475
"Mu_N2nm[17, 1]";148,329513409674;18,1475636122059;0,104775007366429;0,103929306879948;115,985007449741;135,645655475887;147,299017856315;159,722136024754;186,802096846802
"Mu_N2nm[18, 1]";189,424148334763;24,002703031642;0,138579670565972;0,138570075220953;146,151210977638;172,691249625252;188,087973425667;204,628431519921;240,024813281995
"Mu_N2nm[19, 1]";98,109869331863;14,3886052047145;0,0830726508820518;0,0822401272863322;72,6444071489034;88,0172530532644;97,1894867223149;107,148293777944;128,556634541381
"Mu_N2nm[20, 1]";144,674580869352;15,8754316787488;0,0916568475322715;0,092367642451511;115,617822578388;133,535650731997;143,963326283019;154,853010050091;177,899873826245
"Mu_N2nm[21, 1]";169,824234796843;29,7391690827927;0,171699172754261;0,171680804279424;118,485865322451;148,78637892547;167,488216196186;188,314903804776;234,943403435077
"Mu_N2nm[22, 1]";43,0092689869977;8,61972526441133;0,049766007017485;0,0498900641559704;28,4497033131047;36,9243411419212;42,1722974802063;48,2598097270195;62,093778325152
"Mu_N2nm[23, 1]";50,0009188326399;13,0779825748472;0,0755057676004525;0,0750834794241465;29,2020735072457;40,6746367513304;48,398747436591;57,5681341035568;79,9049554929725
"Mu_N2nm[24, 1]";32,8668814546334;7,41577546043737;0,0428149995833334;0,042554345794676;20,4556388651379;27,5786348546193;32,1386020685841;37,2764195263152;49,4645002796258
"Mu_N2nm[1, 2]";29,2036869688693;6,90496621611133;0,0398658410361715;0,0392702767478902;17,6473634913565;24,2829672416125;28,5277442568139;33,3465382593467;44,7039645687552
"Mu_N2nm[2, 2]";96,7858822620266;16,264537372915;0,0939033503049718;0,094416912405475;68,580001203358;85,2238095745261;95,4797520825853;106,884685069939;132,035246097769
"Mu_N2nm[3, 2]";34,5793481391843;7,25874096360294;0,0419083604931392;0,0416246531405837;22,4669787913698;29,4112720947524;33,7988198292878;38,9343425946073;50,8531927913339
"Mu_N2nm[4, 2]";26,7296754119095;6,24812585958867;0,0360735714696418;0,0364144517559349;16,3732290453091;22,2770072718039;26,1073848388004;30,484765479526;40,7742930325916
"Mu_N2nm[5, 2]";28,9674077264356;7,13711367213762;0,0412061449984561;0,0412079483496484;17,3292396684245;23,814684898374;28,1646447726848;33,2082421123637;45,1763251765715
"Mu_N2nm[6, 2]";47,1741350450862;7,51075676882173;0,0433633744229703;0,0433649990352058;34,1986324229328;41,8734934046355;46,6148501894277;51,9114888726322;63,4456426119999
"Mu_N2nm[7, 2]";37,5759149011983;6,77230719520721;0,0390999338218772;0,0389673712047439;25,7471869226626;32,8022472476266;37,097713951487;41,8418647321957;52,1694838708798
"Mu_N2nm[8, 2]";105,917192380565;13,2627845646812;0,076572722386227;0,0763132455760387;82,1457033766545;96,6878519570343;105,2590045497;114,361361680161;133,989610647211
"Mu_N2nm[9, 2]";95,2565364689343;14,2377746726701;0,082201830399273;0,0824902718449506;70,2664291342587;85,240618143382;94,1651372213836;104,147887145573;126,224794109711
"Mu_N2nm[10, 2]";80,883140563593;11,7107687264053;0,0676121547660755;0,0676141504825955;60,2818916745934;72,6478696503424;80,0700310949738;88,2840398822829;106,229208606078
"Mu_N2nm[11, 2]";74,6090444045001;12,466354864352;0,0719745333674703;0,0721588683640552;53,0481209852556;65,774604289092;73,6390585576836;82,1940387344849;101,888735972184
"Mu_N2nm[12, 2]";82,4778170443704;13,4709974055307;0,0777748397833591;0,0777748624371189;59,0442535526986;73,0093472142055;81,4782788366849;90,8083959210581;111,621226934864
"Mu_N2nm[13, 2]";55,9460514577379;10,0259505465538;0,0578848524693471;0,0571847129093004;38,5656157159464;48,8924774321361;55,0844330998339;62,1331777242469;77,8746171342782
"Mu_N2nm[14, 2]";145,792410261609;18,9286671166159;0,10928471055179;0,108369423211977;111,611942271914;132,461692246461;145,004796816828;157,848335511511;185,816541271957
"Mu_N2nm[15, 2]";129,881116296553;20,9299099262473;0,120838891300335;0,121615963975122;93,3558741989578;115,117480022045;128,320486094235;142,893992371939;175,378785364826
"Mu_N2nm[16, 2]";84,6556602428093;14,865611036031;0,0858266453332075;0,084538920143576;58,7845871763092;74,2496863289385;83,5446554704875;93,8069254623964;117,116498300144
"Mu_N2nm[17, 2]";102,559532725016;14,0346355592095;0,0810290061808791;0,08113456961242;77,6210650457948;92,6711644724031;101,737207378454;111,480019784168;132,535268287469
"Mu_N2nm[18, 2]";125,846280345714;18,1083501225171;0,104548608178152;0,104981203801022;93,4821126017347;113,132264249191;124,726741067862;137,28850851046;164,91228124369
"Mu_N2nm[19, 2]";69,8969286946183;10,9456281775773;0,0631946137477378;0,0634397642785238;50,8551449799016;62,1003607747384;69,0986020915854;76,8654596167809;93,3260526903523
"Mu_N2nm[20, 2]";106,733361448667;13,3644172864245;0,0771594991787965;0,0766300052090551;82,3876221445895;97,3545390297622;105,982116317472;115,302887742557;134,887928081534
"Mu_N2nm[21, 2]";125,660525253445;23,3169226726368;0,134620315817206;0,135973633538065;85,8148235153826;109,168495773305;123,49036715653;139,932600580513;176,979277029032
"Mu_N2nm[22, 2]";49,7931304728828;9,63356962448866;0,0556194401595553;0,0566065052448851;33,4562817614623;42,9643280117231;48,9429799948375;55,6878779172054;70,8886751998779
"Mu_N2nm[23, 2]";47,1346323845821;12,3223942016812;0,0711433760940131;0,0706591803415292;27,4089094585918;38,4075359955289;45,6615228315462;54,1073526089871;75,4296572866523
"Mu_N2nm[24, 2]";57,8692754164052;11,6605605139505;0,0673222775163122;0,0673592011105976;38,088859763795;49,5397618039944;56,8252693736645;64,9547556005101;83,8688903617518
"Mu_N3[1]";458,544844467236;31,3737210727392;0,181136263068262;0,178803489607324;400,350514178379;436,910172399466;457,470109904859;479,035614997174;523,011397305352
"Mu_N3[2]";594,839832093191;28,0006361769792;0,161661748342597;0,161980166441841;542,184467896587;575,738306481947;594,12487245773;613,342904533264;651,607683850748
"Mu_N3[3]";277,868120508463;22,5417537359389;0,130144875874506;0,129571096471566;236,514194628471;262,253983296713;277,229332760081;292,340962303347;325,15995209923
"Mu_N3[4]";319,469977221093;38,5158921522412;0,22237160702175;0,220163141689569;250,712763970932;292,636263046011;317,226383855109;343,607380194543;401,344024576509
"Mu_N3[5]";324,307016059437;20,199341332621;0,116620951558419;0,117044222628178;286,325413066359;310,355869405615;323,672889657742;337,737653794318;365,442026352667
"Mu_N3[6]";611,921085063227;38,6046951849475;0,222884311570129;0,223545681336472;540,147425383867;585,151664800664;610,646047138271;637,341673413122;691,359366597635
"Mu_N3[7]";235,141246368084;20,3256833433626;0,117350387497535;0,117202105920467;198,343888223845;220,899234800979;234,262042181869;248,400592596953;277,56864534342
"Mu_N3[8]";1134,57035143506;40,9367389122623;0,236348372307401;0,238448559782075;1056,30648122716;1106,4171978707;1133,75680730952;1161,67064304064;1216,70993827811
"Mu_N3[9]";466,519930982423;20,7971592924779;0,120072455158916;0,118829258740707;427,621253136246;452,195434932344;465,934130665399;480,118571286886;508,425080833368
"Mu_N3[10]";908,912746685126;38,8192555494559;0,224123076412192;0,226087608324969;835,41698428912;882,327068271454;907,954210962576;934,51337776085;987,859671309991
"Mu_N3[11]";498,472096218629;30,6671957358904;0,177057137134073;0,177494529399523;441,038985717105;477,409990250836;497,498947807957;518,891046646241;561,279013733772
"Mu_N3[12]";312,349214863353;23,9359540121504;0,138194294922255;0,139001014635229;268,113591873733;295,749692014758;311,452786725407;328,040800419928;361,478061927691
"Mu_N3[13]";291,893185933596;24,8022084584629;0,143195617299908;0,143198218524298;246,417139936223;274,736806997014;290,866721493077;307,88378465342;343,986212049549
"Mu_N3[14]";791,279265336283;34,6624645734812;0,200123832522752;0,199346791957457;725,43741512507;767,571794131087;790,6252694042;814,229318043012;861,868765617349
"Mu_N3[15]";403,904141455628;21,8156009903523;0,125952431043134;0,125516893553043;362,592732624856;389,013880192618;403,358201402483;418,332241438968;447,880284824105
"Mu_N3[16]";422,944781333271;39,7700460724497;0,229612468056126;0,226346933519263;349,668238543984;395,320818409794;421,335370263483;448,818163549729;505,34288370081
"Mu_N3[17]";628,289089001506;36,716471710732;0,211982648258844;0,211992341292041;560,506222755826;602,872505809346;627,056835968767;652,57840625845;703,853871182077
"Mu_N3[18]";706,427281763099;41,5092436030665;0,239653729680882;0,242491992516376;628,522420021578;677,722410238127;705,28346979138;733,737354174358;790,914560538847
"Mu_N3[19]";618,466073335045;33,8635445923188;0,195511265860901;0,195516036897544;554,885330988536;595,221667016297;617,46767947504;640,742151583452;687,833885677366
"Mu_N3[20]";640,418932577879;34,4622718000957;0,198968019006713;0,199337463870688;575,462903103284;616,57681196459;639,529412995517;663,078659170597;710,83060117777
"Mu_N3[21]";969,312804819658;30,2412406786691;0,174597884464579;0,17652609906075;911,569124055495;948,904221084802;968,615763522832;989,236608987336;1029,88393253811
"Mu_N3[22]";319,778039130966;27,821500505713;0,160627508062327;0,160730585074358;268,859657345068;300,483050935581;318,680210394804;337,670683029555;377,462438198977
"Mu_N3[23]";248,951460806593;22,407322682152;0,129368737823593;0,12887478698148;207,932761601378;233,312576171913;247,884741191679;263,641391098597;295,592388979062
"Mu_N3[24]";452,778960405481;35,92158445252;0,207393364533803;0,208928520613181;385,758089559142;427,929228534873;451,568248489928;476,193430760687;526,970700495211
"Mu_N4[1]";38,6760469060603;8,19003447990962;0,0472851861164814;0,0471007635861675;24,741664547413;32,8545071671379;37,9721076635868;43,7095331378426;56,5276363372647
"Mu_N4[2]";110,002704140917;16,3569577991339;0,0944369398845331;0,0944389858023916;81,6292262769879;98,5632320179595;108,775483963183;120,134603307168;145,725909165401
"Mu_N4[3]";54,6412357734717;10,2521881685574;0,059191035988993;0,0580581967858892;37,4326505527111;47,3834155722904;53,6633601576074;60,8396904992793;77,5882796220655
"Mu_N4[4]";46,2939916206688;8,726137212151;0,0503803766842099;0,0501707415372586;31,4384656483463;40,1478662708453;45,5288707426161;51,5917510458021;65,5704109562606
"Mu_N4[5]";34,0161268141834;7,53064993165736;0,0434782276521521;0,0433239514871959;21,4016051560407;28,6317297801;33,2540584402499;38,5951885725679;50,7638011729073
"Mu_N4[6]";69,4232725417623;9,74047586289757;0,0562366636147896;0,0560126745115423;52,2834358844314;62,5903095094835;68,7470683286089;75,5082348190359;90,2225840621683
"Mu_N4[7]";64,7370817822323;8,0592330479428;0,0465300036969171;0,0470760093160115;50,3937839457361;59,0951269527574;64,1978816036296;69,7489898979729;82,0515343141172
"Mu_N4[8]";137,518769681158;14,0627727696391;0,0811914564410366;0,082091097804269;111,897836783844;127,640469767344;136,96461441035;146,461782852832;166,962945277348
"Mu_N4[9]";112,330112412068;14,9894748730018;0,0865417735293872;0,0848901630883357;85,8971485284227;101,787402195767;111,258697461512;121,73478221469;144,951154648694
"Mu_N4[10]";104,211010582614;13,2926733075594;0,0767452851236917;0,0767441221326457;80,5612312194746;94,8599814499388;103,369921129123;112,60160941073;132,737043726387
"Mu_N4[11]";95,6120014312065;13,6944269742563;0,0790648109998454;0,0799503283544669;71,5499867689452;85,9527192035021;94,6306363294085;104,215522872313;124,77769986712
"Mu_N4[12]";122,393826693348;16,1902126273223;0,093474236186218;0,0934774718276928;93,7901954935365;111,041174288947;121,332310701557;132,54847972293;156,908477023035
"Mu_N4[13]";76,4978958156302;11,3851106056338;0,0657319667291636;0,0662836850917174;56,6880594375974;68,4503061947346;75,6404555458357;83,6253417457298;101,204640967921
"Mu_N4[14]";227,869201645518;20,3961094800683;0,117756992987385;0,117588490051715;190,27744817587;213,722653346955;226,928641803104;241,184522547878;270,330036178268
"Mu_N4[15]";160,910434618313;22,3659228499554;0,129129715780962;0,128677901422492;121,883090382592;145,127120628234;159,192122339442;174,980292143686;209,521035635507
"Mu_N4[16]";116,491001537118;16,7219560128172;0,096544258053771;0,0928894161406995;87,068014619222;104,698354816904;115,328371115647;126,960854968332;152,39931129418
"Mu_N4[17]";150,657762976308;16,1688906503469;0,0933511336947542;0,0938925726480321;121,527789749524;139,385439154023;149,804080911123;160,914752293587;184,718826574917
"Mu_N4[18]";189,318498552874;20,9730343657689;0,121087870367999;0,121077057262117;150,827049335339;174,833608242961;187,984699976414;202,826985581846;233,528415518674
"Mu_N4[19]";100,887339425307;13,6946506536915;0,0790661024136667;0,0786156945097844;76,4780499281441;91,220856781128;100,021154980832;109,509414478333;129,772677608359
"Mu_N4[20]";150,96935784026;13,2264508024196;0,076362949312003;0,0767383825702155;126,823228235522;141,772458977333;150,356436234173;159,487971323818;178,456142447952
"Mu_N4[21]";177,437292016602;28,9019694392058;0,166865598358358;0,166851568434229;127,03207796816;157,011619873381;175,304846709115;195,121441655188;240,104078710779
"Mu_N4[22]";55,7274305788281;9,35962622009842;0,054037827176881;0,0545041883580656;39,6926869832361;49,1401137762218;54,941947593209;61,4366871565207;76,2497250195121
"Mu_N4[23]";58,3294690514342;14,3768322147469;0,0830046794927823;0,0816954738659839;35,2446769021224;48,0723167326278;56,6341537062571;66,5547301991313;91,0596750426847
"Mu_N4[24]";54,4866610394749;10,3314747726449;0,0596487974111237;0,0600394067788254;36,8814379300628;47,1697762536028;53,6095610659658;60,8173297195319;77,2369488098041
"Mu_Sd_L1";0,201539730414161;0,00554351082257421;3,20054746566882e-05;3,17752562424551e-05;0,191192539208289;0,197831056104777;0,201310710852825;0,20504073609114;0,213004407563473
"Mu_Sd_L1surv";0,198170992692427;0,0031095881238999;1,79532154040247e-05;1,80297044737274e-05;0,192155785249596;0,196073178778042;0,198122113876518;0,20021376300219;0,204431332258628
"Mu_Sd_L2";0,28668870165787;0,00856907355383487;4,94735692301227e-05;4,94737949716117e-05;0,27064701930254;0,280937047006907;0,286354981378025;0,292092757612056;0,304682339258269
"Mu_Sd_L2m";0,278596307803835;0,00425884945490725;2,45884787922879e-05;3,31956282663278e-05;0,270412001894788;0,275698719866024;0,278531546767229;0,281477569474962;0,28703953149839
"Mu_Sd_L2nm";0,277726358653154;0,00433900640535624;2,50512651614794e-05;3,74838633458931e-05;0,269404254458486;0,274784534156097;0,277663074350771;0,280676515402868;0,286303704200969
"Sd_Alpha1";0,529022857657165;0,0884887529107718;0,000510890053132884;0,000502841511879425;0,386559499494715;0,466936641539154;0,518738544691229;0,580090725640097;0,731197968189221
"Sd_Alpha2";0,418610465628903;0,0799433903743691;0,000461553379525733;0,000471933935173184;0,286313397482339;0,36234509097371;0,409482449420393;0,466080951630613;0,601046015605742
"Sd_L1[1]";0,205070355936489;0,013315272917425;7,68757640320866e-05;7,68613629356215e-05;0,180942955988148;0,195828336981965;0,204276720679901;0,213632555026222;0,23316089957992
"Sd_L1[2]";0,222129018889875;0,0140805087333468;8,12938550752465e-05;8,21045904317565e-05;0,197226712247267;0,212295445203564;0,221214817189987;0,230860675993751;0,252498994502757
"Sd_L1[3]";0,209327004613675;0,0126671158658124;7,31336275498299e-05;7,29867660339121e-05;0,186655408848747;0,200640957534265;0,208493636078133;0,217319772777227;0,236373012846561
"Sd_L1[4]";0,200305521375529;0,012764135420124;7,36937702078143e-05;7,33905254730111e-05;0,177140454563443;0,191447075123026;0,199627801448852;0,208393073822808;0,227290170013599
"Sd_L1[5]";0,211936926041783;0,0135460446759486;7,82081254011364e-05;7,84320732290565e-05;0,187742406724491;0,202574987966192;0,211100011745315;0,220386202584346;0,24109555855917
"Sd_L1[6]";0,223017946189066;0,0137161433675451;7,91901906549565e-05;7,92507393093953e-05;0,198735768303069;0,213530260436394;0,222122274558549;0,231636242952141;0,252213449655057
"Sd_L1[7]";0,191040997575761;0,0121096267887472;6,99149628626908e-05;6,85127510456282e-05;0,168714886755443;0,182662297736336;0,190584732802822;0,198856417565167;0,216190004790223
"Sd_L1[8]";0,193400067573775;0,0123002084306318;7,10152864851376e-05;7,11078608749384e-05;0,170722144123568;0,184953896883376;0,192880417282575;0,201368113746635;0,218882841771682
"Sd_L1[9]";0,210957394870571;0,0127657180139752;7,37029073176744e-05;7,30113226819068e-05;0,187973515330703;0,202077458289118;0,210164214917094;0,219163793620792;0,238244941491567
"Sd_L1[10]";0,227795029880665;0,0146642688970982;8,46641959520872e-05;8,39506123104065e-05;0,202007545318903;0,217382403570144;0,226699032237034;0,23700618674495;0,259476106586577
"Sd_L1[11]";0,21651766724728;0,0130733692970546;7,54791328286983e-05;7,5180308446379e-05;0,193254963064151;0,207377017669899;0,215646016088096;0,224656981992435;0,24465701406652
"Sd_L1[12]";0,203274911279691;0,0123920149936293;7,15453319237374e-05;7,14466387602435e-05;0,180626674045871;0,194676255667946;0,202651874319845;0,211152712934162;0,229579754901348
"Sd_L1[13]";0,218195704744775;0,0134947976150451;7,79122503570579e-05;7,76364087153869e-05;0,193884452389237;0,208731651648273;0,217435483524451;0,226671795889431;0,247089335898432
"Sd_L1[14]";0,178775705700016;0,011771463739953;6,79625775901776e-05;6,72294498530687e-05;0,156867852067151;0,170644730784445;0,178466561653085;0,186514547162595;0,202820524433928
"Sd_L1[15]";0,188733913606021;0,0114369910625324;6,60314986867245e-05;6,58637201167707e-05;0,167357263398232;0,180839737679683;0,18828947313881;0,196141450045686;0,21222441125465
"Sd_L1[16]";0,224434016292286;0,013854509737544;7,99890492646132e-05;8,04423799277913e-05;0,200108665102928;0,214721403528764;0,223490967741817;0,233068396474955;0,254216592345697
"Sd_L1[17]";0,188235523383847;0,0117435184926694;6,780123562976e-05;6,7494591261453e-05;0,166158020493008;0,180054516478487;0,18789668700189;0,195949117941971;0,212124102940082
"Sd_L1[18]";0,169964480230445;0,0119097353390772;6,87608890399341e-05;6,87550958426065e-05;0,1478463865742;0,161748379467758;0,169595698257182;0,177801910571484;0,194758189557697
"Sd_L1[19]";0,193298352324914;0,0119846340830073;6,91933171396342e-05;6,96053709476478e-05;0,170837394438792;0,18511655442914;0,192819110756619;0,200980917971974;0,218069622877558
"Sd_L1[20]";0,179467523771847;0,0115243429789654;6,65358252113926e-05;6,6732253339459e-05;0,157822152459548;0,17158496263808;0,179171943428077;0,187076235297127;0,202743165689391
"Sd_L1[21]";0,192904881442098;0,0117396926277861;6,77791469885579e-05;6,84432437179993e-05;0,1711963792717;0,184898243180814;0,192487944255201;0,200535389092473;0,217066169543526
"Sd_L1[22]";0,194569662254725;0,0117238572618791;6,76877214608665e-05;6,66321700646221e-05;0,172703921388237;0,186526986827154;0,194154984292127;0,202120476175996;0,21896342990621
"Sd_L1[23]";0,191538636454574;0,0123858535662807;7,15097589063544e-05;7,15137943748577e-05;0,168454294568971;0,18308873654906;0,191217020107848;0,199435011018851;0,217272334889717
"Sd_L1[24]";0,190078953618711;0,0125771718423774;7,2614335488408e-05;7,21135776770886e-05;0,166346768343695;0,181451632392998;0,189729946809111;0,198254510541783;0,215839892189504
"Sd_L1surv[1]";0,200439702918997;0,0121964150557262;7,04160351557194e-05;7,04144523076293e-05;0,177987711689803;0,192046186546675;0,199904655927402;0,208391252309246;0,22574445944105
"Sd_L1surv[2]";0,218258649044168;0,0127583637980672;7,36604477323327e-05;7,46616619113471e-05;0,195114492883738;0,209335306960813;0,217618872472735;0,226378297350803;0,244968546843232
"Sd_L1surv[3]";0,206628798506542;0,0118856568862975;6,86218720279942e-05;6,84799486942369e-05;0,185046476879855;0,198477366950831;0,205942747600958;0,214235541821225;0,231547794260868
"Sd_L1surv[4]";0,196938140585034;0,0119652003192769;6,90811162524232e-05;6,8743150155801e-05;0,174971633313325;0,188683450827097;0,196434238179345;0,204606142459697;0,221938716592418
"Sd_L1surv[5]";0,208079375756678;0,0124835977189201;7,20740850347352e-05;7,23018200297819e-05;0,185383347796785;0,199462979369081;0,20746855783636;0,216003691519183;0,234556140427852
"Sd_L1surv[6]";0,2195915492938;0,0125416807982615;7,24094278496665e-05;7,24068569714359e-05;0,196914714976943;0,210921640104206;0,21897411951055;0,22763214824541;0,245767744464293
"Sd_L1surv[7]";0,187294320462482;0,0113594325608391;6,55837144684184e-05;6,43110483982752e-05;0,166164741220731;0,179500420448198;0,186951438539333;0,194722538845604;0,210614931588815
"Sd_L1surv[8]";0,19052444602418;0,0116345492567188;6,71721014526655e-05;6,72538916978245e-05;0,168740514511334;0,182542417456458;0,19013634441804;0,198141337204032;0,214414530788584
"Sd_L1surv[9]";0,207963126126438;0,0119255376801581;6,88521238987033e-05;6,82235675069962e-05;0,18615548831618;0,199677440917416;0,207337283696627;0,215796644170747;0,232958297304443
"Sd_L1surv[10]";0,222832814118335;0,0130277910924674;7,52159869418224e-05;7,45828831312436e-05;0,199293690868374;0,213591924347765;0,222078000087216;0,23131060136115;0,250321320034128
"Sd_L1surv[11]";0,212907365418355;0,0120467723805389;6,95520727677026e-05;6,92566593914356e-05;0,191065209752072;0,204488146701961;0,212275070208605;0,22057926028404;0,238460242164986
"Sd_L1surv[12]";0,201092630905645;0,01178320180974;6,80303473676907e-05;6,79430809250896e-05;0,179239142091797;0,192894606292813;0,200563251655672;0,208670858448078;0,225831374077194
"Sd_L1surv[13]";0,215765829730201;0,0125535960003431;7,24782203009591e-05;7,22152108741668e-05;0,192692168210956;0,206958050988589;0,215261251317326;0,223848289117098;0,242076169637052
"Sd_L1surv[14]";0,177188037062342;0,0114280753959232;6,59800240615563e-05;6,52669870109593e-05;0,155829767942082;0,169309043706624;0,176911001057809;0,184711184457389;0,200350025911831
"Sd_L1surv[15]";0,187000858335644;0,0109917749797084;6,34610424340643e-05;6,32669720009535e-05;0,166247172235407;0,17948199417596;0,186617225397847;0,194153932938755;0,209407302376975
"Sd_L1surv[16]";0,220744275819064;0,0125767403333733;7,26118441700111e-05;7,29914782651864e-05;0,198120184217058;0,211944828343184;0,220093288394038;0,228807715670158;0,247247609609697
"Sd_L1surv[17]";0,185866994702648;0,0111829055478479;6,45645352837217e-05;6,42806830971749e-05;0,164702831392083;0,178142638601667;0,185591693215665;0,193252177307381;0,208363971743155
"Sd_L1surv[18]";0,168199641274307;0,011484482621487;6,63056913301912e-05;6,63000401685724e-05;0,146737685869786;0,160272312909723;0,167887899080166;0,175773814403989;0,191892909055558
"Sd_L1surv[19]";0,191336909329784;0,0115127696315532;6,64690064589541e-05;6,69109658306632e-05;0,169645178087443;0,183488832949236;0,190928578939566;0,198764127496371;0,21497130210851
"Sd_L1surv[20]";0,177267989100991;0,0110665901045945;6,38929877589886e-05;6,40926958766968e-05;0,156306766505001;0,169713995043287;0,177047718146092;0,184606379739249;0,199417500559885
"Sd_L1surv[21]";0,190109424608379;0,0111313649570654;6,42669655440965e-05;6,49627177385026e-05;0,169340840283555;0,182524596882535;0,189776827320571;0,197397853293471;0,212949267441714
"Sd_L1surv[22]";0,19271269358957;0,0112677808053673;6,50545628114849e-05;6,42518238388399e-05;0,171514285831885;0,185000127161137;0,192344646944656;0,200055504160717;0,215975039179237
"Sd_L1surv[23]";0,189663733550748;0,0118775447918633;6,8575036828941e-05;6,85790327887117e-05;0,167264812246814;0,181594337078527;0,189441144232626;0,197293607106553;0,21403456742465
"Sd_L1surv[24]";0,187696518353927;0,0119902507021063;6,92257447051217e-05;6,87242321679836e-05;0,164835208464891;0,179563442970418;0,187450572186043;0,195540698167784;0,212062942149065
"Sd_L2[1]";0,345910703211287;0,02415703354872;0,000139470698221763;0,000141256272621837;0,303792846350346;0,329056206026607;0,3441676489867;0,36066090225855;0,397785781442903
"Sd_L2[2]";0,299218820845734;0,0184144035239745;0,000106315608315331;0,000105935785958469;0,265848387946025;0,286371958812811;0,298183828707451;0,310908550948344;0,338117905288409
"Sd_L2[3]";0,280174149287383;0,0170246088763989;9,829162517637e-05;9,76048748300715e-05;0,248855315173994;0,268484098720202;0,279421702742777;0,291120091524385;0,315767832359887
"Sd_L2[4]";0,327639161967758;0,0223038831247915;0,000128771529260723;0,000128406964260773;0,2884214770555;0,312078797350479;0,326146267106524;0,341519097275389;0,375933968312008
"Sd_L2[5]";0,343567766258856;0,0244620729861537;0,000141231844234921;0,000143653642882553;0,300810330414638;0,32625407521336;0,34167125374533;0,358649268151215;0,396572864775248
"Sd_L2[6]";0,308853036210055;0,0196789000105613;0,000113616182184533;0,000113080013581343;0,273789578651155;0,295193085351316;0,307662225115772;0,321223847346014;0,350886689557537
"Sd_L2[7]";0,325077985627036;0,0198592239752702;0,000114657283080193;0,000113746616335595;0,289776295515603;0,311073310371547;0,323936897439087;0,337627597032688;0,367832857248053
"Sd_L2[8]";0,256046178343276;0,0158788770371246;9,16767393181284e-05;9,23879629293597e-05;0,226686030592138;0,245050001203895;0,255465021487174;0,266445853917625;0,288863974613294
"Sd_L2[9]";0,287981162306533;0,0199964499428844;0,000115449557573612;0,000114808866230952;0,251694022569233;0,274104567057388;0,286952427196907;0,300579975533451;0,330441885175094
"Sd_L2[10]";0,291227265183587;0,0194333636478133;0,000112198577333249;0,000112883402195851;0,255865687252205;0,277739627012966;0,290257320731015;0,303640153225925;0,332325518444102
"Sd_L2[11]";0,294080591337908;0,0190638616552969;0,000110065256584794;0,000110058472671833;0,259557356503617;0,280812133999179;0,29302892389975;0,30627233712402;0,33390778929902
"Sd_L2[12]";0,281630436469094;0,017241486899466;9,9543771026361e-05;0,000100793791368834;0,249739092597656;0,269746619240911;0,28085136001909;0,292665911168763;0,31747785443763
"Sd_L2[13]";0,296275556139824;0,0189800122950457;0,00010958115207767;0,000111156565748595;0,262011144199947;0,283238603645283;0,295266622573367;0,308157086152722;0,336277305648965
"Sd_L2[14]";0,246934747502648;0,015630451487363;9,02424537378443e-05;8,93519155418896e-05;0,217943453145879;0,236086526681782;0,246348810865777;0,257138863342203;0,279058177977982
"Sd_L2[15]";0,254030076901241;0,0167032676349588;9,6436360653898e-05;9,73917378314954e-05;0,223117200066225;0,242380852668358;0,253402071716319;0,265043130304105;0,288446981269422
"Sd_L2[16]";0,278604768213287;0,017302145327677;9,98939826249236e-05;9,87862931160344e-05;0,246828669869196;0,26659612134785;0,277876970687279;0,289772517973566;0,314488302988521
"Sd_L2[17]";0,26564991791491;0,0182073295261649;0,000105120066031555;0,00010472805787811;0,232366951349867;0,252926948128561;0,264888351320444;0,277537982295165;0,303266779352121
"Sd_L2[18]";0,269540456298617;0,017073359454429;9,8573086769858e-05;9,77843817543248e-05;0,238263296113963;0,257661461042253;0,268752424860503;0,28046613579;0,304932549016426
"Sd_L2[19]";0,254587294840446;0,0166058885385068;9,58741421783981e-05;9,62017094313662e-05;0,223733879143951;0,243101167160525;0,25389508616117;0,265340181685225;0,288832674824131
"Sd_L2[20]";0,251739832617614;0,0158232302870389;9,13554626567136e-05;9,10560890571111e-05;0,222572765257826;0,240701317079592;0,251139720613413;0,262159399939281;0,284370112310928
"Sd_L2[21]";0,266229905330118;0,0153402861528381;8,85671833978696e-05;8,85655896642274e-05;0,237815763569354;0,255640921795621;0,265560959419823;0,276265608799026;0,297884167171544
"Sd_L2[22]";0,264295023744516;0,0155728129507467;8,99096774915332e-05;9,02340660412182e-05;0,235578995667099;0,253577542139878;0,263636186004078;0,2743653659836;0,296571315426171
"Sd_L2[23]";0,282143418871495;0,0181856428032323;0,000104994857678326;0,000103610831314495;0,249357765274644;0,269524402397772;0,281124764964733;0,293637338064239;0,320281873003484
"Sd_L2[24]";0,288141783555201;0,0184493110726781;0,000106517147141738;0,000107631461781949;0,254655247076489;0,275276538923565;0,287126067832235;0,299915652339869;0,327398060280518
"Sd_L2m[1]";0,332837040928836;0,0194501245084386;0,000112295346207187;0,000116185998686041;0,297294936967256;0,319431917665936;0,332043171920138;0,345177164221539;0,373437169771626
"Sd_L2m[2]";0,290931037220871;0,0163710895389238;9,45185295222514e-05;9,58834641376723e-05;0,260634493741187;0,279603263434319;0,290226525216973;0,301604987502171;0,324790527271227
"Sd_L2m[3]";0,273676918430365;0,0156263870153322;9,02189874976334e-05;9,02043215099438e-05;0,244515432685484;0,262934270800948;0,273155633590236;0,283895295140475;0,305755505607405
"Sd_L2m[4]";0,315725183366226;0,0185440833565383;0,000107064315177722;0,000108960218010974;0,281778946529545;0,302843742828626;0,314914219327426;0,327635367736707;0,354803902134765
"Sd_L2m[5]";0,333355684744862;0,0208954380582632;0,000120639867877734;0,000124316630498774;0,295529150729496;0,318695669556247;0,332299473278572;0,34679817189738;0,376989840687651
"Sd_L2m[6]";0,301983862285369;0,0177742918686678;0,000102619921950303;0,00010270598338509;0,269480601119378;0,289641626968747;0,301160114877404;0,313394908379675;0,339265525910838
"Sd_L2m[7]";0,312001047877515;0,0166884426240143;9,63507684133027e-05;9,74561398075315e-05;0,281345758108402;0,30039655847436;0,311363249793951;0,322863797426643;0,346693973445026
"Sd_L2m[8]";0,252343734811904;0,0151247573777065;8,73228274344661e-05;8,87905584012664e-05;0,22410024718694;0,241887612373033;0,251843594401132;0,262398356960565;0,283246461939004
"Sd_L2m[9]";0,279819383337873;0,0178594027486675;0,000103111309845091;0,000103466786087139;0,246693924351168;0,267462661044958;0,279170530329127;0,291346969277666;0,316971412853432
"Sd_L2m[10]";0,285100962133674;0,0176315654086815;0,000101795890349367;0,000103490876228842;0,252339058500691;0,272933270528611;0,284473972838071;0,296581155759089;0,321634863442696
"Sd_L2m[11]";0,287021406802488;0,0175293480677435;0,000101205738256304;0,000101991872217215;0,254710563793172;0,274798929112072;0,286193368222002;0,298432568046017;0,322847596009168
"Sd_L2m[12]";0,273506663464977;0,0158398376165825;9,14513451185387e-05;9,34144739775479e-05;0,243877903150638;0,26269290190671;0,272901869952121;0,283776572201286;0,306110551532885
"Sd_L2m[13]";0,287927357058125;0,0172960708233115;9,98589114576172e-05;0,000102722133524737;0,256221767489172;0,276071102649434;0,287209054979859;0,298946226263998;0,323955791204452
"Sd_L2m[14]";0,241921962341409;0,0147884943883943;8,53814121604871e-05;8,50837742429267e-05;0,214370580284325;0,231715632325556;0,241400053427426;0,251584094955139;0,272122368836241
"Sd_L2m[15]";0,247621990927337;0,0154391439194443;8,91379389794853e-05;9,00673525872364e-05;0,218777794923524;0,236874955107598;0,247130100820429;0,25793320896272;0,279139481427458
"Sd_L2m[16]";0,271626850502439;0,0160311987555839;9,25561691696875e-05;9,1647229392052e-05;0,241848446875838;0,260527551899906;0,271013825214008;0,282076159947802;0,304722275890513
"Sd_L2m[17]";0,259703709782861;0,0169715906012109;9,79855240218521e-05;9,83643773908422e-05;0,228412509319897;0,247957940775833;0,259132020263512;0,270853819277568;0,294378244606741
"Sd_L2m[18]";0,26267719187561;0,0156459955198969;9,03321972515217e-05;8,99882807709516e-05;0,233673911648664;0,251796899503142;0,262086013984917;0,272845809594768;0,294935908081717
"Sd_L2m[19]";0,250373092414393;0,0158180702127463;9,13256709538947e-05;9,19742857388109e-05;0,220798275207704;0,239443736509233;0,249777511163801;0,260716785442504;0,28284346642995
"Sd_L2m[20]";0,24681663979997;0,0149416862126707;8,62658655703234e-05;8,60732287211822e-05;0,219044624815374;0,236456225692961;0,246329180720625;0,256767210145856;0,277379895865017
"Sd_L2m[21]";0,26127670164505;0,0145537679960435;8,4026218702391e-05;8,67319895400247e-05;0,234207991857472;0,251230882242056;0,260748328302426;0,270886330147329;0,291072884235125
"Sd_L2m[22]";0,259570569053565;0,0148118124923636;8,55160392965241e-05;8,66862973623353e-05;0,232133965021973;0,249333654905929;0,258970931073096;0,26914648421401;0,290266287236913
"Sd_L2m[23]";0,27537192987328;0,0168352120545778;9,71981421157493e-05;9,85438127027239e-05;0,24461389679734;0,26371508090597;0,274590879317407;0,286108875214532;0,310511321521097
"Sd_L2m[24]";0,283120466613035;0,017375661701219;0,000100318429605467;0,000101553341727915;0,251201955322975;0,271064350341146;0,282279299019856;0,294357235026569;0,319739085896386
"Sd_L2nm[1]";0,335272365505785;0,0206244285221132;0,000119075193591243;0,000124349670940631;0,297743651981239;0,320939422504521;0,334341454177869;0,348396904412415;0,378130131968373
"Sd_L2nm[2]";0,290918173139048;0,0167480771026406;9,66950682361814e-05;9,97472187756485e-05;0,260221904051625;0,279289668274725;0,2901088722309;0,301721519440606;0,325942532079227
"Sd_L2nm[3]";0,273360181229863;0,0157732966087068;9,10671704304471e-05;9,31581537304638e-05;0,244079889114895;0,262523114838337;0,272817029443215;0,283615362278617;0,306012605524578
"Sd_L2nm[4]";0,317029768706261;0,0194720133410798;0,000112421721441364;0,000115350430176516;0,281684035172782;0,303406808990242;0,316039539444038;0,3295113767423;0,358167632300961
"Sd_L2nm[5]";0,331168904420343;0,0201344396526419;0,000116246241534351;0,000122605136263951;0,294468179538544;0,317041283935731;0,33020602972096;0,344256678237317;0,372722093558072
"Sd_L2nm[6]";0,301311712359727;0,0177970543100839;0,000102751340967093;0,000103969785217377;0,26886547981538;0,288946737300593;0,300457257388808;0,312737956184072;0,338547298477028
"Sd_L2nm[7]";0,312273215955586;0,0171603056465615;9,90750708441855e-05;0,000100621346949427;0,281006923099601;0,300329923665665;0,311535166336846;0,323342362058373;0,34809462023468
"Sd_L2nm[8]";0,252015760638167;0,0151545552585367;8,74948655796524e-05;8,90693251650456e-05;0,22382953843032;0,241531327402793;0,251458126738878;0,262030443943837;0,283058972983351
"Sd_L2nm[9]";0,279806443616077;0,018221073743038;0,00010519941830467;0,000105727462164675;0,246331546230784;0,267180238310618;0,279019591462174;0,291482815729112;0,317894589595635
"Sd_L2nm[10]";0,285190263662892;0,0180325786305851;0,000104111141265514;0,000106482467087975;0,251968700955431;0,272706422474543;0,284408122034108;0,2968438884469;0,322777701885776
"Sd_L2nm[11]";0,285922563486648;0,017222284105482;9,94329036436027e-05;0,000100313547171523;0,254058294594283;0,273887229072302;0,285154979132719;0,297178238206523;0,321039079008419
"Sd_L2nm[12]";0,272224576274956;0,01525373929231;8,80675048656358e-05;9,05380367197532e-05;0,243424462187967;0,261831453247373;0,271746970949083;0,282223180663308;0,303146274587062
"Sd_L2nm[13]";0,285125476980288;0,0160314594353279;9,25576742048912e-05;9,72392837238443e-05;0,255195954945229;0,274178030584485;0,28464109688081;0,295481486171914;0,317940896050372
"Sd_L2nm[14]";0,241485349885396;0,0146723952699111;8,47111135873977e-05;8,45315650752492e-05;0,214108303146604;0,231354022295527;0,240981648954607;0,251065879415092;0,271439114613221
"Sd_L2nm[15]";0,246123386531525;0,0146380768167309;8,45129759055799e-05;8,54271661001003e-05;0,218342230565963;0,23601020657246;0,24579690653759;0,255991254527769;0,275695345365081
"Sd_L2nm[16]";0,27004012382342;0,0152982368004885;8,83244113488867e-05;8,75685054564405e-05;0,241202485922194;0,259508425242686;0,26959940920403;0,280181954525664;0,30110886858167
"Sd_L2nm[17]";0,257867792067253;0,016018218774319;9,24812292129141e-05;9,41030421826472e-05;0,227807541617198;0,246839794079441;0,257496308479516;0,268537130700441;0,290237689511893
"Sd_L2nm[18]";0,259851646220461;0,0143485109193872;8,28411664177849e-05;8,63551129673349e-05;0,232674295237487;0,24995390184019;0,259543674868886;0,26935612988149;0,288888338108508
"Sd_L2nm[19]";0,249241159247882;0,0152465336966107;8,80259033394688e-05;8,88149759958306e-05;0,220421905295595;0,238713610197559;0,248788999464782;0,259320477771567;0,280189493427959
"Sd_L2nm[20]";0,245830131510875;0,0144584772806616;8,34760575006205e-05;8,32914385255206e-05;0,218734085535037;0,235814008355268;0,245467292706019;0,255577483007278;0,274991147856477
"Sd_L2nm[21]";0,260224567515697;0,0141350027527739;8,16084764431011e-05;8,50850771468758e-05;0,23374920994197;0,250507186974782;0,259808260954087;0,269647669089399;0,289087664771562
"Sd_L2nm[22]";0,25862513763176;0,0144418717477694;8,33801854117671e-05;8,50491452967996e-05;0,231719028762245;0,248630157694971;0,258121982749146;0,268034176534564;0,288358724186926
"Sd_L2nm[23]";0,273318870892595;0,0158306609650189;9,13983636960335e-05;9,33439296742401e-05;0,243909032850013;0,262391895263679;0,272758478558992;0,283610307049174;0,305757739808781
"Sd_L2nm[24]";0,281205036373202;0,0164763788861604;9,51264178519498e-05;9,64422558468284e-05;0,250512191347082;0,269798399299504;0,280585579899936;0,292024176839743;0,315501408676591
