"Parameter";"Rhat";"zchain1";"zchain2";"zchain3";"zchain4";"zchain5";"zchain6";"Effective"
"Alpha1[1, 1]";1,00004512013301;-0,763793865908132;0,692190089672961;0,158818687161502;0,95486587186901;-0,388357486619346;0,635297265265281;23681,9237924306
"Alpha1[1, 2]";1,00001481562778;-0,829536556525854;0,33393519721007;-0,449938574371685;1,29161897773318;-0,200267547647277;-2,62193591424067;30018,9293434182
"Alpha1[2, 1]";1,00000896954446;-2,02369987003316;-0,610632043277361;0,833772613758365;-0,178881750680997;0,220362659074025;-0,913734134592502;27698,7594747271
"Alpha1[2, 2]";1,0000623514628;2,15045256708811;-0,823797232873336;-0,334376939813149;-0,422208321238225;0,289302325955919;-0,0759654545837007;30369,3988920934
"Alpha1[3, 1]";0,99996680763574;-0,567301106928781;-1,06513557546561;-0,0300722287210973;-1,42701946856882;0,851921596457997;-0,855965237549083;30505,3558545642
"Alpha1[3, 2]";0,999976878624277;-1,25959042118878;0,43851455754094;0,484740444614679;0,596574711258276;-1,36719172088217;1,39323649647267;25991,7574269911
"Alpha1[4, 1]";1,00008917819835;-1,07059406100222;1,83498793155946;2,05422596748616;0,15122519335073;-1,23655391893291;1,0541714801188;30094,5772366826
"Alpha1[4, 2]";0,999949240920914;0,734151994752592;-0,679111695056585;1,1890913775011;0,842599485640794;0,627914423820265;-0,975515575091353;28055,6639805268
"Alpha1[5, 1]";1,00002312747146;-0,479237558031511;1,12972360867719;0,728015980295941;0,0543724771843325;1,40697212266114;1,73092071496614;30030,9366089663
"Alpha1[5, 2]";1,00015118533957;-0,460033519833443;-0,75758095902844;-1,82305007083239;-0,583884605302482;-0,647378194979381;-0,713225081851709;30127,2069393517
"Alpha1[6, 1]";1,0001696253664;-0,496219747091752;1,09654659293923;0,404132139270017;-1,15739009265111;-0,472728839604027;-0,229828692281255;21357,1409649197
"Alpha1[6, 2]";1,00006028780782;0,173263133015962;-1,40500917947468;0,653723123274456;-0,30734857859504;0,139728503487345;-1,11414358668763;30225,1368473944
"Alpha1[7, 1]";1,00016559045773;0,442838253045;-0,749773282696123;-0,927224437691082;-2,06556628901904;0,924665544146468;-1,60030772065999;14935,2498119912
"Alpha1[7, 2]";1,00006905358603;-1,69285733549828;0,749547414552567;-0,417111512959341;0,506750193479723;0,163994813374771;1,08804772679722;25207,7161730136
"Alpha1[8, 1]";1,00029416104547;0,609239501721367;1,17514504441388;-0,166469725962824;-1,67052290030522;-0,831469923747286;-2,111371671952;30116,2641073007
"Alpha1[8, 2]";1,00022837293267;0,402878941750395;-0,909211746049286;-0,136994580612057;1,55246514061162;-0,425857218117132;2,35921533255283;30434,1359195609
"Alpha1[9, 1]";0,999968676931466;0,946117511745607;-1,23844877244353;1,08357502340098;0,567441692825428;-1,4202513647079;0,104605504143285;30148,5391791671
"Alpha1[9, 2]";1,00002231117537;0,339602283177393;0,272760492243831;-0,379001234287984;0,754757242663965;0,723094231123041;0,044344429468066;30315,2534580533
"Alpha1[10, 1]";1,00006430305707;1,11136712618865;1,02038528904607;2,2984869852607;-0,555709031808906;-1,05167882876297;0,818407514696146;30291,2178267038
"Alpha1[10, 2]";1,00010361275515;-0,23070549691365;-1,50379707481469;-1,35758621443458;0,568737169246523;0,658296104643018;-0,737109451531355;30147,9596790031
"Alpha1[11, 1]";0,99997421775523;1,30529652713231;0,0149889332680762;-1,35413134500853;1,30999076178025;0,522259392046627;1,9081857662392;24118,612199453
"Alpha1[11, 2]";0,999984057570914;-0,738500989786321;-1,22279616193304;-0,840967543998497;-0,661878389135883;0,0466701142258803;-0,723237687320491;30204,1926016724
"Alpha1[12, 1]";1,00009279191213;-0,336323594477259;-0,364834348608483;-0,960985811295249;-0,891879970588721;-0,305761956608482;0,93549147727123;16786,8759128071
"Alpha1[12, 2]";0,999972340494321;-0,027789687146442;0,132219536372783;1,17321741186807;0,278185636976727;-0,549862987753034;-0,0356473992576376;28720,7231186199
"Alpha1[13, 1]";0,999995971965958;0,243253179845939;0,840896059129975;-0,033684978582208;-0,225453489976989;-0,313210240399098;0,590926091062956;8800,69632167242
"Alpha1[13, 2]";0,999979419974038;-0,0072288274416244;0,340488196435777;0,431826051966252;-0,480200284097287;0,395120607620845;-0,473409598959912;30023,8531984525
"Alpha1[14, 1]";1,00003992261425;0,295793332156086;0,495481902624345;-0,124288911973282;-0,384107033118666;-0,542024683332522;0,141794595578778;8967,02017633592
"Alpha1[14, 2]";1,00013776796067;0,262017065184478;0,797236224662974;1,00266131081941;0,553233921178375;-0,293488813940551;1,87759828589106;22002,6626570785
"Alpha1[15, 1]";1,00004565667666;0,990129341223131;-2,38268627770341;0,00454691145543344;0,495928940287651;1,90188485412147;0,963090748866012;30323,5372926744
"Alpha1[15, 2]";1,00004488277246;1,03588471113505;1,96697678571849;-0,950117649908112;0,44144602440579;-0,948313970710273;-3,20224357108185;30060,6161903485
"Alpha1[16, 1]";1,0001256521075;0,391182375593697;0,893134768615575;-0,959636072856057;0,884746311109201;0,507814886675953;0,92349993971613;30135,8943257004
"Alpha1[16, 2]";0,999975101151299;0,399933924009798;-1,01786643315216;0,746525719400229;-1,24182103556225;-0,297269650515864;0,792981409456704;24488,402554225
"Alpha1[17, 1]";1,0000876140714;0,662877634975636;0,0817043755674143;-0,582797384984283;0,273532098716259;-0,147344350844089;-0,978409465023051;18983,7627810346
"Alpha1[17, 2]";1,00004693316994;0,571110848564862;2,7071054712468;0,564497490740692;-1,80980114778513;-1,19303322126767;0,920135833290626;30005,937744001
"Alpha1[18, 1]";0,999975142117188;-0,468282811381867;-0,535977009701739;1,38245552442843;-0,175742137321643;-1,0574390648046;0,319208493124903;30525,0726374989
"Alpha1[18, 2]";0,999998756816358;-1,92073010746249;0,851589069173049;0,423182075885759;-0,259120076764551;-1,25201080473662;-0,775410801406514;30178,4628363216
"Alpha1[19, 1]";0,999987335483695;1,75037076173101;-0,0298478889378044;-0,177750178038221;-1,28994311756131;0,455612036205352;0,152785501629826;24234,9801710968
"Alpha1[19, 2]";1,00012251408761;-1,04361116268687;-1,23776465594694;0,302721461011237;-0,929320193235117;-1,67114923036946;-0,290165404294722;30055,1507238589
"Alpha1[20, 1]";1,00007202441959;0,279391950682977;0,461961420866842;1,08657681522513;-0,0525032284853268;0,785665597982715;-2,27868101159795;28597,6940335105
"Alpha1[20, 2]";1,000058916207;-0,912545029311394;0,205229073376221;1,13405598964976;0,224304413877715;0,123226678556828;0,583877030259432;12043,8803035232
"Alpha1[21, 1]";1,00009499766202;-0,63898270629368;0,0732059101516011;0,389212008461519;-1,22160196557083;-0,424252859020979;-0,0540743955857144;25887,9852730604
"Alpha1[21, 2]";1,00027499198317;0,458592973087561;1,17446862179732;-0,710630756248267;1,16575297335938;0,655948466066728;0,293393855876926;30093,3581102262
"Alpha1[22, 1]";1,0001166478429;-1,29311192129872;-0,0126269103914974;-1,46449549610656;0,25440913198542;1,13091392732729;-0,11530392460867;30220,9911393901
"Alpha1[22, 2]";1,00007695570792;0,62378802081797;0,215868276280347;0,022899994345434;-1,11426235270623;-0,00115785625352208;-1,12238189673255;7301,70493047814
"Alpha1[23, 1]";1,00007834518057;-0,0883542488281389;1,32572085978951;-2,37379638829714;1,8111469207416;0,707095072667214;1,29843228821714;30619,3486135802
"Alpha1[23, 2]";1,00004063912549;-1,372982010578;-0,574764564571938;0,360186381854481;-3,77084036205351;0,106554675261652;-0,733634237453076;18078,626205593
"Alpha1[24, 1]";1,00003735760487;0,148525487351527;1,65344740714976;0,134252912429305;0,0470385235597589;0,129943684134654;0,448405996744188;30195,3063295549
"Alpha1[24, 2]";1,00001823090384;-0,493533059449424;-2,25548405801615;-0,477148142109771;-1,84586363276825;0,262241133213724;0,831004105442178;18395,0967042912
"Alpha2[1, 1]";0,999970348165483;0,86610476754288;1,31429582797513;0,143413878480302;0,0316433990830837;-1,10960763742015;1,49068113731911;22718,8580024653
"Alpha2[1, 2]";0,999971869187701;-1,03232531656128;0,368915384823038;1,15305184212781;0,288725320043248;1,41702613615912;0,373498578235928;6242,1566668087
"Alpha2[2, 1]";1,00006064238048;-1,35229984620698;-0,371048679936353;-0,810988636529711;0,380097796075601;-1,4867663757627;0,289920845043;30158,6612324046
"Alpha2[2, 2]";1,00001029957847;-2,88547068938718;-0,611972810944047;1,50435720716749;-0,00532403988472783;1,45622683293952;1,19199575404349;30473,9270838593
"Alpha2[3, 1]";1,00007139112395;4,01724594563188;0,317906913087399;-0,769120656396184;-1,14243428077294;0,171657670340835;0,589986928187314;30373,6899778483
"Alpha2[3, 2]";1,00007379167972;-0,405533615895347;0,843749249225252;0,90291875222133;2,08830018992081;-0,391814856443217;0,0423804502565882;29993,9787648516
"Alpha2[4, 1]";1,00007681411943;-0,0206886095203025;1,55242102817198;0,0110675062220312;-0,249023483945898;0,300163452969119;-0,908669917854203;30104,3388486096
"Alpha2[4, 2]";1,00013850173633;1,22977397985293;0,0957366415942913;-1,0965252928006;-0,448225580678535;-1,63770720335507;0,313953423683478;30439,7456051314
"Alpha2[5, 1]";1,00009077392532;0,128435792860442;0,487684049031794;-0,161233354427918;-0,162064392555161;1,13311080595831;0,00400216286251391;30317,4067459459
"Alpha2[5, 2]";1,00007371713895;0,670304886119032;-1,5750569936585;1,59149224789078;-0,101462828626284;-1,77132035543828;2,45006461327307;13522,5459119075
"Alpha2[6, 1]";1,00015249786897;0,776952001732437;1,0081822377691;0,673098056297665;-0,884404813937604;-0,536001960479363;-0,559359162440325;30247,9573695536
"Alpha2[6, 2]";1,00000956590194;0,417838764523201;0,883143659367465;0,00839232315549732;-1,00934061157761;-1,31132910267536;0,889892440147201;25801,1902109528
"Alpha2[7, 1]";0,999989068237894;-0,648971463222049;0,972249563875062;-0,334790946585293;-1,34982341828881;0,0245597797904161;-1,88568180642239;30211,0554363286
"Alpha2[7, 2]";1,00009602722167;0,212747387337451;-2,24747061189306;-1,28877125335997;2,00912459515089;0,181148607197784;0,298066170931673;30369,470741786
"Alpha2[8, 1]";1,00000931165386;0,789393236812647;-0,806558536932588;-1,98608403265442;-1,01251406859031;-1,01164272776586;-3,10403004264598;29929,1996576215
"Alpha2[8, 2]";1,00011484829119;0,000324925325168537;0,961383522762747;0,162094169963613;0,822540613589763;0,888402291392317;1,98954404535101;30413,7700617548
"Alpha2[9, 1]";1,00001487236235;0,253590401335747;-0,601570062325467;-2,18235302064654;-0,737174689088398;-1,62783209025217;0,769851929855256;28722,7827654986
"Alpha2[9, 2]";1,00007758806697;0,377093987912923;0,162343530022145;0,169470498012439;-0,29433583147187;1,99044401692661;-1,87842919448339;29195,1508073357
"Alpha2[10, 1]";1,00002185015777;-0,442966080967135;-0,667105006057215;-0,367636278575521;-0,343025640079314;-1,82594256059844;0,977950712921074;21656,158820858
"Alpha2[10, 2]";1,00010704302402;-2,19826768775255;-1,25958448896846;-0,339489743104267;-0,127339119886174;-0,297829679482084;-0,0184123272139072;30003,1149891933
"Alpha2[11, 1]";1,00009140914362;1,3524560469106;0,399784796521296;-1,01970455980911;-1,20916148992792;-1,07259501395071;0,598096944742202;30008,5664381015
"Alpha2[11, 2]";1,00001709109835;1,11886310479308;2,00558035819557;-1,20592724511377;0,845930593337247;-0,161530563397219;-0,106557148337186;10071,2382478385
"Alpha2[12, 1]";1,00001760356451;-1,63782127558421;0,634306712487786;-2,03358920481134;-1,42123916092003;-1,25176584822623;0,552138212868254;5656,51409756787
"Alpha2[12, 2]";0,999973478517008;2,16264630910897;-0,504217067863211;1,01298930195108;2,55924601344031;0,325466365735332;-1,22526674012206;30031,9046224248
"Alpha2[13, 1]";1,00002794863443;1,04774401849481;0,777555636252638;-0,808361241911468;0,0852915282669278;0,745831569463199;0,230933020980617;30135,3718750109
"Alpha2[13, 2]";1,00001263283247;1,05847967884105;-0,996350185119708;0,10522110206633;0,545834655710737;0,605330168452316;0,350825371866477;9810,50218470769
"Alpha2[14, 1]";1,00002036903024;-0,122516545370312;1,94134703930551;-1,33785198348067;-1,1549501431454;0,180611659223837;0,771471957828932;30010,49495467
"Alpha2[14, 2]";1,00004812231251;-0,500944953374688;-2,18300943037147;-1,89170083100591;-0,0217439435182906;1,07736973248366;-1,22596161679917;28883,1845940366
"Alpha2[15, 1]";1,00009018137302;-0,871454847595684;-0,235492724238141;0,461687229179614;0,296060271603339;-0,789269915626704;1,72105548892478;30341,0716900667
"Alpha2[15, 2]";0,999986977567328;0,527500749291311;0,833600357633252;0,977961945615165;0,778658151994079;1,46918910400232;1,35049343251796;30268,5706409805
"Alpha2[16, 1]";1,00014699670682;0,180420809513874;-0,00117111745541744;-0,567800768738737;-1,43105242251177;0,78849396591816;-0,171041419864627;17156,1452609246
"Alpha2[16, 2]";0,999960127651508;1,16211317665588;-0,394816603165079;0,220863436373781;-0,902930066912202;0,456807280525814;-0,459528319560521;30095,100687382
"Alpha2[17, 1]";0,999957106990569;-0,06957726062866;-0,501688211202519;0,310387743379484;0,331716171323283;1,86666143370622;-0,550210375944624;30429,7062913763
"Alpha2[17, 2]";0,999999083957113;-1,25264114909057;-0,824588484316355;-0,534477437398289;-0,380192846078343;-0,655352114380848;-0,924280156312402;30029,8665294464
"Alpha2[18, 1]";1,00017723927547;0,32741042598521;1,12067993968019;0,339777621925662;-1,22271205209249;1,12923776170322;0,676226447216471;30167,0162730208
"Alpha2[18, 2]";1,00001313333312;-0,153809063475923;0,935810188393376;0,244819435728217;1,34142702184063;-0,539035194678845;1,56704965848505;30254,9690571688
"Alpha2[19, 1]";1,00033470958117;0,556356272873254;-0,446809597625068;-0,194757629581965;0,496783059754004;1,95357110618888;-0,470777337933987;30211,5430459948
"Alpha2[19, 2]";1,00005684411226;1,22669583021034;0,225577809720912;-0,82740165217876;-0,146000577927761;-0,0919034761586484;1,38071909400033;29808,3702714239
"Alpha2[20, 1]";0,999989289114249;-1,28473575275135;-0,112701371997715;-0,0487389949927025;1,56759773565838;-0,549364904277011;-1,144138257582;30014,2725941191
"Alpha2[20, 2]";1,00000744116654;0,0313102088240891;1,22037283154242;0,233830961408895;-1,43257682867419;0,260479546700229;-0,223245189026811;11360,5897723138
"Alpha2[21, 1]";1,0000932984867;0,634536290694568;-0,878257784776814;-0,181160828409245;-0,151496595159125;0,103421182749688;1,5488195595543;30335,7071684939
"Alpha2[21, 2]";1,00011353731702;-2,70688932581869;-0,898035435260579;0,567096254593969;-0,765232695874662;-0,782790637612653;-0,690243352327809;18341,9609172741
"Alpha2[22, 1]";1,00012190481029;-0,32321267119479;0,111533759378098;-0,593696934668322;-1,0123709212202;-0,510752088918585;-0,808033700295098;30390,1076746301
"Alpha2[22, 2]";1,00002600966777;0,0395583849266737;-0,353132100887306;-0,183841082520035;0,312375047849757;-0,35924737613878;0,410519319888121;22084,969279582
"Alpha2[23, 1]";1,00007661730074;1,59255627824419;1,29537670394081;0,276728211765303;0,441197433157284;-1,00508333783618;-0,741928896276328;14134,0671050775
"Alpha2[23, 2]";1,00001602452655;1,32285949816333;-1,19012111782476;0,336956739732632;-0,191234295480664;-0,757762792366281;0,128698970187487;30203,5431832285
"Alpha2[24, 1]";0,999976900940573;0,0375667910859405;1,59229879168364;-1,0178403750722;1,6414352632588;-0,554616415400618;-0,523382898788753;30141,0089337524
"Alpha2[24, 2]";1,00003412218255;-2,13763309222503;0,490355593973324;-0,686409660613406;-0,475815906060803;0,115564175814164;1,27599310160928;30636,8766286378
"Beta1";1,00001499788471;-0,784345576205323;-0,774627478637381;0,121842475586271;-1,04019196889476;2,15186234134903;-0,420638343454506;20221,3079056573
"Beta2";1,00004977066704;0,244457771434965;-0,710185893003455;1,70319887724696;0,427847440560209;1,12037267015154;1,07960419180877;28636,150492291
"Gamma1[1, 1]";0,999989945079949;0,453169025570501;-0,365980786291927;0,429801917253137;0,282967622478088;-0,257499926741353;-0,988056867737429;19650,4830289886
"Gamma1[1, 2]";0,999989945079949;-0,453169025570484;0,365980786291911;-0,429801917253104;-0,282967622478123;0,257499926741335;0,988056867737445;19650,4830289886
"Gamma1[2, 1]";1,00004197498014;2,27282315385902;0,222759709479026;-0,109453838377742;-0,903942315024876;0,144325230933364;0,71408095277291;30088,0679035801
"Gamma1[2, 2]";1,00004197498014;-2,272823153859;-0,222759709479009;0,109453838377742;0,903942315024876;-0,144325230933333;-0,71408095277291;30088,0679035801
"Gamma1[3, 1]";0,999992433758136;1,12548467409308;-1,12955403146275;0,917948149897545;1,75893020873577;-0,697354210251339;1,33266271319761;30181,3619382879
"Gamma1[3, 2]";0,999992433758136;-1,12548467409311;1,12955403146275;-0,917948149897517;-1,75893020873582;0,697354210251339;-1,33266271319758;30181,3619382879
"Gamma1[4, 1]";0,999949861835762;0,430407229163333;-0,782961646692447;0,172204690964181;-0,915548747322058;1,28059894659174;-0,646855834680896;30514,1597429116
"Gamma1[4, 2]";0,999949861835762;-0,430407229163296;0,782961646692486;-0,172204690964201;0,915548747322038;-1,2805989465917;0,646855834680915;30514,1597429116
"Gamma1[5, 1]";1,00001383634601;1,38098247390677;1,40568693827083;-2,17139559612957;0,229140874532949;-1,30645115466348;-1,12949436554543;30665,1641975531
"Gamma1[5, 2]";1,00001383634601;-1,38098247390675;-1,40568693827082;2,17139559612957;-0,229140874532949;1,30645115466348;1,12949436554543;30665,1641975531
"Gamma1[6, 1]";1,00008492338418;1,11949234907389;-0,683040380987942;0,152786662296308;1,15268096054892;-0,808747348105296;-0,604057996077031;30091,1827093355
"Gamma1[6, 2]";1,00008492338418;-1,11949234907386;0,683040380987875;-0,152786662296374;-1,15268096054892;0,808747348105262;0,604057996077088;30091,1827093355
"Gamma1[7, 1]";1,00001849248446;0,217817922537103;0,481457377673083;-0,65724423911179;0,923255873256682;-1,13675588152402;-0,540974900866067;30232,2771321889
"Gamma1[7, 2]";1,00001849248446;-0,217817922537103;-0,481457377673121;0,657244239111772;-0,9232558732567;1,13675588152404;0,540974900866067;30232,2771321889
"Gamma1[8, 1]";1,00032677960475;-0,0814735881326548;-1,17037762304526;-0,773614691533653;0,671547761379591;0,697918875601982;1,73744956610352;30019,996449597
"Gamma1[8, 2]";1,00032677960475;0,0814735881326366;1,17037762304528;0,773614691533653;-0,671547761379573;-0,697918875602002;-1,7374495661035;30019,996449597
"Gamma1[9, 1]";1,00001862706022;0,130461345007806;1,5484378367982;-0,613491772373993;-0,23079090853419;0,789181101938727;-0,173381193405792;30493,4442493427
"Gamma1[9, 2]";1,00001862706022;-0,130461345007806;-1,54843783679822;0,613491772374035;0,230790908534169;-0,789181101938727;0,173381193405771;30493,4442493427
"Gamma1[10, 1]";1,0000485466744;0,0141937103756362;-1,46621889652546;-0,94192351367394;0,209428023674941;0,763951122479725;-0,888533691653909;30396,0197094902
"Gamma1[10, 2]";1,0000485466744;-0,0141937103756178;1,46621889652542;0,94192351367394;-0,209428023674941;-0,763951122479725;0,888533691653927;30396,0197094902
"Gamma1[11, 1]";0,99996445623072;-1,04824250740664;-0,703812382215173;0,0299849386630181;-0,980478675234105;0,0947926757676009;-0,92956053070314;30168,3592292526
"Gamma1[11, 2]";0,99996445623072;1,04824250740665;0,703812382215173;-0,0299849386630372;0,980478675234086;-0,0947926757675827;0,92956053070314;30168,3592292526
"Gamma1[12, 1]";0,999956920763677;-0,138017726941927;0,692352197634294;1,00120882043972;0,654345316283473;-0,586910896296534;-1,40190870428682;28095,3960861886
"Gamma1[12, 2]";0,999956920763677;0,138017726941927;-0,692352197634259;-1,00120882043971;-0,654345316283491;0,586910896296566;1,40190870428685;28095,3960861886
"Gamma1[13, 1]";0,99995233495643;-0,379624165856303;-0,801413665662877;0,115967803074439;0,16569345575902;-0,379684438453104;-0,463529967618333;30123,0423118172
"Gamma1[13, 2]";0,99995233495643;0,379624165856303;0,801413665662877;-0,115967803074421;-0,165693455759003;0,379684438453122;0,463529967618333;30123,0423118172
"Gamma1[14, 1]";1,00005911169152;0,0548826676369993;1,04876260004799;-0,0820213793317859;0,588226040941136;-0,202154693358735;0,579280762434438;16068,5569850914
"Gamma1[14, 2]";1,00005911169152;-0,0548826676369993;-1,04876260004801;0,0820213793317646;-0,588226040941136;0,202154693358714;-0,579280762434399;16068,5569850914
"Gamma1[15, 1]";0,999980448067716;0,861349589760287;1,19083364268761;-1,073481103587;1,18751474582831;-0,639806191187863;-2,04549608804411;30327,1465139197
"Gamma1[15, 2]";0,999980448067716;-0,861349589760251;-1,19083364268759;1,073481103587;-1,18751474582829;0,639806191187841;2,04549608804409;30327,1465139197
"Gamma1[16, 1]";0,999990845809012;-0,436859542992499;-0,863764384533044;1,67857917779945;-1,81572326551363;-0,978174765555983;-0,533290396183266;23946,1237108302
"Gamma1[16, 2]";0,999990845809012;0,436859542992499;0,863764384533027;-1,67857917779949;1,81572326551361;0,978174765556;0,533290396183283;23946,1237108302
"Gamma1[17, 1]";1,00009110669266;-1,39742852639915;0,0243454492893217;0,68009560874729;-0,125505010101693;0,0641623857477058;0,727659025585414;30160,6165822632
"Gamma1[17, 2]";1,00009110669266;1,3974285263992;-0,0243454492893217;-0,68009560874729;0,125505010101718;-0,0641623857476805;-0,72765902558539;30160,6165822632
"Gamma1[18, 1]";1,00008233146467;-0,991586270066995;1,10844444450724;-1,33887184836969;-0,195787836887376;0,324475977343473;-0,940520003186829;30330,2459719023
"Gamma1[18, 2]";1,00008233146467;0,991586270066995;-1,10844444450725;1,33887184836969;0,195787836887407;-0,324475977343473;0,940520003186829;30330,2459719023
"Gamma1[19, 1]";0,999971180813738;-1,10351902567499;-0,849071955933982;-0,258933127170232;0,914964958147989;-0,281553973645045;0,189297957381747;30273,6064352369
"Gamma1[19, 2]";0,999971180813738;1,10351902567501;0,849071955933982;0,258933127170211;-0,914964958147989;0,281553973645024;-0,189297957381747;30273,6064352369
"Gamma1[20, 1]";1,00004586356111;-1,35018357578978;0,59966533408602;0,623274571447482;0,403622575722141;-0,576080450358622;1,14567566585989;11447,7440066315
"Gamma1[20, 2]";1,00004586356111;1,35018357578979;-0,59966533408602;-0,623274571447482;-0,403622575722161;0,576080450358622;-1,14567566585987;11447,7440066315
"Gamma1[21, 1]";1,00027900541759;0,352992130315863;0,914388486635919;-1,09626966791294;0,831013006363164;-0,178852619414799;-0,696194624718631;21619,0621030706
"Gamma1[21, 2]";1,00027900541759;-0,352992130315826;-0,914388486635919;1,09626966791295;-0,831013006363182;0,178852619414799;0,696194624718631;21619,062103071
"Gamma1[22, 1]";0,999962770252767;0,593744118099331;1,19097989807465;1,6547621660734;-0,112346264677308;-0,93669570275481;0,0460481950045995;30280,9394912291
"Gamma1[22, 2]";0,999962770252767;-0,593744118099331;-1,19097989807465;-1,65476216607336;0,112346264677325;0,936695702754794;-0,0460481950045995;30280,9394912291
"Gamma1[23, 1]";0,999997365087354;-0,741595222091738;0,383253043538295;-0,183979816715608;-1,9891039843689;-0,736078404973727;0,861266089634063;30145,7153644136
"Gamma1[23, 2]";0,999997365087354;0,741595222091763;-0,38325304353827;0,183979816715608;1,98910398436888;0,736078404973727;-0,861266089634089;30145,7153644136
"Gamma1[24, 1]";1,00017821170848;0,553741206506258;-0,369565789075512;-0,526521832235155;0,342472824423196;0,262380319789043;-1,54208401819392;15086,7822450128
"Gamma1[24, 2]";1,00017821170848;-0,553741206506232;0,369565789075512;0,526521832235211;-0,34247282442325;-0,262380319789043;1,54208401819392;15086,7822450128
"Gamma1_F[1]";0,999989945079949;0,453169025570501;-0,365980786291927;0,429801917253137;0,282967622478088;-0,257499926741353;-0,988056867737429;19650,4830289886
"Gamma1_F[2]";1,00004197498014;2,27282315385902;0,222759709479026;-0,109453838377742;-0,903942315024876;0,144325230933364;0,71408095277291;30088,0679035801
"Gamma1_F[3]";0,999992433758136;1,12548467409308;-1,12955403146275;0,917948149897545;1,75893020873577;-0,697354210251339;1,33266271319761;30181,3619382879
"Gamma1_F[4]";0,999949861835762;0,430407229163333;-0,782961646692447;0,172204690964181;-0,915548747322058;1,28059894659174;-0,646855834680896;30514,1597429116
"Gamma1_F[5]";1,00001383634601;1,38098247390677;1,40568693827083;-2,17139559612957;0,229140874532949;-1,30645115466348;-1,12949436554543;30665,1641975531
"Gamma1_F[6]";1,00008492338418;1,11949234907389;-0,683040380987942;0,152786662296308;1,15268096054892;-0,808747348105296;-0,604057996077031;30091,1827093355
"Gamma1_F[7]";1,00001849248446;0,217817922537103;0,481457377673083;-0,65724423911179;0,923255873256682;-1,13675588152402;-0,540974900866067;30232,2771321889
"Gamma1_F[8]";1,00032677960475;-0,0814735881326548;-1,17037762304526;-0,773614691533653;0,671547761379591;0,697918875601982;1,73744956610352;30019,996449597
"Gamma1_F[9]";1,00001862706022;0,130461345007806;1,5484378367982;-0,613491772373993;-0,23079090853419;0,789181101938727;-0,173381193405792;30493,4442493427
"Gamma1_F[10]";1,0000485466744;0,0141937103756362;-1,46621889652546;-0,94192351367394;0,209428023674941;0,763951122479725;-0,888533691653909;30396,0197094902
"Gamma1_F[11]";0,99996445623072;-1,04824250740664;-0,703812382215173;0,0299849386630181;-0,980478675234105;0,0947926757676009;-0,92956053070314;30168,3592292526
"Gamma1_F[12]";0,999956920763677;-0,138017726941927;0,692352197634294;1,00120882043972;0,654345316283473;-0,586910896296534;-1,40190870428682;28095,3960861886
"Gamma1_F[13]";0,99995233495643;-0,379624165856303;-0,801413665662877;0,115967803074439;0,16569345575902;-0,379684438453104;-0,463529967618333;30123,0423118172
"Gamma1_F[14]";1,00005911169152;0,0548826676369993;1,04876260004799;-0,0820213793317859;0,588226040941136;-0,202154693358735;0,579280762434438;16068,5569850914
"Gamma1_F[15]";0,999980448067716;0,861349589760287;1,19083364268761;-1,073481103587;1,18751474582831;-0,639806191187863;-2,04549608804411;30327,1465139197
"Gamma1_F[16]";0,999990845809012;-0,436859542992499;-0,863764384533044;1,67857917779945;-1,81572326551363;-0,978174765555983;-0,533290396183266;23946,1237108302
"Gamma1_F[17]";1,00009110669266;-1,39742852639915;0,0243454492893217;0,68009560874729;-0,125505010101693;0,0641623857477058;0,727659025585414;30160,6165822632
"Gamma1_F[18]";1,00008233146467;-0,991586270066995;1,10844444450724;-1,33887184836969;-0,195787836887376;0,324475977343473;-0,940520003186829;30330,2459719023
"Gamma1_F[19]";0,999971180813738;-1,10351902567499;-0,849071955933982;-0,258933127170232;0,914964958147989;-0,281553973645045;0,189297957381747;30273,6064352369
"Gamma1_F[20]";1,00004586356111;-1,35018357578978;0,59966533408602;0,623274571447482;0,403622575722141;-0,576080450358622;1,14567566585989;11447,7440066315
"Gamma1_F[21]";1,00027900541759;0,352992130315863;0,914388486635919;-1,09626966791294;0,831013006363164;-0,178852619414799;-0,696194624718631;21619,0621030706
"Gamma1_F[22]";0,999962770252767;0,593744118099331;1,19097989807465;1,6547621660734;-0,112346264677308;-0,93669570275481;0,0460481950045995;30280,9394912291
"Gamma1_F[23]";0,999997365087354;-0,741595222091738;0,383253043538295;-0,183979816715608;-1,9891039843689;-0,736078404973727;0,861266089634063;30145,7153644136
"Gamma1_F[24]";1,00017821170848;0,553741206506258;-0,369565789075512;-0,526521832235155;0,342472824423196;0,262380319789043;-1,54208401819392;15086,7822450128
"Gamma3[1, 1]";1,00002725068775;0,742315406813883;0,10909383156031;0,814372257006225;0,11001438325245;-0,668051669940314;1,88681097280369;30096,4004547752
"Gamma3[1, 2]";1,00002725068775;-0,742315406813883;-0,109093831560276;-0,814372257006225;-0,110014383252467;0,668051669940297;-1,88681097280367;30096,4004547752
"Gamma3[2, 1]";0,999933238769336;-0,314124308806906;0,331811396180816;0,708696608736749;-0,776222167016263;-0,414790483915039;0,25433191562887;30072,3258998729
"Gamma3[2, 2]";0,999933238769336;0,314124308806863;-0,331811396180793;-0,708696608736773;0,776222167016244;0,414790483915039;-0,254331915628847;30072,3258998729
"Gamma3[3, 1]";1,00006232800533;2,1826947439307;-1,67246063633627;-0,217271954431185;-0,749380771627953;0,981943806969964;-0,481209217365168;30254,7755561843
"Gamma3[3, 2]";1,00006232800533;-2,1826947439307;1,67246063633627;0,217271954431205;0,749380771627934;-0,981943806969964;0,481209217365169;30254,7755561843
"Gamma3[4, 1]";1,00005706558851;-0,895832444979929;1,21582444623168;0,478487322214402;-1,67721723673862;0,258801439254997;0,664301302293996;30145,0852227619
"Gamma3[4, 2]";1,00005706558851;0,895832444979947;-1,21582444623168;-0,478487322214384;1,6772172367386;-0,258801439254959;-0,664301302294015;30145,0852227619
"Gamma3[5, 1]";1,00003756430432;1,3329656911683;2,75945926177831;-0,688659939107132;0,543189822758832;0,596037726357447;0,547975820324454;30233,2821270916
"Gamma3[5, 2]";1,00003756430432;-1,3329656911683;-2,7594592617783;0,688659939107115;-0,543189822758832;-0,596037726357447;-0,547975820324441;30233,2821270916
"Gamma3[6, 1]";1,00006869174919;0,359622940014495;1,25455433430131;0,0738857466523842;0,186225791291318;-1,09775508065904;0,0147490893538041;30135,3790125231
"Gamma3[6, 2]";1,00006869174919;-0,359622940014456;-1,25455433430133;-0,0738857466524029;-0,186225791291341;1,09775508065907;-0,0147490893538229;30135,3790125231
"Gamma3[7, 1]";1,00001823897035;1,85636516110797;-0,318848537479283;-0,871156364823995;-1,22062504168008;-0,873258796295136;-3,03128718008919;30020,5120447288
"Gamma3[7, 2]";1,00001823897035;-1,85636516110797;0,318848537479301;0,871156364823976;1,22062504168006;0,873258796295116;3,03128718008919;30020,5120447288
"Gamma3[8, 1]";1,00002922335679;0,0366209330126891;-0,0105968368805365;-1,46200148860551;-2,20459484614452;0,323954334923901;-2,59167877319732;30449,5164050918
"Gamma3[8, 2]";1,00002922335679;-0,0366209330126625;0,0105968368805365;1,46200148860545;2,20459484614449;-0,323954334923901;2,59167877319732;30449,5164050918
"Gamma3[9, 1]";1,00002086306195;0,716176109960268;0,525564497275517;-0,321427317874284;-0,644518654382036;-1,38715184370793;0,321512313744228;30151,6478217415
"Gamma3[9, 2]";1,00002086306195;-0,716176109960242;-0,525564497275543;0,321427317874259;0,644518654382036;1,38715184370796;-0,321512313744252;30151,6478217415
"Gamma3[10, 1]";0,999996856399467;1,24948939124143;-0,0852550484012356;2,33551619785377;-0,917744417521738;-0,670513582528621;0,521243790563683;30166,4128109533
"Gamma3[10, 2]";0,999996856399467;-1,24948939124146;0,0852550484012356;-2,33551619785371;0,917744417521769;0,670513582528621;-0,521243790563683;30166,4128109533
"Gamma3[11, 1]";1,00020627377785;0,625706577426492;-0,181409943315199;-0,502841925422859;-0,0782051191225995;0,390958527623248;1,28542830187487;30054,54245016
"Gamma3[11, 2]";1,00020627377785;-0,625706577426468;0,181409943315199;0,502841925422859;0,078205119122577;-0,3909585276232;-1,28542830187487;30054,54245016
"Gamma3[12, 1]";0,999997798846186;-1,71000024952799;1,03065483546309;-1,80699595244518;-1,32748916806872;-1,1838308913971;-0,397338098939685;30111,8507040968
"Gamma3[12, 2]";0,999997798846186;1,71000024952799;-1,03065483546312;1,80699595244523;1,32748916806869;1,18383089139708;0,397338098939685;30111,8507040968
"Gamma3[13, 1]";1,00006371248102;-0,147700592439851;-0,109360870605696;-0,583835155081153;0,371145336540776;-1,0384717873249;0,333142102055736;27362,6955913538
"Gamma3[13, 2]";1,00006371248102;0,147700592439851;0,109360870605696;0,583835155081133;-0,371145336540776;1,03847178732492;-0,333142102055756;27362,6955913538
"Gamma3[14, 1]";1,00001912567766;-0,0319221370702622;1,70508918960535;-1,12613795876871;-0,184044982457414;-0,579596795713677;-0,192321708607681;17229,3036188846
"Gamma3[14, 2]";1,00001912567766;0,0319221370703013;-1,70508918960533;1,12613795876873;0,184044982457414;0,579596795713655;0,192321708607702;17229,3036188846
"Gamma3[15, 1]";1,00001402577853;0,404457436763185;-2,06032710937754;-0,378814726231346;1,19608905427685;0,762022686117014;1,49015554986801;24847,0558527096
"Gamma3[15, 2]";1,00001402577853;-0,404457436763208;2,06032710937754;0,378814726231323;-1,19608905427685;-0,762022686117014;-1,49015554986799;24847,0558527096
"Gamma3[16, 1]";1,00006082540825;-0,499244371256189;0,595820476010343;0,255949847116486;-0,518833964999132;-0,356041186797189;-0,643459200143369;8416,64145715759
"Gamma3[16, 2]";1,00006082540825;0,499244371256189;-0,595820476010343;-0,255949847116524;0,518833964999113;0,356041186797208;0,643459200143369;8416,64145715759
"Gamma3[17, 1]";0,999992309849456;-0,990788592784636;-1,99181029806859;-0,115554571893637;1,59816192546626;1,5314015005181;-0,948752736092368;30764,7084641608
"Gamma3[17, 2]";0,999992309849456;0,990788592784636;1,99181029806861;0,115554571893637;-1,59816192546628;-1,53140150051812;0,948752736092368;30764,7084641608
"Gamma3[18, 1]";1,00016268305826;0,172172197008928;0,123986163184914;-0,837617149370254;-1,07381416342852;1,27249613155224;-0,452922671006001;30116,9333990788
"Gamma3[18, 2]";1,00016268305826;-0,172172197008881;-0,123986163184892;0,837617149370276;1,07381416342849;-1,27249613155224;0,452922671005979;30116,9333990788
"Gamma3[19, 1]";1,00005149376741;0,722409692209996;0,0114528536719787;-0,792996993454231;1,32165503959819;2,48480427542573;0,230133172909979;30508,5542677853
"Gamma3[19, 2]";1,00005149376741;-0,722409692209997;-0,0114528536719494;0,792996993454231;-1,32165503959819;-2,48480427542573;-0,230133172909951;30508,5542677853
"Gamma3[20, 1]";0,999983368637869;-0,717218446242148;0,778796473096919;0,445844384673311;0,639562133852308;-0,417223597517296;-1,23823641262199;13636,6417146175
"Gamma3[20, 2]";0,999983368637869;0,717218446242148;-0,778796473096897;-0,445844384673311;-0,639562133852287;0,417223597517338;1,23823641262197;13636,6417146175
"Gamma3[21, 1]";0,999938320520067;0,126017955652737;0,126111020678378;-0,630884936403514;-0,749453665479128;-1,05461131929229;-0,712016832404634;29887,6533349343
"Gamma3[21, 2]";0,999938320520067;-0,12601795565276;-0,126111020678399;0,630884936403535;0,749453665479106;1,05461131929229;0,71201683240468;29887,6533349343
"Gamma3[22, 1]";1,00008786627568;-0,819257007921371;1,1445064699603;0,40280898098185;0,482681808054003;-0,266822192976617;0,497091251656234;30113,4376802946
"Gamma3[22, 2]";1,00008786627568;0,819257007921403;-1,1445064699603;-0,40280898098185;-0,482681808053987;0,266822192976648;-0,497091251656203;30113,4376802946
"Gamma3[23, 1]";1,00006520364646;0,355361331359778;1,67778372624156;-1,86521753879734;2,3716981918927;-0,0054453748346442;1,28937352855609;25092,8038493044
"Gamma3[23, 2]";1,00006520364646;-0,355361331359778;-1,67778372624156;1,86521753879735;-2,37169819189269;0,0054453748346442;-1,28937352855611;25092,8038493044
"Gamma3[24, 1]";1,0000035076096;0,813865843449009;1,99992018442639;0,0448286797626647;1,28201759455077;0,0131371898292179;-1,02120009146004;15938,3864603589
"Gamma3[24, 2]";1,0000035076096;-0,81386584344902;-1,99992018442639;-0,0448286797626542;-1,28201759455076;-0,013137189829207;1,02120009146003;15938,3864603589
"Gamma4[1, 1]";0,9999375149995;-1,10659189898256;-0,373737339423758;1,07713261502184;0,132019132338704;1,61939782620453;0,34853159961277;6412,36501498605
"Gamma4[1, 2]";0,9999375149995;1,10659189898258;0,373737339423775;-1,07713261502183;-0,132019132338704;-1,61939782620453;-0,348531599612753;6412,36501498605
"Gamma4[2, 1]";1,00010526074376;-1,94783440415369;0,531464461032851;1,98341585149166;-0,581393298618166;1,52516935490692;0,972344571917274;30090,560976465
"Gamma4[2, 2]";1,00010526074376;1,9478344041537;-0,531464461032845;-1,98341585149163;0,581393298618154;-1,52516935490695;-0,972344571917269;30090,560976465
"Gamma4[3, 1]";1,00013389328409;0,142070612954404;-0,644834459850753;0,769802920238606;1,82977730388009;0,24801487488764;-0,674528731256351;30172,106921731
"Gamma4[3, 2]";1,00013389328409;-0,142070612954413;0,644834459850744;-0,7698029202386;-1,82977730388008;-0,24801487488764;0,674528731256351;30172,106921731
"Gamma4[4, 1]";1,00015497511968;0,196493405970764;-0,0621341783515484;-0,525784126120257;-0,718902880618392;-1,54675352965741;0,914570166354329;25919,2660730382
"Gamma4[4, 2]";1,00015497511968;-0,196493405970757;0,0621341783515409;0,525784126120265;0,7189028806184;1,54675352965739;-0,914570166354321;25919,2660730382
"Gamma4[5, 1]";1,00007553921367;0,898776112374236;0,634281221314026;0,854877232843744;0,306832487275815;-1,15721332290819;2,09231505441184;30052,2665551601
"Gamma4[5, 2]";1,00007553921367;-0,898776112374236;-0,63428122131404;-0,854877232843731;-0,306832487275808;1,15721332290819;-2,09231505441184;30052,2665551601
"Gamma4[6, 1]";1,00010691408827;0,454554891103672;1,07882265199965;-0,347694395989286;-0,353522906968407;-1,61809307279127;0,812491531373003;30263,3324884367
"Gamma4[6, 2]";1,00010691408827;-0,454554891103681;-1,07882265199964;0,347694395989262;0,353522906968418;1,61809307279129;-0,812491531372985;30263,3324884367
"Gamma4[7, 1]";1,0000591994358;1,26516396100055;-2,21562041690947;-1,22733178867453;0,999274160376634;-0,305401660871912;-0,763124965194801;30032,5752448455
"Gamma4[7, 2]";1,0000591994358;-1,26516396100056;2,21562041690945;1,22733178867456;-0,999274160376628;0,305401660871931;0,763124965194789;30032,5752448455
"Gamma4[8, 1]";1,00003963739863;0,166036435097026;1,033633293261;0,425531539083266;0,531662939579535;1,81205011103591;1,7566476084758;30583,186606681
"Gamma4[8, 2]";1,00003963739863;-0,166036435097026;-1,03363329326101;-0,425531539083272;-0,531662939579524;-1,81205011103589;-1,75664760847579;30583,186606681
"Gamma4[9, 1]";1,00015693226282;0,584123591937891;0,452494098795185;0,912739492600665;-0,0532581712225201;2,06876272302496;-2,03005612480383;23839,1220426643
"Gamma4[9, 2]";1,00015693226282;-0,58412359193787;-0,452494098795177;-0,912739492600654;0,0532581712225201;-2,06876272302498;2,03005612480383;23839,1220426643
"Gamma4[10, 1]";1,00003380854064;-1,40543928652033;-0,405960078462198;0,17162070233891;-0,0795406397975601;0,462555413920191;0,194665247958784;29894,3716533034
"Gamma4[10, 2]";1,00003380854064;1,40543928652031;0,405960078462192;-0,171620702338922;0,0795406397975274;-0,462555413920216;-0,194665247958757;29894,3716533034
"Gamma4[11, 1]";0,999951632653044;0,35229151110426;1,26774500365852;-0,762124684562738;1,36985871056137;0,366082564322413;0,201046219306502;12000,5083856643
"Gamma4[11, 2]";0,999951632653044;-0,35229151110426;-1,26774500365852;0,762124684562727;-1,36985871056138;-0,366082564322401;-0,20104621930649;12000,5083856643
"Gamma4[12, 1]";0,999985175311692;1,99315171825177;-0,318974713096836;0,946124443568988;2,27650998433198;0,223740113822364;-1,64409254539093;13702,8853709162
"Gamma4[12, 2]";0,999985175311692;-1,99315171825174;0,318974713096853;-0,946124443568957;-2,27650998433196;-0,22374011382238;1,64409254539093;13702,8853709162
"Gamma4[13, 1]";1,00001112380174;0,287143634263008;-1,21814581826474;0,0825257558114022;0,665814094390196;-0,367013294654466;0,515340851165389;11979,7584142387
"Gamma4[13, 2]";1,00001112380174;-0,287143634262991;1,21814581826472;-0,0825257558114231;-0,665814094390187;0,367013294654466;-0,515340851165397;11979,7584142387
"Gamma4[14, 1]";1,00000600692974;-0,149404339508907;-1,39714353771918;-1,70025251207254;0,0506845517184425;0,792213001447109;-1,64039290180694;24178,4075811151
"Gamma4[14, 2]";1,00000600692974;0,149404339508885;1,39714353771916;1,70025251207256;-0,0506845517184119;-0,79221300144712;1,64039290180696;24178,4075811147
"Gamma4[15, 1]";0,99998608959566;1,20607604730729;-0,287765464581548;0,485705761941207;1,14937650372056;2,26608772380546;1,16168781125261;30179,4856168089
"Gamma4[15, 2]";0,99998608959566;-1,20607604730728;0,287765464581557;-0,48570576194119;-1,14937650372056;-2,26608772380545;-1,16168781125264;30179,4856168089
"Gamma4[16, 1]";0,99996698464842;0,525839381690091;-0,0192416696965352;0,694321044390708;-0,359584307524163;-0,49331459670658;-0,517481427516384;24453,1330927383
"Gamma4[16, 2]";0,99996698464842;-0,525839381690075;0,01924166969652;-0,694321044390692;0,359584307524171;0,493314596706602;0,517481427516376;24453,1330927383
"Gamma4[17, 1]";0,999967870259664;-1,80215366913295;-1,92310793839738;-0,794830522146116;0,544620082311483;-0,597288391069044;-1,36631559621466;24390,1208639139
"Gamma4[17, 2]";0,999967870259664;1,80215366913296;1,92310793839739;0,794830522146125;-0,544620082311472;0,597288391069034;1,36631559621464;24390,1208639139
"Gamma4[18, 1]";0,999946159842779;-0,197400082578959;0,273365587783249;-0,508425480301257;1,57523185544053;-0,537799678408763;0,717499959803975;30173,886552706
"Gamma4[18, 2]";0,999946159842779;0,197400082578966;-0,273365587783235;0,508425480301228;-1,57523185544055;0,537799678408749;-0,717499959803982;30173,8865527059
"Gamma4[19, 1]";1,00002018160879;1,80481131532533;0,547038416178958;-1,06793503700454;0,175150193631753;0,0280959258588539;2,16482718825963;30086,6253802703
"Gamma4[19, 2]";1,00002018160879;-1,80481131532535;-0,547038416178913;1,06793503700455;-0,175150193631775;-0,0280959258588326;-2,16482718825964;30086,6253802703
"Gamma4[20, 1]";1,00000541239746;0,0616332458931468;1,55002761378081;0,436051341830825;-1,4595438018325;0,154865585604018;-0,637166352892863;13418,3090453561
"Gamma4[20, 2]";1,00000541239746;-0,0616332458931128;-1,55002761378083;-0,436051341830807;1,4595438018325;-0,154865585604018;0,637166352892875;13418,3090453557
"Gamma4[21, 1]";1,00011127726741;-2,52143764732681;-0,905470767312944;0,275763578589873;-0,824417220089176;-0,95114388371439;-1,50771104900315;18019,5448252355
"Gamma4[21, 2]";1,00011127726741;2,52143764732681;0,90547076731295;-0,275763578589866;0,824417220089169;0,951143883714361;1,50771104900315;18019,5448252355
"Gamma4[22, 1]";1,00000452665908;0,0386271468893783;0,456484781155136;0,504563437066145;0,95504059188473;0,0860559811857462;1,08827146845882;30204,0145413213
"Gamma4[22, 2]";1,00000452665908;-0,0386271468893783;-0,456484781155123;-0,504563437066156;-0,95504059188473;-0,0860559811857228;-1,08827146845882;30204,0145413213
"Gamma4[23, 1]";1,00005384909235;0,499670142127399;-0,539508150670023;-1,13314232134504;0,840798218446488;-0,0755700188043788;1,29707217732501;30428,2020938675
"Gamma4[23, 2]";1,00005384909235;-0,499670142127399;0,539508150670023;1,13314232134504;-0,84079821844648;0,0755700188043872;-1,29707217732501;30428,2020938675
"Gamma4[24, 1]";1,00008646165476;-0,967669272699593;1,29548401996612;-0,118746780511779;-0,282873191709376;0,206860362437681;0,38598262626576;29836,8606425366
"Gamma4[24, 2]";1,00008646165476;0,967669272699593;-1,29548401996611;0,118746780511779;0,282873191709366;-0,206860362437681;-0,385982626265765;29836,8606425365
"Mu_Alpha1[1]";1,00007461172642;-0,527581860754993;1,58537279097026;-0,796775495653752;1,63130733305327;-0,88918768738699;0,168535940960705;30293,3267030588
"Mu_Alpha1[2]";1,00009048849979;-0,917935720184132;-0,436689182893649;1,31976798438603;-0,741163143132562;-0,474272942748935;-0,221835714935498;30048,3530539373
"Mu_Alpha2[1]";0,999975594322272;-0,309671330888906;0,907466190242411;-0,0660495275619034;-1,74794346947161;0,556886797479029;0,609385390954352;30071,75485259
"Mu_Alpha2[2]";0,999969236000781;-0,606555659364952;-0,493294499746313;0,333802744092613;1,1722464628361;-0,584341804232721;2,22684233419315;30215,2265585911
"Mu_L1[1]";0,999957086840705;1,2527465199204;0,354233371420197;0,842227915305804;0,580942334476067;0,45651420076968;0,928400811178385;10728,7476296845
"Mu_L1[2]";1,00000111893265;1,09817059863088;2,41024367780163;0,200161172095872;1,25392102805768;-0,443305055058059;0,495453699686303;30442,3732039996
"Mu_L1[3]";1,00011493088152;1,47604491915132;0,0024228262368875;0,371308501720147;0,0907685844920144;-0,292076670769924;-0,216077808975573;28150,2751836045
"Mu_L1[4]";1,00002977319234;1,01126587509785;0,834354499496145;-1,42302927868591;-0,024047803046345;-2,11162762595938;-0,607484094867636;25189,0187510661
"Mu_L1[5]";0,999951849965274;0,993413064278477;-2,1169625126652;0,413905494626926;3,81107626898305;-1,10497593156576;0,615859272574194;28538,274329808
"Mu_L1[6]";1,00001960084895;2,30891384257971;-0,508028440357538;1,26378303202259;0,90903664149672;-3,5399774988302;-0,150419784932192;21294,7292346249
"Mu_L1[7]";1,00000038668106;1,44223463718734;-0,890814069693229;0,861740421354876;1,13042940057241;-0,775497189222464;0,985433741624713;30260,3994478901
"Mu_L1[8]";0,999998241937671;0,0118335901813627;0,972788775042322;-1,00686302310209;-0,153788155868722;0,0820663131202502;-0,706510092336936;28451,7573772153
"Mu_L1[9]";0,999994737696561;-1,05971492459199;0,349002681896869;-0,816318756305536;-0,197136311371279;-0,0315709551356273;-0,160738482623336;30106,4253433612
"Mu_L1[10]";1,00008709488424;-0,651140231591629;1,70124260850701;-0,857566789088411;1,08084921451979;-0,681244344892145;1,05840099408332;29365,5387121226
"Mu_L1[11]";0,999950339878795;1,06024325884465;-0,0396602714629221;0,592923167630859;-0,0126400161230827;-2,18276609032181;0,392950655798651;30054,0876810941
"Mu_L1[12]";1,00000252876764;-0,868914364763852;0,96818572792082;-2,49153996989543;1,88195668125938;-0,265959003007456;-0,424921681089617;30403,7026734724
"Mu_L1[13]";0,999975592430567;-0,275766691374581;0,283439692993356;-0,349241085957245;0,591685724776052;-1,25981143534309;-0,142478341483054;29946,0134735479
"Mu_L1[14]";1,00009826526679;-0,599050214840835;0,592214512826573;0,120131448823552;1,48813335664658;-2,25140895756866;-1,56988579938115;9455,30141115203
"Mu_L1[15]";1,00004463575118;0,284490566815655;-1,69557390909026;1,28382118860555;1,63597681542514;-0,328147282943191;0,00636480228392884;30072,7520259336
"Mu_L1[16]";1,00013080391535;-0,0828103848773525;-0,221473466415911;-0,156557817673042;0,221250934979503;-0,968533131900136;0,348772432748258;30004,3725080704
"Mu_L1[17]";0,999993391203785;1,3013048694105;-0,258502293415544;1,09989840950991;0,290702048858944;-1,26072762435524;-0,445372154147536;30429,8805775943
"Mu_L1[18]";1,00003020866986;0,568459628425206;0,465496742376866;-0,556387602601856;0,0582920746980498;0,152962609374097;0,486069486149763;2841,48035617083
"Mu_L1[19]";0,999994590817027;-0,373992492583683;1,5701022249474;-1,112450001;0,798654180863536;0,122510978553353;-0,365133116902326;23537,6583978664
"Mu_L1[20]";0,999959827929049;-0,0914041158158191;-0,136971298672606;-0,399997166881582;-0,499293868612622;0,0350132667778025;1,22307234920368;7017,64763586053
"Mu_L1[21]";0,999972365794476;0,52796802959216;-1,28377823219382;-0,0762952549902215;0,237323493934709;-1,22982381190606;-0,334128005539826;22049,9093503713
"Mu_L1[22]";1,00003082360205;1,31588128296586;-1,0196768996991;0,363890789584472;0,0406035853725853;-0,897211406368113;1,33365903889778;30488,9694614297
"Mu_L1[23]";0,999994047238737;1,24643750557733;-0,191434347823002;1,14390641352212;-1,45003325566478;-0,105849366052416;-0,665418011370407;30437,3557390817
"Mu_L1[24]";1,00000590039154;-1,91048699071636;-0,572860062548204;-0,829766215715031;0,945962297768477;-1,44709469448476;-0,199943067358843;12959,8555725153
"Mu_L1surv[1]";0,999995873010196;1,31004070005395;-0,531129186209326;0,823185160682206;-0,230107808691947;2,03851995031189;0,76126832568521;15290,4871263457
"Mu_L1surv[2]";1,0000182658982;0,305701157534765;1,73619203828637;1,2377429148001;0,337720838537944;0,477547590398835;0,0667558488817001;20647,4172906801
"Mu_L1surv[3]";1,00004422621676;1,62759385478886;-0,0634078266561897;0,50015944657372;-0,344931690197935;0,154371594302003;-0,312778528567827;30443,3830405573
"Mu_L1surv[4]";0,999973201045789;0,632298925172107;0,108021506690037;-1,34468191796553;-0,78139812712517;-1,5630129978939;-1,06742852790491;30030,6191848944
"Mu_L1surv[5]";0,999985904533524;0,79506518800286;-1,9636725206905;0,114936685868529;2,27367993928727;0,284613536860577;0,0576092758007957;29546,0665841215
"Mu_L1surv[6]";1,00004608469414;2,03852419896807;0,276528986893796;0,90218476165023;-0,151074392048119;-2,36284019286722;-0,175253266071599;28767,6441985458
"Mu_L1surv[7]";1,00005099079188;1,30639467556259;-0,475576486833106;0,631719327999862;0,410521017192147;-0,14505801435901;1,00552524658326;30091,2672596761
"Mu_L1surv[8]";0,999943158675746;-1,23321218117333;0,641509078626268;-0,723141360681178;-0,41104962513365;1,10874228737646;-1,00262556288712;30159,4324548707
"Mu_L1surv[9]";1,00002586227791;-1,70705824103056;0,655619554767344;-0,03133975227676;-0,463806226226989;1,64117524306071;0,0407276755459394;30105,5046352509
"Mu_L1surv[10]";1,00007565180024;-1,59687092982876;1,5006012886393;-0,909539890894398;-0,530159752387465;0,79407488272355;0,130324898711758;20192,2432398385
"Mu_L1surv[11]";0,999929658815918;1,41540583231241;-0,409790484274197;1,016969551925;-0,802913715452857;-2,00263060354128;-0,989575614350568;30208,9193020497
"Mu_L1surv[12]";0,999983325149575;-1,19784167019982;1,98209127722637;-2,05843494396938;1,2698308422008;0,968288488001457;-1,50565733084507;30185,0235251325
"Mu_L1surv[13]";1,0002461911103;-1,40616810813428;0,770286775017389;-0,510685133804227;0,254252540090033;-0,418535824322294;-0,122303127806447;30131,1146613213
"Mu_L1surv[14]";1,00008790645707;-1,47696529317384;-0,0260689860785943;-0,237352690040431;1,50745340182821;-0,601930262272677;-2,08063135514713;5506,79680403812
"Mu_L1surv[15]";0,999998507336209;-0,966816363382378;-1,72252676725438;0,678824005246069;1,06972514046539;-0,0348265733337649;0,0579892213777524;30214,408350724
"Mu_L1surv[16]";1,00007071294368;-1,0154703988783;0,00198178061604842;0,144496031605028;-0,363060029766264;-0,432069761301605;0,331421334364466;29981,2468073219
"Mu_L1surv[17]";0,999988044216369;0,98958545526646;-0,839343444900617;0,398903330905085;-0,0192974117024178;-0,39704425255422;0,457469021699221;30500,5391817999
"Mu_L1surv[18]";0,99998706837405;0,517382115337819;0,39627730319517;-0,0222962152691434;-0,412820173717625;0,520082955020924;0,989764241989256;12226,8702278992
"Mu_L1surv[19]";0,999957037531642;-0,767558510248603;1,43053787590957;-1,15138159452755;1,36211398618411;0,805926285972282;-0,40557717663894;16522,5421398991
"Mu_L1surv[20]";0,999970495108701;-1,55819096340298;-0,302004220381836;0,031113736201022;-0,981589052768767;0,527919687165972;1,98317788379209;16240,2468105383
"Mu_L1surv[21]";1,00004451257646;0,21321033812162;-1,95061164447916;0,150472526430029;-0,101808766451994;-1,20216842062328;-0,480370363862157;30270,1370864507
"Mu_L1surv[22]";0,999990607960648;0,885367019558598;-0,556015242065189;0,592781325690102;0,370764394254183;-0,365459120317992;1,28009206427233;30230,1400298385
"Mu_L1surv[23]";1,00003964647726;0,362604762133656;-1,0381885636116;1,91062571174878;-0,539147262396206;0,937631017414912;-0,011803669235637;30460,1121473578
"Mu_L1surv[24]";1,0000586452105;-2,04179254805655;-0,830260759132059;-0,656820565281547;0,303380306206954;-0,439325372621759;0,525576282995305;12493,0108230201
"Mu_L2[1]";1,00004331416361;0,578100194074727;-0,662977576767605;-0,491481163875175;0,134438764643507;-0,192841111329367;-0,0382737399801423;10334,3562494383
"Mu_L2[2]";0,999990612639511;2,21364568413326;1,01240289730298;1,33150600101676;0,0388514691121531;0,153021389781194;-0,740242520310039;30289,9647384411
"Mu_L2[3]";0,999922839280249;-1,01905198423873;0,991973887661487;-0,724067366268185;-0,142869365411019;-0,394254630622666;-1,3589422810386;22780,1621873278
"Mu_L2[4]";0,999999457088383;-0,364491097920923;-0,419396296798665;0,52423700294538;1,36206199266308;-0,870434867763832;0,838241812061523;14289,9192251923
"Mu_L2[5]";1,00007961566645;1,77051774040913;1,20382579152292;-0,807901107794662;0,87563426839127;2,53125894768495;-0,232573366386265;19756,616751893
"Mu_L2[6]";1,0001092259384;0,356051121342351;-0,916149350256008;0,848741473846768;1,2442697346343;1,52557400556954;0,878247328532435;6167,88057985017
"Mu_L2[7]";1,00012382621986;-0,519746589929764;-0,502540397912881;-0,890966677648173;-0,793734597136479;-0,773236497168522;-2,03305386075595;30222,0518643963
"Mu_L2[8]";1,00007180043896;-2,08325503917756;-0,210834190108564;1,4187505567924;0,986734677412023;0,0179435824724279;-0,0544613050070414;30480,5300440528
"Mu_L2[9]";1,00008308274951;-0,108091049690989;0,476659015765584;-0,485995276433224;-0,244270151993723;-0,0490502300762761;-1,38426874155413;29982,5149920747
"Mu_L2[10]";1,00002707856755;-0,503169330506019;-0,631049195341499;2,85719452851733;0,0766809472687654;0,820113579953515;-0,157416039828155;18323,054227561
"Mu_L2[11]";1,00003999171635;-0,705285844616899;-1,37397908888591;0,172307904157753;0,120048427964933;0,709039596854516;0,58309026921476;30351,9669889215
"Mu_L2[12]";1,00002924991401;-0,0241459839549254;-0,0926447624211574;-0,0654493157089629;0,735373240004754;-1,95192110841605;-0,0530330796542631;29498,1312278144
"Mu_L2[13]";1,0000131511456;-0,0727163579261157;-1,31473652711083;-0,0826702026591078;-0,127899839853443;-0,91892608097067;0,150182694774467;19509,0341077924
"Mu_L2[14]";1,00004196313798;-0,785959825080729;-1,40451344686092;0,375850723052556;0,641902387057225;-0,714449194227887;0,952902145132147;30048,3460912277
"Mu_L2[15]";1,00015495569295;0,166807847474568;-0,329021280754208;1,05377052045217;-1,50644306845777;1,88797994254161;-1,20297597277022;29956,2676797302
"Mu_L2[16]";1,00007533626874;1,20838734963146;1,67250149695002;-0,33854588980886;-0,530318761626145;-1,10699221237048;-0,637960645331194;30014,5529179122
"Mu_L2[17]";1,00003848177232;0,604798775239185;-1,4278468185698;0,401675931609418;-0,524161881567382;0,559285509583855;-0,240563563331589;30138,8311411091
"Mu_L2[18]";0,99997809382852;-0,721410356917798;-1,75059285205352;1,1393199560711;-2,66894283117101;0,489420128298252;-0,668783533522409;30774,1041969532
"Mu_L2[19]";1,00003164967443;1,12483868808359;-0,0755361430578115;0,0735767710549938;1,14488568844027;0,243410128803799;1,54185710835059;28910,7139409443
"Mu_L2[20]";0,99998766016297;0,252617442409103;2,00921715958665;0,295064740687849;-0,85457490578375;0,377380257172343;0,22233825854258;30090,8760729869
"Mu_L2[21]";1,00003677329468;1,98493118441542;0,618541555999859;1,09584354143601;-0,502157668905594;0,40488926504606;-0,394252863823184;30311,9244296141
"Mu_L2[22]";0,999979031303213;-0,461373613278828;0,598680341036391;0,073416645539134;-0,781382829226171;-0,544089870672375;-0,00837284110365034;8477,05681669962
"Mu_L2[23]";0,999987005543753;0,0397456199316703;-0,154451485511516;-0,14395604644133;-2,04715728466;2,27486576268231;0,184862673327209;30143,670150923
"Mu_L2[24]";1,0002100272827;-1,80349618285074;0,0695842786295976;2,36954543270205;-0,0615480459161468;2,44480735761116;-1,20655630016708;30623,3969379491
"Mu_L2m[1]";1,00003620440378;0,62853371531385;-0,831258973682951;-0,396355334938478;0,211701930059128;-0,138769453474226;-0,0216330275773845;12918,2311962571
"Mu_L2m[2]";0,999984205229805;2,39448796703873;1,10759663530938;1,6149961267855;0,06071041087308;0,0715916517660062;-0,455430510760011;30276,691595829
"Mu_L2m[3]";0,999927776883554;-1,16727266514785;0,959406174744108;-0,487664770788129;0,0264601894104054;-0,0540284271686675;-1,39803145800269;24221,9652462069
"Mu_L2m[4]";1,00001207084719;-0,43196706222705;-0,50083993475323;0,617092857382453;1,33616623930071;-0,480730585555456;1,07400585877462;19558,8129411616
"Mu_L2m[5]";1,00010692220008;1,79108538628366;1,38137517714079;-0,701436306736936;0,920058181635248;2,4340707142543;-0,222960502547867;19590,5452220621
"Mu_L2m[6]";1,00008249517002;0,217939342157967;-0,889094481446138;0,907075076562898;1,21575421721436;1,47214550186982;1,18714181855382;5969,34088392559
"Mu_L2m[7]";1,00014966484463;-0,0857496866430438;-0,365957648632789;-0,44522182234188;-0,624720856093317;-0,839598907359727;-1,4325949880809;29698,2806826177
"Mu_L2m[8]";1,00008234615992;-2,06757505063227;-0,217703080154045;1,49403864122523;0,828596201376429;0,147572232445334;-0,0626866668407859;30486,6997158483
"Mu_L2m[9]";1,00009480694158;-0,00460485189967309;0,277646750871479;-0,217250791167248;-0,298274237427421;-0,0330607808980407;-1,09077046833078;30043,844979834
"Mu_L2m[10]";1,00004058951367;-0,268446997938423;-0,525461540385492;3,0343184255433;0,0410346424191096;0,890362492993918;-0,235363620092931;19621,2692552735
"Mu_L2m[11]";1,00005415349585;-0,863327332439041;-1,60570764566783;0,524358062704614;0,0984494181337953;0,998951592179077;0,785430548107552;30256,122743683
"Mu_L2m[12]";1,0000689663901;0,0706227979949341;0,289224105913434;0,350951510822537;0,475346173731296;-1,70995638946483;0,0749328751074691;30006,876742948
"Mu_L2m[13]";1,00000157119582;-0,219096620440824;-1,43139454117064;0,366830200531907;0,285367247360681;-0,911943026012455;-0,00304544852939369;18901,3264570416
"Mu_L2m[14]";1,00006996791447;-0,940026662381658;-1,1437894558838;0,785114272206307;0,965598863651608;-0,375383631942215;0,746491263842954;30021,9716438517
"Mu_L2m[15]";1,00015055635;0,102762044537248;-0,844432990691578;1,07985983154374;-1,34104237045195;1,85288961138075;-1,31124365291187;30090,5648772723
"Mu_L2m[16]";1,00003737414927;1,09943515576503;1,53193916858825;0,0137805505511354;-0,0214479243043063;-1,25356007725764;-0,771385906526356;29794,0545010193
"Mu_L2m[17]";1,00004588261724;0,869217830960967;-1,523795111944;0,577621908420337;-0,519897312015337;0,794934078168821;-0,115196610979826;30091,4345013834
"Mu_L2m[18]";0,999986042833797;-0,521331421263853;-1,83062447273349;0,824635283449702;-2,56261897098911;0,581335012664041;-0,548747619435963;30603,0920558851
"Mu_L2m[19]";1,00001968563712;0,831749255494048;-0,164844442676487;0,352666841359323;1,09132095945846;0,358125635878877;1,47947441939969;30019,6294850448
"Mu_L2m[20]";1,00000354136546;0,311529257015265;1,81189110209514;0,618700655642675;-0,763678321176759;0,613691213192325;0,256751445346643;30138,131678412
"Mu_L2m[21]";1,0000090819367;2,07594321783583;0,534579861915037;1,23296200528563;-0,612562966810794;0,449648627160687;-0,493322676822078;30302,310416823
"Mu_L2m[22]";0,999988909690906;-0,558650877048424;0,507113717952846;0,218327225133833;-0,55842726326124;-0,252547094783194;0,277924906854012;8876,20181712837
"Mu_L2m[23]";0,999968274098477;-0,366873738272103;-0,104048349356446;-0,276494689054059;-1,72699714863031;2,38254988242313;0,0817454435476784;30203,4201940006
"Mu_L2m[24]";1,00012269181352;-1,4482858161721;0,0320199460908439;2,6703636573712;-0,224466957542071;2,34107620289511;-1,17235090988752;30448,9103809075
"Mu_L2nm[1]";1,0000946952998;-0,078779903286214;0,330730798252626;-0,894634647071623;-1,03119462022759;-0,11026490994348;0,482743342216855;12385,7259507607
"Mu_L2nm[2]";0,999979875272096;1,78537438972863;0,624844648206654;-0,0401262982544661;-0,739734849253187;0,975685671295072;-2,0775108008884;30250,7689734899
"Mu_L2nm[3]";1,00000210192743;-1,72768165873711;0,172860846500035;-0,978898567551273;-0,585775132981856;-1,5011891741815;-1,23567017823318;28933,8679728654
"Mu_L2nm[4]";0,999951157404503;-0,0418073490067752;-0,859210317995426;0,387669485269447;1,27322863355109;-1,48476275082877;0,491803977141121;19368,8650762795
"Mu_L2nm[5]";1,00003597515545;0,173707982378516;1,46144672118498;-1,83276897873306;1,16441155869197;1,72308942614856;-0,5888099886432;30353,1629003915
"Mu_L2nm[6]";1,0000543563452;0,413969438673515;-1,26026726288006;-0,307848057711383;2,02639575311509;1,21443086564144;-0,854015230826879;30035,2672580004
"Mu_L2nm[7]";0,99998921568449;-0,842397921448296;-1,2695867604057;-1,89390299293845;-0,704979197415103;-0,563402000816746;-2,57981566356588;30446,0349915543
"Mu_L2nm[8]";0,999979906451834;-1,98429087631596;0,235609539718167;0,941271359888534;1,32904639578949;-0,558459066125117;0,625686969230061;30269,0247740275
"Mu_L2nm[9]";1,00011183856596;-0,359152481595894;1,38692633390477;-0,508642173677944;0,138582669188872;-0,127928702053846;-2,09929914966381;26352,5620016854
"Mu_L2nm[10]";0,999984333210271;-0,643132258613755;-0,707340222109709;1,29436157576296;0,173844922560038;0,853373164070982;-0,344084519294445;18298,3182769089
"Mu_L2nm[11]";0,999935840230299;-1,00050095676621;-1,18498706806953;-0,271034266207131;0,166709505679404;0,177329138175748;-0,477896852483156;30363,9806819067
"Mu_L2nm[12]";0,99998748030123;-0,155619778632752;-0,944314004559492;-0,112395839324812;0,863939871891693;-1,45710460477873;-0,251014496719457;24764,3062039837
"Mu_L2nm[13]";1,00005247064776;-0,466335826676044;-0,859809705467679;-0,910250951261662;-1,23043165618461;-1,20007497107912;0,2996223787336;28102,4810787947
"Mu_L2nm[14]";1,00003632217171;-0,0167563689057991;-1,65630648612241;-0,113405743671956;0,187499851033648;-1,72751912022809;1,17282088041267;30055,9407106526
"Mu_L2nm[15]";1,0000250100042;0,650610729310417;0,0602929453036194;0,402961863120938;-1,39636025625067;1,58054220245884;-1,18960184768231;24919,989639943
"Mu_L2nm[16]";1,00005714811734;0,539636558019131;1,62845608351177;-0,722683522987294;-0,434035096063911;-0,752643899625212;-0,220239650512701;19145,4819291406
"Mu_L2nm[17]";1,00005538220574;-0,177492462125459;-0,557284039597814;-0,0598399715952775;-0,211270177767406;-0,784286686662744;-0,234536152034871;30262,4547452672
"Mu_L2nm[18]";1,00000754367143;-1,10222167316636;-1,85984235779451;1,20737294962138;-1,91646459194028;0,138749786843033;-1,17761973751021;30856,5116512107
"Mu_L2nm[19]";0,999983567331067;1,3804851733473;0,442546532264076;-0,779769314013711;1,21638601799572;-0,669262098317069;1,30558403463918;9899,21685420058
"Mu_L2nm[20]";0,999998512731157;0,351019303428946;2,00178841511986;-0,410009886704649;-1,14835056628828;-0,326074104666446;0,366679568370904;30063,5843694172
"Mu_L2nm[21]";1,00000984265893;1,02199682012429;1,54099397843311;0,196894930325237;0,00140348218387531;-0,201807801473852;-0,817916436177344;30127,8353445571
"Mu_L2nm[22]";0,999942529923385;0,207739160188095;1,18236673287099;0,406636872900594;-0,625106181495266;-1,23059162657924;-0,741712447871972;22958,3129807829
"Mu_L2nm[23]";1,0000950193919;-0,365029386609622;-0,030689819444698;-0,371966814724407;-1,40879009759763;2,38002824250465;1,97748010270215;14449,4944033378
"Mu_L2nm[24]";1,0003886880319;-0,986606267147905;-0,563641754094335;1,16038052933263;0,0974386113141396;2,09994192188795;-1,11264862893428;31226,4782599406
"Mu_Mu_L1";1,000245093349;0,801399603622754;0,805048236807884;-1,63694543636883;1,21111407002766;-0,682853721394469;1,23987647236084;26765,7648461145
"Mu_Mu_L1surv";1,00002045869925;-0,362334216408367;-0,245251739180354;0,297140064973863;0,44139054271417;0,0620451443424305;-0,0893098524611876;30777,1877564987
"Mu_Mu_L2";1,00008387724261;1,13220020629892;-0,224140892444152;-0,0545563892698441;0,417285279545241;1,40801327630164;-0,406978584039549;29111,6118799002
"Mu_Mu_L2m";1,00005977695642;0,266993729710174;-0,680325088157577;2,07657647760905;-0,0948950478976112;1,51654488265764;-0,567702434435842;10402,1459102498
"Mu_Mu_L2nm";1,00000752410062;-0,455233322585214;-0,0649794036936774;-0,640585948912247;-0,212588739408529;-0,0344745274229857;-1,23926843449952;21128,0603949155
"Mu_N1[1]";0,999971599366006;0,262156770501264;-1,85206208728377;0,0949043910970583;-2,20448220247795;0,831769806916554;1,06740451474037;30467,2153622367
"Mu_N1[2]";1,00009780671701;2,41162308194781;-1,19539041895709;-0,648690707325579;-1,68834761970371;-0,0647759729871406;0,397891284070968;30437,8160111732
"Mu_N1[3]";0,999952513185763;1,13105014814949;0,74584056809821;1,24308265048373;1,05189820634478;-0,459922377083822;-0,0707513693378249;6991,11217832887
"Mu_N1[4]";1,00035826756666;1,09878626255037;-0,495452947245711;-0,511648301078189;0,188702139783479;1,86873343568993;0,809354256797979;30264,9750878851
"Mu_N1[5]";1,00019986230609;0,529148411245238;-0,222364003293217;1,32880291084851;0,0826794121368117;0,364467756825276;-0,296806442032761;30673,6107764726
"Mu_N1[6]";1,00001382478065;0,256606652914182;-0,389498663013224;-2,54539863740119;1,20624103859499;1,19480055661924;0,221701731705053;28567,4897731551
"Mu_N1[7]";1,00026439420238;1,66240510359092;-0,319437763796919;1,64159139732287;-0,0163965186048014;-0,756086663126836;0,264069709084661;30100,7224713055
"Mu_N1[8]";1,00002118654173;-0,824395569684705;-0,534717812393258;0,827974302912898;1,39190836234243;0,10578521217687;-0,274901279223289;30389,0009167707
"Mu_N1[9]";1,00001191713505;-0,660653485265242;-0,416837863131716;-0,389534902394543;0,653111250091157;0,445519078687213;-0,564273924028418;29942,0528601876
"Mu_N1[10]";1,00001859222345;-0,405715019959812;-0,281661548499641;-0,56902040040559;-1,17019409672405;0,00106822848354431;-1,58245275584425;21702,7558460648
"Mu_N1[11]";0,999975717405566;-1,51515859708502;0,653374205461978;2,91647315851149;-1,62544562586615;0,594832290958245;-1,03304881893841;29456,7214012755
"Mu_N1[12]";0,99996409823039;2,15906809901038;-1,39174786054844;0,164439884798481;0,184734931046017;1,02373509195467;0,720803040337384;26707,6994625681
"Mu_N1[13]";0,999983521012477;1,00979021198117;-2,06700773097229;0,0879097810250518;-0,18061674871702;0,759863863610407;0,0239158690172099;30548,447946202
"Mu_N1[14]";1,00020907858494;0,297583460448561;-0,37156305184851;-1,2945114853606;-0,435488052472542;1,08046329974922;0,23729065230274;30390,4043117311
"Mu_N1[15]";1,00007025315187;-0,219048799492104;-1,6978166137297;-1,42067884412265;1,16663738722531;-0,509534609946739;1,05372277196635;30125,4478795858
"Mu_N1[16]";0,999946535856781;0,417155406810813;0,500351258931958;0,941945744470966;0,937373443518971;-0,176483250337671;-1,74669397505021;30077,5742146026
"Mu_N1[17]";0,999969394816042;-1,39559472400819;-1,00173153688163;-0,730615701265469;0,967100153128361;1,9100706302577;0,929441779340061;21313,7012066952
"Mu_N1[18]";1,00002826320316;1,33201434781113;-0,342261835705819;-0,640358057977219;-0,186232359207799;2,49132555750087;-0,812984049532034;30196,7649721256
"Mu_N1[19]";1,00004991750529;-0,532187037949353;0,405487005189487;0,572559874682426;2,15830385892387;-0,238093943845423;-0,453726549548725;4776,07572182131
"Mu_N1[20]";1,00012996295381;0,356729903504753;-0,353245597385112;-1,70701853691218;0,430193233065856;-1,16579293696364;1,43830077754749;13043,2204010098
"Mu_N1[21]";1,00012864220138;-0,659092734535289;0,377996684735659;-1,14892339137331;0,692743174883141;-0,384925191373555;-0,355793202323499;13893,9482999781
"Mu_N1[22]";1,00003957840737;-1,17057011312541;-0,86616076034263;0,0983158296985833;1,15263263409321;0,646478069593697;0,205543372759471;29171,1405459781
"Mu_N1[23]";1,00021642814462;0,73811571480709;-0,82494679886402;0,428195289202943;1,88411217438369;-0,507439025683794;-0,520726272219728;30556,3907993497
"Mu_N1[24]";1,00001066484642;0,591120211216051;0,593418793064328;0,941249697425886;0,424660794762507;-0,0316909313124504;-1,6306839275329;29160,0951992114
"Mu_N2[1, 1]";1,00008466379988;-0,432494240882884;-1,03261966264456;0,876702476583617;0,343410272304077;0,41392909876879;1,23135094553094;30002,4661460857
"Mu_N2[1, 2]";0,999998656448392;-1,36858328761622;-0,614841539897257;-0,950682175016904;-0,187549426538718;1,09184008188657;-1,98716802581401;30122,4583864174
"Mu_N2[2, 1]";0,999985166940005;0,192954549669347;-0,0574529205760136;1,64994693589304;-1,38986795898575;0,792783355139518;-0,103624568492505;29091,3605554755
"Mu_N2[2, 2]";0,999953503303656;1,13371483329514;-1,11124216363262;-0,16908548946877;0,444753750308993;0,593028962819638;-0,731880553579216;21469,8560232756
"Mu_N2[3, 1]";1,00000151642512;1,01393510834697;-1,60074162110617;1,55152253595625;-0,561825491106767;0,639061774212097;-0,35573152974282;30516,9270236558
"Mu_N2[3, 2]";1,00005544583775;-1,84216927567687;1,98754412957181;0,905706348974654;-0,0268560245796782;-0,968254196881586;0,750360707485409;27503,5705721426
"Mu_N2[4, 1]";1,00014336242479;-0,366292498753323;1,90057634077511;2,29357049156519;-0,681196027405088;-0,0278325613888683;1,09091745907278;30273,734361011
"Mu_N2[4, 2]";0,999972646388197;0,827057631669959;0,037779618871714;0,924885298875729;2,05055611755208;0,046991233283141;-0,115577455587702;17614,5441135361
"Mu_N2[5, 1]";1,00002580708696;0,987323771499221;2,20571368633466;-0,499845048017918;0,726211686481342;0,593168212235051;1,35856189042486;30173,686274176
"Mu_N2[5, 2]";1,00000907709752;-1,3091511622503;-2,79487972908761;0,452677645306368;-0,330963640445516;0,345644019420989;-0,142261880189704;30424,1180632453
"Mu_N2[6, 1]";1,00004818895381;0,80759728039553;0,765475132653815;0,0240598468160388;-0,264851347639637;-1,24485042158381;-0,643870431125628;29848,2076971649
"Mu_N2[6, 2]";1,0000193173612;0,320659404180673;-1,3826621099996;0,0292943051960847;-0,505740926916659;0,51084258550964;-0,933400594375519;30278,4187028668
"Mu_N2[7, 1]";1,00015438595431;2,27056268897215;-1,16750836697594;-1,11069763218947;-1,63350940393606;-0,0793763196857728;-2,31914167954508;10285,752549695
"Mu_N2[7, 2]";0,99997997499169;-1,66469665963396;0,322417825202058;0,805018724433824;-0,00846899322315418;1,03638599167673;2,62184288933123;30277,6462906841
"Mu_N2[8, 1]";1,00005551938565;0,164358322837545;0,339407860157976;-1,67772575350599;-2,13482952935012;0,286134820620508;-2,41768010316056;30582,5639062816
"Mu_N2[8, 2]";0,999961172929367;0,0903278007309739;-0,179836030202634;0,668612092041179;1,74325190756969;-0,88044057238612;1,18112176590381;30798,9427794624
"Mu_N2[9, 1]";0,99996848650336;1,1386328651965;0,258843499248833;0,809030316133923;0,569970246103404;-0,481880559132732;-0,195055647290156;26905,8577436553
"Mu_N2[9, 2]";1,00002532392057;-0,439918476501706;-1,37715197508924;-0,133820398330261;1,38227553962996;0,741489588620848;0,243732902485201;30121,9239260269
"Mu_N2[10, 1]";0,999965285467415;0,876002152194708;0,485159145394831;2,40664552884282;-0,981091961022662;-0,265673694744704;-0,00754203191737822;30016,4107315828
"Mu_N2[10, 2]";1,00001896171886;-1,42707341596402;0,281821102302073;-1,80810921658066;0,736299053258622;0,490533743498469;-0,525057874466466;30071,2374110922
"Mu_N2[11, 1]";1,00005059454436;0,506494498184034;-0,222927053805143;-0,0520441833558655;-0,113276093114985;0,397440693024537;1,58340567981573;18348,4617599217
"Mu_N2[11, 2]";1,00009016272939;-0,242580514906498;-0,698963413870337;0,801092437967517;-0,718911926532395;-0,475692559579123;-0,527675159164806;30012,7718405711
"Mu_N2[12, 1]";1,00021545014916;-0,386500410049758;0,087673185481486;-1,10477002064499;-0,199622444101168;-0,456018193628742;-0,0299774104385573;16472,8880561882
"Mu_N2[12, 2]";0,999957126687782;0,327316087323086;-0,921713004103181;-0,13583521659839;0,0443392291675804;0,408568543454183;1,75801244764271;29699,0074320711
"Mu_N2[13, 1]";1,00006804608639;0,0476646650090649;-0,448705194627924;-0,0848284910431844;-0,0756996870578339;-0,353358906219425;0,325115656608061;5608,80964972817
"Mu_N2[13, 2]";1,00002676675925;0,73875884914042;0,5798056728443;0,440829153023103;-1,20626692407635;1,38225041181966;-0,165742540066493;30125,8501680751
"Mu_N2[14, 1]";1,00003864408404;0,00685681625809625;1,62347613429289;-0,822817409089966;0,447258315626581;-0,993832732286391;0,00929864572104996;30028,0753157072
"Mu_N2[14, 2]";1,00003708799457;-0,0146755114737648;-0,536608165100134;1,42088673993954;0,202630316597777;-0,111997138872637;1,61097136975857;10679,1587694615
"Mu_N2[15, 1]";0,999969593104489;1,85546217422985;-3,13724980522589;-1,31275067606697;2,50688161100537;1,48694405131032;0,217633777220301;24254,2096651421
"Mu_N2[15, 2]";1,00002603128587;0,0101164842139568;0,56769994149505;-0,623574900220714;-0,146858596083018;-1,26222169110178;-2,61891716051699;7437,47811552969
"Mu_N2[16, 1]";1,0001593472116;0,157392124970509;0,495766696482758;0,466546844650459;0,271921973990646;-0,210986312690332;0,00966171206495958;6018,14019510991
"Mu_N2[16, 2]";1,00000190198616;0,933545656647437;-0,486490034182352;-0,463392067466292;0,727530300618372;0,634059888702533;0,953033072760866;17054,6099860401
"Mu_N2[17, 1]";0,999982205719137;-1,04009091499377;-0,938506724587226;-0,624745495114173;1,47945710674073;1,14793936029867;-0,329456101005072;30185,7794087507
"Mu_N2[17, 2]";1,0000288261456;1,22803536634304;2,80940176345237;0,0441849768343391;-1,84852019534015;-0,928413020641707;1,31211611008256;30517,4947030187
"Mu_N2[18, 1]";1,00023122808973;-0,0773476601046927;-0,161635072840278;0,023782090062124;-1,00305992929081;1,30138629155392;-1,69633838755628;30045,9057742571
"Mu_N2[18, 2]";1,00009701903302;-0,434032833007581;0,181875216832563;1,73451925445888;-0,560948803443754;-0,489459501153252;-0,523519625916534;30405,228185731
"Mu_N2[19, 1]";1,00000861655793;0,91335036268965;-0,280563443354716;-0,78876989762163;0,806763547637966;0,859097700932581;-0,078874085964676;23356,5323132604
"Mu_N2[19, 2]";1,00001773126465;-0,408942975651573;-0,548214770271699;0,684650153162919;-1,03581224216641;-1,91629098791257;-1,28791692440206;30552,7941093188
"Mu_N2[20, 1]";1,00002549745224;-0,933740524656955;1,52974367201108;1,28008663299364;0,368817793303638;-0,0368273696712193;-1,23231981486821;28683,1185219152
"Mu_N2[20, 2]";0,999939642331443;0,0343967240487895;-0,402567749128938;-0,0631168207312665;0,0666495072798213;0,215457696484169;1,07513224948217;7013,5919693111
"Mu_N2[21, 1]";0,99996733612869;-0,674041112805596;0,785254745855457;-1,08017167142127;-0,940565982957463;-1,31515156093761;-1,25377081618083;30444,2443793763
"Mu_N2[21, 2]";0,999950483720272;0,214070913328457;0,277792670215184;-0,0339801189169105;0,610291160480473;0,895663646118142;1,00949832457246;25911,7837485931
"Mu_N2[22, 1]";1,00000650456377;-1,48964231437039;0,431012962351206;-0,546219842667656;0,665412169884434;0,578575490694397;0,325675183255427;30217,0563355521
"Mu_N2[22, 2]";1,00015707944562;0,10911879858306;-1,5761907613933;-1,36613496478738;-0,654450130064376;0,803421062605851;-1,10156613677643;29209,6174108588
"Mu_N2[23, 1]";1,00004323703238;0,203649903376721;1,43480085193048;-2,07651293150555;1,95732420028515;0,124071009662836;1,24849853803331;30182,8929749044
"Mu_N2[23, 2]";1,00005338593041;-0,60202712470043;-1,05057332346386;0,825505827533391;-2,21065573363108;0,0556775976515865;-1,48196860599016;14535,3566141015
"Mu_N2[24, 1]";1,00006595775229;0,304655744169869;1,68090713494359;-0,12262896561264;0,569738666025269;0,0544015694812333;-0,79157927764103;30049,598477048
"Mu_N2[24, 2]";0,999989208552823;-1,23143502886263;-2,31692367865249;-0,254094330586648;-1,67340305468872;-0,0649209907524984;1,00234195693765;5198,28100872915
"Mu_N2m[1, 1]";1,00010273217732;-0,189643478381151;-0,55520336280275;0,887608107872154;0,196416477548955;0,138655706217193;1,60572547513133;30049,6888599326
"Mu_N2m[1, 2]";1,00000258191284;-1,44754852485251;-0,505161724670615;-0,789586603601579;-0,172811243510591;1,16666105886726;-1,88618658848769;30108,1802449671
"Mu_N2m[2, 1]";0,999920076481285;-0,129150005175994;-0,200407581624045;1,22922027890695;-0,876689334734904;-0,0168804923423093;0,000654828637678547;30163,4933392057
"Mu_N2m[2, 2]";0,999966700448856;0,661403541771604;-1,1243431974051;0,177041372681616;0,415519454589009;0,910778767623211;-0,553484681132293;28822,930797354
"Mu_N2m[3, 1]";1,00003623995955;2,19310915940335;-1,20998345461432;0,916447458613941;-1,20947488312391;0,645441391001801;-0,0734166126031435;30249,0705848194
"Mu_N2m[3, 2]";1,00004771417834;-1,7396571205523;1,79348388270723;1,03933896632305;0,382618371916254;-0,944075388636537;0,607471198572878;27827,3815153072
"Mu_N2m[4, 1]";1,00011180831796;-0,405399393657361;2,23411950397884;2,13304126705786;-0,496912411314167;-0,0458404340529115;0,730612248941359;30302,3712509758
"Mu_N2m[4, 2]";0,999984427239001;0,942421413700993;0,00572592287028795;0,841031534983906;1,90887310853118;-0,329134599942883;0,0163905244239767;24951,1242033894
"Mu_N2m[5, 1]";1,00004618825682;0,924760524504172;2,24774559404787;-0,588784919492111;0,584655430934136;1,07197454248819;1,26155255029983;30158,0717648257
"Mu_N2m[5, 2]";1,00000326619078;-1,17403283097783;-2,83607832748955;0,623688615021675;-0,282584189987349;0,26574249038469;0,0910147705419257;30254,058041896
"Mu_N2m[6, 1]";1,00011450056574;0,984318918051141;0,875849988601711;0,345277130842008;-0,353569825937195;-1,0427989712957;-0,713912713872216;30048,2678631091
"Mu_N2m[6, 2]";1,00000550236378;0,415445023011861;-1,17700512157079;0,0240143847585886;-0,641569385380556;0,352688092942611;-0,866133890987042;30223,4593680632
"Mu_N2m[7, 1]";1,00007394641187;1,35187019412632;-0,569273493056284;-1,10930902438705;-2,19917419709322;-0,0824233207142761;-2,86278039204369;21281,7560846029
"Mu_N2m[7, 2]";0,999969670498715;-1,65135554814446;-0,0887787134057166;0,589510326158846;0,257139323240933;1,11463224485712;2,66228764664672;30370,4514743641
"Mu_N2m[8, 1]";1,00008075487864;0,194785086113684;-0,13264381913308;-1,81248953972705;-2,03055502731085;-0,0732420174133375;-3,0697438650543;30226,0309763848
"Mu_N2m[8, 2]";0,999970694060595;0,140653763212268;-0,0506357235083068;0,734729760030022;2,26159102499455;-0,645646924909913;1,46776200614336;30672,0770893568
"Mu_N2m[9, 1]";0,999981827950489;0,972970544067612;-0,154233451462617;-0,521251573244787;-0,00346730541082499;-1,20820348788528;0,194314734768539;30237,7551627682
"Mu_N2m[9, 2]";1,00007006871369;-0,240333706960416;-1,22478763146172;-0,0190574988483813;1,39640990086198;1,24427604597708;-0,421065063072326;29014,5008909598
"Mu_N2m[10, 1]";0,999993618968245;0,46964095497819;-0,0315058576811712;2,34068683195329;-0,886309684787636;-0,6240483942337;0,464319220632613;29743,5908032972
"Mu_N2m[10, 2]";1,0000269964512;-1,56117713983968;0,132412077007815;-1,84491568403645;0,750648066475047;0,48003561553482;-0,419734746154935;30246,95509659
"Mu_N2m[11, 1]";1,0001478324284;1,02535905019078;-0,126194154935195;-0,668648494913305;-0,557796509837188;-0,0633180471267075;1,58559682902911;30018,7847637819
"Mu_N2m[11, 2]";1,00012315154922;0,0877576035754097;-0,0154873423844969;0,311226783645665;-0,25882221107938;-0,597087228339525;-0,56431238940908;29698,4387588649
"Mu_N2m[12, 1]";1,00009225933727;-1,18314406891238;0,400646115345085;-2,25390011326329;-0,911019391096981;-1,63653004793325;0,433088322082885;15780,5950551422
"Mu_N2m[12, 2]";0,999974892752883;1,29365100162155;-1,0333438252288;0,160903163647541;1,29792591793028;0,304927505262959;0,845594816809055;30008,9160903112
"Mu_N2m[13, 1]";1,00008082554181;0,448682508203733;0,0529874889284262;-0,707800702339139;0,0182327167462181;-0,118670539467062;0,486052817781125;6934,61094203328
"Mu_N2m[13, 2]";0,999987055422356;0,880886127078623;0,270569943511654;0,382592262744684;-1,02995666468362;1,43855307911169;-0,00768567090803908;30031,9809016921
"Mu_N2m[14, 1]";1,00000282035848;-0,123889909606525;1,9432369864784;-1,29391461515965;-0,103021301792555;-0,716167640796913;0,536635663471552;24520,1403977828
"Mu_N2m[14, 2]";1,00006729715226;-0,111599736049863;-1,25409582840477;0,762246678088395;0,0372793865542402;0,284830537636255;1,02210304644062;14759,3763135743
"Mu_N2m[15, 1]";0,999999544997787;0,992395228165761;-2,23641122494571;-0,662351615155527;1,74633415789633;0,724669328652268;1,03630198022069;30318,0817488875
"Mu_N2m[15, 2]";1,00000678548495;0,367539002031705;1,06262982739551;-0,0438576208819135;0,0339181617764229;-0,643012510032094;-1,89681192957552;4303,36455750773
"Mu_N2m[16, 1]";1,00007715069251;0,35025385172934;0,633064393409048;-0,0252811292905519;-0,714943566519792;0,00302882095642038;-0,320554687795012;7304,15177636889
"Mu_N2m[16, 2]";1,00000038926478;1,22189368223122;-0,483290958696829;-0,378614370013832;0,339032778184405;0,582393049699957;0,708609770398702;15133,3557505473
"Mu_N2m[17, 1]";0,999971364295374;-0,811275625047488;-1,13947640552945;-0,411644771961225;1,16140634993565;1,72015418165818;-0,548300373907501;30453,5831649427
"Mu_N2m[17, 2]";0,999999493854138;0,802770538850965;2,28754143157549;-0,205550247912912;-1,78781405975492;-1,09081972026106;0,916204399232323;30537,508455365
"Mu_N2m[18, 1]";1,00019874729279;-0,044071461691213;0,27492838515957;0,115006258596123;-1,85598239431429;1,49795805849793;-1,21012842286969;19040,9110563305
"Mu_N2m[18, 2]";1,00010541124143;-0,496606337817262;0,298260755638579;1,6880851192465;-0,29992526071605;-0,73833129510673;-0,303506298436884;30362,1945723928
"Mu_N2m[19, 1]";1,00009427575295;1,29204384462129;-0,387621460786002;-0,936411894838599;0,923838116246125;1,68644298547199;-0,224190068859365;28929,315504197
"Mu_N2m[19, 2]";0,999993548249311;0,0227649224383069;-0,458338683636452;0,423118064126299;-0,990668597709668;-1,91186287675342;-0,698749165595096;30596,3964698845
"Mu_N2m[20, 1]";1,0000121793596;-1,27778664427182;1,22442349941315;0,648722670230577;0,838482945635256;-0,351464697911569;-1,35695318440648;28650,5182120957
"Mu_N2m[20, 2]";0,999951208295485;0,0350980436394473;-0,0574247086230369;-0,0685319541909647;-0,223968938182665;0,238674597521887;0,893835418210553;7361,07318175858
"Mu_N2m[21, 1]";0,999946834074987;0,0158407355837707;0,255154855354922;-0,989255297393992;-0,919160970711098;-1,09563681287507;-0,427714439081781;30044,7050657914
"Mu_N2m[21, 2]";0,999959663998953;-0,220644892966343;0,0139789382774359;0,0902470651213483;0,500392713742566;0,750274593047865;0,880472604399604;29663,449822404
"Mu_N2m[22, 1]";1,00002515798021;-1,37240336861284;0,430755556710231;-0,679370038446618;0,139650582165702;0,308497470491899;-0,0375704965074558;30079,4363713337
"Mu_N2m[22, 2]";1,00021706572172;0,10468975177733;-1,56353135666569;-1,48096742809078;-0,588915252693418;0,684049296986987;-0,911340058204034;29822,689665401
"Mu_N2m[23, 1]";1,00006533087934;0,722747168390883;1,61237005294184;-2,0511778034396;1,79836406891708;-0,121773313015505;0,977720892485014;30095,5488030281
"Mu_N2m[23, 2]";1,00005035845832;-0,0977468581894221;-1,33416827924666;0,825703824978678;-2,8111086227263;-0,379626431522916;-1,472242037937;10683,2117945942
"Mu_N2m[24, 1]";1,00009039034247;0,176987986232183;1,75263368474648;-0,268750367249038;0,939397082899374;-0,0160952219205076;-0,944315905732056;30031,4565800529
"Mu_N2m[24, 2]";0,99996972847957;-1,62269022729678;-2,16350140792535;-0,343001742768919;-1,71295296837435;-0,0215637349498036;1,11318230548367;6034,71356052184
"Mu_N2nm[1, 1]";0,999958261271483;-0,851682441633964;-1,53124029131202;0,262818903296854;0,458647538367301;0,986989343070936;-0,601213324530561;9858,49886648488
"Mu_N2nm[1, 2]";0,999954724943741;0,536417608550484;-0,830034482991853;-1,17969500793466;-0,178531517301408;-0,88459710528771;-0,635674243928954;6900,5575502981
"Mu_N2nm[2, 1]";1,00013483339558;0,60870845074967;0,179096836037514;1,07107477336266;-1,56302415317471;1,57399813084689;-0,240454249139932;26385,7701731619
"Mu_N2nm[2, 2]";1,00007610840762;2,60536452246326;-0,267870845977807;-1,83122048945472;0,200666313114564;-1,50357857135616;-1,04564380977778;30117,4896933927
"Mu_N2nm[3, 1]";0,999981829590643;-1,59614890055383;-1,26371935388349;1,56088768398612;0,876694837802262;0,193323645933395;-0,601611195356147;30552,0322092368
"Mu_N2nm[3, 2]";1,00013642725721;-0,920220216598621;0,672147971258046;-0,508910101875272;-1,85907395558418;-0,354482770216801;0,726042452707266;29961,2820816656
"Mu_N2nm[4, 1]";1,00013522841838;0,0715253508371941;-0,316501040001525;0,969650687623109;-0,678394841713212;0,0337183520787078;1,19360643083236;26787,4767477968
"Mu_N2nm[4, 2]";1,00014751896706;-0,265661761787501;0,167835239873239;0,728638676995106;0,560853653782769;1,73095703579732;-0,766750048844131;22572,8635895522
"Mu_N2nm[5, 1]";1,00005489322308;0,389390323650455;0,676549392216019;0,0829167915552828;0,663126057576506;-1,01303660386363;0,929970103848145;30279,5306892631
"Mu_N2nm[5, 2]";1,00000664483812;-1,0526529522033;-0,0915227817855257;-0,67106648501105;-0,274257549215901;0,609032953625061;-1,78080829994841;24802,3060800184
"Mu_N2nm[6, 1]";1,00009487710523;-0,383193277936003;-0,225570448527507;-1,08129859396425;0,185998293537432;-0,934376410151683;0,0340399242846835;22747,041727389
"Mu_N2nm[6, 2]";1,00015490792251;-0,752192414086897;-1,19887599209525;0,0423113365981754;0,472417647661292;0,987195176172787;-0,750783035625118;30067,2621406535
"Mu_N2nm[7, 1]";1,00006971451055;2,26770689732156;-1,53821147769596;-0,421216838880249;0,356405418665305;0,00636424986153187;0,283662852440997;30067,9636602669
"Mu_N2nm[7, 2]";1,00006038818121;-0,583775454187156;1,89556260035769;1,13372606586998;-1,09259493088762;0,418363111029421;0,912443286896374;30101,5496448996
"Mu_N2nm[8, 1]";1,00015429065818;-0,050300829388642;1,2578786540847;-0,0568567988721782;-0,746578246476541;0,973178414803952;1,33020625463736;30685,2692821445
"Mu_N2nm[8, 2]";1,00004731319381;-0,298131635261472;-0,946166760317561;-0,390682955390817;-0,75376748104777;-1,62391012630262;-1,43793689542956;30464,4353850907
"Mu_N2nm[9, 1]";0,999986952049008;0,566377332446233;0,579907666299676;2,03703934946488;0,934323713583555;0,736898765110345;-0,632634121754463;18352,4952411696
"Mu_N2nm[9, 2]";1,0001673302389;-0,710782055400078;-0,639188711014427;-0,409089110672358;0,281694304175366;-1,63209118813506;2,13452911417134;29018,6456092832
"Mu_N2nm[10, 1]";0,999965422055917;1,18468153924899;1,2622670009248;0,401202969014382;-0,488839111455621;0,895142469100659;-1,21586669978273;27159,8579942839
"Mu_N2nm[10, 2]";1,00008751771095;1,83492885043861;0,940555936954649;-0,169159297538348;-0,0154276148059589;0,140511366562255;-0,7479732552082;30020,6751577461
"Mu_N2nm[11, 1]";1,00002763859116;-0,605965228184562;-0,313853803585161;0,905808786804082;0,719125317846249;0,897248997839139;0,0893569783167607;12971,4077411212
"Mu_N2nm[11, 2]";0,999986967475342;-0,80767854303075;-1,79312408351229;1,32638005481006;-1,2979562885737;0,129047744561745;-0,133970806311027;12726,8714801277
"Mu_N2nm[12, 1]";1,00013049459883;0,795300629031302;-0,365843509028472;0,821864786957627;0,730375060352512;1,08126129356468;-0,551537564741063;4653,96314170173
"Mu_N2nm[12, 2]";1,00000754034526;-1,81417651539441;-0,082105679576601;-0,481711313775071;-2,34717526882258;0,254515972822338;1,87121812292294;29963,3235186763
"Mu_N2nm[13, 1]";1,00000193404427;-0,52789788135073;-0,920542214458586;0,911359465681212;-0,198199883063192;-0,52229794657183;-0,0982490234544334;22403,0196903389
"Mu_N2nm[13, 2]";1,00011388353177;-0,625310225813187;1,12577840549145;0,296309431017246;-0,873319019323843;0,169929555813794;-0,550225177210023;16450,9771641689
"Mu_N2nm[14, 1]";1,00005372442159;0,261613561748348;0,0635061551308027;0,490040838515382;1,15519176689832;-0,817599412156027;-1,00710674578039;30355,5604099028
"Mu_N2nm[14, 2]";1,00005882707919;0,274620841015149;1,49750134729787;2,16247497056978;0,527794381670194;-1,15999703055771;1,86670138509325;14500,7926347342
"Mu_N2nm[15, 1]";1,00008269476543;1,92232144318874;-2,45650435348255;-1,1146006051334;1,92471789743958;1,4591413050882;-0,527479541084694;27097,8217761944
"Mu_N2nm[15, 2]";1,00004173150805;-0,645357577731502;-0,705962630320122;-1,27597033880967;-0,378154651241463;-1,9338422667428;-1,86077389902373;30399,5699826929
"Mu_N2nm[16, 1]";1,00021000764854;-0,251766014370987;-0,0376002994978297;0,977801975771285;1,64346172258473;-0,433759348867747;0,483102221192207;18930,6703023762
"Mu_N2nm[16, 2]";0,999951730965457;-0,397623857172064;-0,17543387826149;-0,387834098920034;1,26344022992829;0,339746148345258;0,890450718889285;30019,9666956904
"Mu_N2nm[17, 1]";1,00001257741274;-0,876669585905551;0,118831721795206;-0,623447895412112;1,11973907246028;-0,911810051878454;0,359974595140682;29970,82427776
"Mu_N2nm[17, 2]";0,999979595046126;1,72204219397898;2,26893140077073;0,920215207059565;-0,417314819425049;0,361934003128403;1,67759950588163;12755,1519121727
"Mu_N2nm[18, 1]";1,00009011571324;-0,0812108627886118;-0,885655126135912;-0,090789465962263;0,97872491336628;0,0481746161448031;-1,46427302033856;30787,4471591338
"Mu_N2nm[18, 2]";0,999943197688648;0,184322140238825;-0,509585054628434;0,570007086554104;-1,21665419410948;0,857750250587515;-1,07310679124059;30031,2078498394
"Mu_N2nm[19, 1]";1,00029963560304;-0,228844134079536;0,0953657075104659;0,0372275256909877;-0,230136083380104;-1,06333480664907;0,239882136708928;30045,8971249218
"Mu_N2nm[19, 2]";1,00003375661095;-2,27066657662481;-0,461952281954658;1,22076012431491;-0,407284327303681;-0,334994580516631;-2,56062839055885;29621,6347068304
"Mu_N2nm[20, 1]";0,999999557733078;0,182014440970627;0,630644610866658;1,60849041646071;-0,866906748949914;0,745515294731469;0,486552855957312;23291,5840405739
"Mu_N2nm[20, 2]";1,00001463614124;-0,00104008217919949;-1,41659370470543;0,00198329877002249;1,30504656339487;-0,0584899938166298;0,996489987689158;10322,153238004
"Mu_N2nm[21, 1]";1,00013092250378;-1,26693536524873;1,01972082144798;-0,542235206251069;-0,366326803767879;-0,967251452404299;-1,67078308818751;30817,6948487921
"Mu_N2nm[21, 2]";1,00004036506802;2,20278102573922;1,42497699685137;-0,617449373824108;0,635672481881317;0,844955228165003;0,818736913164355;23854,587193557
"Mu_N2nm[22, 1]";1,00007417217323;-0,772833398280801;0,202510413946046;0,0924921641556826;1,47548436689261;0,863245772309419;0,917531896949598;30682,7800762166
"Mu_N2nm[22, 2]";0,999970322313091;0,0370867596056508;-0,396062875741621;0,0457288755733353;-0,409262473980451;0,351263507458396;-0,873391855997855;29496,5783255888
"Mu_N2nm[23, 1]";1,00002128541498;-0,792032833135193;0,580298128724372;-1,35720130124068;1,35500676274928;0,447857185371906;1,29021679891483;30028,3094911127
"Mu_N2nm[23, 2]";1,00019325408582;-1,57051271952709;0,30613920260893;0,127134488095506;0,490165251169753;0,84834129529129;-0,603287373544509;30116,4521935707
"Mu_N2nm[24, 1]";0,999959980606049;0,564229350330745;-0,0416766435645693;0,54463823158109;-1,32106167301398;0,264877057952833;0,282561310798432;29598,5197452749
"Mu_N2nm[24, 2]";1,00021563805158;1,54227482543966;-1,79839931434312;0,482379338478599;-0,19207791095567;-0,295971590943116;-0,344016354143499;30319,0960034826
"Mu_N3[1]";1,00008184947248;-1,71654144573955;-1,1523500371823;0,229901428336827;-0,00223494269742251;1,42495641068448;-0,309659780337303;28585,6184319094
"Mu_N3[2]";0,99998105186044;0,715415952691838;-1,37346801309831;1,43708058204113;-0,621609719258293;1,10125006508577;-0,660838249524606;30159,4020663699
"Mu_N3[3]";1,00002990639471;0,619375312581329;0,211444805639313;1,71955716358193;-0,751445067864295;-0,264629280241353;0,459008982505151;8656,60401767577
"Mu_N3[4]";1,00016415931595;0,309612245962647;1,79578349215822;2,35049384108506;0,798150350365114;-0,249946281691996;0,605128207652996;30102,7840354794
"Mu_N3[5]";0,999972800146834;-0,174331329815425;-1,01879563357972;0,0612932913310042;0,379692471430829;1,73682697738604;1,80929640051442;24874,3020349986
"Mu_N3[6]";1,00011679045766;1,34212957404349;-0,503790343318088;0,402905671057499;-0,95635946575204;-0,743608122637016;-1,73288764130532;30093,3657842047
"Mu_N3[7]";1,00000200427315;-0,0545096500767748;-0,645594690551245;-0,548746618408424;-2,01408171596629;0,722867237553318;-0,720464883057456;30226,7792485634
"Mu_N3[8]";1,00000253528943;0,327787587065638;-0,232499082878911;-1,21869477086145;-0,0931732350707802;-0,926148232120933;-1,84516430469336;30290,6260904146
"Mu_N3[9]";1,00007889548727;0,713143742279841;-1,54836559957622;-0,596274464522575;1,86356635867319;0,118604858190439;-0,270257917263177;16515,0465823921
"Mu_N3[10]";1,00000338813653;-1,62824092530427;0,106902196830013;0,0388323647767316;-0,0616027831017302;-0,116806532789764;0,0270251240598687;30005,3040883564
"Mu_N3[11]";0,999990614714196;1,01835778399981;-0,12857097405505;-0,305883165303717;-0,774837789506372;-0,66203514926821;0,99622599190161;29864,7424811097
"Mu_N3[12]";1,00011241484724;0,160331091354334;-0,448701620477948;-1,86556425328258;0,367498677289874;-1,17342390889438;1,06980034677716;10063,8132897829
"Mu_N3[13]";0,999934933574984;1,140731557441;0,281575622494683;-0,231238946492752;-0,846034974347491;1,08692681191191;0,426621242700297;6873,53344086648
"Mu_N3[14]";1,00017170868173;-0,325991981032365;0,961750612065583;-0,684193332287818;-0,0998805929756572;-0,607017634455574;1,94845582798376;28571,5742446463
"Mu_N3[15]";0,999982997293283;1,15516373716389;-1,07242383148664;-0,712901936945819;1,8301279407196;-0,0609073871106636;-1,07425928163934;25430,1249243939
"Mu_N3[16]";0,99997018061794;1,37874865100969;0,106758318266514;-0,338480890751534;-0,2568673984118;0,439693481280912;0,371000544188105;12606,2339420844
"Mu_N3[17]";0,999995172693752;0,0103557900294785;0,932364400736075;-0,674667100492484;-0,408978367895076;0,79169647384702;0,32338686447109;13448,3155645578
"Mu_N3[18]";1,00027345688601;-0,559747384563094;0,591799461855296;2,02459612204937;-1,9314334960332;1,10432171290327;-1,47715805533928;22898,6387122624
"Mu_N3[19]";1,00007990783115;1,26582930914239;-0,710861426131158;-0,516174972368437;-0,244335046971689;-0,446692178281105;-0,778694263170344;14215,3726381974
"Mu_N3[20]";0,999984899787916;-1,46937281184306;1,3311426070457;0,63472422180062;0,603531375336411;-0,116302992005524;-0,510021247680039;29640,4366419224
"Mu_N3[21]";1,00011462974413;-0,397468683782718;0,440734646466308;-1,63287610611906;-0,652832417966013;-0,571300639978713;0,717667959908781;30265,5588507092
"Mu_N3[22]";1,00017461899701;-1,09407046705637;-1,14867348280106;-2,00459405113813;-0,447738284382635;1,06423612186806;-0,912165460587261;22500,1335068975
"Mu_N3[23]";0,999994008370961;0,764459973059571;0,197415034580525;-1,22646294084328;-1,58828710502223;-0,684227418403901;-0,758001764124906;30078,4685312127
"Mu_N3[24]";1,00028328797511;-1,99784678547887;-0,592533910327042;-0,96884801404409;-1,10326954455524;-0,0543974098203627;0,264164853477822;22994,0469278969
"Mu_N4[1]";0,999949761301645;-0,636134840781508;-1,88923171961829;-0,151839261664157;0,382544924088699;0,724346200162867;-0,777727657695269;7515,37369390316
"Mu_N4[2]";1,0001012023634;1,64585050148796;0,0860609953769603;0,436700672716872;-1,43041866161435;1,05866948534545;-0,617802926099836;28212,6048284276
"Mu_N4[3]";0,999949680745394;-1,87360156464242;-0,899271470340517;1,26568130595464;0,170131968129118;0,064839147289193;-0,300163292277084;30369,5757065927
"Mu_N4[4]";1,00017661105894;-0,0367120302553906;-0,246760040893622;1,22050202493159;-0,483517072529086;0,730822096362341;0,813180366918513;27210,0245056835
"Mu_N4[5]";1,00005094156096;-0,0903718663407242;0,607961639784379;-0,196810842068545;0,578961570760708;-0,728787967445698;0,156166791911036;30173,0257094266
"Mu_N4[6]";1,00018977864263;-0,709162952479268;-0,719882244771746;-1,05595229025077;0,408420005258841;-0,439814751534619;-0,331008537521061;5214,74213219293
"Mu_N4[7]";1,00003048911198;2,03333684538825;-0,907021007432869;-0,052739084075644;-0,0500829681710524;0,179196777377936;0,637136725700893;30160,9201707115
"Mu_N4[8]";1,00015374616566;-0,198294549735865;0,850914949632485;-0,247489425346833;-1,10801774371163;0,311288475413734;0,63890192018377;30476,5977247962
"Mu_N4[9]";0,999982220877518;0,288291524675986;0,301114083440742;1,87676313031816;1,09605004042777;0,113019120148522;0,336974756060855;30017,3179628866
"Mu_N4[10]";0,999989796672228;1,97012844888396;1,56306531013335;0,275070807590376;-0,565673046643234;0,890026911219606;-1,39690610094871;23573,4790846038
"Mu_N4[11]";1,00010170182687;-1,25364027199188;-1,65123513034848;1,9136755310314;-0,245856775017935;1,00220106603413;-0,019395871189119;24798,2392323789
"Mu_N4[12]";1,00011753483616;-0,33342639018844;-0,40211269404661;0,448582952785003;-0,619397595692613;1,14122373234329;0,573426325189881;12263,7876511872
"Mu_N4[13]";1,00002825801153;-0,809513979774226;-0,341890401430861;1,03717563606397;-0,599325241168296;-0,42529475647427;-0,307873390768886;28955,0089977749
"Mu_N4[14]";1,00023437522019;0,428456374388936;0,909188071839439;1,91457526968908;1,53648035779402;-1,51866953852526;0,316613035656045;30171,7306504785
"Mu_N4[15]";1,0001780471619;1,53777976076811;-2,68340503777313;-1,67084822597169;1,64450966007487;0,594806829294159;-1,46942942040231;30119,6280333257
"Mu_N4[16]";1,00016225918024;-0,433316938487087;-0,138442372247974;0,751578558984299;2,29330312873076;-0,203071798535451;0,991999879918686;20482,5522344775
"Mu_N4[17]";1,00001678597517;0,0766787855426281;1,43244663555373;-0,108861382355701;0,909843351802511;-0,732004507281685;1,1459297516461;22257,2681559815
"Mu_N4[18]";1,00008129570295;-0,0107743979128739;-1,08302835345963;0,148373175023802;0,473393138360513;0,392194380244656;-1,72593049247919;30709,4590198926
"Mu_N4[19]";1,00030261385909;-1,00511374183549;-0,109743333720476;0,518878216498827;-0,384358034775043;-1,13363784712907;-0,619638168143619;25064,3895010997
"Mu_N4[20]";1,00003495133724;0,209678186995186;-0,204344999269762;1,65590575764177;-0,204913875312193;0,813359329214227;1,03832632504596;17466,7352682061
"Mu_N4[21]";1,00011638185642;-0,564071517238868;1,30115907953169;-0,665145052274149;-0,162498088997069;-0,671996669987504;-1,37275774746855;30871,8640067048
"Mu_N4[22]";1,00013675260746;-0,646243311937097;-0,13007278036514;0,111410542007707;1,12613239706361;1,03356104364956;0,278113422498634;30370,2871582321
"Mu_N4[23]";1,00011409809167;-1,88847167643233;0,750101495076408;-1,1695444462513;1,53514029607431;0,799783337775672;0,721035394425148;26963,5661256979
"Mu_N4[24]";1,00003832834254;1,537903337399;-1,1313418069114;0,857150523038618;-1,47057955513987;0,0951276818171974;0,0877350400502382;30355,1774428762
"Mu_Sd_L1";1,00002955348178;-1,87811697382067;2,32606751877831;0,518237715672172;0,83167786643858;-0,920155308587996;0,59949898634096;27016,1492887846
"Mu_Sd_L1surv";1,00002670341716;-0,879889586223434;1,79086584623808;0,799069384604798;-0,189904860416075;-1,19081708577897;0,728548739684772;30019,4748172607
"Mu_Sd_L2";0,999971088980656;-0,224597294110125;0,257794469013714;-0,460448681044999;-1,37829456090607;-2,08815015593858;-1,07892308804669;30587,5260816459
"Mu_Sd_L2m";0,999968490857928;0,622771576892913;0,669234023315955;0,134575686052996;-0,967600797590848;-1,14485902728402;-1,32098538506943;30800,3151161945
"Mu_Sd_L2nm";0,999961518508343;0,466851936325555;0,807816993366924;-0,268437897304954;-1,00527182925748;-1,21295439415901;-1,50310183458462;30847,0462274029
"Sd_Alpha1[1]";1,00006771554688;-1,58485800960723;0,320362500606734;0,151905331805612;0,479278529799305;-0,594021255889187;-0,862967063845544;6339,17000783773
"Sd_Alpha1[2]";0,999991435662109;-1,06042401332296;-0,147727733175324;-0,790595256840637;1,15090165966687;-0,176291012108659;0,66724662239623;30071,6952745276
"Sd_Alpha2[1]";1,00016803168764;0,769717832111964;0,97523866252683;0,297899467960261;0,0122531340581058;0,974967121271008;-0,750480100127581;30222,6181800465
"Sd_Alpha2[2]";0,999960170039191;-2,10902743255165;-0,217656965663139;0,237949557043145;-2,11410916113781;-0,859179701579019;1,65091392208562;9958,79760027861
"Sd_L1[1]";0,999953594124161;0,312161298033249;-1,10263992943722;-0,19307481789406;-0,557010024753649;2,22442768636825;-0,611669628061783;8787,51195737344
"Sd_L1[2]";1,00000900035664;-1,006331444733;-0,804598998729691;1,89521954439511;-0,722979860040861;-0,414646347614597;-0,559247850863655;30553,1136225809
"Sd_L1[3]";1,0001690678436;0,742223886748479;0,496965021239909;0,0901605923184814;0,0051284643889287;-1,5132616121037;0,412586165010701;22906,3901620977
"Sd_L1[4]";0,999991052575876;-0,324167552662006;-0,487666055918675;0,962529052389201;-0,701176316503164;-1,18385163642577;-0,463903621530381;30175,8680243244
"Sd_L1[5]";0,999961163264102;0,198580600755456;0,918181642747803;-0,726959872910657;-1,4045113567261;0,648079048080054;-0,54620707471303;30156,9196455414
"Sd_L1[6]";0,999983420437079;0,146656563832638;1,96680100404018;-0,814355551956171;-1,11744942669807;0,299662224842528;0,371923619690594;15999,7680926052
"Sd_L1[7]";1,00009388963021;0,700110529809956;1,59144995169893;-0,965877081147171;-1,78074245169719;0,449014365959935;-0,37456748789956;30414,3856654245
"Sd_L1[8]";1,00005648806976;-2,0413478634986;-0,33389115140715;0,641773076703917;0,138307665265458;0,0570735228025075;-0,494670589068679;30325,2508093028
"Sd_L1[9]";0,999959495647994;-0,343223221177115;1,35208381600873;1,85245371304796;0,717285497916056;0,501198007956287;0,696363703545652;30419,7912407712
"Sd_L1[10]";0,9999539736981;-0,779658736094918;0,0337877847560286;-0,104242717505384;-2,08224828163461;0,548940027046844;-1,42686867211193;14270,916822122
"Sd_L1[11]";1,0001953394187;1,72309757419851;-0,143098517054457;0,53011256067792;-0,630636835938008;-1,54176374704517;-2,51629680506663;24386,664788065
"Sd_L1[12]";1,00001390336345;-0,0362009933704395;2,32639855901154;1,48382467092701;-0,645114805966193;0,256485955350565;-1,48661402485586;30126,2845326721
"Sd_L1[13]";1,00014341979675;-0,532271989225978;1,33394978803963;-0,399651186303812;0,309546826380164;-0,473471928788223;0,46618415740223;20888,5128208747
"Sd_L1[14]";1,00013578704287;-1,6152221807593;-0,596470117294794;-0,816381548027217;1,15163330871155;1,74017635843828;-0,292834085538394;23586,898449411
"Sd_L1[15]";1,00003604428197;-1,36878836653483;0,794468861945617;-1,27429688029912;-0,48581119308812;-1,78786555153386;0,176317341392397;11679,2745484335
"Sd_L1[16]";0,999947059408715;-0,48954251223092;1,15037103384976;0,370067916279113;-0,0417321888433492;-1,19914197608819;0,475712801710784;30295,8295990058
"Sd_L1[17]";0,999972477021154;0,35300901528746;-0,424715397559152;-1,84725242571387;0,16843679675421;-0,394623789764532;2,17061144063056;30298,2518148718
"Sd_L1[18]";1,00003505861797;0,536896220647959;0,73431168668636;1,35420559186836;-0,16303088678461;-1,39262451400812;0,89637675295748;30094,2375414514
"Sd_L1[19]";1,00002182912584;0,189863971413712;0,122612447958445;-0,275331195287248;2,17165072004404;-0,815741849530278;0,490250011313889;30203,3985036786
"Sd_L1[20]";1,00002488335079;-2,50363347465488;0,379817547767893;1,19988431264129;-0,158945342932304;-0,741102871941544;1,97525290891487;29028,3670460829
"Sd_L1[21]";0,999917078543836;0,105093412370059;-0,435463026129508;0,39835796004459;0,10591768545314;-2,35108324528983;-0,0334725687911264;17130,94666531
"Sd_L1[22]";1,00009713523801;-0,158885304794312;2,05635837729317;0,183782154240332;2,02023175546521;-0,88746408662682;0,127474902871169;23574,844757174
"Sd_L1[23]";1,00000608028098;-0,919430145339433;-1,0290205885294;1,73076721797927;1,94869069414382;0,631377297004052;1,78710886193173;30041,9166622055
"Sd_L1[24]";1,00009051650412;0,423905034583517;0,350575095041126;0,237617972879422;-0,264986672277436;0,556394591312291;2,35747478919211;29150,434174731
"Sd_L1surv[1]";0,999953073805349;0,382646483903054;-1,02628196336804;-0,21026948633923;-0,500984850232448;2,04988452892409;-0,604875875909165;8454,6008014481
"Sd_L1surv[2]";1,00000374164895;-0,971694766768745;-0,7581864703817;1,87679772412708;-0,740013998863574;-0,517888274334989;-0,458297799388992;30599,4540198572
"Sd_L1surv[3]";1,00014475164715;0,812781768902271;0,535710498127001;0,0598856755526711;0,0392548964594319;-1,5926814832447;0,452090063229228;22592,3283309481
"Sd_L1surv[4]";0,999990715216825;-0,220129417449277;-0,465222521171319;0,919212401811393;-0,612775365855148;-1,27058642984523;-0,477222417759699;30167,1531159719
"Sd_L1surv[5]";0,999955973791374;0,266122244473219;0,955205146082373;-0,689235885510865;-1,32328810848114;0,496870453753214;-0,544216251034212;30095,0207860475
"Sd_L1surv[6]";0,999983616361826;0,218227259496562;2,02087209597529;-0,874314771102663;-1,04571509409664;0,206438662131402;0,415829538517045;17330,3190980871
"Sd_L1surv[7]";1,00009522826208;0,757977817360558;1,65639739520765;-0,962302868695382;-1,67867482148606;0,321444480985848;-0,357529204767605;30377,0682027086
"Sd_L1surv[8]";1,00006367807995;-1,99269175574833;-0,309341015640343;0,665367854711807;0,195131709335128;-0,103660495017778;-0,442703562962869;30345,7366868477
"Sd_L1surv[9]";0,999958395922489;-0,316709068796129;1,4169603284781;1,832938307536;0,717216828971369;0,391903150631525;0,697445557869337;30400,4533201168
"Sd_L1surv[10]";0,999953266425024;-0,671475136405052;0,0333993187689206;-0,047811106751378;-1,92472006118405;0,362245072000876;-1,36971864939135;12053,7253794239
"Sd_L1surv[11]";1,00019797820231;1,75790490302024;-0,0789803955552376;0,547164638252309;-0,582706007841209;-1,62999737914678;-2,50025409025067;22928,3663955662
"Sd_L1surv[12]";1,00000695866162;-0,0229617385631802;2,36166706951874;1,51637376172666;-0,583844141454325;0,161665869611162;-1,44705129883814;30136,018313182
"Sd_L1surv[13]";1,0001329374629;-0,463836116614797;1,33930169080087;-0,394973347737317;0,276600324552992;-0,571713656368605;0,452800045593199;20316,8699468446
"Sd_L1surv[14]";1,00013945173033;-1,58169435166157;-0,566891820550292;-0,825746445109681;1,17011424024164;1,67294933351152;-0,284520498500032;25354,8383605892
"Sd_L1surv[15]";1,00003773187895;-1,36118637112853;0,805077009198011;-1,25111794730478;-0,463889797762213;-1,85879925764712;0,230034481126559;10973,2130435232
"Sd_L1surv[16]";0,999948721087162;-0,456494100261195;1,21043089345959;0,337579262595175;0,0465590953948762;-1,28413297355644;0,469702796771107;30282,0072709328
"Sd_L1surv[17]";0,999976492756105;0,403062536420956;-0,399659919722217;-1,94650284448644;0,232213041545541;-0,469478297801801;2,2001412472483;30286,5991933991
"Sd_L1surv[18]";1,00003787276341;0,586153070924521;0,757734833283075;1,30184931872268;-0,10383952573822;-1,4413783425412;0,915545241924849;30095,5874897833
"Sd_L1surv[19]";1,00001876477276;0,234085992192546;0,184908918879392;-0,262156471155015;2,224796470685;-0,891153231192769;0,538772540085956;30170,6209318814
"Sd_L1surv[20]";1,00003081574999;-2,46677515955791;0,426190773175953;1,16877079181366;-0,106845179725328;-0,835279724875526;2,0175110417566;29138,9596671071
"Sd_L1surv[21]";0,99991461642259;0,157452622639579;-0,343799372422304;0,377577375472744;0,157483382903198;-2,46595525930114;-0,00144275111602219;16467,5595243807
"Sd_L1surv[22]";1,00010059934819;-0,111547779109062;2,09226758145211;0,187271786942184;2,07363066465993;-0,983283178343353;0,164427847788572;23812,9585430963
"Sd_L1surv[23]";0,999999389692657;-0,881103258008421;-1,02021076388061;1,77491133473771;1,99364768373527;0,580020334289076;1,79137274402508;30066,4963654511
"Sd_L1surv[24]";1,00009343257769;0,456849002643416;0,379408693025585;0,231976816611045;-0,229268399928418;0,478161795058885;2,25640526540777;28519,0074181653
"Sd_L2[1]";1,00000145623879;0,544260174963224;-1,45523007101762;-0,361249323332408;1,71189028045271;-0,568248447498814;-2,27920601852596;30269,0738890612
"Sd_L2[2]";0,999986827437011;0,0595137559234109;1,15980599063481;1,69136331031756;0,972591398662114;-1,92409184083604;2,87264448683976;30063,9842697334
"Sd_L2[3]";0,999993535781592;0,0792874566820229;1,64328319777591;-0,253541364334553;1,28849856894015;1,58261543938504;-0,873641899473765;30076,2810602341
"Sd_L2[4]";0,999952984254318;-0,728264672812748;1,01989735177554;-1,22752893678418;-0,134783230154761;0,807101804876084;-0,00683783237239041;29010,8132486319
"Sd_L2[5]";1,00000626487278;1,5312112309201;-0,55277135152875;1,10196837685018;-1,49533325588726;-0,764960022042054;0,153284922549975;25062,7485683622
"Sd_L2[6]";1,00001498964644;-0,669520215612459;0,985633636083559;0,227432109252536;-2,04447412360019;-0,778621114712537;2,69302444688238;30497,2554010029
"Sd_L2[7]";1,00011606471814;1,10707356149265;1,61682189683813;0,702775313573255;0,52534968253956;-1,46482940773088;1,29581764444042;30163,8689297045
"Sd_L2[8]";1,00005879107451;0,0978206359928088;0,138998656475379;-0,263920466379149;-1,32334712786899;0,494346466100055;-1,17465986767105;24254,3820817534
"Sd_L2[9]";1,00004003763096;0,369200735829916;-1,89353026651053;0,0345259215363216;-1,18004084075456;0,0620207256038059;0,881702084635919;30901,623625725
"Sd_L2[10]";1,0001111671636;0,339285664059537;0,840530675226731;0,933191786914192;-0,772020542683604;-0,917818063579354;-0,645142736939386;30177,8572159345
"Sd_L2[11]";1,00007191902345;0,21234051469733;0,527418147242164;0,12353458402017;-0,332112182386674;0,627266720767194;0,977146447020717;30237,1052745212
"Sd_L2[12]";1,00018934127224;0,861678416619584;2,54721542077188;-0,109081216068945;-0,418897800161126;-0,905575838936813;-0,687493246987917;23584,2641901517
"Sd_L2[13]";1,00030080691318;0,438159206459647;-0,832267299255704;1,39477519244988;2,61895783666992;-0,385150704542905;-1,3324495990901;30265,174912671
"Sd_L2[14]";1,00009935296884;-1,91565531299339;1,06484345744906;0,0736948178824831;1,35446961230529;2,05789048420108;-2,0393615449626;29964,1706657745
"Sd_L2[15]";1,00002498031201;-0,549139618764438;-0,722782228677343;0,34317644977115;-0,138911184788469;0,167929384743645;-0,927361226655723;30213,3088568244
"Sd_L2[16]";0,999989256063738;0,954497967113358;-0,0711011633179324;0,102096293713961;0,386012167133111;-1,70953326202461;-1,67822849849693;29967,8302176187
"Sd_L2[17]";1,00005881639103;1,88738693264729;-1,07199142043738;-0,0705411295513643;-1,26314066755476;1,36413965427215;-0,611874210021581;30205,9168848731
"Sd_L2[18]";0,999936706278002;0,560981713914548;-0,309845713423512;-2,17153309556287;-0,687516335186274;-0,913884829737305;0,740684184109375;23027,7059055413
"Sd_L2[19]";1,00008376902162;-1,38354794369654;-0,28792165710436;0,839798431033703;-0,773693052855212;0,467811692935344;-0,404342993829551;16725,4540046537
"Sd_L2[20]";1,00002624570526;0,316174311637546;0,327131447216528;0,716673480527976;-0,146668662503417;1,15910386201388;-0,861825516245101;13136,1256743543
"Sd_L2[21]";0,999957669734946;0,806368770735692;-1,4335268864574;0,483013025173252;-1,48796770388798;0,0722363250694425;-0,554895968064546;29996,4551077759
"Sd_L2[22]";0,999930273453403;-1,47779116850009;-0,673874339128768;-1,76955306957112;0,208706457635535;0,92508088239687;1,30556122843814;9231,70784099389
"Sd_L2[23]";1,00012856558818;-0,424560413611768;-0,305155784866671;-0,882731158146167;-0,658484626898659;-1,59761898544469;-2,78588449398746;30179,8876433681
"Sd_L2[24]";1,00016777119083;-0,383246330746325;1,10189201963821;0,910996066583805;-1,15798215752667;-1,12698458033487;-0,649539288154923;30375,6745180332
"Sd_L2m[1]";0,999996547632802;0,541267809459642;-1,24662058693576;-0,348708910963952;1,72893179994133;-0,585024175525826;-2,32962794548002;30291,841859625
"Sd_L2m[2]";0,999986443293935;-0,0985217814576692;1,13739316253825;1,63062697582023;0,908828466850025;-1,9333557281478;2,82817633630734;30056,7026785751
"Sd_L2m[3]";0,999999686491385;0,0922054991138617;1,73097000504309;-0,373977533384674;1,32133511775244;1,44192949419518;-0,897643875951839;30147,4764585627
"Sd_L2m[4]";0,999953542450459;-0,608437263529594;1,18632831359435;-1,29701326495286;-0,201960398237061;0,671249529904961;-0,161107822474785;29858,8330384746
"Sd_L2m[5]";1,00000110811785;1,43898718838041;-0,601283261975216;1,1118241796634;-1,42491601878933;-0,96039074061272;0,159485076222958;23172,2191114306
"Sd_L2m[6]";1,00001663480656;-0,693676938864073;1,0145242173663;0,144831143412983;-2,14366476057599;-0,923780612493472;2,68799001708925;30605,5970235347
"Sd_L2m[7]";1,00013522086964;0,893039266335863;1,5706911480473;0,502629284216581;0,545454802635538;-1,5783544305787;1,34858029437109;30141,4994169905
"Sd_L2m[8]";1,00005284583947;0,117786197279457;0,190904564569844;-0,316507104105932;-1,31099534255411;0,445090801906132;-1,14405064512318;25079,4912745202
"Sd_L2m[9]";1,00003194251235;0,358218515435822;-1,83535351751566;-0,0211263391906224;-1,2233038425791;0,0939538288240841;0,768126268958445;30959,2040921102
"Sd_L2m[10]";1,0000924396453;0,271196742885788;0,831198609001931;0,736817668017828;-0,817172415629608;-1,02884024450267;-0,66629573836826;30192,865688831
"Sd_L2m[11]";1,00006304001205;0,240184367400079;0,635594834031303;-0,0688319948178587;-0,322904090908211;0,492214237074635;0,828238896624456;30247,0435370702
"Sd_L2m[12]";1,00017204190726;0,916631460817446;2,55210576826888;-0,229419068475262;-0,27719363132166;-0,995142866107278;-0,83869007675073;23773,0322393615
"Sd_L2m[13]";1,00034159315431;0,503160377906706;-0,864720830870093;1,291599719863;2,61113890280011;-0,41929461511364;-1,38200928614171;30271,1443652971
"Sd_L2m[14]";1,00008836869096;-1,88640379573148;1,03194863023224;-0,0721715915255667;1,30743647131556;2,03172805073779;-2,1403128349754;30006,2468275591
"Sd_L2m[15]";1,00002756162605;-0,483592136674389;-0,604029419963435;0,318234565423261;-0,137102847652909;0,183805589211883;-0,950268562809536;30217,7662933998
"Sd_L2m[16]";1,00000088640982;1,00260604515049;-0,0417240834687908;-0,0492851238481517;0,28379612034;-1,79605109359782;-1,76293885229501;30094,4337892023
"Sd_L2m[17]";1,00004580743524;1,83727278925354;-1,06601065872543;-0,170422513510295;-1,33716276163613;1,23177024535472;-0,69283656969417;30224,48199775
"Sd_L2m[18]";0,999940244536448;0,522274343762793;-0,313623800638966;-2,20551236015107;-0,685508808632259;-1,05678824486979;0,770383870969178;20212,0053562088
"Sd_L2m[19]";1,00008282413605;-1,35366156694764;-0,231638428535632;0,745608280793028;-0,823629563348447;0,393575509331125;-0,416347230485172;18344,5625425746
"Sd_L2m[20]";1,00002843464663;0,337816046091021;0,383700734120506;0,638128935079808;-0,211020309975743;1,12862127527097;-0,892269504426649;13935,419145316
"Sd_L2m[21]";0,999959462820032;0,713485257072172;-1,42325071268973;0,427311276228334;-1,49121611041792;2,15005111403438e-05;-0,601068866200232;29421,0386233143
"Sd_L2m[22]";0,999928638667038;-1,47706560863339;-0,641634270710812;-1,90588996299202;0,186162545461547;0,811986690429194;1,25447135605205;9570,66762694803
"Sd_L2m[23]";1,0001346399766;-0,328333790666159;-0,329190734509128;-0,920584624563204;-0,708753970826838;-1,73792451375732;-2,83967089297546;30223,4734815404
"Sd_L2m[24]";1,0001622220516;-0,480650965005098;1,12177189954668;0,760744419961721;-1,16979552122357;-1,14991132673554;-0,668499410196363;30325,1295914895
"Sd_L2nm[1]";0,99998587524905;0,615815170812547;-1,33392770962573;-0,60635679859464;1,70842987049377;-0,784336011600695;-2,4085471322864;30347,7002049072
"Sd_L2nm[2]";0,999998907766445;0,0729303605189535;1,20565092773389;1,42935663094951;0,939633349233075;-2,14256085481533;2,63670495945217;30032,5175889272
"Sd_L2nm[3]";0,999999911760626;0,165267797863366;1,70612179142468;-0,521389762218729;1,16751369742691;1,43338248502195;-0,994106647322747;30110,0715232215
"Sd_L2nm[4]";0,999946973738807;-0,827874848625352;1,23988597423997;-1,28447835814692;-0,185920038373274;0,598291484989693;-0,162644659820972;28988,8903324297
"Sd_L2nm[5]";0,999983982592208;1,43683973902195;-0,354915281938626;0,797524664213061;-1,59534442153908;-0,751176810703713;-0,0355017107887715;24247,6697440283
"Sd_L2nm[6]";1,00002404713821;-0,6973591789639;1,0124148556711;0,0655161017928038;-2,0411105232483;-0,868042683771993;2,05022092490449;30596,4443623027
"Sd_L2nm[7]";1,00013316400449;0,887744354638729;1,7085726767357;0,399762763747189;0,334015024763209;-1,70004170225013;1,08241289681671;30158,7735554018
"Sd_L2nm[8]";1,00005456665381;0,113338006849319;0,172768641645056;-0,478464746088969;-1,35722439281966;0,345290147601882;-1,30569664306901;25209,3269062167
"Sd_L2nm[9]";1,00004231904926;0,335874191287185;-1,84757069910898;-0,177861395508415;-1,26887251672769;-0,132207492824991;0,807861870069259;31043,3106347934
"Sd_L2nm[10]";1,00008482887696;0,296867867022295;0,881108362747844;0,714108499191586;-0,830208626957881;-1,09591090787744;-0,679380428742878;30219,7911969102
"Sd_L2nm[11]";1,00005916703352;0,177738906838094;0,596472318339865;-0,118981976783717;-0,350915596864735;0,400229322123552;0,788452954201444;30356,0974365801
"Sd_L2nm[12]";1,0001611335472;0,838130980491382;2,59975233189976;-0,316773508919242;-0,392743090867442;-1,06255521366942;-0,816366063460189;24539,5646770479
"Sd_L2nm[13]";1,00036470320177;0,476860230069779;-0,755300950324303;1,0896283061897;2,53308555232167;-0,566568898304856;-1,3876933452086;30241,0189514799
"Sd_L2nm[14]";1,00008852805868;-1,8985296404505;1,14270344687496;-0,0747484860000146;1,28482894507823;2,0555418279272;-2,11605659981833;30007,5552544036
"Sd_L2nm[15]";1,00003957997552;-0,487005274645016;-0,593692911621763;0,242657310942217;-0,223673293077125;0,104011311394281;-1,04340972861057;30215,0479749952
"Sd_L2nm[16]";1,0000027065494;0,930196155855651;0,0482689008911995;-0,121648884247946;0,267604581534238;-1,89987251815746;-1,77437102099542;30116,2641397602
"Sd_L2nm[17]";1,00003380301172;1,86371713300419;-1,04649204954286;-0,17627233664529;-1,38412869931231;1,20808352481096;-0,698448523790597;30201,7948500177
"Sd_L2nm[18]";0,999946741227687;0,512541316503;-0,47260853388753;-2,23981113033196;-0,842145267183798;-1,04582392029931;0,528249778701733;17843,2071834156
"Sd_L2nm[19]";1,00007070451695;-1,34389883249075;-0,189856390392572;0,695124089227284;-0,828132937590284;0,384187062265659;-0,488950863718261;19118,8450669116
"Sd_L2nm[20]";1,00004236436612;0,299448087993851;0,382137200236068;0,546589334533529;-0,150633577130318;1,05832643415415;-0,988072158909602;14777,4095670306
"Sd_L2nm[21]";0,999969285674213;0,828408797452793;-1,29824405405363;0,238679348820882;-1,48649702032274;-0,0110653964398597;-0,625736049877293;27569,0607759087
"Sd_L2nm[22]";0,999929285324902;-1,44062635228252;-0,614526155311376;-1,92676940138981;0,157029598172688;0,782804681643187;1,18301789836205;8935,30329952681
"Sd_L2nm[23]";1,00011928823547;-0,334865185677252;-0,238304073184002;-1,06616553755673;-0,724531104515405;-1,69646814334223;-2,87899640830603;30180,9051398371
"Sd_L2nm[24]";1,00014235683932;-0,44866953653815;1,14269170913807;0,588356813841012;-1,10854818344112;-1,20186324597248;-0,789124521603814;30287,3493946643
