"Parameter";"Rhat";"zchain1";"zchain2";"zchain3";"zchain4";"zchain5";"zchain6";"Effective"
"Alpha1";0,999958791617831;-0,461506207203683;0,418205019755715;0,248129424151402;-0,93078740637462;1,14157044344996;-1,04154983060585;29929,823358235
"Alpha2[1]";1,00011388125211;-0,490042874999587;0,693031380963427;-1,8746106168916;-0,177181588132878;0,211188153832114;-1,47847432321572;25563,6521630592
"Alpha2[2]";0,999985179697339;1,74507155964446;1,48803274111419;0,533263636097536;1,00537840985247;0,127840340215926;0,103498467010702;25144,2614405765
"Beta1";1,00001515738306;-0,46080453191261;0,636752123810751;0,947254141361387;-0,908587735382932;-0,195963673594588;-0,41971978496147;30695,3631625053
"Beta2";1,00006728837678;0,318184074581786;-0,164030562624043;-1,08763074855428;1,05566700242109;1,08769841736421;-0,662924929270489;30240,1747279103
"Gamma1[1, 1]";1,00003746710557;0,593402962186747;0,0310624044817055;2,16600723920049;1,97643039804578;0,851978280652083;-1,08647751624959;22075,9953904627
"Gamma1[1, 2]";1,00003746710557;-0,593402962186702;-0,0310624044816798;-2,16600723920045;-1,97643039804578;-0,851978280652059;1,08647751624959;22075,9953904627
"Gamma1[2, 1]";0,999945630818053;-0,115300865877954;-0,371293055339032;-1,72595198892288;-0,269671338968368;-0,131515115635559;0,663281471269512;30101,5294896551
"Gamma1[2, 2]";0,999945630818053;0,115300865877954;0,371293055339062;1,72595198892282;0,269671338968339;0,131515115635559;-0,663281471269481;30101,5294896551
"Gamma1[3, 1]";1,00006824631061;1,12151434944509;-0,322173434022754;1,23265038610401;-0,282114773044463;0,011148829192787;0,549820919311055;3623,66634795141
"Gamma1[3, 2]";1,00006824631061;-1,12151434944509;0,322173434022719;-1,23265038610404;0,28211477304443;-0,011148829192787;-0,549820919311082;3623,66634795141
"Gamma1[4, 1]";1,00000895066227;1,08313227096888;-0,577205300758354;-0,813450101800831;0,662092168183505;1,06868371410735;-0,610249172203513;30443,0509442757
"Gamma1[4, 2]";1,00000895066227;-1,08313227096888;0,577205300758354;0,813450101800831;-0,662092168183505;-1,06868371410735;0,610249172203486;30443,0509442757
"Gamma1[5, 1]";1,00004255265807;1,04527148784931;-0,104889948533663;-1,2538604341965;-0,971667888991633;0,0928774789168958;-1,88115260235678;15368,3106173243
"Gamma1[5, 2]";1,00004255265807;-1,04527148784929;0,104889948533663;1,2538604341965;0,971667888991611;-0,0928774789168743;1,88115260235676;15368,3106173243
"Gamma1[6, 1]";1,00002190452562;1,02145822030306;-0,867172395864359;-2,45157708213741;-1,18996002767267;-0,907594749928674;1,12364828287409;16629,9048163499
"Gamma1[6, 2]";1,00002190452562;-1,02145822030298;0,867172395864396;2,45157708213741;1,18996002767267;0,907594749928635;-1,12364828287409;16629,9048163493
"Gamma1[7, 1]";1,00004511478537;-2,10397193230802;1,53092491630219;0,471689202992472;-0,244722306931345;0,625094804027152;-0,840424889690023;30332,752581648
"Gamma1[7, 2]";1,00004511478537;2,10397193230805;-1,53092491630219;-0,4716892029925;0,244722306931315;-0,625094804027152;0,840424889690023;30332,752581648
"Gamma1[8, 1]";1,00000436982341;-0,0327395606057078;-0,62295186042617;-0,715771377143397;0,760991051509607;0,147610263881298;-0,641340117511066;30214,3621637748
"Gamma1[8, 2]";1,00000436982341;0,0327395606056709;0,62295186042617;0,715771377143397;-0,76099105150969;-0,147610263881334;0,641340117511066;30214,3621637748
"Gamma1[9, 1]";1,00008938152944;-0,608869658619462;-0,0436389799097698;1,08076317308918;0,345214656756628;-0,312599447005156;3,32362317750485;30377,0764693564
"Gamma1[9, 2]";1,00008938152944;0,608869658619424;0,0436389799097698;-1,08076317308915;-0,345214656756708;0,312599447005118;-3,32362317750477;30377,0764693564
"Gamma1[10, 1]";1,00002482174366;-2,29768668818566;-1,45968084877207;-0,587915336859837;0,879172905902404;-1,42965021035902;0,4951688616848;30329,2788668703
"Gamma1[10, 2]";1,00002482174366;2,29768668818562;1,45968084877204;0,5879153368598;-0,879172905902363;1,42965021035899;-0,495168861684764;30329,2788668703
"Gamma1[11, 1]";0,999986662488341;0,242645992470691;-0,865620101531214;0,672418255473818;0,771777602667483;1,45873889241381;-0,408973405631707;30012,4390038046
"Gamma1[11, 2]";0,999986662488341;-0,242645992470691;0,865620101531275;-0,672418255473844;-0,771777602667454;-1,45873889241381;0,408973405631626;30012,4390038046
"Gamma1[12, 1]";1,00000363999381;0,295064054861208;0,293285880457222;-1,3549053983154;0,0874936566988146;-0,197162434067169;-0,278250109384057;30212,7365609511
"Gamma1[12, 2]";1,00000363999381;-0,295064054861239;-0,293285880457191;1,35490539831537;-0,0874936566988451;0,197162434067201;0,278250109384026;30212,7365609511
"Gamma1[13, 1]";1,0000219782491;-1,5188769222385;-0,641488358195087;-0,686907088256712;0,881553864631653;-0,793101892132279;-0,640275487390119;30733,6958113285
"Gamma1[13, 2]";1,0000219782491;1,5188769222385;0,641488358195114;0,68690708825674;-0,881553864631705;0,793101892132279;0,640275487390147;30733,6958113285
"Gamma1[14, 1]";0,999969786076234;-0,887454494938952;0,114749907568009;0,854606110758871;0,160442108881946;-1,55964319396845;-0,430620871346713;20420,1702017343
"Gamma1[14, 2]";0,999969786076234;0,887454494938988;-0,11474990756793;-0,854606110758871;-0,160442108881946;1,55964319396837;0,430620871346713;20420,1702017343
"Gamma1[15, 1]";1,00010515385016;-0,197762530446883;-2,02224500791137;-0,991083223592208;-1,06647137647909;0,776133466512769;0,758046348608096;22308,1452357229
"Gamma1[15, 2]";1,00010515385016;0,197762530446852;2,02224500791137;0,991083223592236;1,06647137647912;-0,776133466512769;-0,758046348608064;22308,1452357229
"Gamma1[16, 1]";1,00001668299742;-0,631833446488123;-0,172039113074481;0,956164734777957;1,05664640921046;1,22197884129531;0,0874482462032506;13595,063506599
"Gamma1[16, 2]";1,00001668299742;0,631833446488123;0,172039113074454;-0,956164734777925;-1,05664640921046;-1,22197884129528;-0,0874482462032506;13595,0635065995
"Gamma1[17, 1]";0,999969780336994;-2,19593574040072;-0,209032236884073;0,471212453523258;0,73480194246882;-0,0508664548854307;1,21759320832819;30256,0305590405
"Gamma1[17, 2]";0,999969780336994;2,19593574040072;0,209032236884105;-0,471212453523292;-0,734801942468786;0,0508664548854307;-1,21759320832819;30256,0305590405
"Gamma1[18, 1]";1,00000308722861;-1,45609049795179;-1,17390324329245;-1,38686656911389;0,212686141619467;0,0569679675532334;-0,361366014572723;30634,3114808461
"Gamma1[18, 2]";1,00000308722861;1,45609049795183;1,17390324329248;1,38686656911386;-0,21268614161943;-0,0569679675531777;0,361366014572686;30634,3114808461
"Gamma1[19, 1]";1,00002453214997;0,292928338997925;0,318497568502954;-0,516936572931203;0,454933633061714;0,355798947655138;-0,0302169045736528;30080,9704569233
"Gamma1[19, 2]";1,00002453214997;-0,292928338997925;-0,31849756850298;0,516936572931169;-0,454933633061679;-0,355798947655067;0,0302169045736287;30080,9704569233
"Gamma1[20, 1]";1,00000170199918;0,844599217400741;0,0669252542638178;-0,238487375696442;-0,174082801647964;-0,508947761373286;1,02199981629141;30183,5520263797
"Gamma1[20, 2]";1,00000170199918;-0,844599217400674;-0,0669252542638178;0,238487375696408;0,174082801647964;0,508947761373318;-1,02199981629144;30183,5520263797
"Gamma1[21, 1]";0,999997372767458;0,386449529004791;1,2793591844254;-0,909209424545207;0,546126850429694;1,75939230091223;-1,28326430095506;13218,6786018654
"Gamma1[21, 2]";0,999997372767458;-0,386449529004819;-1,2793591844254;0,909209424545207;-0,546126850429664;-1,75939230091223;1,28326430095506;13218,6786018654
"Gamma1[22, 1]";1,00000002527751;2,30839241307679;-0,237277115397413;0,64246350056622;0,34372260467131;0,458268135282945;0,373772450694283;15621,9669327238
"Gamma1[22, 2]";1,00000002527751;-2,30839241307674;0,237277115397437;-0,64246350056622;-0,34372260467131;-0,458268135282923;-0,37377245069426;15621,9669327238
"Gamma1[23, 1]";1,00005710251451;-1,30859839735145;-0,223863874545969;-0,382733645216297;0,04064568948092;0,62129377728763;0,82023886859614;10805,1815919621
"Gamma1[23, 2]";1,00005710251451;1,30859839735145;0,223863874545969;0,382733645216324;-0,040645689480946;-0,62129377728763;-0,820238868596113;10805,1815919626
"Gamma1[24, 1]";1,00002702940114;1,32916507035204;0,952763951623042;-0,308434108209255;-0,924425451525912;0,763291820552495;-1,06278962758375;30155,6887943913
"Gamma1[24, 2]";1,00002702940114;-1,32916507035204;-0,952763951623013;0,308434108209227;0,924425451525912;-0,76329182055253;1,06278962758375;30155,6887943913
"Gamma1_F[1]";1,00003746710557;0,593402962186747;0,0310624044817055;2,16600723920049;1,97643039804578;0,851978280652083;-1,08647751624959;22075,9953904627
"Gamma1_F[2]";0,999945630818053;-0,115300865877954;-0,371293055339032;-1,72595198892288;-0,269671338968368;-0,131515115635559;0,663281471269512;30101,5294896551
"Gamma1_F[3]";1,00006824631061;1,12151434944509;-0,322173434022754;1,23265038610401;-0,282114773044463;0,011148829192787;0,549820919311055;3623,66634795141
"Gamma1_F[4]";1,00000895066227;1,08313227096888;-0,577205300758354;-0,813450101800831;0,662092168183505;1,06868371410735;-0,610249172203513;30443,0509442757
"Gamma1_F[5]";1,00004255265807;1,04527148784931;-0,104889948533663;-1,2538604341965;-0,971667888991633;0,0928774789168958;-1,88115260235678;15368,3106173243
"Gamma1_F[6]";1,00002190452562;1,02145822030306;-0,867172395864359;-2,45157708213741;-1,18996002767267;-0,907594749928674;1,12364828287409;16629,9048163499
"Gamma1_F[7]";1,00004511478537;-2,10397193230802;1,53092491630219;0,471689202992472;-0,244722306931345;0,625094804027152;-0,840424889690023;30332,752581648
"Gamma1_F[8]";1,00000436982341;-0,0327395606057078;-0,62295186042617;-0,715771377143397;0,760991051509607;0,147610263881298;-0,641340117511066;30214,3621637748
"Gamma1_F[9]";1,00008938152944;-0,608869658619462;-0,0436389799097698;1,08076317308918;0,345214656756628;-0,312599447005156;3,32362317750485;30377,0764693564
"Gamma1_F[10]";1,00002482174366;-2,29768668818566;-1,45968084877207;-0,587915336859837;0,879172905902404;-1,42965021035902;0,4951688616848;30329,2788668703
"Gamma1_F[11]";0,999986662488341;0,242645992470691;-0,865620101531214;0,672418255473818;0,771777602667483;1,45873889241381;-0,408973405631707;30012,4390038046
"Gamma1_F[12]";1,00000363999381;0,295064054861208;0,293285880457222;-1,3549053983154;0,0874936566988146;-0,197162434067169;-0,278250109384057;30212,7365609511
"Gamma1_F[13]";1,0000219782491;-1,5188769222385;-0,641488358195087;-0,686907088256712;0,881553864631653;-0,793101892132279;-0,640275487390119;30733,6958113285
"Gamma1_F[14]";0,999969786076234;-0,887454494938952;0,114749907568009;0,854606110758871;0,160442108881946;-1,55964319396845;-0,430620871346713;20420,1702017343
"Gamma1_F[15]";1,00010515385016;-0,197762530446883;-2,02224500791137;-0,991083223592208;-1,06647137647909;0,776133466512769;0,758046348608096;22308,1452357229
"Gamma1_F[16]";1,00001668299742;-0,631833446488123;-0,172039113074481;0,956164734777957;1,05664640921046;1,22197884129531;0,0874482462032506;13595,063506599
"Gamma1_F[17]";0,999969780336994;-2,19593574040072;-0,209032236884073;0,471212453523258;0,73480194246882;-0,0508664548854307;1,21759320832819;30256,0305590405
"Gamma1_F[18]";1,00000308722861;-1,45609049795179;-1,17390324329245;-1,38686656911389;0,212686141619467;0,0569679675532334;-0,361366014572723;30634,3114808461
"Gamma1_F[19]";1,00002453214997;0,292928338997925;0,318497568502954;-0,516936572931203;0,454933633061714;0,355798947655138;-0,0302169045736528;30080,9704569233
"Gamma1_F[20]";1,00000170199918;0,844599217400741;0,0669252542638178;-0,238487375696442;-0,174082801647964;-0,508947761373286;1,02199981629141;30183,5520263797
"Gamma1_F[21]";0,999997372767458;0,386449529004791;1,2793591844254;-0,909209424545207;0,546126850429694;1,75939230091223;-1,28326430095506;13218,6786018654
"Gamma1_F[22]";1,00000002527751;2,30839241307679;-0,237277115397413;0,64246350056622;0,34372260467131;0,458268135282945;0,373772450694283;15621,9669327238
"Gamma1_F[23]";1,00005710251451;-1,30859839735145;-0,223863874545969;-0,382733645216297;0,04064568948092;0,62129377728763;0,82023886859614;10805,1815919621
"Gamma1_F[24]";1,00002702940114;1,32916507035204;0,952763951623042;-0,308434108209255;-0,924425451525912;0,763291820552495;-1,06278962758375;30155,6887943913
"Gamma3[1, 1]";1,0000346226233;0,607594543056548;-0,0580202172567861;2,1105306941352;1,89282302482908;0,881111525556305;-1,19354158418099;21129,1190812794
"Gamma3[1, 2]";1,0000346226233;-0,607594543056548;0,05802021725676;-2,11053069413522;-1,89282302482908;-0,881111525556328;1,19354158418097;21129,1190812794
"Gamma3[2, 1]";0,999948791830374;-0,408184137527111;-0,384146420986554;-1,90267354703448;-0,310449454674694;-0,15569915193411;0,612055300531429;30137,8714727961
"Gamma3[2, 2]";0,999948791830374;0,408184137527051;0,384146420986554;1,90267354703451;0,310449454674694;0,15569915193411;-0,612055300531461;30137,8714727961
"Gamma3[3, 1]";1,00006320934021;1,04610355006606;-0,217239975944494;1,07498358175009;-0,440033115724825;0,152780017099941;0,452755015327166;3758,30325806797
"Gamma3[3, 2]";1,00006320934021;-1,04610355006606;0,217239975944462;-1,07498358175009;0,440033115724762;-0,152780017099941;-0,452755015327138;3758,30325806797
"Gamma3[4, 1]";1,00002972048662;1,08769268206063;-0,449897263919769;-1,08308055123711;0,60836930246826;1,11176073616352;-0,663661381025987;30383,2030052987
"Gamma3[4, 2]";1,00002972048662;-1,0876926820606;0,449897263919722;1,08308055123713;-0,608369302468236;-1,11176073616352;0,663661381025987;30383,2030052987
"Gamma3[5, 1]";1,00003233850276;1,00569257367181;-0,176853263546918;-1,54289034749038;-0,933666391487866;0,15513405723743;-1,89866392913033;12595,9819163096
"Gamma3[5, 2]";1,00003233850276;-1,00569257367179;0,176853263546941;1,54289034749036;0,933666391487842;-0,15513405723743;1,89866392913031;12595,9819163096
"Gamma3[6, 1]";1,0000097009482;0,833980424932662;-0,762692576511813;-2,83276686818892;-1,35408402789625;-1,02959278780302;0,922912096309026;16505,9405491911
"Gamma3[6, 2]";1,0000097009482;-0,833980424932701;0,762692576511884;2,83276686818888;1,35408402789625;1,02959278780302;-0,922912096309026;16505,9405491915
"Gamma3[7, 1]";1,00005662731914;-2,2392028322669;1,62100643185583;0,341899238194743;-0,393846027433833;0,645833293975803;-0,871032622192839;30354,1126315736
"Gamma3[7, 2]";1,00005662731914;2,2392028322669;-1,6210064318558;-0,341899238194743;0,39384602743386;-0,645833293975803;0,871032622192839;30354,1126315736
"Gamma3[8, 1]";0,999984813790801;-0,180735570750908;-0,594398282391845;-0,850249632509335;0,799755940626723;0,281475564066035;-0,701558912559497;30197,5823476709
"Gamma3[8, 2]";0,999984813790801;0,180735570750908;0,594398282391911;0,850249632509335;-0,799755940626722;-0,281475564065999;0,701558912559497;30197,5823476709
"Gamma3[9, 1]";1,00007701535316;-0,527523457820312;-0,149135630987286;0,833168477003876;0,280605939901539;-0,347080641577174;3,16277186981032;30413,630187474
"Gamma3[9, 2]";1,00007701535316;0,527523457820345;0,149135630987215;-0,83316847700391;-0,2806059399015;0,347080641577174;-3,16277186981035;30413,630187474
"Gamma3[10, 1]";1,00003860437246;-2,1953449496925;-1,45451108939263;-0,747794599098232;0,85130186686082;-1,20328588685671;0,391260654640184;30343,4464564966
"Gamma3[10, 2]";1,00003860437246;2,19534494969254;1,45451108939266;0,747794599098195;-0,851301866860779;1,20328588685668;-0,391260654640219;30343,4464564966
"Gamma3[11, 1]";0,999988019730791;0,155444920050178;-0,882251846585176;0,400857358872994;0,626552916241197;1,42810942789121;-0,542143970536256;30075,4088874407
"Gamma3[11, 2]";0,999988019730791;-0,155444920050154;0,882251846585146;-0,400857358873047;-0,626552916241197;-1,42810942789121;0,542143970536178;30075,4088874407
"Gamma3[12, 1]";0,999987294392401;0,0785835635763202;0,294121598923328;-1,64922886032032;-0,0708810811414527;-0,386226419680182;-0,438799341966435;30121,1417920139
"Gamma3[12, 2]";0,999987294392401;-0,0785835635763494;-0,294121598923386;1,64922886032032;0,0708810811414811;0,386226419680152;0,438799341966464;30121,1417920139
"Gamma3[13, 1]";1,00003987908199;-1,60926954375011;-0,737668325023138;-0,996387310467918;0,834898299774919;-0,675022917134578;-0,65427533239784;30686,3341028009
"Gamma3[13, 2]";1,00003987908199;1,60926954375013;0,737668325023112;0,996387310467891;-0,834898299774944;0,675022917134548;0,654275332397812;30686,3341028009
"Gamma3[14, 1]";0,99998741232578;-1,03194294180143;0,0818009847499628;0,703317117554964;0,134783599875189;-1,52688266092311;-0,672174431381135;19606,0360594496
"Gamma3[14, 2]";0,99998741232578;1,03194294180143;-0,0818009847499992;-0,703317117554932;-0,134783599875157;1,52688266092314;0,672174431381169;19606,0360594496
"Gamma3[15, 1]";1,00012902156699;-0,342630368637701;-2,00379977152669;-1,11323792906568;-1,44153065604245;0,73930894449133;0,646811085464795;24825,7781561538
"Gamma3[15, 2]";1,00012902156699;0,342630368637733;2,00379977152666;1,11323792906565;1,44153065604245;-0,73930894449136;-0,646811085464764;24825,7781561543
"Gamma3[16, 1]";1,00004124557827;-0,766332019207665;-0,190875702105732;0,561082825954332;0,957592880758516;1,28881571121217;-0,126480714775053;10828,6996078289
"Gamma3[16, 2]";1,00004124557827;0,766332019207615;0,190875702105732;-0,561082825954332;-0,957592880758516;-1,28881571121215;0,126480714775053;10828,6996078289
"Gamma3[17, 1]";0,999954601294026;-2,33249690439739;-0,129323227752604;0,219673242503108;0,358589239549059;0,085157233333353;1,04709645761481;30175,1864507695
"Gamma3[17, 2]";0,999954601294026;2,33249690439746;0,129323227752635;-0,219673242503108;-0,358589239549059;-0,0851572333333203;-1,04709645761481;30175,1864507695
"Gamma3[18, 1]";0,999993800109373;-1,62984033485708;-1,16205578989508;-1,6367010991259;-0,0324167811567942;-0,0210365138637221;-0,48113557380313;30624,9659028443
"Gamma3[18, 2]";0,999993800109373;1,62984033485708;1,16205578989508;1,63670109912587;0,0324167811567942;0,0210365138637221;0,481135573803165;30624,9659028443
"Gamma3[19, 1]";1,00002574613105;0,325004643369212;0,305663244145498;-0,746494693232595;0,333128479963664;0,182765191107661;-0,0982872992357255;30194,6258473371
"Gamma3[19, 2]";1,00002574613105;-0,325004643369244;-0,305663244145498;0,746494693232562;-0,33312847996363;-0,182765191107661;0,0982872992357475;30194,6258473371
"Gamma3[20, 1]";0,999995602969684;0,419981884517655;0,0747178718605009;-0,540469189426314;-0,424818257905595;-0,49767410364726;0,806381000388692;30278,463244134
"Gamma3[20, 2]";0,999995602969684;-0,419981884517655;-0,0747178718605009;0,540469189426282;0,424818257905595;0,49767410364726;-0,806381000388692;30278,463244134
"Gamma3[21, 1]";0,999995976442058;0,369606444713159;1,12786936526414;-1,09267122817519;0,425897170052962;1,64463693702433;-1,26882742228224;14704,3096627729
"Gamma3[21, 2]";0,999995976442058;-0,369606444713187;-1,12786936526414;1,09267122817519;-0,425897170052932;-1,6446369370243;1,26882742228221;14704,3096627729
"Gamma3[22, 1]";1,00000968855274;2,09752799946759;-0,27789836261121;0,478131445129171;0,157317130057896;0,505328119807293;0,285499587088958;20209,5799823062
"Gamma3[22, 2]";1,00000968855274;-2,09752799946762;0,277898362611185;-0,478131445129121;-0,157317130057871;-0,505328119807293;-0,285499587088935;20209,5799823062
"Gamma3[23, 1]";1,00003996967361;-1,58540575380677;-0,0886030628438741;-0,676013298818216;0,0747287303693466;0,566908127277587;0,54549772895512;10424,1928068391
"Gamma3[23, 2]";1,00003996967361;1,58540575380677;0,08860306284382;0,676013298818163;-0,0747287303693467;-0,566908127277558;-0,545497728955148;10424,1928068391
"Gamma3[24, 1]";1,00001132187803;1,25445728299143;0,959339227231874;-0,488458132931646;-0,955977489083286;0,796044622498202;-1,24494576692319;30106,1170008447
"Gamma3[24, 2]";1,00001132187803;-1,25445728299143;-0,959339227231841;0,488458132931646;0,95597748908332;-0,796044622498241;1,24494576692319;30106,1170008447
"Gamma4[1, 1]";0,999998244231144;1,56611148538642;0,728153470345254;2,78564890580826;2,13247029581315;0,661198940936324;-0,58470272936024;30012,9951853971
"Gamma4[1, 2]";0,999998244231144;-1,56611148538638;-0,728153470345254;-2,7856489058083;-2,13247029581311;-0,661198940936324;0,584702729360203;30012,9951853971
"Gamma4[2, 1]";0,999999550314306;0,903656266832781;0,5051077382265;-0,826273947298606;0,41484651528007;-0,0102618299799355;0,880761897116917;29895,6768428421
"Gamma4[2, 2]";0,999999550314306;-0,903656266832759;-0,50510773822652;0,826273947298646;-0,414846515280007;0,0102618299799557;-0,880761897116917;29895,676842842
"Gamma4[3, 1]";1,00007136653821;1,81801823269389;0,59576863633751;1,58199852647721;0,238677144292836;0,145301838142623;0,73414181380665;3755,57519146668
"Gamma4[3, 2]";1,00007136653821;-1,81801823269392;-0,595768636337446;-1,58199852647718;-0,238677144292836;-0,145301838142702;-0,734141813806678;3755,57519146668
"Gamma4[4, 1]";0,999997049915597;2,32084971247195;0,179446072703212;-0,0341951353971725;0,930271017686693;0,767093556463214;-0,0332723874993393;30529,8495099235
"Gamma4[4, 2]";0,999997049915597;-2,32084971247186;-0,179446072703227;0,0341951353971118;-0,930271017686633;-0,767093556463199;0,0332723874993393;30529,8495099235
"Gamma4[5, 1]";1,00007734937921;1,43318389645;0,456037100152927;-0,891895743792804;-0,301467147702328;0,0862007378168352;-1,36826510430631;28129,8955116386
"Gamma4[5, 2]";1,00007734937921;-1,43318389644997;-0,456037100152913;0,89189574379279;0,301467147702299;-0,0862007378168776;1,36826510430627;28129,8955116383
"Gamma4[6, 1]";1,00000429378901;2,05953923878254;0,205451577916477;-1,17148300456975;-0,495044021489344;-0,704064999597476;1,37218162748954;9451,20275744138
"Gamma4[6, 2]";1,00000429378901;-2,05953923878248;-0,205451577916505;1,17148300456978;0,495044021489421;0,704064999597535;-1,37218162748957;9451,20275744164
"Gamma4[7, 1]";1,00002081779302;-1,14519519607996;1,89980424815927;1,02209162432896;0,390708022004928;0,747248403190476;-0,435712507612273;23443,2160925783
"Gamma4[7, 2]";1,00002081779302;1,14519519607989;-1,89980424815924;-1,02209162432899;-0,390708022004965;-0,747248403190459;0,435712507612307;23443,2160925783
"Gamma4[8, 1]";1,00004072369191;1,24787254514697;0,227097910526025;0,29620286433284;1,31759190004203;0,231620796818621;-0,0602181312626392;30036,4466955143
"Gamma4[8, 2]";1,00004072369191;-1,24787254514692;-0,227097910526025;-0,29620286433279;-1,31759190004206;-0,231620796818646;0,0602181312626393;30036,4466955143
"Gamma4[9, 1]";1,00012324101291;0,60795073021603;0,457795461276174;1,3694475724311;0,691969383638068;-0,190482771608615;3,12469012843983;26122,6337448424
"Gamma4[9, 2]";1,00012324101291;-0,607950730215982;-0,457795461276149;-1,36944757243115;-0,69196938363797;0,190482771608639;-3,12469012843981;26122,6337448424
"Gamma4[10, 1]";0,999995254613989;-0,12847721793196;-0,298422961227298;0,270724627355818;1,01551502749929;-0,746899347476775;0,877142557433826;30096,728148168
"Gamma4[10, 2]";0,999995254613989;0,12847721793191;0,29842296122735;-0,270724627355743;-1,01551502749924;0,746899347476723;-0,877142557433852;30096,7281481681
"Gamma4[11, 1]";0,999961303458772;1,08133575660793;0,0284227489408091;1,15247217717389;0,916974779584909;1,13925111593968;0,279190237930332;30026,0236711495
"Gamma4[11, 2]";0,999961303458772;-1,08133575660795;-0,0284227489408803;-1,15247217717393;-0,916974779584885;-1,13925111593971;-0,279190237930357;30026,0236711495
"Gamma4[12, 1]";0,999981487900221;1,32766845501668;0,972596092006461;-0,424852458475103;0,444341682745903;-0,288466101893644;0,227722206169295;30062,3237089816
"Gamma4[12, 2]";0,999981487900221;-1,32766845501673;-0,97259609200636;0,424852458475102;-0,444341682745821;0,288466101893644;-0,22772220616935;30062,3237089816
"Gamma4[13, 1]";0,999986035060857;-0,439589522312582;0,0253321015589072;0,00627371131224833;0,936658360250613;-0,702378462270606;0,155363515931602;30203,2650991467
"Gamma4[13, 2]";0,999986035060857;0,439589522312503;-0,0253321015588851;-0,00627371131227265;-0,936658360250635;0,702378462270605;-0,155363515931602;30203,2650991467
"Gamma4[14, 1]";0,999917870078392;0,489169045419828;1,07107375562768;1,69484206986942;0,640881421012702;-1,10359451892019;0,194734131578134;30051,2772313682
"Gamma4[14, 2]";0,999917870078392;-0,489169045419862;-1,07107375562761;-1,69484206986939;-0,64088142101267;1,10359451892018;-0,194734131578099;30051,2772313682
"Gamma4[15, 1]";1,00008458329273;0,980578122644698;-0,814820164655962;0,0278263338501413;-0,454868167076992;0,570782292705639;0,957471179498082;14973,1089998644
"Gamma4[15, 2]";1,00008458329273;-0,980578122644698;0,814820164655962;-0,0278263338500538;0,454868167076947;-0,570782292705661;-0,95747117949813;14973,1089998644
"Gamma4[16, 1]";0,999954912933976;0,306809596686842;0,506242774898441;1,31258194089651;1,53919251912359;0,822657425676166;0,15677183489011;24656,3701868752
"Gamma4[16, 2]";0,999954912933976;-0,306809596686863;-0,506242774898483;-1,31258194089649;-1,53919251912353;-0,822657425676204;-0,15677183489009;24656,3701868752
"Gamma4[17, 1]";0,999958897230241;-0,75177704094939;0,477233822932227;1,20677093335323;0,81662337857292;0,0191615420936593;1,46554259815106;30257,0428543418
"Gamma4[17, 2]";0,999958897230241;0,751777040949415;-0,477233822932178;-1,20677093335325;-0,816623378572946;-0,0191615420936076;-1,46554259815106;30257,0428543418
"Gamma4[18, 1]";1,00004463800285;-0,1735047220891;-0,262924702126582;-0,257777129969614;0,525240635372625;-0,0631598006413258;0,303275589527549;30248,5374515498
"Gamma4[18, 2]";1,00004463800285;0,17350472208903;0,262924702126559;0,257777129969614;-0,525240635372648;0,063159800641283;-0,30327558952752;30248,5374515498
"Gamma4[19, 1]";0,999986722331159;1,28358260609428;1,16233237795925;0,216430411624182;0,870303586574402;0,177621294004589;0,677312993138121;17480,5211050458
"Gamma4[19, 2]";0,999986722331159;-1,28358260609436;-1,16233237795921;-0,216430411624156;-0,870303586574426;-0,177621294004613;-0,677312993138094;17480,5211050458
"Gamma4[20, 1]";1,00000922297309;1,56906264330619;0,741639577885206;0,528291902094584;0,183677071551233;-0,631745309313703;1,10923946568835;30050,5365192308
"Gamma4[20, 2]";1,00000922297309;-1,56906264330614;-0,741639577885165;-0,528291902094539;-0,18367707155121;0,631745309313634;-1,10923946568831;30050,5365192308
"Gamma4[21, 1]";1,00001835925473;1,36806150032456;1,7879769604866;-0,140028532513955;0,842000868233802;1,27724539133376;-0,605895008163688;23629,4107941157
"Gamma4[21, 2]";1,00001835925473;-1,36806150032463;-1,78797696048658;0,140028532514021;-0,84200086823378;-1,27724539133376;0,605895008163711;23629,4107941158
"Gamma4[22, 1]";0,999926057190847;3,02525200495174;0,465846090950724;1,1483445060017;0,491695450202474;0,400392223356846;0,609439828898428;8602,63690483898
"Gamma4[22, 2]";0,999926057190847;-3,0252520049517;-0,465846090950709;-1,1483445060017;-0,491695450202489;-0,400392223356893;-0,609439828898398;8602,63690483898
"Gamma4[23, 1]";1,00004578550488;-0,222746769279494;0,515107880503572;0,230112879190054;0,46822221405928;0,482042480271495;1,15940589091041;10253,022626873
"Gamma4[23, 2]";1,00004578550488;0,222746769279513;-0,515107880503553;-0,230112879190077;-0,468222214059336;-0,482042480271476;-1,15940589091043;10253,022626873
"Gamma4[24, 1]";1,00003926384441;2,17609299630256;1,54482264854679;0,251549173621509;-0,265681288607373;0,657697624848869;-0,621652026301598;30149,4076734183
"Gamma4[24, 2]";1,00003926384441;-2,17609299630253;-1,54482264854681;-0,251549173621556;0,265681288607373;-0,657697624848895;0,621652026301573;30149,4076734183
"Mu_L1[1]";1,00012835456178;-0,942750152941287;2,65357119823956;0,282370794608606;1,59926315786758;1,87914081897455;1,29163098988165;25160,8945447846
"Mu_L1[2]";1,0002496292547;1,69073250163064;-0,765706022406946;-0,493231250625054;-0,287178319443512;-0,211368570074557;1,69397532609869;7127,78771007874
"Mu_L1[3]";1,00015886068079;0,247269568135229;-1,18562022798156;1,17910137921581;-0,90907268655238;-1,86251234357253;0,945980537418873;10685,6248085996
"Mu_L1[4]";1,00002308347043;0,94283151086759;-1,10912554665493;-1,03439366372045;1,66209723542541;0,577265846786222;-0,749478416295178;30431,1853770039
"Mu_L1[5]";0,999958755838389;-0,24582893448066;-0,274753065177943;1,63222660899936;0,541997475753139;1,44074214985256;1,18138251739975;30294,6783253035
"Mu_L1[6]";1,00003269372351;-0,746773297292166;0,0713608263415189;0,0176723896747817;2,09841415962551;-1,54220898016988;-0,204764792885404;30138,2463229071
"Mu_L1[7]";1,00004423668616;-0,972576494490844;2,15887391987085;2,95558919481085;-0,0579291394587197;-0,131339376486806;1,64487844057478;30171,9659080301
"Mu_L1[8]";1,00015364008817;-0,421243368118185;0,204118843866903;-0,380781047812958;1,6979763285734;-0,890415624756873;1,49115719430874;24235,5480495786
"Mu_L1[9]";0,999955732866436;1,55342259097635;0,605547658755205;0,403457043703278;1,20845121641141;-1,20358615027963;-0,0587139322727338;30242,4378073483
"Mu_L1[10]";0,999957043927192;1,08154248371542;-1,42093674989526;-0,190221386411349;1,46778081392389;-1,50512817530587;0,183895968823531;30428,6209149465
"Mu_L1[11]";0,99999376989315;-0,64939207660184;-0,672886076667377;-2,06718886094112;0,991458461837255;0,361496947229096;-1,5804205463492;30046,6137484453
"Mu_L1[12]";0,999957480858882;2,59319637631239;-0,34956623418862;0,310880642479087;0,67176998000988;0,366465809697856;-0,636380508724739;30406,7852039361
"Mu_L1[13]";1,00009657765192;-0,793045258386871;0,263620377881386;-1,06616731876614;0,356410799468609;1,05332520641815;-1,94969562215782;25120,5896615914
"Mu_L1[14]";1,0000180135728;0,869976255854953;0,46197276004577;-1,28062568168745;1,52629452708071;0,126052766460421;0,874642638700811;30067,294060114
"Mu_L1[15]";1,00005194050531;-0,196987900728003;-0,273410732852053;-1,57679463508139;0,643809400797701;-0,756582642322513;1,28176450681991;30236,4989899414
"Mu_L1[16]";0,999940375347473;-0,16039799874987;-0,369891128874432;0,577967231472159;1,49291833519548;0,67076205732105;-1,7110254310417;30375,8241527266
"Mu_L1[17]";1,0000041851507;0,175954757569955;-0,281445774963249;0,650443312079878;-1,55836558944414;-0,951904448812832;0,216741164080029;30219,8495670222
"Mu_L1[18]";1,00004077983226;-0,212652697475351;1,17598448325047;1,18293731244426;0,0847105317904534;0,498706996228781;-0,386877695832636;29464,7597651482
"Mu_L1[19]";1,00002026176072;0,161717064864365;0,685683219052668;0,0817901278343849;0,661787946200632;-0,360519178088243;1,25394820133249;21740,280391901
"Mu_L1[20]";1,00008979791583;1,37243633962517;0,621830568502318;0,974381243172754;-0,571093499241744;0,752417593807791;-0,117048282806375;16058,9895666101
"Mu_L1[21]";0,999986610852005;-2,06138986071506;0,378305433083214;-0,0494520049697321;2,08087079617352;-0,293364957487171;0,633604081049255;31162,9562273197
"Mu_L1[22]";1,00005775335727;-0,0511077812675212;0,0191763481465583;0,834664215286221;1,2108597454178;1,2610008612894;-1,54070747803262;30479,2964452137
"Mu_L1[23]";1,00000874182043;1,59295375709963;0,372277406780263;0,471478180630593;-1,19501823503663;-1,00944206641418;-0,126097927879317;30335,8335072987
"Mu_L1[24]";0,999994163091241;-2,7276397130737;-0,911321760950462;0,510634363238821;1,29929981465469;0,0432487358100791;-0,20515754324312;15191,4934930609
"Mu_L1surv[1]";1,00014709021889;-0,0252845339707524;2,05364383891723;0,0563730850881949;1,53267021788847;1,50317801775716;1,05430229369461;23054,2779177394
"Mu_L1surv[2]";1,00000722499837;-0,583399169388911;0,51974245473257;1,00382321140217;0,76500525271021;0,623757990698255;1,45522026714386;29459,8859321017
"Mu_L1surv[3]";0,999993804492599;0,400428001196932;0,793203248113977;0,025300252265421;-0,0792092915732017;-1,85808403004049;1,4140118788513;30322,4141657707
"Mu_L1surv[4]";0,999969141364099;0,86238245076682;-1,88270406742891;-0,38601938600682;2,13852088621682;1,03475299902695;-0,583472105508256;29429,0500542899
"Mu_L1surv[5]";1,00011027839597;-0,21818268820821;-0,14713222229776;0,637281914288696;0,692651925402809;1,71590802678626;1,31502098876262;20964,7610926254
"Mu_L1surv[6]";1,00001069495462;-0,333578232545096;-0,289476029933353;2,27433923455224;1,28082379322022;-1,05076512948241;-0,649969651456106;24103,9321006175
"Mu_L1surv[7]";1,0000553030439;-0,992089959706249;0,677195084176259;3,36237715655819;0,198480367149039;-0,0841313937786841;0,812304228990736;30195,4890494474
"Mu_L1surv[8]";1,00024858646932;0,0788383399281953;-0,528658094530736;-2,14454060598288;1,16129561002703;-0,147551897445775;1,21651650261146;5100,65226503663
"Mu_L1surv[9]";1,00015447520061;1,23704996695439;1,49378578558549;1,76657595641218;0,72080021947859;-1,18113716347421;0,746941700211702;7314,5678503156
"Mu_L1surv[10]";0,999997341413757;-1,12424429770786;0,320083542059503;1,66446770385251;2,16166932896986;-0,659320853744018;-0,0250097842851125;24197,6037313752
"Mu_L1surv[11]";0,999949903431484;-1,00439530576978;-0,128914774864846;-0,448948597988859;0,244222709859604;-0,544985459889882;-2,07375516882268;30275,8165694404
"Mu_L1surv[12]";1,00006199874931;0,581875866710581;0,55340325405735;-0,569917836977356;-2,3312825933161;-0,0167552867780064;1,29043086061729;30364,1756141447
"Mu_L1surv[13]";1,00004002534659;0,297743277768027;-0,0236919269037019;1,25424176999317;-0,0526950562159072;-0,100412235311212;0,270744185987921;30001,3707215688
"Mu_L1surv[14]";1,00015072036855;-0,843332918902289;-0,0657632930261209;-1,20530037409098;-0,700380498847529;-0,650146426605173;-0,769145091461648;26818,0272213719
"Mu_L1surv[15]";0,999995501298761;-0,501468826197749;0,71228624785859;0,868867798883527;0,260090701990045;-1,78289427753142;0,581449572626004;23202,9407196548
"Mu_L1surv[16]";0,999961891517963;0,143342476301751;-1,23628207747507;1,10940601779537;-0,414588079602016;0,907164491837092;-1,52287550371951;30109,5670064585
"Mu_L1surv[17]";1,00011934274684;-1,34986066935538;-1,28398875820048;-0,138963801731393;-2,3466076244784;-0,587857551657337;0,171294140697584;30452,5022706819
"Mu_L1surv[18]";1,00005983838262;-0,387669956987083;0,874586460869535;1,31993366204209;-0,203381921760652;-0,61920029628059;-1,18617703340233;30007,4871539321
"Mu_L1surv[19]";1,00017390946487;0,44404940084542;0,828553940943223;-0,353519569450403;-0,865445404877856;-0,5933188582521;0,469808879875701;30220,8199010327
"Mu_L1surv[20]";1,00022588517645;0,913451885896938;0,997940965763213;-0,0936194806898786;-1,88030095796625;-0,892098125537341;-0,718203952365294;29636,1974269155
"Mu_L1surv[21]";0,999998935038136;0,335175363774636;-0,21267890786715;-0,993129578522223;-0,0362330609094222;-0,839869793853454;0,464408180926115;30267,5637003499
"Mu_L1surv[22]";1,00015835779248;0,101909774674632;0,689033942855607;0,0838302833100719;0,253345638500628;0,767748392043711;-1,65584149602434;30340,9281100992
"Mu_L1surv[23]";1,00011325107094;0,663703221806148;0,616004378904896;-0,860256330486011;-1,87624389967811;-0,313312357844176;-0,345021268308153;20480,1476996148
"Mu_L1surv[24]";1,0001658768755;-1,07073437166331;-1,39124998641234;2,16783828864261;0,621538299319251;0,19355249758813;0,711930531225799;11118,7658872141
"Mu_L2[1]";1,00038738859922;1,71859521296878;-0,614243308057074;2,08379306087347;-0,94867337287705;-0,208228097087704;-0,250185531676267;30305,0649814422
"Mu_L2[2]";0,999978983777306;-2,1447612586333;-0,446482053854495;-0,333412036669972;-0,257996016438362;-0,803784419569924;1,41076453562414;30800,813352683
"Mu_L2[3]";1,00001469383903;0,310527647043929;1,36262193861495;0,077194219029409;-1,5434675264146;1,09939238567942;-0,525612113380394;19087,2373268885
"Mu_L2[4]";1,00017068396755;1,46105898554877;1,80566249373182;-1,05773092202173;-0,588217148542533;-0,116104780012223;1,0127334455847;29217,1985024685
"Mu_L2[5]";0,999951759938603;0,499553734741948;-0,892604311492002;-1,6325835941068;1,15147739398823;0,39861451032271;0,668336326690243;30033,6767835542
"Mu_L2[6]";1,00004339883021;-0,162872354971975;0,737928244902187;-1,14069951390518;-2,14139774749672;-1,57328343538304;-0,0547861715725561;26052,0577326146
"Mu_L2[7]";0,999976571519826;-1,09763655907797;1,42652901513311;0,587705550126628;-1,15796195924108;0,407313397817097;0,726801870327561;19399,7535555477
"Mu_L2[8]";1,00002536433528;-0,831723447264824;0,0336401386031961;1,25463751515684;1,13743059138508;1,09318427180016;1,35293597410399;30390,8166314512
"Mu_L2[9]";1,00002109546357;1,05122345982301;-0,629263512812804;0,232712790435773;-0,190869433015086;-0,733917886911229;0,330764905983923;5238,40583581151
"Mu_L2[10]";0,999954410084467;1,35624722285399;-0,182162096014835;1,1280197164556;-0,158710796645967;1,06232973002247;0,84822210225626;29655,0862064744
"Mu_L2[11]";0,999992766038619;-0,388292193515918;0,0428062159627787;-1,09992187856582;-1,23276566058271;-0,55477668179908;0,695884166159308;30219,3285292153
"Mu_L2[12]";1,00005265326593;-0,541798646657598;-0,0549115088528336;-0,974762121708821;-0,790739522118527;-1,54833171528918;0,0790088352843508;30427,3452815203
"Mu_L2[13]";1,00013841750753;0,18158963129727;-0,976493339981325;-0,955565895370849;0,215390830176539;1,18053381001506;1,48362883929182;19120,0920045055
"Mu_L2[14]";0,999966713039023;-0,496431896108617;-0,180028883235898;1,8530106491733;0,455929054461196;-0,106575693352165;-0,637610365966731;30107,2447119274
"Mu_L2[15]";1,0002368683747;1,0326031108213;0,282985982015643;-0,0353272806981252;-1,35263785500935;0,788979322257059;0,365425955598469;28670,605763958
"Mu_L2[16]";1,00025660581159;-0,444784966184559;0,0550181485155246;-1,28642973722817;-0,194690605795291;1,29694524639427;-1,52637709896459;30181,3855685734
"Mu_L2[17]";0,999990233206334;-0,30095235582145;0,386722495048983;0,126330707401481;-1,57318131034428;1,35288348625647;0,247074877531566;30194,1337745696
"Mu_L2[18]";1,000132400986;-0,289425143576801;-0,601006123297673;-0,85002721880579;-0,26736923368124;-0,188912771709453;0,408474679318442;30250,7130495608
"Mu_L2[19]";0,999981655140743;1,70538780294175;0,111929599315707;-0,190104002146388;0,367235715169279;-1,2385500516663;0,709542453198983;28403,2557501378
"Mu_L2[20]";1,00016152400784;-1,87246690052328;0,349319303098815;-0,6348512589653;-1,67820301745475;-0,0044347922289254;-0,406742783831786;14287,7779302795
"Mu_L2[21]";1,00009795649155;1,94157051317507;-1,44468379245905;0,111768498306936;-0,710671284882412;-0,703412173806761;1,53963695492215;30147,4040567698
"Mu_L2[22]";1,00004589487755;-0,0635806909093216;-0,59549188339787;-0,385336193443741;-1,66187668514118;0,525181500768338;0,207863569763728;8730,38360155885
"Mu_L2[23]";0,999998983997544;-1,19483676040135;1,20375154357802;-1,05430664068537;1,15360055631435;-0,542047974084799;-1,23294398155561;30118,1426836424
"Mu_L2[24]";1,00018415801413;1,23909128954575;0,453267417402155;-0,215597749475603;-0,658328063084003;0,375544108569342;-0,929850063928349;30645,2885559047
"Mu_L2m[1]";1,00039388465526;1,81422083683394;-0,632108885177567;2,18157240929193;-0,80565625512998;-0,0739055800549976;-0,384325239273684;30228,9001692963
"Mu_L2m[2]";0,999982526308357;-2,04545384813724;-0,617892422137898;-0,399398461366131;-0,35790823890886;-0,742319668251721;1,11451147219101;30881,6273942984
"Mu_L2m[3]";1,0000006689856;0,363561733287745;1,19408917084196;0,231851881998071;-1,35673377175449;1,14248218137691;-0,546916041904486;17657,8917283976
"Mu_L2m[4]";1,00019583335732;1,50531169327549;1,73060176383626;-0,989289502802353;-0,553614514700146;-0,0398170499478676;0,900242433564539;30056,5924686961
"Mu_L2m[5]";0,999945085514743;0,656660542879149;-0,968102663348332;-1,71285014448209;1,04581164867067;0,361857723832843;0,437954029875355;30035,9631567982
"Mu_L2m[6]";1,00004605210915;-0,135157105042392;0,5175307294612;-0,947548714025499;-1,96524953779113;-1,52463509951844;-0,125991707459445;22226,2389269936
"Mu_L2m[7]";0,999971504569885;-1,00348325992825;1,3447170600132;0,640990512794449;-1,04030473130443;0,362146511174554;0,570237977700733;15501,78197975
"Mu_L2m[8]";1,00004803167497;-0,936072644504694;-0,0430141097988904;1,14248609017689;1,13268579036552;1,1593787557497;1,34987312323051;30358,3254840802
"Mu_L2m[9]";1,0000113632889;1,1792506073404;-0,480408360980208;0,504557858623748;-0,0955319455867347;-0,636024688849263;0,154785923538085;5046,43211403306
"Mu_L2m[10]";0,999948592156505;1,10845222126848;-0,183218159479457;1,12203224999754;-0,0766086492200078;0,93023297603376;0,854480217546425;30042,8205590354
"Mu_L2m[11]";0,999994082597266;-0,617595948794168;-0,0994037111853865;-1,18490652744886;-1,20527115730277;-0,641716613217402;0,71640346368162;30101,4072039545
"Mu_L2m[12]";1,00009477875304;-0,650264548468642;-0,110245790574717;-0,942476150893298;-0,731372329415867;-1,46532702096325;-0,188508839693865;30395,2276275355
"Mu_L2m[13]";1,00013778671923;0,0897082311089535;-1,11602973805683;-0,847959062682013;0,453308845971909;1,24046190099095;1,28468048586924;17008,4043949509
"Mu_L2m[14]";0,999963871963254;-0,651561771495075;-0,519175331202829;1,21795431984476;0,614657805843434;-0,246264724465708;-0,783986382218565;30004,9683555588
"Mu_L2m[15]";1,00021304514845;1,25271283865881;-0,204592818636097;-0,697344572599751;-1,44110931147443;1,22049112051558;0,409772525648088;30014,3536728096
"Mu_L2m[16]";1,00021790222864;-0,503824480712716;0,0581547871562397;-1,49440871052;-0,16346141304276;1,58748081548258;-1,56726860918599;30266,8843638614
"Mu_L2m[17]";0,999987809269036;-0,385809585771397;0,279690299729968;0,150882414194141;-1,234388541734;1,44015750441254;0,0620985169669751;30181,432611234
"Mu_L2m[18]";1,00015948197337;-0,761652847984841;-0,758950147409063;-1,43091315935792;0,0657236645734479;-0,013173224883133;0,39553512570865;30375,4056985726
"Mu_L2m[19]";0,999985338094244;1,93369567018804;-0,157177000789955;-0,148308876549641;0,310508406444603;-1,20751197029209;0,493154753331599;30051,7601585838
"Mu_L2m[20]";1,00013702775037;-1,66520507388642;0,229315749719971;-0,588823984249892;-1,4338612403758;0,295046000494212;-0,403009006993963;14588,286153299
"Mu_L2m[21]";1,00014004437137;2,01954222468729;-1,4529889337372;0,0824986701654422;-0,535861340290473;-0,404605703796426;1,34488987086486;30298,1396792368
"Mu_L2m[22]";1,00005187383806;0,145690935366461;-0,829501374470158;-0,42950770203685;-1,29655990163412;0,547640451010463;0,255468689749674;9306,90464599212
"Mu_L2m[23]";1,00003045657495;-1,3900851734701;1,08023630058557;-1,02758980247295;1,27627240142717;-0,415285623237623;-1,28991953264;30216,5351475033
"Mu_L2m[24]";1,00017221086478;1,23939531115691;0,265249677562536;-0,232081144741042;-0,802707442973814;0,417805943348719;-1,10653347532615;30543,2683359557
"Mu_L2nm[1]";1,00006087815053;0,503651331923556;-0,42384259391844;1,00834264741259;-0,732007895737228;-0,526843137607232;0,333712619104534;26757,4464285256
"Mu_L2nm[2]";1,0000201343565;-2,25266222381214;0,120691610545045;-0,314883895879084;0,248911623368471;-1,09794278103682;1,87358096774926;30553,8605106515
"Mu_L2nm[3]";1,00009339959693;0,264715355730125;1,59291746602246;-0,0211987910971755;-2,19974855929109;0,67383095110058;0,00741149628687615;30001,0153997859
"Mu_L2nm[4]";1,00001771798573;1,33736544327686;1,39525795882932;-1,19834160237319;-0,690241143057081;-0,00604769982451491;1,47384210177926;6067,23305937899
"Mu_L2nm[5]";0,999986827968624;-0,308285053164399;-0,413993057823506;-1,55219975458363;1,01515474417812;0,402677703058178;1,15181315285599;18975,3055610239
"Mu_L2nm[6]";1,00005846189984;-0,0976835572639695;0,982554151151559;-2,16711266455127;-2,71890367486297;-1,6335450384361;0,824080126455546;30052,9141463224
"Mu_L2nm[7]";1,00002378721864;-1,6133750725107;1,21260219163335;0,602582230241162;-1,16148267370614;0,552851111942314;1,31724548276083;30128,6415359458
"Mu_L2nm[8]";0,999934960568992;-0,114732031361016;0,134445598308965;1,73292780775733;1,13812290157947;0,390189907685975;1,14892718792841;30322,3235013936
"Mu_L2nm[9]";1,0000213421013;-0,0821160388403331;-1,35098111346872;-0,626164617422901;-0,451977573675766;-1,22006086807352;1,76036962865769;18724,6285482686
"Mu_L2nm[10]";1,00003769294666;1,80211760636003;-0,586347848855876;1,06502765346167;-0,431811275915811;1,2191192922423;1,04739182053018;13861,8977527849
"Mu_L2nm[11]";0,999979618516423;0,364465719680821;0,256958051313877;-0,0458617469065909;-0,895938320408244;0,152826486368792;0,752205840929765;30463,6802398987
"Mu_L2nm[12]";0,99999237871874;-0,105620596281575;-0,0353967984224556;-0,918562956656668;-0,617203184301385;-1,51536535064194;0,804231825444059;30365,3517058913
"Mu_L2nm[13]";1,00009543713014;-0,00182910478337727;-0,663494653271452;-1,0342007165625;-0,216372569567957;0,75380830420906;1,7647319016723;30103,2464856134
"Mu_L2nm[14]";0,999977208874106;-0,121358020911641;0,69072396822954;2,17410531993561;-0,103135468778239;0,0637825514880561;0,0819702569314614;30239,9266327336
"Mu_L2nm[15]";1,00024683487836;0,431451644114145;0,791126661361989;1,18717132590496;-1,0059295453614;0,0822308318147221;0,412334894419245;17687,915984493
"Mu_L2nm[16]";1,00020713470923;-0,326205986733349;-0,184316129161592;-0,182777013847896;-0,112386382496706;0,593872532991551;-0,872409966485216;30009,7122385361
"Mu_L2nm[17]";0,999972608700617;-0,401010706696812;0,397684156374151;0,289283098934803;-1,98729168542357;0,735382933260145;0,981529653671809;30085,73703551
"Mu_L2nm[18]";1,00009490865629;0,350644373158118;-0,5133918008259;0,540742508377554;-0,95783459897503;-0,313754484489017;0,420842731639377;30065,072015265
"Mu_L2nm[19]";0,999979368975005;0,586049951597959;0,887157555341859;-0,165467601186149;0,52324789705351;-1,05117385361984;1,37973396514867;14252,3688616106
"Mu_L2nm[20]";1,00011955764865;-1,91609390605626;0,461349832429666;-0,555237675380085;-2,0949755886607;-1,01132769637544;-0,129993460204226;29719,6714694302
"Mu_L2nm[21]";1,00000882922034;1,18655483186886;-1,01925531468142;0,248309993061954;-1,14482737989535;-1,14680932249734;1,78339743201322;17188,6316700188
"Mu_L2nm[22]";0,999994495682926;-0,194184805212032;0,29988614741214;0,163157382905732;-2,82617960443838;0,399886750292225;0,214883609631751;18073,7791325258
"Mu_L2nm[23]";0,999945373525239;-0,776956451638313;1,00721201987729;-0,560496347457543;0,629801576713445;-0,610801346177855;-0,414828758026289;30063,4765551454
"Mu_L2nm[24]";1,00021917370677;1,25823852827885;1,27780332345433;-0,0878586158171806;-0,345750891166516;0,250166958596333;-0,277453432507983;30750,4361093884
"Mu_Mu_L1";1,0000652880462;1,44941376714978;1,04204394334691;-1,17211053535329;0,79573694549117;-0,640778538349536;0,994846445622303;27204,2943986732
"Mu_Mu_L1surv";1,00003556743303;-0,295213067567339;0,604819679098688;1,83128847905241;0,221360943795911;-0,560880822157707;0,474355601683067;30450,9968715064
"Mu_Mu_L2";1,00000870361086;0,769946751427734;0,879936511431403;-0,808449068206197;-3,18017359236718;-0,928382376047963;0,100162256480964;11445,9798713276
"Mu_Mu_L2m";1,00012586058476;0,525973913529695;-0,199770506268408;-0,968459433634293;-1,53032280632758;0,467776981854744;0,741899311428032;25436,1739023792
"Mu_Mu_L2nm";0,999985070287616;-0,0275272617318645;0,695504962584737;-0,196726376245291;-2,046172963371;-0,516820076534343;2,22491135552712;30331,7298759021
"Mu_N1[1]";1,00007877177293;-0,537947922807625;-1,65394913684606;1,29648349925017;-2,4730295387968;-1,5881856832441;-0,786701774058372;20974,6453918623
"Mu_N1[2]";1,00036766424657;-1,10124913280168;-0,295161175512685;1,48537893768939;-0,459572648645147;0,418754126161117;-1,53480272800225;27321,928846351
"Mu_N1[3]";1,00006636667776;-0,811565217193895;1,41102425769123;-0,606294486486015;0,90013618556841;0,0713085221776759;0,29033816229602;30187,5659179568
"Mu_N1[4]";0,999963741244712;-1,55477055705462;0,622472620967297;0,212400729906033;-0,165137869181711;-2,62829847398695;0,0627868755381602;30325,9165020485
"Mu_N1[5]";1,00005719646113;1,09126906994293;-0,073974886172287;-0,0561677065005767;0,530205936569262;-0,0850149830309823;-0,691815447163469;30428,2555829403
"Mu_N1[6]";0,999985873495215;1,16822207470714;0,129557691135521;-0,423149653232046;-1,96821210079235;-0,0532763149805069;0,697808004170479;30526,0102213265
"Mu_N1[7]";1,0000002715485;0,554388657768335;-1,02012189093742;-1,11331148980219;-0,775972593220422;-0,150448532849272;-0,752604015043736;13273,5533434219
"Mu_N1[8]";1,00003160912884;-0,156257953610173;0,528096940423544;0,355767567785195;0,795387075780174;0,800530437466257;-1,32059358010164;30540,0683248348
"Mu_N1[9]";1,00006144718155;-0,824552079844648;-1,43653554750779;0,530196428012758;0,247204175685854;0,0459062137955318;0,843154809614212;30699,4513382824
"Mu_N1[10]";1,00012793361478;0,0592347411465577;1,74963923056743;-3,16419569047487;0,0329872679351155;-2,02097241340498;-1,05309134073303;30259,6780242565
"Mu_N1[11]";0,99997720398307;1,17392490676642;-1,79477043745751;0,968808426128004;-0,804268604097718;0,402890066804731;1,23329820061412;30093,4403069804
"Mu_N1[12]";1,00020961792998;-0,856702665118783;0,100548769309015;1,42744203297006;0,565882218154156;-0,464275308517935;-1,32782152742573;5918,22645086718
"Mu_N1[13]";1,00017061078275;-0,26372534221767;-0,333206099992371;1,17120457340741;1,49414806409925;-0,739676587125701;-0,195969173282173;24330,649097462
"Mu_N1[14]";0,999993268912572;0,609689942399662;-0,219197572680152;1,17034262452435;0,0815307673278899;-0,59905855857233;-0,351397069395424;15911,0779519165
"Mu_N1[15]";1,00004683754991;-0,41177396970346;-2,01220028948068;0,424594582790365;0,439708909053377;0,651978018179567;-1,42520576867493;17622,6259879205
"Mu_N1[16]";0,999968937384577;-0,928741568485373;0,688006692063558;-0,4120237651799;-0,48399155307559;-1,27987485768522;0,492610352028255;30252,4764734985
"Mu_N1[17]";1,00003844359489;0,150331622557552;0,175755088757;-0,891023867049792;2,62411501401212;-0,598937294507213;-1,27987081440095;30113,3187288309
"Mu_N1[18]";1,00018421246165;-0,101802542107162;-0,0952793051318152;-1,79175234175439;-0,438647740994848;-1,18294572973912;1,67621828039216;30453,2073201506
"Mu_N1[19]";0,99996227160032;-1,26338595242671;0,180898378332282;-1,56629221405636;0,62135607391117;-0,277757059305392;-0,326290831747984;6827,50112021231
"Mu_N1[20]";1,0000712873469;-0,162668483682537;-0,854303379780046;-1,07027679254959;1,28234984784784;-0,474627768659045;2,35231374247803;30062,8468808244
"Mu_N1[21]";1,00006389116931;0,654111365077611;-0,928953846259442;-0,803042178411954;-0,439919123962776;2,15773381753899;-0,541479590251782;30011,2406208591
"Mu_N1[22]";1,00003627200875;-0,607160951839761;0,487234887590403;-0,209025107144706;-0,0678601302313849;-0,492473896528326;0,722863627955173;30034,9947730171
"Mu_N1[23]";1,00001930224633;-0,47536079867469;-3,21937406900255;0,85128426587296;0,314845800548655;0,672011055907351;-0,269963998587405;30580,7496152504
"Mu_N1[24]";1,00007050784192;1,13098214957826;2,30503473369044;-1,40327784865037;1,2026828922817;0,333991825073445;-1,33804808406515;21034,9472132717
"Mu_N2[1, 1]";1,00001742718316;-0,338926555338099;0,523358780250457;3,05641819815712;0,449255404807451;0,814080062525839;-0,75774120138001;19121,0499871772
"Mu_N2[1, 2]";1,00003200505531;-1,58925473354298;0,477109825589771;-0,537157586565128;-3,08871664074779;-0,790960178181333;1,01425730722435;16697,3138484841
"Mu_N2[2, 1]";0,999996864192605;0,0914775746179067;-0,699991680972658;-0,8899491233448;-0,597331844935179;0,27289123742014;1,02738852576486;11817,3266113438
"Mu_N2[2, 2]";0,999986822331952;0,344257121331756;0,0885648134878963;2,2529536230148;-0,0727852151122024;0,785400601695704;0,0853671646547456;30368,4552958487
"Mu_N2[3, 1]";1,00004020011374;0,326157491744906;0,619156455145693;1,12899366725932;-0,407529739531421;-1,31021803863852;1,26398583012541;7163,2782309234
"Mu_N2[3, 2]";1,00000674239188;-1,21379309492945;0,765606614159189;-0,812210991608365;0,0783202127762882;-1,00594329048047;0,133561022189871;24088,2917665723
"Mu_N2[4, 1]";1,0000401330452;-0,303027926975875;-0,872077439696769;-0,764131539564915;1,29063594582669;-0,476952066924159;-1,12861957472492;30584,5326755976
"Mu_N2[4, 2]";1,00003834150655;-1,52059646245166;0,299348411837851;0,550082013434485;-0,109304331915153;-1,5454204199534;0,012169600354289;30414,4085101594
"Mu_N2[5, 1]";1,00010856262757;1,16468292383475;-0,134087427105414;-0,4341537329976;-0,554346819972668;0,988648266087395;-1,58566724914765;21851,3884254232
"Mu_N2[5, 2]";0,999997974124973;-0,621917597971997;-0,0460327623755937;1,9758140130772;1,39474567803669;1,07339903030767;1,82569040032832;17485,4304469561
"Mu_N2[6, 1]";0,999963610910538;0,856741845257413;-0,344959576962801;-1,08069742092552;-0,531555947873625;-1,72789201060852;0,658419373398016;6348,30004393714
"Mu_N2[6, 2]";1,00003707875515;-0,769339721889579;0,791972581615139;2,355172516295;1,26901062104953;-0,358299250206645;-1,0281948637183;24217,1354623502
"Mu_N2[7, 1]";1,00014388223719;-2,52637754668114;1,7617253364049;2,23922272508749;-1,2764156136798;0,445195535155789;-0,770574085076068;30353,2849435348
"Mu_N2[7, 2]";1,00000687556098;1,63194514010234;-0,975558416860302;0,536962725331619;-0,573535530206978;-0,54364516867776;0,746181515268516;30124,9028826123
"Mu_N2[8, 1]";1,0000280995267;-0,512622199859627;-0,0931182648902341;-0,777836459949189;1,30953692459646;0,144634720490454;-0,492956146026422;26352,5887128918
"Mu_N2[8, 2]";1,00015919437504;-0,502631312368327;0,98562626866293;0,424399740279119;0,0958388140498101;-0,0429462181653997;0,741073567834488;30445,497030291
"Mu_N2[9, 1]";1,00013985557305;0,256204933264198;0,464077014093324;1,81097431313527;0,94035798465785;-0,893000713670191;2,824827342249;30520,7201247421
"Mu_N2[9, 2]";0,999988051387529;1,1801548774423;0,530848727573288;-0,0210734473455166;0,373130057293446;-0,352207930800737;-2,90224915549075;28761,6603746266
"Mu_N2[10, 1]";1,00003313995759;-1,8200829567632;-0,985569001469101;-0,767733758111488;1,56076667675256;-2,43452645857819;-0,0753588936994923;30479,9546951937
"Mu_N2[10, 2]";1,0000091979196;1,99662816650442;1,44836965824718;0,332722967283412;0,351396353007663;-0,00550584415633838;-1,03839982372919;29952,7438305231
"Mu_N2[11, 1]";0,999981420356481;0,184482543113255;-1,92262735497895;0,118773233694242;0,398701257073191;1,66678982383693;-1,16947533138464;11730,4210410945
"Mu_N2[11, 2]";1,00006961581455;-0,335581181186823;-0,429681326540582;-1,01270192867251;-0,929081525873083;-0,896073205004658;-0,620953627049697;30353,6551341963
"Mu_N2[12, 1]";1,0000710125362;1,37999205682507;0,294677066152357;-0,328838668808176;-0,285833340163281;0,204102107122523;-0,974918597257191;30524,8223165062
"Mu_N2[12, 2]";1,00003861118837;0,665455998088894;-0,11800261612735;1,63888522177119;-0,248911927248708;0,353516785478739;-0,508014314789442;30105,4263712789
"Mu_N2[13, 1]";1,00011308189171;-1,83263952260052;-0,505753226379362;-0,18962118647502;1,61608916144197;-0,0267037202368795;-1,75457320837619;30121,1817627461
"Mu_N2[13, 2]";0,999998323247016;0,590129861709512;0,522230654539074;0,931323621122164;-0,0405340649919083;1,34442394228778;-0,814422696110555;30537,6549872332
"Mu_N2[14, 1]";0,999948893185528;-0,319946045541316;0,22595475817247;0,326106880407246;0,261209673567217;-1,20074509414441;-0,754206494068544;30246,148904899
"Mu_N2[14, 2]";1,00006901598229;1,0513738038151;0,0449194898329214;-1,0484810504437;-0,0681833644706687;1,39463337942643;0,11989619446783;13118,2475036602
"Mu_N2[15, 1]";1,00006520177532;-0,703290791613643;-2,572673824884;-0,881689165370736;-0,24744259747816;0,464392754222828;0,368663378400613;28470,1912927398
"Mu_N2[15, 2]";1,00015123480527;-0,309654564923504;1,01754039216287;0,802790477178959;1,47528691748557;-0,840576586137478;-0,841970221299813;16765,799905561
"Mu_N2[16, 1]";0,999973511357445;-1,49809660602726;-0,176756411715236;1,0792399680379;0,955750231349996;0,994708063947657;-0,989149894160507;26082,0472052723
"Mu_N2[16, 2]";1,00000300288388;-0,202608892519955;0,167002887206227;-0,410360021198596;-0,606714274858056;-0,886895674557299;-0,968946289438261;10743,257934521
"Mu_N2[17, 1]";1,00014445069707;-2,10708983473835;-0,530039474305813;-0,159976094111444;1,04574203491352;-0,813211831572406;-0,294549692194521;30417,7260852499
"Mu_N2[17, 2]";1,00005244407362;1,66850657696761;-0,246056359986328;-0,850115003991139;-0,20196303746465;-0,762595959810475;-2,1651546726508;30211,597066202
"Mu_N2[18, 1]";1,00004572338686;-1,63425895226343;-0,227254770740782;-1,77031469410279;-0,421848258493145;-0,501544497982685;0,467413440020221;30895,8812585589
"Mu_N2[18, 2]";1,00001980203003;0,817464841187858;1,6701317874027;0,531968598324329;-0,665307644417754;-0,498209943749545;0,900160166168103;30140,5325629621
"Mu_N2[19, 1]";1,00009833704252;-0,392171940331069;1,16935185190421;-1,3631341096956;0,489123751977196;0,0294377427385809;0,293570997145974;30164,6810662741
"Mu_N2[19, 2]";1,00005355825805;-0,909802449461891;0,443533872274339;-0,32798113095285;-0,217319365943805;-0,502255361375116;0,248504796562268;30190,8228828403
"Mu_N2[20, 1]";1,00004730110689;1,28985411528621;0,0960697646695264;-0,584361288383712;-0,41847391786485;-0,36561027033457;1,94484572466222;30335,372582099
"Mu_N2[20, 2]";0,999976545219385;-0,266083708953925;0,0156825467008845;-0,0704968166176391;-0,185901305226377;0,511464280887263;0,0723769195635531;30055,6433553609
"Mu_N2[21, 1]";0,999992353757212;-0,178358128530272;0,969872937037358;-1,02507263160163;0,498776024115588;2,25743055671991;-1,32842725297115;14914,2730222947
"Mu_N2[21, 2]";0,999971955502371;-0,98500021097269;-1,59423227526721;0,46258704587595;-0,553316198147479;-0,878316965579195;1,11975517968164;21965,5317478351
"Mu_N2[22, 1]";0,999990372430258;1,60904754927991;0,201154089817434;0,829783384888747;0,644689754687692;0,80223608040801;-0,410355449116953;29747,2811560904
"Mu_N2[22, 2]";0,999942934990182;-2,02647070607461;0,573096027516667;-0,316080489999878;0,135949820069668;0,25055192706029;-1,03896384608652;13112,1440861895
"Mu_N2[23, 1]";1,00004899249789;-0,522682674859154;-1,66013913297043;0,283188885381661;-0,773312221004214;0,619091973777597;0,141640392532595;9746,73801729955
"Mu_N2[23, 2]";1,00006371604539;1,26774289542066;-1,86484665914659;0,953448892360865;-1,06563589313374;-0,239308851416539;-1,12851162033514;6833,65762300264
"Mu_N2[24, 1]";1,00011522716101;0,390848331841598;1,21342277035267;-0,161878471253409;-0,130340018377536;0,880279941743542;-1,42542490590317;30014,3118917566
"Mu_N2[24, 2]";0,99991767168339;-2,1595179121024;-0,31593488789317;0,568621487775303;1,7879050954644;0,290661564946653;-0,190546386630623;30364,6372383038
"Mu_N2m[1, 1]";1,00002000093843;-0,236308506825302;0,494309958902259;2,92329918590363;0,373762447176025;0,887874819793817;-0,940555598630508;22396,486627424
"Mu_N2m[1, 2]";1,00003639027236;-1,53620916439975;0,536797507627566;-0,562949175303871;-3,03051810366277;-0,781061706973088;1,01983952010997;15405,3899589098
"Mu_N2m[2, 1]";1,00000027320288;-0,330117717488321;-0,610204449841286;-1,20562513901008;-0,527102131177618;0,239265925588397;0,993952074831359;18104,6900436742
"Mu_N2m[2, 2]";0,999987340035368;0,379359340423503;0,200880564160002;2,27707068456399;0,0205772780298987;0,797753513772453;0,151673386552659;30359,0013463507
"Mu_N2m[3, 1]";1,00003307976244;0,304587380551118;0,894185459094721;0,921702234986038;-0,693020115180147;-1,01536652354933;0,922668729553026;7028,87474429947
"Mu_N2m[3, 2]";1,00000745277511;-1,12517445955915;0,873289214887237;-0,797975564405725;0,0826446663139463;-0,972823751210225;0,131895676605181;26195,8815588927
"Mu_N2m[4, 1]";1,00004865581762;-0,0801650333111776;-0,458726165253911;-1,25461398186365;1,167878667126;-0,294417286574956;-1,14152285860127;30544,5772676051
"Mu_N2m[4, 2]";1,00003673606541;-1,42719615969132;0,374487364893315;0,528089339098344;-0,0872866726133904;-1,50461764494122;0,0407113614235469;30416,110044876
"Mu_N2m[5, 1]";1,00007943864806;1,14235951911935;-0,17947157239001;-0,804981958587604;-0,30468787479656;1,06351462540669;-1,59299167256304;15952,871108224
"Mu_N2m[5, 2]";0,999999813577169;-0,566507513694182;0,0317536127616447;1,94936434125812;1,52564659974444;1,1057176798764;1,87958293190742;16189,8475417758
"Mu_N2m[6, 1]";0,999941580522137;0,740095114920468;-0,0223735916038545;-1,84959347359338;-0,839333034373774;-1,95627302285431;0,338583676557373;6591,64335658032
"Mu_N2m[6, 2]";1,00003924011322;-0,626515738954633;0,934825098650696;2,28094787380871;1,27059399133692;-0,402100567557314;-0,985962351381245;27171,1243579523
"Mu_N2m[7, 1]";1,00017338875355;-2,38795049788534;2,00891364061885;1,89177663639783;-1,40680596418087;0,603198061056394;-0,764249725719215;30259,7305508723
"Mu_N2m[7, 2]";1,00000643517637;1,65681456205557;-0,895254069916565;0,576832934610182;-0,551278533816447;-0,511541880868965;0,775709495205971;30156,79973276
"Mu_N2m[8, 1]";1,0000005665386;-0,825266322261921;-0,0453486405280238;-0,943614694256459;1,48870992518241;0,437598015582616;-0,583150873594232;25216,3814606376
"Mu_N2m[8, 2]";1,00015290481968;-0,358116981728392;1,08633656238469;0,499698519145134;0,237793134244573;0,0190885002805876;0,78159691069788;30455,6219631901
"Mu_N2m[9, 1]";1,00014597675075;0,389131115355088;0,312925360915173;1,40826667187615;0,893272012824544;-0,902671905994467;2,71052397840751;30456,328307786
"Mu_N2m[9, 2]";0,999986372204379;1,33224418899076;0,579790669852921;-0,0269880295609789;0,449882556315928;-0,381966284907205;-2,82885629912223;29173,7339031125
"Mu_N2m[10, 1]";1,00003976779946;-1,47826280296498;-0,891694338021302;-0,98504012071866;1,52551823023345;-1,89487722579146;-0,172292496818161;30376,1623642443
"Mu_N2m[10, 2]";1,00001234501706;2,17939010732399;1,53026895408762;0,380567759456028;0,433456876953402;0,0801352119606872;-0,999108324461018;29478,5047160173
"Mu_N2m[11, 1]";0,999976365105916;0,10694140795172;-1,7678557448025;-0,405233926538731;0,127168442743804;1,60304828964478;-1,26984558472961;16544,8065537568
"Mu_N2m[11, 2]";1,00006621470083;-0,217830656793354;-0,329271420689879;-0,991842295902654;-0,878458718696307;-0,876905854269275;-0,571808039029621;30336,3806934099
"Mu_N2m[12, 1]";1,00003296368773;1,12047635630286;0,436476734307118;-0,853387861555539;-0,60863591305698;-0,252913726015351;-1,03909401095458;30063,3331460445
"Mu_N2m[12, 2]";1,00005272611033;0,96084849716674;0,0087388593113425;1,65094750473072;-0,204848269981287;0,276432834728446;-0,48447758243106;30092,1662015865
"Mu_N2m[13, 1]";1,00013258050279;-1,73297245970056;-0,563382414911431;-0,583240069214337;1,45591891607494;0,102962487438037;-1,58608055302929;29621,7446989012
"Mu_N2m[13, 2]";0,999993350373017;0,737997630836974;0,610156605098558;0,937491151534702;-0,0129516966014995;1,39122270084575;-0,693932560599804;30529,2112604243
"Mu_N2m[14, 1]";0,999974727447765;-0,467554300651509;0,341321513616762;0,228597174530874;0,276057052083402;-1,14741029891412;-1,17317620724844;30328,3584680827
"Mu_N2m[14, 2]";1,00007807729109;1,17531856712166;0,190771787482932;-0,922911727194374;0,0154434768122095;1,41125112420293;0,128927286486856;10949,0697667656
"Mu_N2m[15, 1]";1,00010185384833;-0,617782842849487;-2,19883105714246;-1,01116243426678;-0,780405364359038;0,36882326189639;0,249541766185037;30008,4577988957
"Mu_N2m[15, 2]";1,00014416193946;-0,0235882149897326;1,25319739358426;1,02434710779577;1,47048358158772;-0,858755726720996;-0,779458186251662;19702,2507887023
"Mu_N2m[16, 1]";1,00002274096652;-1,6442650469545;-0,0158443015447626;0,603151046105768;0,805026953962784;1,13075987122795;-1,40846423817046;20897,8772476285
"Mu_N2m[16, 2]";0,999996701153145;-0,0951022361729838;0,272389755268437;-0,395898463531251;-0,524135665083517;-0,872677036547185;-0,97449179857112;10796,8166460585
"Mu_N2m[17, 1]";1,00009546913155;-2,16398310357287;-0,23156108902214;-0,42702473435222;0,335839338369575;-0,50555647026117;-0,35795462719824;30434,5982124678
"Mu_N2m[17, 2]";1,00005051160306;1,80484165808607;-0,0414256749728225;-0,732143860841017;-0,237507596177101;-0,72063422306315;-2,08494177659581;30243,2212743973
"Mu_N2m[18, 1]";1,00000484008799;-1,66244660159601;-0,171011117453544;-2,21023795407078;-0,627217078836037;-0,68589937786593;0,345354395377292;30860,8126980274
"Mu_N2m[18, 2]";1,00000663817975;1,01668121965352;1,81353479853274;0,686215289358121;-0,716859435275643;-0,555840714717343;0,974655813371434;30127,3515608396
"Mu_N2m[19, 1]";1,00004602970927;-0,0972000559415758;1,34752740094501;-1,63264200859454;0,45034558283922;-0,270868542305771;0,245062337100859;30182,5876785501
"Mu_N2m[19, 2]";1,00007471825865;-0,682682621056859;0,650292893268498;-0,264277902812239;-0,112965797823066;-0,568258439267596;0,343692411991529;30200,4804791993
"Mu_N2m[20, 1]";1,00006446068644;0,651571585091699;0,338971617646562;-0,946416966361425;-0,850973364996378;-0,422051713785798;1,44533193268569;30422,3231627424
"Mu_N2m[20, 2]";0,999971361913947;-0,172867631904846;0,172094070916572;-0,00361800617449739;-0,197474509436564;0,46271836285068;0,0969884054743715;29892,5526720003
"Mu_N2m[21, 1]";0,99999668359947;0,0330286843586531;0,832750901988349;-1,29416137787208;0,271726623911796;2,0441567135519;-1,25535238029957;17856,5988993566
"Mu_N2m[21, 2]";0,999969197706941;-0,792655487762338;-1,54460473457067;0,552440230401746;-0,472104513348463;-0,918374832493898;1,22531880249584;19739,623531479
"Mu_N2m[22, 1]";0,999997757767271;1,49082090700284;0,244331965333234;0,603847250189075;0,302806456421414;0,952121401709852;-0,511995318152694;30081,5148780721
"Mu_N2m[22, 2]";0,999948126801386;-1,9051343740893;0,68005602028284;-0,25613234952318;0,119927106624412;0,27079738051619;-1,01805897951333;12026,7232548532
"Mu_N2m[23, 1]";0,999993054561073;-0,835042225262692;-1,32293932333455;-0,132230718898692;-0,619889524808141;0,486692211912068;-0,232024240828967;12330,8670793968
"Mu_N2m[23, 2]";1,00006177740852;1,33727555721149;-1,68534038499593;0,966976942817089;-0,994373765880105;-0,276716321450004;-1,11246845662196;7273,79914668889
"Mu_N2m[24, 1]";1,00009001364583;0,495749893062538;1,33368546715221;-0,373170132168994;-0,223190792604618;0,960497412517837;-1,63740704282258;29771,1837560413
"Mu_N2m[24, 2]";0,999920864331259;-1,91820661033751;-0,109494312786772;0,613521343589624;1,8285663615989;0,326481261863873;-0,20275429420241;30354,2505146143
"Mu_N2nm[1, 1]";1,000095946265;-0,757242625508953;0,581325445440055;2,61177951570561;0,719627349477056;0,63007957855754;-0,111208209457739;20764,4121734398
"Mu_N2nm[1, 2]";1,00005809757517;-2,6357243049526;-0,319390636875474;-1,53420973018718;-2,37921367412349;-0,629789190303266;0,543716122928779;30236,5710105924
"Mu_N2nm[2, 1]";0,999998819223225;1,11676078581698;-0,653715666315545;0,0378732080839072;-0,595699627151677;0,315581130236911;0,847938030153312;6279,99902008188
"Mu_N2nm[2, 2]";1,00000841555317;-0,145706674706392;-1,08887489271999;0,927048133347192;-0,800268090878497;0,374099188767324;-0,665473944793574;30074,3318081303
"Mu_N2nm[3, 1]";1,00006998512708;0,316418392927856;-0,185010634212054;1,79309182314589;0,356032007938449;-1,78147179496016;1,84368084686604;11490,4840414268
"Mu_N2nm[3, 2]";0,999992776429582;-1,95600439366431;-0,933794847161237;-0,867589678201866;-0,00607450262824476;-1,1417632076788;0,0882670413795362;9423,29567968948
"Mu_N2nm[4, 1]";1,0000995366743;-0,977851739156474;-1,77595559892822;0,660383780351991;1,3272247156588;-0,722340698521387;-0,928936823641368;30439,8518271263
"Mu_N2nm[4, 2]";1,00010319127801;-2,89569836350183;-1,14386770091452;0,55707924991988;-0,411443679553513;-1,40098933314174;-0,390357192191118;30319,4032997231
"Mu_N2nm[5, 1]";1,00014986368657;1,02182689274636;0,0334415705413951;0,528862958103677;-0,997563658891499;0,703194081106407;-1,45210252243098;30117,3116081086
"Mu_N2nm[5, 2]";0,999988542191975;-1,21055098093916;-0,655077571572653;1,52752556945397;-0,334658412820556;0,354623738287442;0,662779150416166;24775,062178693
"Mu_N2nm[6, 1]";1,00007665105426;0,904928143827693;-1,10887312919532;0,779817646258716;0,379270130732932;-0,704877430477038;1,17038672758401;13368,1160782863
"Mu_N2nm[6, 2]";0,999970690533321;-1,60050226262137;-0,879088713256966;1,80914187387481;0,717744100128011;0,276120140682456;-0,851855206418999;13777,9399056452
"Mu_N2nm[7, 1]";1,0000357977364;-1,89146426489427;0,769404853028638;2,3301377057336;-0,655278705568701;-0,0042146552380011;-0,530180233687316;30262,4148439677
"Mu_N2nm[7, 2]";1,00000337198496;0,780737809758334;-1,76022768440171;-0,0638551985331159;-0,695770944220314;-0,787759347272435;0,338000637674294;12818,8358746829
"Mu_N2nm[8, 1]";1,00009659315596;-0,076178930616017;-0,220689996759993;-0,123853311857735;0,420552967085158;-0,755435458922846;-0,113656238781449;30082,1829748311
"Mu_N2nm[8, 2]";1,00008175089279;-1,58344103822066;-0,577743082796532;-0,543727748199686;-1,18771792942972;-0,621801009638236;-0,0251458356171667;29970,2663965634
"Mu_N2nm[9, 1]";1,00007166336354;-0,162369767504109;0,668121877803861;2,3023793474369;0,737829964856605;-0,53469176257959;2,59683135300264;30055,8328320822
"Mu_N2nm[9, 2]";1,00003018557009;-0,790269417492645;-0,313791823758679;-0,164803328390484;-0,411742027344558;0,015405480068792;-2,02385356533384;17118,3827443854
"Mu_N2nm[10, 1]";1,00000130665326;-2,18722174969188;-0,937966047757415;-0,039388717350053;1,12805254974385;-2,97599563117776;0,188685943757009;30437,8839640056
"Mu_N2nm[10, 2]";1,00000425034594;-1,17079738498919;-0,177437859732259;-0,453970094439382;-0,542126802860763;-0,678467325181669;-0,971863780920384;30373,1924185145
"Mu_N2nm[11, 1]";1,00003100362674;0,347749339815007;-1,8645785100766;1,18119796449151;0,864334012893103;1,52415799884682;-0,705648827559028;10450,7856102673
"Mu_N2nm[11, 2]";0,999991193362575;-1,32685240987117;-1,23907920742117;-0,82394102336644;-1,0082571020632;-0,664578329136026;-0,846330563088451;30186,9910716578
"Mu_N2nm[12, 1]";1,00010462258235;1,37702268973124;0,0596542282477268;0,49001614845274;0,266780580808659;0,882885369041894;-0,748374659186313;31083,6520006539
"Mu_N2nm[12, 2]";0,999913789113046;-0,612954787727503;-1,11666667426528;0,856455256730631;-0,544505854939368;0,844291137731705;-0,494630854227959;30201,2614290198
"Mu_N2nm[13, 1]";1,00008912860575;-1,71117581812251;-0,412309971795316;0,513371918222004;1,57801762865764;-0,196997940998051;-1,76130262878087;30334,2022898412
"Mu_N2nm[13, 2]";0,999992674327198;-0,848737561680901;-0,333335622898602;0,365772142855102;-0,244949471632688;0,579888854421094;-1,51275092666518;29375,935103329
"Mu_N2nm[14, 1]";0,999954434875573;0,0812368407760131;-0,0578694632844401;0,433134005552564;0,157102506341792;-1,02448820999652;0,313734905762322;29934,2580456506
"Mu_N2nm[14, 2]";0,999954687975369;-0,514973145282371;-1,20102714484546;-1,78495663592722;-0,805071174272754;0,781587019476905;-0,01049555187814;30163,1267065276
"Mu_N2nm[15, 1]";1,00007197556809;-0,569115154425079;-2,74996464436733;-0,484881042354709;0,369543952428601;0,458614827308442;0,425996953601185;22286,4990153087
"Mu_N2nm[15, 2]";1,00010842808094;-1,54788880758062;-0,494817266455499;-0,586249150613481;0,906639939802113;-0,414848038863721;-0,907558274059825;6984,79788947108
"Mu_N2nm[16, 1]";0,999948288447333;-0,932591503073469;-0,389963413418341;1,72049071418719;1,08309675524933;0,697369835471161;-0,148497515419979;30126,1593331706
"Mu_N2nm[16, 2]";0,999998716076366;-1,12533547874697;-0,75900350424102;-0,380254633281503;-1,16545679399606;-0,721838781421646;-0,644817320547262;9216,19047252928
"Mu_N2nm[17, 1]";1,00015848647491;-1,5379413766783;-0,875403344620314;0,283957156715934;1,99235755489773;-1,11637766123007;-0,0795093071702633;30195,119783968
"Mu_N2nm[17, 2]";0,999994362398242;0,0350666551319464;-1,46644256618326;-1,27368920866947;0,0907270322073734;-0,719791080544533;-1,77459455340498;22579,4092778237
"Mu_N2nm[18, 1]";1,00009707397364;-1,25460799472194;-0,255933408056607;-1,04332996579619;0,0457597989236875;-0,135121721491078;0,531273478874029;30706,4328836246
"Mu_N2nm[18, 2]";1,00004383162589;-0,550290346967112;0,212699303703634;-0,465582067495599;-0,555809094616126;-0,00789296175990724;0,0517222357638986;21136,1985535389
"Mu_N2nm[19, 1]";1,00009608308994;-0,786270909643339;0,692626645390986;-0,679886175252534;0,443444143115249;0,492324945658369;0,311550823808845;30126,8129906731
"Mu_N2nm[19, 2]";0,999981598640263;-2,14558346076263;-1,04864879093414;-0,648473475690064;-0,748050714307481;0,120770004909123;-0,582142278502689;13492,1878756695
"Mu_N2nm[20, 1]";1,00008027392946;2,10015661088176;-0,315856139231443;0,172349946759536;0,413370118705095;-0,20508500145766;2,34111090900657;25584,3816819677
"Mu_N2nm[20, 2]";0,999958844151917;-0,819709252358123;-1,08200316680766;-0,455481352656331;-0,0411294875565318;0,634201954477839;-0,123739449736218;30165,60708076
"Mu_N2nm[21, 1]";1,00002194566607;-0,576472794891729;1,08467395170993;-0,405357299404249;1,03077966535958;2,30029558522795;-1,17473299357244;13170,4369010982
"Mu_N2nm[21, 2]";0,999979875544941;-2,35254375005929;-1,5710351821384;-0,37932632266261;-0,878034407870009;-0,157150228839511;-0,24375781169645;23824,67227993
"Mu_N2nm[22, 1]";0,99997713867604;1,51920856648619;0,131838596393467;1,18692905871179;1,20667485653315;0,693358469957116;-0,174233995308177;20812,8010676906
"Mu_N2nm[22, 2]";0,999964130879459;-2,48644263300651;-0,567583193049183;-0,862958190784444;0,211626606575368;-0,00314465308636906;-0,960702826643402;13515,036362791
"Mu_N2nm[23, 1]";1,0001444430211;0,0315962339631502;-2,05572440871346;0,832546109074045;-0,875345462030588;0,739362586812473;0,682831702727692;7298,03833657434
"Mu_N2nm[23, 2]";1,00000486665987;0,232538983826954;-2,49402987717429;0,558221614476034;-1,28801663071896;0,104206856060234;-0,830928605462315;5168,49543386486
"Mu_N2nm[24, 1]";1,00013095364617;0,149538025823387;0,884915359516957;0,259074639109291;0,118858428569429;0,613911539468262;-0,86434030820344;30170,5864246096
"Mu_N2nm[24, 2]";0,999984342406646;-3,02653443468269;-1,59399783230802;-0,00323733040724994;0,509919291589079;-0,0876654011477065;-0,0103960573981969;30091,0636227505
"Mu_N3[1]";1,00002583800617;-1,69389800527033;0,945080867775004;1,86037625530663;-2,79005065852996;0,0973165330731823;0,241159664702569;21372,9879116776
"Mu_N3[2]";1,00008942316723;0,117229468902194;-0,306174872589594;1,18973592024921;-0,485932432432847;1,03310160985606;1,24017401896916;22496,6653090305
"Mu_N3[3]";1,00001111659994;-0,619850193487824;1,31463985119257;0,112970321866531;-0,483396622539592;-1,51259321832906;0,782951601379189;30369,929560614
"Mu_N3[4]";1,00001735425796;-1,11656423756222;-0,04910187564604;-0,568822296935898;0,761514729778012;-1,43344135536444;-0,926431159173892;30554,5695119403
"Mu_N3[5]";1,0001045735119;0,433578605336079;-0,131102342462898;1,51258663323909;1,51355656847519;2,30999084904677;0,629917191511301;29929,7118423812
"Mu_N3[6]";0,999953787453486;0,0880740479629928;0,719858438120092;0,577744155232276;0,441779342996538;-1,85531470723072;-0,537220831117276;15385,9285493133
"Mu_N3[7]";1,00002158880071;-0,485885717522233;0,933281044011702;2,12584646998664;-1,66010912749625;0,0829850672913572;0,134360955877272;26008,132492903
"Mu_N3[8]";1,00037476765914;-1,01829643579208;1,26270912194408;-0,381070976619026;1,7696039996625;0,497788125200775;0,395342650171552;30013,4683676569
"Mu_N3[9]";1,00002579077088;1,78822108038876;0,873216358441799;1,23465812625225;0,926593937979322;-1,14453025354717;-0,465339793681987;11099,1940767137
"Mu_N3[10]";0,99998614842961;0,918059535904875;0,737730613288965;-0,464836743685709;1,97949878367931;-1,62541994050764;-1,13374760088034;13642,2572996088
"Mu_N3[11]";0,999982709885853;-0,110981694782383;-1,74168935657185;-1,39181645904438;-0,768878149870035;0,571981749268018;-1,48340304262065;30012,5763952371
"Mu_N3[12]";1,00009642262561;1,48630276317247;0,330918380986194;0,833011918136654;-0,593984328221592;0,0402881853330106;-1,22994832318359;28631,7615340974
"Mu_N3[13]";1,00007421447771;-0,621187351672954;0,134015080528017;0,32646109318171;0,976186204454388;1,07245744265314;-1,73434918831974;16345,939078148
"Mu_N3[14]";1,00018198697906;0,79114435633537;0,549528418500012;-0,738061456909085;0,302488309824819;0,319103091858373;-0,975995891838962;30147,4023572313
"Mu_N3[15]";1,00012971095168;-0,527002137218238;-0,535379455855838;0,0604956413135675;0,787325238164795;-0,615945960924755;-0,623460241937608;30000,9357959988
"Mu_N3[16]";0,999970253218778;-1,18828422740583;0,229585916193527;0,113187562732516;0,0512635929665837;-0,0201325857193822;-1,90237641154121;29008,4340707142
"Mu_N3[17]";1,00020737939726;0,0987213383112902;-0,225892880512337;-1,04149687238834;0,027241185872461;-1,06375311884474;-2,30443239541424;30576,8652641432
"Mu_N3[18]";1,00001196357737;-0,275537550635406;1,74654636240444;-0,923320118768588;-1,10372416727367;-1,21391181460519;0,946320537025593;30199,4367245565
"Mu_N3[19]";1,00018902815618;-0,753553264084419;1,58446924438477;-1,58600674630763;0,255736817576336;-0,87125420633475;0,562208171223813;30241,7278304315
"Mu_N3[20]";1,0000696390816;0,329360963881325;0,463658741698085;-0,745925036468902;-0,908508094166161;0,159289434369913;1,29384913648449;25421,0287248938
"Mu_N3[21]";0,999962136142654;-1,19632081310366;-0,886579186729161;-1,00839318816424;-0,337787397639537;1,44598266957301;0,172874425116198;30220,7047824619
"Mu_N3[22]";1,00002128083464;-1,01622405802486;0,83231757052221;0,166608255730697;0,344127779425285;0,981751834020134;-1,43666270023165;28945,0208770534
"Mu_N3[23]";1,00000200504901;0,8134963410777;-2,31533825729505;0,722350543554306;-1,27278062624059;0,0840591898708765;-1,08668719686577;9721,91643645363
"Mu_N3[24]";0,999965121817686;-1,5843875115579;0,712955016746742;0,408491362310051;1,67585712504586;0,96663916018662;-1,18700030597944;30274,670572169
"Mu_N4[1]";1,00012960980725;-1,30361499531229;0,503008633881253;2,21204980154593;0,118101989976289;0,491162048992714;0,0269191909384167;24454,3037659888
"Mu_N4[2]";0,999996759937469;1,05814860481577;-0,962766089968975;0,287461457273833;-0,787571459254959;0,425702114041962;0,595906407418959;5020,24230987719
"Mu_N4[3]";1,00004474257439;-0,0589946460761415;-0,359172668223131;1,72956404170932;0,341131299506636;-1,94548254329429;1,8177762783941;18979,8240604546
"Mu_N4[4]";1,00011026132299;-1,35644388867855;-2,03756793852647;0,740276983007226;1,23725274361902;-0,952221897886868;-1,00652524841043;30337,2912979863
"Mu_N4[5]";1,00012786498692;0,660268041249817;-0,158908238784495;1,17331561579074;-1,15833770753984;0,808128887624903;-1,24410299766405;30135,6568824984
"Mu_N4[6]";1,00006175377958;0,473388901771171;-1,26619172689266;1,14520228302924;0,52435112812034;-0,596579161837359;0,901758433957262;16405,1167345379
"Mu_N4[7]";1,00001809749806;-1,66729969032441;0,448405096033136;2,72618517865374;-0,776671572559786;-0,150089127456111;-0,474439507751993;30164,4879945642
"Mu_N4[8]";1,00010524325968;-0,575429963686509;-0,400064757412917;-0,285793700310503;0,0249311823162005;-0,882300924958683;-0,121420655730956;30037,1706520804
"Mu_N4[9]";1,00001384033995;-0,391413665122594;0,624182372350939;2,1916612362526;0,577017387842635;-0,513919680655714;1,92174685397381;29187,6607141992
"Mu_N4[10]";1,00002782581074;-2,5522114837994;-0,932476665087277;-0,163265306312991;0,943699887885883;-2,98482354461548;-0,0730033782789056;30614,8116494807
"Mu_N4[11]";1,0000212843012;0,0481287265191678;-2,1799774064308;0,967341639567349;0,646278895986049;1,36451278083911;-0,900295824601428;10213,8937142852
"Mu_N4[12]";1,00008884507001;1,2136453352401;-0,193167559160619;0,713257739272842;0,119664445468901;1,05981903879602;-0,858765506256221;31237,5187984546
"Mu_N4[13]";1,0000985252804;-1,92238615734115;-0,477820412452306;0,608476080398321;1,61902335378651;-0,0851863252249085;-2,05715439026585;30265,9098642651
"Mu_N4[14]";0,999967157404214;-0,0434711597490462;-0,352145193866447;0,0119058883432192;-0,0341231664515281;-0,86014541338907;0,318051473539521;30056,4996647754
"Mu_N4[15]";1,00006951480967;-1,04937327556162;-2,89997741311745;-0,625329302589627;0,62560625715935;0,331434365292802;0,182931660513961;17411,1314667654
"Mu_N4[16]";0,999973696568067;-1,20887611060758;-0,584123771318236;1,61016108307877;0,786531771455969;0,511526030983002;-0,312671755584091;30057,0605675899
"Mu_N4[17]";1,0001862032296;-1,50342926005686;-1,70151261240005;-0,07408621058184;1,96757510063202;-1,30328467442644;-0,57472891261461;29319,7960096467
"Mu_N4[18]";1,00009436481773;-1,40017378253494;-0,19558970032011;-1,15235087260796;-0,130214179201167;-0,133851643713144;0,531920584343791;30545,3792270213
"Mu_N4[19]";1,00011258556144;-1,32571562431774;0,380521176335973;-0,843946692418468;0,224542288962236;0,521423039559298;0,160032083597586;30185,4681266865
"Mu_N4[20]";1,00007257147694;1,91082710701904;-0,74270826450767;0,0122937846427606;0,404212906805082;0,00640919578529481;2,35154505334271;27990,210330928
"Mu_N4[21]";1,00002517890603;-1,28617081827283;0,664077155530392;-0,520535104356554;0,621297731213045;2,33470063766468;-1,27078700940696;11206,1774424794
"Mu_N4[22]";0,999972865695574;0,80275351895159;-0,0452874550656679;0,994902827386433;1,31078058101865;0,737516738858356;-0,488028999635438;29358,2964984255
"Mu_N4[23]";1,00014178922894;0,0931369181397723;-2,60033343594478;1,07759289955306;-1,13052915037583;0,750356007399285;0,458448980472308;5796,44691309101
"Mu_N4[24]";1,00011782686441;-1,11838669038153;0,195495029776364;0,243827395258457;0,345143800674119;0,538039658340812;-0,846904171656235;30103,2045694598
"Mu_Sd_L1";0,999996891412139;-1,29706651355069;-2,38243791254212;0,135954963882447;-0,965091645926312;-0,0587564035268276;0,183143285370267;9421,15533875222
"Mu_Sd_L1surv";1,00001693349019;0,159380916922672;-0,866465360885577;-0,498889254449197;-0,924563491596137;-0,0334182940870024;0,547991817043262;30054,6890622391
"Mu_Sd_L2";0,999994517070784;0,841247998037937;0,435473463889212;2,51833276919311;-0,554032293639045;-0,60235615863936;0,203259225091475;18167,6406865582
"Mu_Sd_L2m";0,999990044268799;0,59299149824826;-1,47196930441733;2,45291399282227;-0,461508822700954;-1,23559939855989;-1,58350819587444;28415,3052376992
"Mu_Sd_L2nm";1,00001037109784;0,454868616849027;-1,39335093828217;2,5465018023785;-0,713375993413909;-1,39355884922903;-1,36681182875394;28213,0803183393
"Sd_L1[1]";1,00000684919606;1,1208681188235;-0,708678090138261;-0,595653280867857;0,457394310380693;-0,091590430987406;0,176438951118564;27864,608029721
"Sd_L1[2]";1,00017642171722;-1,52899305219193;0,893714663560967;0,717885008524981;1,086909489596;0,82783932038872;-0,327812632338091;17040,1232651926
"Sd_L1[3]";1,00017920173534;0,198359949844267;2,05382567921262;-1,67870529418646;1,39799538580606;0,483727093029347;0,368287571826173;5267,15713327029
"Sd_L1[4]";0,999921926067236;0,0785285884851933;-1,26461930509019;0,440826459587187;0,717981497791594;0,618950946703078;0,329261298715058;29301,9142848315
"Sd_L1[5]";1,00005681735459;0,287221606423443;-0,110817471882714;-1,26180181215789;0,571409832767928;0,825943320874904;0,320963612988843;26210,9801418924
"Sd_L1[6]";1,00003813965933;0,724369943113942;-0,508284994561685;1,58714556370508;-0,58002625643449;0,762494769513198;-0,291190816405304;20468,2348759169
"Sd_L1[7]";1,00015236043583;0,0128439431219308;-1,87148474750915;1,2679972468074;0,690401854623874;0,208554789138114;-0,652061792199608;29755,7600952144
"Sd_L1[8]";0,999997216324006;0,644326667211282;-0,908157541494192;-2,04693036070674;-0,387559059902742;0,968559175285467;-0,134512691894845;30444,7153071606
"Sd_L1[9]";1,00002256065809;-0,083185410311205;0,308578012129384;0,752937757556769;-0,0173123444898889;0,0796480627132193;0,70286477308576;6232,61233323558
"Sd_L1[10]";0,999950081695691;-1,77260772774069;1,38619734618173;1,8921581049756;0,763017518385904;0,851789559485015;-0,0616212344848754;30200,1593073029
"Sd_L1[11]";0,99999043241366;-0,142272147050783;0,300729160107595;1,29071241562983;-0,488668589975709;-0,949285971882605;-0,249366312724533;30289,3539854555
"Sd_L1[12]";0,999954862418674;-2,23797799218583;0,613824652643995;-1,08628169276718;-2,4522883424638;-0,370443483270975;1,95930247224927;28900,8667111404
"Sd_L1[13]";0,999958360647028;1,20839167836212;-0,517624338713309;1,72128596782548;-0,0773358277514857;-0,989199067004872;2,23184212558081;22587,8083968674
"Sd_L1[14]";0,999991294087097;-1,69950949086669;-0,802544710383593;-0,210328710198647;-1,91029522899833;-0,660492411532239;-1,81244578229383;30397,3735777634
"Sd_L1[15]";1,00010043888139;-0,137453965050818;0,735843578836462;1,90319812064714;-0,0733096310191044;-0,750325523442542;-0,739182730504095;19062,0950605705
"Sd_L1[16]";0,999988184016321;0,399993563454381;-1,02730902494549;0,180152145512811;-1,68031945982733;0,288253960382065;0,668737604095451;30114,5985869703
"Sd_L1[17]";1,00000928977663;-1,67200601730299;-1,44175753111495;-1,30831893134594;-0,596731925880624;0,4826929154891;0,0568922832896876;11586,1444512885
"Sd_L1[18]";0,999991245709322;-0,0494636846956154;-0,631795907231416;0,168463970452496;-0,148756232693693;-1,36542022153975;-0,874683205272425;29509,9336277923
"Sd_L1[19]";1,00011895684509;0,469508374042816;-0,187156383616233;-0,754969371678808;-1,33493277179975;-0,0426908923604118;-1,27256076592586;30495,6425208264
"Sd_L1[20]";1,00007884834434;0,0632831017469784;0,408672794672517;-1,57774746228514;-1,41609659840605;-1,83621410629368;-0,538477014708655;16449,7497020255
"Sd_L1[21]";1,0000604719772;2,24793055108977;-0,796665270275472;-1,44788953394114;-1,61172605655958;-0,549018177017336;0,00391528222530707;30602,7246866414
"Sd_L1[22]";1,00005005245442;0,357397353262386;0,597720839955318;-1,51581338910204;-0,742899484899217;-0,735319897486884;0,266892163712551;20944,3686364644
"Sd_L1[23]";1,00014875578997;-0,924533691447567;-0,00254655297252541;-2,1250475658033;-0,141101195505197;0,936635984261476;-0,104711477603303;30369,2459372421
"Sd_L1[24]";1,00012465467914;1,94097667077146;-0,893763925220761;1,86580187815355;-0,330709893786659;0,360761295171378;1,0593552679383;30014,4157607974
"Sd_L1surv[1]";1,00000096327562;1,0909910028078;-0,7776334935299;-0,717041494546201;0,524529025430524;-0,151262481907278;0,137740366002869;24815,3599582049
"Sd_L1surv[2]";1,0001484258313;-1,38190191336786;0,878053257968699;0,636163292403851;1,2047379738366;0,960597113217461;-0,333748392966249;15318,8290840151
"Sd_L1surv[3]";1,00017624139148;0,248876036426526;1,9990691011511;-1,71384498559283;1,54703186038434;0,574284434755849;0,422817391522534;4498,23861083372
"Sd_L1surv[4]";0,999923561431496;0,127112913290735;-1,32169315805585;0,368912958179117;0,911724860240551;0,553135054754579;0,461022204380978;29351,1669477079
"Sd_L1surv[5]";1,00006198349295;0,424420829185395;-0,136257830850031;-1,38989315919546;0,666130611373036;0,664482858825587;0,357048127186601;30015,7506352867
"Sd_L1surv[6]";1,0000168942757;0,853532366893619;-0,522033866413008;1,48038944639489;-0,4897987410978;0,793662784224346;-0,234614414867853;20282,11046716
"Sd_L1surv[7]";1,00015103006648;0,127714423293832;-1,93703549499051;1,11634769943235;0,780829730229944;0,256247924910938;-0,623894089532628;28767,0330152441
"Sd_L1surv[8]";0,999983411111916;0,705430361923241;-0,960463816443542;-2,0933298743823;-0,330905573353367;1,00867691025849;-0,089378107851684;30414,4300139879
"Sd_L1surv[9]";1,00002238127984;-0,00378696502652911;0,171092387835671;0,667927328959714;0,0690030210719125;0,0500708561534227;0,703370872039405;6209,62996403473
"Sd_L1surv[10]";0,999952497282123;-1,58113500668339;1,32874344339293;1,7063317677302;0,837757946701993;0,856561334465643;0,0199146114573182;30132,1550579083
"Sd_L1surv[11]";1,00000749907402;-0,029284581108001;0,25304084118121;1,22048285320578;-0,282432388647066;-0,952216541501444;-0,0590593995641973;30292,8725582858
"Sd_L1surv[12]";0,999967300209657;-2,27795404083519;0,57081339265859;-1,13812224168771;-2,36396143911372;-0,367196274236119;1,98501074553546;25559,0872029277
"Sd_L1surv[13]";0,999965578026574;1,22662518307141;-0,616364054351865;1,57129185177028;0,111663436067577;-0,971341317185574;2,28139435227806;21254,9773320487
"Sd_L1surv[14]";0,999989134227343;-1,65427853896364;-0,84356284786616;-0,227411819948004;-1,84318543878688;-0,659746953434302;-1,77753874225603;30422,440991252
"Sd_L1surv[15]";1,00011232571851;-0,120994851781489;0,697320440378048;1,8356623204798;0,0123749709793054;-0,697715270869628;-0,716995361556654;18359,7082880723
"Sd_L1surv[16]";0,999983212135336;0,450286280120354;-0,945577815712836;-0,01914682350198;-1,50250942686368;0,250367538339113;0,851675181951958;30191,0616385295
"Sd_L1surv[17]";1,00000500854177;-1,54970614324956;-1,48324758379517;-1,37054310870013;-0,456291176759145;0,505179911854988;0,0903399239357771;11089,8660909535
"Sd_L1surv[18]";0,999987175415909;-0,0185346082233204;-0,665463288902775;0,137495682299638;-0,0922209049474309;-1,35546213659042;-0,816187494902622;29925,8879985929
"Sd_L1surv[19]";1,00012559269664;0,530663841358103;-0,264571352729602;-0,772910016578532;-1,26410951267404;-0,0287873265336816;-1,00695462282964;30433,0371056095
"Sd_L1surv[20]";1,00007169905397;0,114421753707396;0,369761100733908;-1,64311763725073;-1,31337490425329;-1,82518299303744;-0,471676943587223;15925,2364468973
"Sd_L1surv[21]";1,00004596272938;2,13205544367958;-0,883826974920904;-1,47991124210849;-1,53576520229333;-0,551306476118821;-0,00950106148000694;30600,8429923819
"Sd_L1surv[22]";1,00005014711344;0,396074627806462;0,565818318222901;-1,61799531538131;-0,631544000608678;-0,744789619655958;0,363109407644107;20877,9222626268
"Sd_L1surv[23]";1,00015059555062;-0,914301157130668;-0,0673887883249871;-2,139494605491;-0,0336302927091989;0,949536887541086;-0,0299779607057813;30431,6787467006
"Sd_L1surv[24]";1,0001229466607;2,13634453448808;-0,928036458441797;1,77184929897996;-0,241055842920795;0,380198911340209;1,07099297644372;30015,2706540855
"Sd_L2[1]";1,00011383627235;1,89295031684724;-0,117042384158326;2,4724264617679;-0,548519378252108;0,00860178703534623;-0,385415733711831;8274,83869486943
"Sd_L2[2]";1,00010360260866;0,800785588823476;-1,13122234477992;0,957476664254742;-1,28621892544509;0,011139000846199;-0,772183904440721;30085,4297667218
"Sd_L2[3]";1,00004025683681;-0,0268907612375406;-0,737732580503626;1,35238550934556;1,38503598854999;-0,287087151680559;-0,243064206463516;30117,8621280489
"Sd_L2[4]";1,00000049045674;-0,10224803385604;0,442789218765416;1,44342009302875;-0,384332336104628;-0,9968503689561;-0,57282036958845;30187,8147835763
"Sd_L2[5]";1,00003851622573;1,36337218661304;-0,533918557531866;0,530988743595361;-0,688009014044139;-0,856646350690654;-0,812741981186557;30001,3213925978
"Sd_L2[6]";1,00023222323604;-0,134743246116189;-0,882228838105126;2,89972020157366;0,568132093316281;-0,534548421818051;-0,775493154267309;16321,1440831642
"Sd_L2[7]";0,99994511114772;1,38521138435473;-0,185765281114262;0,544765579657804;0,197875562255941;-1,28245800509331;-0,716045207514675;14015,6616593133
"Sd_L2[8]";1,00007549857525;-1,2665772058065;-0,0689996180127828;-0,256485989965811;-0,469917615857277;0,39825760836163;0,903084320357867;25903,7163264232
"Sd_L2[9]";0,999948150374553;1,72942668655623;1,8805048899018;2,85192517117811;0,077568899716108;0,563597341827953;-2,84280444307861;30405,7849750484
"Sd_L2[10]";1,00001775042564;-1,41982847673356;0,844245171888225;0,866283436485485;-0,023230973141056;-1,32323064398786;0,471853795169199;30199,6229772943
"Sd_L2[11]";0,999988662745483;-2,00523022297615;-0,419494065473327;-0,887696070626804;-1,23860327558821;-2,06100065154409;0,573384989455466;8465,12322631786
"Sd_L2[12]";1,00005321345017;-0,766970924337328;-0,00570610219448538;1,0759874502124;-0,650064989702232;0,323332662102275;-1,20902617243583;30504,5248982299
"Sd_L2[13]";0,999999468329415;0,0351366125538891;-0,686977262799484;1,34023588498755;0,497068617046509;0,0476330006634931;-0,0528234194673111;19338,0230280171
"Sd_L2[14]";1,00003599543498;-0,823644136376919;-1,85070842544039;-0,982036932321591;0,498620525066999;-1,28811150592872;-0,862104545715194;30331,854050813
"Sd_L2[15]";1,00006423074239;1,25295518865022;-1,63665193858575;-2,34192046794586;-0,782476116855732;1,2357758211451;0,574199466056093;30094,2947769293
"Sd_L2[16]";1,00007752338811;-0,359716893903242;0,521383786407345;-1,41789726669215;-0,661796750583206;0,791781843836752;-0,366785867239468;30311,6956090262
"Sd_L2[17]";0,999953625901569;0,0103082659693755;-0,114644578940319;0,66338486989955;0,549069993366937;0,740676161345433;-1,14414210108678;20389,3010607374
"Sd_L2[18]";1,00016187318319;-1,97529234374599;-0,346167069383848;-2,95650606969426;1,176048500733;-0,272908613192515;0,763862748188302;22755,4963350243
"Sd_L2[19]";0,999946477970625;2,04698616664414;-1,44033952592708;0,678515838593101;-0,990812043600568;-1,28806307668897;-1,06388285761379;30072,7585743925
"Sd_L2[20]";0,999950164514554;0,488758077693059;-0,0752879928506037;0,905520455616502;0,519333853924757;1,43203765709412;0,0608976614242913;30362,8806042704
"Sd_L2[21]";1,00025628458475;1,47749383459932;-0,685268555210521;0,730906320494755;0,195364958414655;0,202759462358201;-0,0543143343134429;9741,6206940999
"Sd_L2[22]";1,00024996169598;0,565979098289408;-1,76986844435557;-0,176462273337637;2,22565635353513;-0,574855034212728;0,759864010392664;26708,9452998214
"Sd_L2[23]";1,00003164948137;-0,869904975388064;0,316213538100175;0,322225390611509;0,362970544396444;-0,26081961649497;-0,785514648960053;30445,5542665348
"Sd_L2[24]";1,00006648125266;-0,109501835563065;-1,49289249083322;0,648543116698829;-1,40467063441017;-0,415435756701747;-0,843366231553973;24336,0760628399
"Sd_L2m[1]";1,0000886310971;1,78458591319072;-0,0436332300584106;2,30796977934434;-0,5466220452863;-0,0700548116677353;-0,403066976131909;8098,0970066834
"Sd_L2m[2]";1,00009970245495;0,83626970206177;-1,14444788545465;1,00500639125298;-1,26222958420472;-0,00642167334203438;-0,830801181115778;30048,4035408508
"Sd_L2m[3]";1,00003454973314;-0,0407890629480453;-0,731937393704993;1,39658199301743;1,36025095979659;-0,337719848349494;-0,224648600697834;30086,1456037529
"Sd_L2m[4]";0,999989596215203;-0,156137991825115;0,45551422799718;1,57645564492685;-0,513900069295006;-0,974885906643273;-0,57592764015281;30185,7636272825
"Sd_L2m[5]";1,00005269628438;1,31822101801358;-0,476596137489729;0,692758790152809;-0,697563133152537;-0,946999343831072;-0,776724657826939;30021,4928815706
"Sd_L2m[6]";1,00022261735761;-0,0814826203070207;-0,779833746461487;3,04329098443118;0,564234315542543;-0,577987736544838;-0,791935391670771;15218,0238131351
"Sd_L2m[7]";0,99994960295879;1,4006895191338;-0,204295284628296;0,570666465473274;0,149389407592734;-1,3568295432848;-0,579337021872247;11004,4872668179
"Sd_L2m[8]";1,00007104087685;-1,28727054864149;-0,057987885483019;-0,216358698247828;-0,482837207275952;0,363966216794983;0,941138277462703;26579,0580355878
"Sd_L2m[9]";0,999950018259372;1,72811890344605;1,88301892930444;2,88421143492623;0,0781509335908807;0,503237691236315;-2,8433510903588;30401,7262134666
"Sd_L2m[10]";1,0000236309455;-1,51870833200986;0,911246313510838;0,902345619474659;-0,0664022722048372;-1,37969662966381;0,528887368109464;30162,9507575145
"Sd_L2m[11]";0,999982277301239;-2,00107360820092;-0,398967640570392;-0,817402244985992;-1,26347009786904;-2,11013129075292;0,637826239113297;8402,02477461505
"Sd_L2m[12]";1,0000513543656;-0,771807967739717;0,0390114808760325;1,13610294079963;-0,710211922781577;0,233127412534568;-1,14257431070713;30501,3168841659
"Sd_L2m[13]";1,00000093965567;0,0331972276348376;-0,695945209410379;1,40228134702275;0,427941288120274;0,020463188588753;0,0202798218890703;15738,3931966369
"Sd_L2m[14]";1,00004472887206;-0,799943417498811;-1,8293383425743;-0,922858136890878;0,456509051004254;-1,32511739680087;-0,842799944999356;30340,9752264499
"Sd_L2m[15]";1,00005424886202;1,24720721427563;-1,58316534310006;-2,21357311262603;-0,830531954543224;1,19390678656111;0,618313750932803;30134,516258715
"Sd_L2m[16]";1,00007954770441;-0,364861945561633;0,534945428019328;-1,38116213797534;-0,688011682812716;0,76195717318731;-0,370758148739598;30305,9058815852
"Sd_L2m[17]";0,999959303406829;0,0444830579025066;-0,0914587834492225;0,732278523162751;0,476779386592881;0,674912250606167;-1,09844466388453;20093,8061436934
"Sd_L2m[18]";1,00015673054037;-1,93962614699526;-0,316272808440049;-2,84354485225339;1,1340643689093;-0,309969611907425;0,866009121202734;20136,8683588625
"Sd_L2m[19]";0,999941123538774;2,03720616057849;-1,40688690609822;0,710409958845696;-1,03635539824338;-1,35228068509088;-1,01976225174619;30063,5700323175
"Sd_L2m[20]";0,999953285074851;0,465537010278191;-0,0309068893022886;0,966800104989408;0,489169458913481;1,37700439466128;0,0867840555426894;30386,3497248958
"Sd_L2m[21]";1,0002601724015;1,49593566492606;-0,687952752735708;0,794751305238758;0,150982408629523;0,111765605688832;-0,00106815328101205;9379,24731510296
"Sd_L2m[22]";1,00026261746624;0,553775412710223;-1,57531709497435;-0,141096579318392;2,18477583840213;-0,624609902811365;0,797528907330001;27323,0134479636
"Sd_L2m[23]";1,00002933184193;-0,845843649358704;0,375599444650902;0,387912545117132;0,349142756981362;-0,339964264669729;-0,803257279967711;30436,7003559961
"Sd_L2m[24]";1,00006137032959;-0,0950375324804098;-1,45342622577869;0,695885465126937;-1,54975097498105;-0,460880411111089;-0,823124909810951;24511,2246028129
"Sd_L2nm[1]";1,00011287031556;1,83163392388697;-0,161291292836528;2,52655161088198;-0,684540784679094;-0,162676887849977;-0,383168940847559;9372,02852790839
"Sd_L2nm[2]";1,00009436735676;0,736669625318026;-1,17480748056431;1,04097501987555;-1,30746148764299;-0,0655995611191676;-0,746677141013758;30044,1350840195
"Sd_L2nm[3]";1,00002372705231;-0,0657490771342155;-0,681439206206835;1,5242145408373;1,26076854301573;-0,375269210117077;-0,193690188406355;30060,3959827052
"Sd_L2nm[4]";0,999995108608003;-0,102043125183435;0,537464271249614;1,5334051705112;-0,559762661739172;-1,04725925467329;-0,507694824198666;30239,7040990979
"Sd_L2nm[5]";1,00005086513885;1,2595554261499;-0,530585975012224;0,670122322747224;-0,697589604687985;-0,94576451585027;-0,625790092374564;30109,2588113782
"Sd_L2nm[6]";1,00021958230849;-0,131468394140164;-0,775968088755468;2,99271172916652;0,431502281136035;-0,668294506930356;-0,7535635531351;16507,4152010691
"Sd_L2nm[7]";0,999949986637289;1,28880399961449;-0,0851745554535362;0,632401710698264;0,0163085595103764;-1,4210230397483;-0,549963135516408;8789,66461047708
"Sd_L2nm[8]";1,00006255266533;-1,31622099862388;-0,0465601109810658;-0,190165346570356;-0,519224780303226;0,328733987412815;0,968141628240247;27875,3478107184
"Sd_L2nm[9]";0,999952017915736;1,72085608249164;1,87446930275504;2,93300748622636;-0,0191192434280814;0,456939635954513;-2,79360706818516;30400,0198923407
"Sd_L2nm[10]";1,00001877436045;-1,47010006690429;0,864987845256786;0,952612897602678;-0,131421970394438;-1,36487525291052;0,56651378961877;30201,9658112532
"Sd_L2nm[11]";0,999979966439357;-2,06430975552177;-0,416982217766543;-0,79432830860559;-1,33867454033985;-2,14508823500634;0,652025576838995;7745,3888229889
"Sd_L2nm[12]";1,00004991666998;-0,818312644804875;0,0596842013411856;1,10721129919219;-0,810580562162202;0,126834457671958;-1,08842066808596;30506,7389975718
"Sd_L2nm[13]";1,00000205655206;-0,0758114302158568;-0,777093606791023;1,39790188404893;0,382204596524955;0,00254224079871233;0,0907175096741794;12134,0468983111
"Sd_L2nm[14]";1,00004762615119;-0,828235904181227;-1,83974523550847;-0,889008115702135;0,41137662245494;-1,36632295809713;-0,838878491920878;30353,1924560366
"Sd_L2nm[15]";1,00004155597613;1,17827239101018;-1,50530502141165;-2,11675306709789;-0,928073200651386;1,1718236463664;0,667675515439174;30180,8069509139
"Sd_L2nm[16]";1,00007758443064;-0,435878873061109;0,505742339977822;-1,37953978516139;-0,70283137117325;0,797302491663655;-0,402402945524509;30275,7248634887
"Sd_L2nm[17]";0,999964187446846;0,0118449032090354;-0,107568722522827;0,781444661487686;0,383485211296392;0,609390952618208;-1,03887684707731;20277,7474464855
"Sd_L2nm[18]";1,00015552492301;-1,96707015249633;-0,336698754843896;-2,76913617590702;1,06117681761087;-0,322866473019467;0,904569502937537;17899,5640144885
"Sd_L2nm[19]";0,99993495457005;1,98909954786172;-1,3921188806696;0,690897011298137;-1,07050902337402;-1,39731986594142;-0,988148299071305;30069,8060221114
"Sd_L2nm[20]";0,999956245906442;0,390935583537464;-0,00721622850724072;0,98703583347622;0,444209869352087;1,32007602426968;0,106269143442139;30420,010219636
"Sd_L2nm[21]";1,00026310611127;1,47137890404836;-0,7070674863194;0,816735609553825;0,0997267432694447;0,057207341953403;0,0215310280739385;9183,58238937136
"Sd_L2nm[22]";1,00027078611235;0,521954906950814;-1,58226328591054;-0,133516349346413;2,12343759421358;-0,66643768668118;0,821775830587609;28082,8943228188
"Sd_L2nm[23]";1,00002838420651;-0,906325006167203;0,421570110510629;0,408337075684326;0,306385845658707;-0,43959035717193;-0,84023768983548;30404,7965541095
"Sd_L2nm[24]";1,00006308264849;-0,140950495399262;-1,45180414695044;0,724072894572017;-1,61537491281121;-0,512330471142021;-0,824028115102107;24819,4834188817
