"Parameter";"Mean";"SD";"Naive SE";"Time-series SE";"2.5%";"25%";"50%";"75%";"97.5%"
"Alpha1";-2,11969671998669;0,0284821286709354;0,000164441646552581;0,000164542919539209;-2,17503796495273;-2,13901040638819;-2,11984780044816;-2,10089508538868;-2,06341191356292
"Alpha2[1]";0,763866261553779;0,0481898602676978;0,000278224287977658;0,000274087590100418;0,668870163810832;0,731447966516967;0,763739905858875;0,796379215607254;0,858300364608034
"Alpha2[2]";2,74992997473454;0,115176121857503;0,000664969649586463;0,000665014227551478;2,53132088170421;2,67074641899064;2,74781642796251;2,82606475324272;2,98302495671221
"Beta1";4,11520415583198;0,242953441350588;0,00140269234764308;0,00140267395438725;3,64421572278895;3,94949282887861;4,11395429912345;4,27762664583188;4,59855410165673
"Beta2";2,07383981336876;0,200473991365569;0,0011574371288043;0,00114079353060476;1,69062248169879;1,93827686725942;2,0694514224606;2,20530748785785;2,48052744806766
"Gamma1[1, 1]";0,490331906720544;0,0481035826154082;0,000277726163719913;0,00028072534145192;0,396706113601244;0,457459963135087;0,490058510723652;0,522679491342945;0,585192398945173
"Gamma1[2, 1]";0,493189660113076;0,0399047296089467;0,000230390063816646;0,000229245388683814;0,415613552640848;0,465954898908978;0,493201094440247;0,520702811988489;0,570930630963177
"Gamma1[3, 1]";0,622810113635344;0,0343672861491128;0,000198419619095072;0,00019926473783131;0,555154860794993;0,599733763114944;0,623155199682368;0,646178688896555;0,689253049146431
"Gamma1[4, 1]";0,664280274477387;0,04494659711096;0,000259499299411704;0,000258558641671627;0,573628784005587;0,634461553429646;0,66521631175962;0,695200592883993;0,749078091333338
"Gamma1[5, 1]";0,43702388023973;0,0520977802642906;0,000300786674597701;0,00030563735121106;0,33748116813228;0,40086832921587;0,436174371471214;0,471999623141437;0,540977306583185
"Gamma1[6, 1]";0,564707500485074;0,0303785095430796;0,000175390406622766;0,000173955577735481;0,504930968104478;0,544225713856806;0,564806801417717;0,58546642356839;0,623409202169419
"Gamma1[7, 1]";0,698833413234989;0,0393459216676959;0,000227163784663581;0,000225711752864194;0,617835838737734;0,673020586890073;0,699566488205143;0,725748640665901;0,773326863979278
"Gamma1[8, 1]";0,507515270071025;0,031420396435414;0,000181405743400311;0,000182705057864302;0,445352928366498;0,486304493294038;0,507540625703781;0,528880882850782;0,569176282192967
"Gamma1[9, 1]";0,523927317976808;0,0323056849561223;0,000186516959057724;0,000185482653784533;0,460657348455216;0,502135496236536;0,523983968879435;0,545817457057865;0,58663746321807
"Gamma1[10, 1]";0,512861213678012;0,0311269687106123;0,00017971163764129;0,000181868288224759;0,45287582768802;0,491688842529076;0,51257817664506;0,533948091722739;0,57412742726838
"Gamma1[11, 1]";0,552359973593813;0,0374857354769449;0,000216423994683852;0,000217077349751252;0,477700999092155;0,527221932709959;0,552944423912235;0,577691451706372;0,625368103712345
"Gamma1[12, 1]";0,61750855051451;0,0364154722911213;0,000210244827299462;0,000210252791963862;0,544442602703538;0,593165390885913;0,617863428442824;0,64210475538633;0,687412621621399
"Gamma1[13, 1]";0,571390668590386;0,0422077688251189;0,000243686666930759;0,000242824115977849;0,487548651101415;0,542965906769257;0,57158345725564;0,600013547977239;0,653234285853032
"Gamma1[14, 1]";0,633969898885886;0,032241668978139;0,000186147362636513;0,000190536031771035;0,570118268878771;0,61241541662843;0,634203027590424;0,655886565263619;0,69663786145232
"Gamma1[15, 1]";0,556152342278429;0,0370142304678973;0,000213701759244873;0,00021273448076993;0,483217142362499;0,531224460917951;0,556215229330143;0,581713831323172;0,627568811175859
"Gamma1[16, 1]";0,552006187320436;0,0431379728099815;0,000249057202141376;0,000250491232069276;0,467202604952084;0,522838916317752;0,552186842248887;0,581228418944953;0,636365528352028
"Gamma1[17, 1]";0,559199757923866;0,0333863887541951;0,00019275640534504;0,000191205123773172;0,493062605227592;0,536906758823822;0,559240474238923;0,581878757969982;0,624003491216382
"Gamma1[18, 1]";0,550641857361764;0,0363459190240737;0,000209843261324933;0,00020605746675675;0,479324386297388;0,526236297397128;0,550688082382214;0,575073044131095;0,622343227099756
"Gamma1[19, 1]";0,558768555130813;0,0327958720241056;0,000189347055414259;0,000189321328561321;0,494040465433988;0,536673695072226;0,55872936780227;0,581183996884563;0,622646860394608
"Gamma1[20, 1]";0,538442718036681;0,0347584989377966;0,000200678287183642;0,000198406211300161;0,470610886452888;0,514949040891769;0,538274650652381;0,561973287413502;0,606840442281459
"Gamma1[21, 1]";0,510716529162301;0,0367724064438839;0,000212305587591267;0,00021242819132465;0,439736721310013;0,48566690505634;0,510416908493603;0,535507002411969;0,583675897826863
"Gamma1[22, 1]";0,447541741652638;0,0482196262754178;0,000278396142103356;0,000276795137270545;0,354129467098846;0,414600268139075;0,446954157042693;0,480115844973192;0,543707253334501
"Gamma1[23, 1]";0,515380789287539;0,0424045785826767;0,00024482294859581;0,000249592945018557;0,432435568996206;0,486730591052475;0,51534333368127;0,544222640037998;0,597878134617509
"Gamma1[24, 1]";0,329822375785487;0,0389450281565077;0,000224849224897573;0,000223169895512173;0,256177141118942;0,30289137147292;0,328869555416836;0,355568478787182;0,408716273111661
"Gamma1[1, 2]";0,509668093279456;0,0481035826154082;0,000277726163719913;0,00028072534145192;0,414807601054827;0,477320508657055;0,509941489276348;0,542540036864913;0,603293886398756
"Gamma1[2, 2]";0,506810339886924;0,0399047296089467;0,000230390063816646;0,000229245388683814;0,429069369036823;0,479297188011511;0,506798905559753;0,534045101091022;0,584386447359152
"Gamma1[3, 2]";0,377189886364656;0,0343672861491128;0,000198419619095072;0,00019926473783131;0,310746950853568;0,353821311103445;0,376844800317632;0,400266236885056;0,444845139205007
"Gamma1[4, 2]";0,335719725522613;0,04494659711096;0,000259499299411704;0,000258558641671627;0,250921908666662;0,304799407116007;0,33478368824038;0,365538446570354;0,426371215994413
"Gamma1[5, 2]";0,56297611976027;0,0520977802642906;0,000300786674597701;0,00030563735121106;0,459022693416815;0,528000376858563;0,563825628528786;0,59913167078413;0,66251883186772
"Gamma1[6, 2]";0,435292499514926;0,0303785095430796;0,000175390406622766;0,000173955577735481;0,376590797830581;0,41453357643161;0,435193198582283;0,455774286143194;0,495069031895522
"Gamma1[7, 2]";0,301166586765011;0,0393459216676959;0,000227163784663581;0,000225711752864194;0,226673136020722;0,274251359334099;0,300433511794857;0,326979413109927;0,382164161262266
"Gamma1[8, 2]";0,492484729928975;0,031420396435414;0,000181405743400311;0,000182705057864302;0,430823717807033;0,471119117149218;0,492459374296219;0,513695506705962;0,554647071633502
"Gamma1[9, 2]";0,476072682023192;0,0323056849561223;0,000186516959057724;0,000185482653784533;0,41336253678193;0,454182542942135;0,476016031120565;0,497864503763464;0,539342651544784
"Gamma1[10, 2]";0,487138786321988;0,0311269687106123;0,00017971163764129;0,000181868288224759;0,42587257273162;0,466051908277261;0,48742182335494;0,508311157470924;0,54712417231198
"Gamma1[11, 2]";0,447640026406187;0,0374857354769449;0,000216423994683852;0,000217077349751252;0,374631896287655;0,422308548293628;0,447055576087765;0,472778067290041;0,522299000907845
"Gamma1[12, 2]";0,38249144948549;0,0364154722911213;0,000210244827299462;0,000210252791963862;0,312587378378601;0,35789524461367;0,382136571557176;0,406834609114087;0,455557397296462
"Gamma1[13, 2]";0,428609331409614;0,0422077688251189;0,000243686666930759;0,000242824115977849;0,346765714146968;0,399986452022761;0,42841654274436;0,457034093230743;0,512451348898584
"Gamma1[14, 2]";0,366030101114114;0,032241668978139;0,000186147362636513;0,000190536031771035;0,30336213854768;0,344113434736381;0,365796972409576;0,38758458337157;0,429881731121229
"Gamma1[15, 2]";0,44384765772157;0,0370142304678973;0,000213701759244873;0,00021273448076993;0,372431188824141;0,418286168676828;0,443784770669857;0,468775539082049;0,516782857637501
"Gamma1[16, 2]";0,447993812679564;0,0431379728099815;0,000249057202141376;0,000250491232069276;0,363634471647972;0,418771581055047;0,447813157751113;0,477161083682248;0,532797395047917
"Gamma1[17, 2]";0,440800242076134;0,0333863887541951;0,00019275640534504;0,000191205123773172;0,375996508783618;0,418121242030018;0,440759525761077;0,463093241176178;0,506937394772408
"Gamma1[18, 2]";0,449358142638236;0,0363459190240737;0,000209843261324933;0,00020605746675675;0,377656772900243;0,424926955868905;0,449311917617786;0,473763702602872;0,520675613702612
"Gamma1[19, 2]";0,441231444869187;0,0327958720241056;0,000189347055414259;0,000189321328561321;0,377353139605392;0,418816003115437;0,44127063219773;0,463326304927774;0,505959534566012
"Gamma1[20, 2]";0,461557281963319;0,0347584989377966;0,000200678287183642;0,000198406211300161;0,393159557718541;0,438026712586498;0,461725349347619;0,485050959108231;0,529389113547112
"Gamma1[21, 2]";0,489283470837699;0,0367724064438839;0,000212305587591267;0,00021242819132465;0,416324102173136;0,464492997588031;0,489583091506397;0,51433309494366;0,560263278689987
"Gamma1[22, 2]";0,552458258347362;0,0482196262754178;0,000278396142103356;0,000276795137270545;0,456292746665499;0,519884155026808;0,553045842957307;0,585399731860925;0,645870532901154
"Gamma1[23, 2]";0,484619210712461;0,0424045785826767;0,00024482294859581;0,000249592945018557;0,402121865382491;0,455777359962002;0,48465666631873;0,513269408947525;0,567564431003794
"Gamma1[24, 2]";0,670177624214513;0,0389450281565077;0,000224849224897573;0,000223169895512173;0,591283726888339;0,644431521212818;0,671130444583164;0,69710862852708;0,743822858881058
"Gamma1_F[1]";0,490331906720544;0,0481035826154082;0,000277726163719913;0,00028072534145192;0,396706113601244;0,457459963135087;0,490058510723652;0,522679491342945;0,585192398945173
"Gamma1_F[2]";0,493189660113076;0,0399047296089467;0,000230390063816646;0,000229245388683814;0,415613552640848;0,465954898908978;0,493201094440247;0,520702811988489;0,570930630963177
"Gamma1_F[3]";0,622810113635344;0,0343672861491128;0,000198419619095072;0,00019926473783131;0,555154860794993;0,599733763114944;0,623155199682368;0,646178688896555;0,689253049146431
"Gamma1_F[4]";0,664280274477387;0,04494659711096;0,000259499299411704;0,000258558641671627;0,573628784005587;0,634461553429646;0,66521631175962;0,695200592883993;0,749078091333338
"Gamma1_F[5]";0,43702388023973;0,0520977802642906;0,000300786674597701;0,00030563735121106;0,33748116813228;0,40086832921587;0,436174371471214;0,471999623141437;0,540977306583185
"Gamma1_F[6]";0,564707500485074;0,0303785095430796;0,000175390406622766;0,000173955577735481;0,504930968104478;0,544225713856806;0,564806801417717;0,58546642356839;0,623409202169419
"Gamma1_F[7]";0,698833413234989;0,0393459216676959;0,000227163784663581;0,000225711752864194;0,617835838737734;0,673020586890073;0,699566488205143;0,725748640665901;0,773326863979278
"Gamma1_F[8]";0,507515270071025;0,031420396435414;0,000181405743400311;0,000182705057864302;0,445352928366498;0,486304493294038;0,507540625703781;0,528880882850782;0,569176282192967
"Gamma1_F[9]";0,523927317976808;0,0323056849561223;0,000186516959057724;0,000185482653784533;0,460657348455216;0,502135496236536;0,523983968879435;0,545817457057865;0,58663746321807
"Gamma1_F[10]";0,512861213678012;0,0311269687106123;0,00017971163764129;0,000181868288224759;0,45287582768802;0,491688842529076;0,51257817664506;0,533948091722739;0,57412742726838
"Gamma1_F[11]";0,552359973593813;0,0374857354769449;0,000216423994683852;0,000217077349751252;0,477700999092155;0,527221932709959;0,552944423912235;0,577691451706372;0,625368103712345
"Gamma1_F[12]";0,61750855051451;0,0364154722911213;0,000210244827299462;0,000210252791963862;0,544442602703538;0,593165390885913;0,617863428442824;0,64210475538633;0,687412621621399
"Gamma1_F[13]";0,571390668590386;0,0422077688251189;0,000243686666930759;0,000242824115977849;0,487548651101415;0,542965906769257;0,57158345725564;0,600013547977239;0,653234285853032
"Gamma1_F[14]";0,633969898885886;0,032241668978139;0,000186147362636513;0,000190536031771035;0,570118268878771;0,61241541662843;0,634203027590424;0,655886565263619;0,69663786145232
"Gamma1_F[15]";0,556152342278429;0,0370142304678973;0,000213701759244873;0,00021273448076993;0,483217142362499;0,531224460917951;0,556215229330143;0,581713831323172;0,627568811175859
"Gamma1_F[16]";0,552006187320436;0,0431379728099815;0,000249057202141376;0,000250491232069276;0,467202604952084;0,522838916317752;0,552186842248887;0,581228418944953;0,636365528352028
"Gamma1_F[17]";0,559199757923866;0,0333863887541951;0,00019275640534504;0,000191205123773172;0,493062605227592;0,536906758823822;0,559240474238923;0,581878757969982;0,624003491216382
"Gamma1_F[18]";0,550641857361764;0,0363459190240737;0,000209843261324933;0,00020605746675675;0,479324386297388;0,526236297397128;0,550688082382214;0,575073044131095;0,622343227099756
"Gamma1_F[19]";0,558768555130813;0,0327958720241056;0,000189347055414259;0,000189321328561321;0,494040465433988;0,536673695072226;0,55872936780227;0,581183996884563;0,622646860394608
"Gamma1_F[20]";0,538442718036681;0,0347584989377966;0,000200678287183642;0,000198406211300161;0,470610886452888;0,514949040891769;0,538274650652381;0,561973287413502;0,606840442281459
"Gamma1_F[21]";0,510716529162301;0,0367724064438839;0,000212305587591267;0,00021242819132465;0,439736721310013;0,48566690505634;0,510416908493603;0,535507002411969;0,583675897826863
"Gamma1_F[22]";0,447541741652638;0,0482196262754178;0,000278396142103356;0,000276795137270545;0,354129467098846;0,414600268139075;0,446954157042693;0,480115844973192;0,543707253334501
"Gamma1_F[23]";0,515380789287539;0,0424045785826767;0,00024482294859581;0,000249592945018557;0,432435568996206;0,486730591052475;0,51534333368127;0,544222640037998;0,597878134617509
"Gamma1_F[24]";0,329822375785487;0,0389450281565077;0,000224849224897573;0,000223169895512173;0,256177141118942;0,30289137147292;0,328869555416836;0,355568478787182;0,408716273111661
"Gamma3[1, 1]";0,434851570946979;0,0478235438156853;0,000276109358955878;0,000278996894722043;0,343457988474178;0,402155611469365;0,4340406510836;0,466741546071188;0,530473363220508
"Gamma3[2, 1]";0,430968410672839;0,0395599771928806;0,00022839963481445;0,00022727917488566;0,355255027987835;0,403575110743109;0,430495265052625;0,458023519017926;0,509733986132787
"Gamma3[3, 1]";0,562719779867356;0,0362924480707283;0,000209534546631855;0,000210739427890817;0,491958237747421;0,538302539037655;0,562845074669354;0,587370688797386;0,634105300190716
"Gamma3[4, 1]";0,61053985028568;0,0482232731386997;0,000278417197278331;0,00027729914201399;0,514825122804412;0,578279158045636;0,611031871255868;0,643319796430309;0,703401705116743
"Gamma3[5, 1]";0,371502629261621;0,0501118707722762;0,000289321020799694;0,000292059294850214;0,277633574639173;0,336482976478831;0,370098847024239;0,404712823296293;0,473277763193324
"Gamma3[6, 1]";0,500964295956473;0,0316015997955429;0,000182451921487795;0,000182706998144192;0,439370633032956;0,479547642179936;0,500900047490392;0,522372365399683;0,562772152388605
"Gamma3[7, 1]";0,63961028873268;0,043558002791697;0,000251482246371487;0,000248244770255997;0,551776365996002;0,610977940684119;0,640225293406866;0,669176000236142;0,723658347447487
"Gamma3[8, 1]";0,448666904241131;0,0319445614153413;0,000184432011322919;0,000185824692914572;0,386628294063882;0,426937379805648;0,448469936419039;0,470013626810049;0,511589921907708
"Gamma3[9, 1]";0,459220677642241;0,0326390703320325;0,000188441760422981;0,000190494844891096;0,39605742177494;0,436948968133885;0,458879470888295;0,481277021518854;0,523587211934082
"Gamma3[10, 1]";0,4553235088808;0,0315307678005237;0,00018204297277388;0,000184323582168526;0,395136037040148;0,433579998493668;0,454892537177207;0,476673200488937;0,51800814673764
"Gamma3[11, 1]";0,479653403669966;0,03832897027567;0,000221292413064193;0,000222901406236957;0,404382364407012;0,453858074419288;0,479646857646282;0,50521082206556;0,55528840890068
"Gamma3[12, 1]";0,528590572700691;0,0388752080102748;0,000224446118095349;0,000224456858920447;0,452702671554421;0,502341824494368;0,528506494220452;0,554555901558402;0,604749238792286
"Gamma3[13, 1]";0,478761305293979;0,0435022936600854;0,000251160609550164;0,000250637084043393;0,394396405415886;0,449179750453251;0,478289655629817;0,507865845001881;0,565083042369958
"Gamma3[14, 1]";0,559730760775079;0,0351385742416164;0,000202872652973369;0,00020719905693116;0,490866802686505;0,535988871048611;0,559547276943458;0,58327735046272;0,629142147784787
"Gamma3[15, 1]";0,44306990464466;0,0378524623623145;0,000218541293343725;0,000218525861526722;0,370326477621892;0,41725875870023;0,4425526975464;0,468736074012717;0,517410575787588
"Gamma3[16, 1]";0,460872657228414;0,0439601652113864;0,000253804132184143;0,000255213791958932;0,377033644005685;0,430513702479398;0,460424832523792;0,490122007881941;0,548827025345315
"Gamma3[17, 1]";0,459294421225532;0,0352793728602443;0,000203685554177032;0,000201831264701706;0,390822799941414;0,435390196167817;0,458937624000017;0,483004368825407;0,528517656679104
"Gamma3[18, 1]";0,441480314830561;0,0379747724681951;0,000219247451069272;0,000215686789682371;0,368605932966658;0,415468474327759;0,440968898576036;0,466489985889202;0,517761835509056
"Gamma3[19, 1]";0,464061713486987;0,0339468947612922;0,000195992488285839;0,000195989863514682;0,398188214262044;0,440856591330933;0,463690379054026;0,486995365229937;0,531169873838126
"Gamma3[20, 1]";0,441321998702324;0,0361775116350259;0,00020887096081093;0,00020628634299631;0,372091338109603;0,41641156996159;0,440640468813672;0,465544992831695;0,513977856536039
"Gamma3[21, 1]";0,42663129226037;0,0369850188982773;0,000213533106169038;0,000213346464840107;0,356476878413938;0,401087681220482;0,425875958656226;0,450997372038153;0,500895279867062
"Gamma3[22, 1]";0,366401227969478;0,0457827775546381;0,000264326989454191;0,000262859787667164;0,280257834709324;0,334628668339541;0,365272441860445;0,396970543075435;0,459153321670605
"Gamma3[23, 1]";0,42249954383472;0,0419506066699649;0,000242201940535724;0,000242872766801608;0,342024152836984;0,393843678594706;0,422005698607894;0,450543697846251;0,506239078562347
"Gamma3[24, 1]";0,260340206771221;0,0346177553465596;0,000199865703680768;0,00019937093771991;0,196142321519961;0,236050890319544;0,259136955771179;0,282935004467665;0,331905750417166
"Gamma3[1, 2]";0,565148429053021;0,0478235438156853;0,000276109358955878;0,000278996894722043;0,469526636779492;0,533258453928812;0,5659593489164;0,597844388530635;0,656542011525822
"Gamma3[2, 2]";0,569031589327161;0,0395599771928805;0,00022839963481445;0,00022727917488566;0,490266013867213;0,541976480982074;0,569504734947375;0,596424889256891;0,644744972012165
"Gamma3[3, 2]";0,437280220132644;0,0362924480707283;0,000209534546631855;0,000210739427890817;0,365894699809284;0,412629311202614;0,437154925330646;0,461697460962346;0,508041762252579
"Gamma3[4, 2]";0,38946014971432;0,0482232731386997;0,000278417197278331;0,00027729914201399;0,296598294883257;0,35668020356969;0,388968128744132;0,421720841954364;0,485174877195588
"Gamma3[5, 2]";0,628497370738379;0,0501118707722762;0,000289321020799694;0,000292059294850214;0,526722236806676;0,595287176703707;0,629901152975761;0,663517023521169;0,722366425360827
"Gamma3[6, 2]";0,499035704043527;0,0316015997955429;0,000182451921487795;0,000182706998144192;0,437227847611395;0,477627634600317;0,499099952509608;0,520452357820064;0,560629366967044
"Gamma3[7, 2]";0,36038971126732;0,043558002791697;0,000251482246371487;0,000248244770255997;0,276341652552513;0,330823999763858;0,359774706593134;0,389022059315881;0,448223634003998
"Gamma3[8, 2]";0,551333095758869;0,0319445614153413;0,000184432011322919;0,000185824692914572;0,488410078092292;0,529986373189951;0,551530063580961;0,573062620194352;0,613371705936118
"Gamma3[9, 2]";0,540779322357759;0,0326390703320325;0,000188441760422981;0,000190494844891096;0,476412788065918;0,518722978481146;0,541120529111705;0,563051031866115;0,60394257822506
"Gamma3[10, 2]";0,5446764911192;0,0315307678005237;0,00018204297277388;0,000184323582168526;0,48199185326236;0,523326799511063;0,545107462822793;0,566420001506332;0,604863962959852
"Gamma3[11, 2]";0,520346596330034;0,03832897027567;0,000221292413064193;0,000222901406236957;0,44471159109932;0,49478917793444;0,520353142353718;0,546141925580712;0,595617635592987
"Gamma3[12, 2]";0,471409427299309;0,0388752080102748;0,000224446118095349;0,000224456858920447;0,395250761207714;0,445444098441598;0,471493505779548;0,497658175505632;0,547297328445579
"Gamma3[13, 2]";0,521238694706021;0,0435022936600854;0,000251160609550164;0,000250637084043393;0,434916957630042;0,492134154998119;0,521710344370183;0,550820249546749;0,605603594584114
"Gamma3[14, 2]";0,440269239224921;0,0351385742416164;0,000202872652973369;0,00020719905693116;0,370857852215213;0,41672264953728;0,440452723056542;0,464011128951389;0,509133197313494
"Gamma3[15, 2]";0,55693009535534;0,0378524623623145;0,000218541293343725;0,000218525861526722;0,482589424212412;0,531263925987283;0,5574473024536;0,58274124129977;0,629673522378108
"Gamma3[16, 2]";0,539127342771586;0,0439601652113864;0,000253804132184143;0,000255213791958932;0,451172974654685;0,509877992118059;0,539575167476207;0,569486297520602;0,622966355994314
"Gamma3[17, 2]";0,540705578774468;0,0352793728602443;0,000203685554177032;0,000201831264701706;0,471482343320896;0,516995631174593;0,541062375999983;0,564609803832183;0,609177200058586
"Gamma3[18, 2]";0,558519685169439;0,0379747724681951;0,000219247451069272;0,000215686789682371;0,482238164490944;0,533510014110798;0,559031101423964;0,584531525672241;0,631394067033342
"Gamma3[19, 2]";0,535938286513013;0,0339468947612922;0,000195992488285839;0,000195989863514682;0,468830126161874;0,513004634770063;0,536309620945974;0,559143408669067;0,601811785737956
"Gamma3[20, 2]";0,558678001297676;0,0361775116350259;0,00020887096081093;0,00020628634299631;0,486022143463961;0,534455007168305;0,559359531186328;0,58358843003841;0,627908661890397
"Gamma3[21, 2]";0,57336870773963;0,0369850188982773;0,000213533106169038;0,000213346464840107;0,499104720132938;0,549002627961847;0,574124041343774;0,598912318779518;0,643523121586062
"Gamma3[22, 2]";0,633598772030522;0,0457827775546381;0,000264326989454191;0,000262859787667164;0,540846678329395;0,603029456924565;0,634727558139555;0,665371331660459;0,719742165290676
"Gamma3[23, 2]";0,57750045616528;0,0419506066699649;0,000242201940535724;0,000242872766801608;0,493760921437653;0,549456302153749;0,577994301392106;0,606156321405294;0,657975847163016
"Gamma3[24, 2]";0,739659793228779;0,0346177553465596;0,000199865703680768;0,00019937093771991;0,668094249582834;0,717064995532335;0,740863044228821;0,763949109680456;0,803857678480039
"Gamma4[1, 1]";0,832413001382968;0,0312130377068155;0,000180208557222559;0,000181974853239457;0,765170402843689;0,812783408414857;0,834846814817678;0,854495928400903;0,886558711937726
"Gamma4[2, 1]";0,833002342342167;0,0283318279143315;0,000163573884729734;0,000164451145050877;0,772874607410127;0,814977074953315;0,834750451539256;0,85300204451656;0,882855981733949
"Gamma4[3, 1]";0,895773007512053;0,0177728828727779;0,00010261178710874;0,000102983275406144;0,858092558327865;0,884470469887427;0,896873875365852;0,908404905941888;0,927108056913968
"Gamma4[4, 1]";0,9106343874899;0,0193396754550408;0,000111657668300078;0,000111660785298489;0,868065455254849;0,898654519685494;0,912384979441351;0,924409140675072;0,943543849317822
"Gamma4[5, 1]";0,789351707126653;0,0398115922635164;0,000229852335102088;0,00023135795122018;0,704211205939636;0,76386611534061;0,791805742971101;0,817541319128044;0,859171560331766
"Gamma4[6, 1]";0,868431726024749;0,0192375142115264;0,00011106784008564;0,000111528888701221;0,827689314950396;0,856220876360859;0,869464431280029;0,881835246902515;0,903282741047385
"Gamma4[7, 1]";0,919683776718374;0,0166957387398235;9,63928925575674e-05;9,63958234941699e-05;0,883052901289914;0,909390636005712;0,921109738248176;0,931537360908261;0,948281275500566
"Gamma4[8, 1]";0,846788552741177;0,0225305769585899;0,000130080346720394;0,000128248160319341;0,799650724263716;0,832209719516319;0,848049397872142;0,862600070182699;0,887361648210434
"Gamma4[9, 1]";0,849045214630465;0,0232609486807884;0,000134297149824593;0,000133795769404526;0,800159228026095;0,834102629205719;0,850348561417489;0,865414121401372;0,890680226180579
"Gamma4[10, 1]";0,848241970040536;0,0221406804357277;0,000127829278096089;0,000129011910776806;0,801303132327791;0,834024100514317;0,849620160277561;0,863762008264783;0,88823761812
"Gamma4[11, 1]";0,858058311807375;0,0236111235503148;0,000136318885376437;0,000135593337559944;0,807485988444579;0,843117108552948;0,859654170018152;0,87479444170167;0,899897562940562
"Gamma4[12, 1]";0,879620964732008;0,0205133884230833;0,000118434103280585;0,000117374820095073;0,835326262810402;0,866773308353359;0,88108055153428;0,893962431653793;0,916085804611482
"Gamma4[13, 1]";0,8553799442434;0,0254933632154467;0,000147186001149871;0,00014548856222886;0,800104310942094;0,839376123286588;0,857079600708152;0,873290542475794;0,900318087424488
"Gamma4[14, 1]";0,895231098947458;0,0171915672575892;9,92555598396069e-05;9,98736216625642e-05;0,858593170314836;0,884341830326807;0,89633849167899;0,907261612225056;0,925627507025022
"Gamma4[15, 1]";0,839343349903783;0,0254950330863181;0,000147195642153842;0,00014554110134675;0,784743044512256;0,822901053096649;0,840937643699318;0,857377635050587;0,884676239361369
"Gamma4[16, 1]";0,847807244678441;0,0267422185618934;0,000154396270854369;0,000155944581702065;0,790869739846651;0,83082120513173;0,849529464758332;0,866894320562362;0,894841968085899
"Gamma4[17, 1]";0,848026689462467;0,0221552597728551;0,00012791345193824;0,000127424260796842;0,801384024042208;0,833840613225573;0,849286425477335;0,863404426713988;0,888079147638763
"Gamma4[18, 1]";0,837563823090477;0,0242406345228826;0,000139953368671136;0,000139572067816302;0,78632626954014;0,821804061808607;0,838899900319218;0,85470849708704;0,880857058121903
"Gamma4[19, 1]";0,851703818464508;0,0216544602171189;0,000125022084355096;0,000125596914087761;0,805837118390605;0,837945974181557;0,852890623506589;0,866851088942122;0,890598787379731
"Gamma4[20, 1]";0,839820899405661;0,0238115671629246;0,000137476147113414;0,000135996907346659;0,789290514727369;0,824594581847696;0,841297553920868;0,856491481539301;0,882464515501388
"Gamma4[21, 1]";0,831359230878734;0,0250862240165093;0,000144835381888829;0,000145241871958519;0,778704277675617;0,815120617332571;0,832602529284711;0,848857108028083;0,876837525550623
"Gamma4[22, 1]";0,791823983225715;0,0373358617628633;0,000215558698392158;0,000213168569667838;0,711985765909409;0,767944787516237;0,794377685324255;0,818155205583562;0,857651683028097
"Gamma4[23, 1]";0,826146045198393;0,0294255219421779;0,000169888330143616;0,000169888495191719;0,763936880915558;0,807443390888278;0,82797519526045;0,846879476826725;0,878366112222913
"Gamma4[24, 1]";0,696216120156397;0,0441639361672327;0,000254980604346252;0,000257093264200952;0,60484335617509;0,667446466853309;0,697848828050423;0,727012097440518;0,777781538645424
"Gamma4[1, 2]";0,167586998617032;0,0312130377068155;0,000180208557222559;0,000181974853239457;0,113441288062274;0,145504071599097;0,165153185182322;0,187216591585143;0,234829597156311
"Gamma4[2, 2]";0,166997657657833;0,0283318279143315;0,000163573884729734;0,000164451145050877;0,117144018266051;0,14699795548344;0,165249548460744;0,185022925046686;0,227125392589873
"Gamma4[3, 2]";0,104226992487947;0,0177728828727779;0,00010261178710874;0,000102983275406144;0,0728919430860318;0,091595094058112;0,103126124634148;0,115529530112573;0,141907441672135
"Gamma4[4, 2]";0,0893656125100995;0,0193396754550408;0,000111657668300078;0,000111660785298489;0,0564561506821777;0,0755908593249277;0,0876150205586488;0,101345480314506;0,131934544745151
"Gamma4[5, 2]";0,210648292873347;0,0398115922635164;0,000229852335102088;0,00023135795122018;0,140828439668234;0,182458680871956;0,208194257028899;0,236133884659389;0,295788794060363
"Gamma4[6, 2]";0,131568273975251;0,0192375142115264;0,00011106784008564;0,000111528888701221;0,0967172589526148;0,118164753097485;0,130535568719971;0,143779123639141;0,172310685049604
"Gamma4[7, 2]";0,0803162232816262;0,0166957387398235;9,63928925575674e-05;9,63958234941699e-05;0,0517187244994337;0,0684626390917394;0,078890261751824;0,090609363994288;0,116947098710087
"Gamma4[8, 2]";0,153211447258823;0,0225305769585899;0,000130080346720394;0,000128248160319341;0,112638351789566;0,137399929817301;0,151950602127858;0,167790280483681;0,200349275736284
"Gamma4[9, 2]";0,150954785369535;0,0232609486807884;0,000134297149824593;0,000133795769404526;0,109319773819421;0,134585878598628;0,149651438582511;0,165897370794281;0,199840771973905
"Gamma4[10, 2]";0,151758029959464;0,0221406804357277;0,000127829278096089;0,000129011910776806;0,11176238188;0,136237991735217;0,150379839722439;0,165975899485683;0,198696867672209
"Gamma4[11, 2]";0,141941688192625;0,0236111235503148;0,000136318885376437;0,000135593337559944;0,100102437059438;0,12520555829833;0,140345829981848;0,156882891447052;0,192514011555421
"Gamma4[12, 2]";0,120379035267992;0,0205133884230833;0,000118434103280585;0,000117374820095073;0,0839141953885179;0,106037568346207;0,11891944846572;0,133226691646641;0,164673737189598
"Gamma4[13, 2]";0,1446200557566;0,0254933632154467;0,000147186001149871;0,00014548856222886;0,0996819125755123;0,126709457524206;0,142920399291848;0,160623876713412;0,199895689057906
"Gamma4[14, 2]";0,104768901052542;0,0171915672575892;9,92555598396069e-05;9,98736216625642e-05;0,0743724929749779;0,0927383877749442;0,10366150832101;0,115658169673193;0,141406829685164
"Gamma4[15, 2]";0,160656650096217;0,0254950330863181;0,000147195642153842;0,00014554110134675;0,115323760638631;0,142622364949413;0,159062356300682;0,177098946903352;0,215256955487744
"Gamma4[16, 2]";0,152192755321559;0,0267422185618934;0,000154396270854369;0,000155944581702065;0,105158031914101;0,133105679437638;0,150470535241669;0,16917879486827;0,20913026015335
"Gamma4[17, 2]";0,151973310537533;0,0221552597728551;0,00012791345193824;0,000127424260796842;0,111920852361237;0,136595573286012;0,150713574522665;0,166159386774427;0,198615975957792
"Gamma4[18, 2]";0,162436176909524;0,0242406345228826;0,000139953368671136;0,000139572067816302;0,119142941878097;0,14529150291296;0,161100099680782;0,178195938191393;0,21367373045986
"Gamma4[19, 2]";0,148296181535492;0,0216544602171189;0,000125022084355096;0,000125596914087761;0,109401212620269;0,133148911057878;0,147109376493411;0,162054025818443;0,194162881609395
"Gamma4[20, 2]";0,160179100594339;0,0238115671629246;0,000137476147113414;0,000135996907346659;0,117535484498612;0,1435085184607;0,158702446079132;0,175405418152304;0,210709485272631
"Gamma4[21, 2]";0,168640769121266;0,0250862240165093;0,000144835381888829;0,000145241871958519;0,123162474449377;0,151142891971917;0,167397470715289;0,184879382667429;0,221295722324383
"Gamma4[22, 2]";0,208176016774285;0,0373358617628633;0,000215558698392158;0,000213168569667838;0,142348316971903;0,181844794416438;0,205622314675745;0,232055212483763;0,288014234090591
"Gamma4[23, 2]";0,173853954801607;0,0294255219421779;0,000169888330143616;0,000169888495191719;0,121633887777087;0,153120523173275;0,17202480473955;0,192556609111722;0,236063119084442
"Gamma4[24, 2]";0,303783879843603;0,0441639361672327;0,000254980604346252;0,000257093264200952;0,222218461354576;0,272987902559482;0,302151171949577;0,332553533146691;0,39515664382491
"Mu_L1[1]";1,12222881621892;0,0213363244617473;0,00012318532671507;0,000123733023229821;1,07971005228372;1,10795875211512;1,12259027457429;1,13681265980191;1,16289674686214
"Mu_L1[2]";0,956670534150326;0,0218867572807761;0,000126363252077441;0,000127654768969945;0,912282500828199;0,942312358897739;0,957243091427151;0,971628391716351;0,998165398008086
"Mu_L1[3]";0,996353351687638;0,0237398524590945;0,000137062102077802;0,000140043102197282;0,948207070874325;0,980563944667797;0,997001371674149;1,0125802953104;1,04141015020906
"Mu_L1[4]";1,07388550916983;0,0208371849258692;0,000120303543261046;0,000119841485459613;1,03183990024584;1,06004274277861;1,07426830099483;1,08801697651407;1,11381535076302
"Mu_L1[5]";1,04605796603104;0,020814663151279;0,000120173513734823;0,000116790087269756;1,00433996150763;1,03218434713696;1,04649810520383;1,06019659362936;1,08581100754078
"Mu_L1[6]";0,930095768272694;0,0243122356491073;0,000140366757966137;0,000140402733176531;0,88088253644774;0,914169213802347;0,93059119790341;0,946745583691789;0,97610699835041
"Mu_L1[7]";1,14663056159357;0,0172191064669363;9,94145575389048e-05;0,000100180406938501;1,11270815955024;1,13511145117503;1,14675162859126;1,15826676818176;1,1803207416295
"Mu_L1[8]";1,12055711473431;0,0152490059690683;8,8040177011158e-05;8,82173202744782e-05;1,09032462732716;1,11028716298463;1,1206693725445;1,13078026675616;1,15009490883125
"Mu_L1[9]";0,963536746695383;0,0175783790099775;0,000101488818533278;0,000101048121924081;0,928010021761945;0,952012331962881;0,96394892735671;0,975503670395945;0,996553128493961
"Mu_L1[10]";1,02543473232526;0,0185698530335492;0,000107213096477314;0,000107681184709798;0,987845963569984;1,01318749402311;1,02563706114706;1,03821354396938;1,06087353764422
"Mu_L1[11]";0,982289889571644;0,0197894436309477;0,000114254406074406;0,000111409224616151;0,942291489271845;0,969271906140368;0,982659334121276;0,995636210254921;1,02011154689139
"Mu_L1[12]";0,957959861852098;0,0232361921844666;0,000134154218126437;0,000134160163732509;0,910953418696393;0,942737064273711;0,958442450076798;0,973748093144857;1,00213032528874
"Mu_L1[13]";0,869209309883304;0,031733151942587;0,000183211438162879;0,000182169314673387;0,803706649600538;0,848644245774532;0,869996529355397;0,890929302691417;0,928901120181672
"Mu_L1[14]";0,995579503981061;0,0160620260436294;9,27341506002022e-05;9,2737300522405e-05;0,96336768427727;0,984993459076465;0,995927962314468;1,00665245404239;1,02622417919172
"Mu_L1[15]";0,908478256059976;0,0175821985548615;0,000101510870685947;9,98042633532902e-05;0,872797431442561;0,896998957060208;0,908905186397837;0,920450835185488;0,941953320473979
"Mu_L1[16]";0,970798701216946;0,0258718422349314;0,000149371150787691;0,000147735718847947;0,918423727331998;0,953693490570561;0,971401537280611;0,988558358722328;1,0198253339331
"Mu_L1[17]";0,965961536725712;0,0175102270324462;0,000101095342907543;0,000100230096686051;0,931001035585651;0,954256339860855;0,966253600731426;0,977815202910386;0,999640678273146
"Mu_L1[18]";0,957102578576797;0,0165977125395276;9,58269380262831e-05;9,65567462674382e-05;0,923500069459537;0,946229008699067;0,957404537773842;0,968364716245607;0,98899144021442
"Mu_L1[19]";0,991218791383132;0,0191711122821883;0,000110684468367859;0,000110409488220109;0,952256325635187;0,978709245618393;0,991629635844705;1,00435100889173;1,02800243733018
"Mu_L1[20]";1,02577557491939;0,0153220945521968;8,84621541425973e-05;8,85469977566685e-05;0,995624854799504;1,01555148288381;1,02588754585594;1,03606235640219;1,05564944115459
"Mu_L1[21]";1,06686633060033;0,0141560230234798;8,17298370326062e-05;8,14270362280704e-05;1,03917142131793;1,05725775920353;1,06690461275109;1,07642850806389;1,0946859318873
"Mu_L1[22]";0,96312297274555;0,0209775631868483;0,000121114017528692;0,000119878983008171;0,920096018613822;0,949361604949752;0,963666414719262;0,977496104569605;1,00271758635543
"Mu_L1[23]";0,94189896859233;0,0211087296913996;0,000121871307695806;0,000123507163589209;0,900023342623772;0,927812664618509;0,942160360142615;0,956261925860707;0,982255131799694
"Mu_L1[24]";0,999138614510766;0,018046190798995;0,000104189731156471;0,000104675653582109;0,963323969985521;0,987171070671774;0,99935059048696;1,01138513742502;1,03422005259752
"Mu_L1surv[1]";1,25017874753264;0,0208175794292065;0,000120190350873288;0,000120676213624788;1,21021601184777;1,23610964279435;1,24979397701561;1,26369456582844;1,29237902273808
"Mu_L1surv[2]";1,15173109352405;0,0160283209261034;9,25395540134352e-05;9,11338673945122e-05;1,12166206837376;1,14067987034601;1,15145890387283;1,16233684937326;1,1845082944822
"Mu_L1surv[3]";1,15244678141454;0,0177753910069047;0,000102626267827873;0,000101953060197977;1,11813519685423;1,14034665376362;1,15213574015062;1,16438476681281;1,18779572333822
"Mu_L1surv[4]";1,2009416307946;0,0193228697398781;0,000111560640458347;0,000113823207162324;1,16406212922065;1,18776330817349;1,20062060104993;1,21367503063863;1,23958321761292
"Mu_L1surv[5]";1,19210501568437;0,0198765587647542;0,000114757365533943;0,000115721712545281;1,15426806955804;1,1784154243332;1,19156366788898;1,20536669628341;1,23232072133195
"Mu_L1surv[6]";1,12039979090775;0,0175947426393724;0,000101583293991638;0,000102824586303232;1,08673892218249;1,10839803920056;1,12004793246675;1,13211423595101;1,15575333621595
"Mu_L1surv[7]";1,25913853897971;0,0194667654757468;0,000112391422876737;0,000112814066118669;1,22191025484541;1,24592717529673;1,2587369420592;1,27204319290779;1,29827835392983
"Mu_L1surv[8]";1,23448259716563;0,0138935797598041;8,02146201433043e-05;8,05457902189409e-05;1,20846888231901;1,22483633635359;1,23410712064662;1,24359929159599;1,2630470632859
"Mu_L1surv[9]";1,12445791171261;0,014519561879812;8,38287295982491e-05;8,52792832042479e-05;1,09672826121005;1,11466114203646;1,12410854385429;1,13407204618898;1,15360445197369
"Mu_L1surv[10]";1,19853575553362;0,0154924646915267;8,9445786600637e-05;8,98420843713495e-05;1,16930894084112;1,18797647289485;1,19805275370995;1,20859252632942;1,23034201228175
"Mu_L1surv[11]";1,14146066172158;0,0177503799099774;0,000102481866192436;0,000102119883626898;1,10744091574056;1,12941225900299;1,14125095239233;1,15336856372957;1,17697496609996
"Mu_L1surv[12]";1,11974638671308;0,0160919831843146;9,29071082325898e-05;9,26115717931264e-05;1,08903541346208;1,10877251984786;1,11943866358223;1,13042923494842;1,15195764717339
"Mu_L1surv[13]";1,08915131681101;0,0186695132050196;0,000107788484745573;0,000107790377443547;1,05337035498437;1,07637472965128;1,08882744182415;1,10164795268574;1,12628693440765
"Mu_L1surv[14]";1,10393449214689;0,0138011637645189;7,96810561457511e-05;8,0317835583982e-05;1,07729803641982;1,0945319385862;1,10376248822023;1,11303951625348;1,1314762384636
"Mu_L1surv[15]";1,03801385408125;0,0149606000565985;8,63750646991545e-05;8,51787827425122e-05;1,00858796371034;1,02797712758451;1,03795812403611;1,04787705564806;1,06748207219583
"Mu_L1surv[16]";1,1536303171149;0,0189162238362095;0,000109212869238868;0,000107833489391446;1,11709778497559;1,14083947312185;1,15336559915865;1,16624953336689;1,1913008979952
"Mu_L1surv[17]";1,08553722088995;0,0179404339719954;0,000103579143831103;0,000103159051024207;1,05153841567802;1,0733340851733;1,08504939865612;1,09737796785743;1,12191345744136
"Mu_L1surv[18]";1,05296913522554;0,0169740668684558;9,79998207574564e-05;9,72550824435899e-05;1,02099044247428;1,04121423209314;1,05264140164817;1,06421965449959;1,08735359925892
"Mu_L1surv[19]";1,12228034152955;0,0153810552889955;8,88025641152208e-05;8,79731040366568e-05;1,09265240835879;1,11179231377251;1,12211454626922;1,13258095378328;1,15283802229778
"Mu_L1surv[20]";1,13129209367534;0,0167743807581914;9,68469324623108e-05;9,60777116731219e-05;1,09940879411479;1,11991449692442;1,13083709986666;1,14227461218067;1,16547831403239
"Mu_L1surv[21]";1,19254509296346;0,0163855856957061;9,46022231224561e-05;9,41808440543687e-05;1,16154259855342;1,1813172895797;1,19214725446524;1,20331675425502;1,22574653444083
"Mu_L1surv[22]";1,09743997790967;0,01673669496709;9,66293534459407e-05;9,6243886829801e-05;1,0650123821352;1,08621075093867;1,09725859179499;1,1085920976699;1,13071924604079
"Mu_L1surv[23]";1,0692924288121;0,0189567891820818;0,000109447073372459;0,000110130511498125;1,03251405802478;1,05648920626891;1,06898533874044;1,08179377397879;1,10753590215175
"Mu_L1surv[24]";1,11970174012277;0,0189347161524628;0,000109319634676536;0,000109793110960202;1,08390250815949;1,10668498104755;1,11924042867057;1,13208289947436;1,158036484113
"Mu_L2[1]";3,01211345238396;0,0387176638834031;0,000223536536654763;0,000221964427890998;2,93751980953559;2,9859974955985;3,01172888796106;3,03748149362515;3,08871988201704
"Mu_L2[2]";2,92941011105583;0,029392994088624;0,000169700530493561;0,000168728931019632;2,87146238379852;2,90968949138258;2,92938834552811;2,94901338300823;2,98767834106771
"Mu_L2[3]";2,92957778281059;0,0274511711357919;0,000158489410448199;0,000158495051034122;2,87599974510444;2,91109334285953;2,92946237623418;2,94764025790948;2,98405370339146
"Mu_L2[4]";2,98084975523381;0,0365663822674528;0,000211116106454046;0,00022086804227293;2,90978321946245;2,9561706376374;2,98074056142747;3,00532940991985;3,05335261658157
"Mu_L2[5]";2,88091150627269;0,0392607559651434;0,000226672080250637;0,00022959102304071;2,80464757109206;2,85440633750537;2,88073193756893;2,90709324135563;2,959411181547
"Mu_L2[6]";2,91862540528905;0,0330705328808657;0,000190932810610122;0,000193416948398849;2,85485729381013;2,89608988751894;2,91826126978899;2,94056372463907;2,98448745039086
"Mu_L2[7]";2,89108795237946;0,02959188121678;0,000170848805863354;0,000173055199519423;2,8322246697782;2,87136293890406;2,89112528888616;2,91084443407521;2,94906882040094
"Mu_L2[8]";2,95830826727381;0,0235194273046112;0,000135789476855031;0,000136929013126446;2,91287601280709;2,94235547616622;2,9580995242765;2,97393818653659;3,00537035625721
"Mu_L2[9]";2,90831088854544;0,0323895131356356;0,000187000941277801;0,000189167423715845;2,84453857612926;2,88683385520078;2,90848251651607;2,92997719742982;2,97178142984059
"Mu_L2[10]";2,98050563764751;0,0310813218056622;0,000179448095112685;0,000179136557082545;2,92076383184133;2,95939093007823;2,98027501702055;3,0013786483118;3,04229582618229
"Mu_L2[11]";2,83216708783441;0,03038338131876;0,000175418533832771;0,000173316413396705;2,77223053335404;2,81186115957175;2,83206260457645;2,8522985507056;2,89164453136279
"Mu_L2[12]";2,68296626278371;0,0269300297522656;0,000155480599267552;0,000155056040037172;2,62989760192188;2,664919327293;2,68290076941762;2,70131545397161;2,73563163782772
"Mu_L2[13]";2,66696520865051;0,0304481108023922;0,000175792249680767;0,000176669253338714;2,60743249113605;2,64674954018712;2,66652980234584;2,68728530073739;2,72755173136815
"Mu_L2[14]";2,78991801312757;0,0224081251658675;0,000129373370965484;0,000129060841036971;2,74610555232375;2,77472060588769;2,78980902501372;2,80514874072933;2,83371326877422
"Mu_L2[15]";2,52838549436552;0,0244289322609795;0,000141040506168916;0,00014178225917171;2,48042251972736;2,51191578222271;2,52846018289999;2,54478860097654;2,57631928253583
"Mu_L2[16]";2,6793184516754;0,0272011639038565;0,000157045993021627;0,000156369247698562;2,62632687017375;2,66115376951559;2,67906975907028;2,6974147477206;2,73378099672867
"Mu_L2[17]";2,61681100929515;0,0287387064387347;0,000165922998985651;0,000164868742722733;2,56146273092354;2,59729156373733;2,61647843438303;2,63597268901724;2,67401049756111
"Mu_L2[18]";2,55291211418704;0,0258744854199923;0,000149386411223756;0,000148284625655303;2,50258526818949;2,53567433344156;2,55266338157829;2,5700497173445;2,60461640510069
"Mu_L2[19]";2,65391371657981;0,0259093717046161;0,000149587827281942;0,000150150748550896;2,603543615307;2,63630825442663;2,65362370332329;2,67122069933753;2,7056060120881
"Mu_L2[20]";2,63617553420678;0,0229967967947155;0,000132772068199281;0,000135493418818863;2,59136484359232;2,62069540732472;2,63616473665122;2,65142713504538;2,68160036475233
"Mu_L2[21]";2,73153437462035;0,0238001077186042;0,000137409985980783;0,000136604710850241;2,68575377516415;2,71532832338982;2,73141831180828;2,74735979477277;2,77924585859777
"Mu_L2[22]";2,73177602114492;0,0242978017165751;0,000140283423617808;0,000140283289818342;2,68451591769248;2,7155225126219;2,73166303613262;2,74798607020675;2,77989770004559
"Mu_L2[23]";2,66405797094804;0,0291062073127059;0,000168044766270798;0,000167968511735611;2,60664280320682;2,64457340944898;2,66394101021295;2,68350090326292;2,72146906647937
"Mu_L2[24]";2,73880257860808;0,0300514365294062;0,000173502049697876;0,000173667410175892;2,68129798180001;2,718485706521;2,73855599777205;2,75883186631976;2,79850095247957
"Mu_L2m[1]";3,03530692852341;0,0359492228718216;0,00020755293502204;0,000206232132972256;2,9652724155445;3,01109858074604;3,03521958191662;3,05926158192104;3,10536623497676
"Mu_L2m[2]";2,95356097628098;0,0285364153281022;0,000164755070713868;0,000163827365751603;2,89767638139585;2,9344539113193;2,95344460631722;2,97259040506928;3,01037899759915
"Mu_L2m[3]";2,95514457549096;0,0268831211847776;0,000155209772526887;0,000155216245089573;2,90338533865172;2,93686201453781;2,95485803454388;2,97287887348965;3,00887514054679
"Mu_L2m[4]";3,01230452494548;0,0345374018839668;0,000199401782748185;0,000204076660823759;2,94460556468909;2,98901598553261;3,01230414012332;3,03576000354121;3,08037713660186
"Mu_L2m[5]";2,91096536311413;0,0379085576943044;0,000218865159893971;0,000221629143095496;2,83697542099541;2,88544808213314;2,91075170374139;2,9363100347563;2,98685927007288
"Mu_L2m[6]";2,94731911455128;0,032680267477775;0,000188679612254824;0,00019110187326048;2,88460793811141;2,92497595631196;2,94697828662885;2,96904031890428;3,01234734837161
"Mu_L2m[7]";2,93033687488492;0,028117138588264;0,000162334375327762;0,000164249216302588;2,87476641005069;2,91153039987187;2,93028629857791;2,94915119993467;2,98581255414872
"Mu_L2m[8]";2,9758158824153;0,0235514049182118;0,000135974099693234;0,000137320426434933;2,9306717603309;2,95976883765912;2,97550705711027;2,99133779776005;3,02307889766285
"Mu_L2m[9]";2,93330453016674;0,031090854148608;0,000179503130120342;0,000180932542919117;2,87269581982386;2,91227652986237;2,9332366677085;2,95406621127316;2,9945866109925
"Mu_L2m[10]";3,00180626738258;0,0304015146190994;0,000175523226491094;0,000175271019813346;2,94312833078624;2,98098283087929;3,00155857737298;3,02230328502011;3,06223095258004
"Mu_L2m[11]";2,86162357434155;0,0300201223588446;0,000173321257249844;0,000173385829922967;2,80315325557586;2,84153034067714;2,86141232547943;2,88162949238032;2,92103497683536
"Mu_L2m[12]";2,71911226748666;0,0262882481596124;0,000151775271514759;0,000151577682819001;2,66808818458143;2,70128146817;2,71887129640284;2,73679086838787;2,7711208914796
"Mu_L2m[13]";2,70495219564208;0,0303335961772818;0,00017513109918443;0,000174559494279642;2,64634130106177;2,68457295734971;2,70439186321556;2,72512536683695;2,76593645694084
"Mu_L2m[14]";2,81500207686534;0,0220138525619816;0,000127097037025608;0,000126777973522889;2,7722310011245;2,80002254515494;2,81475902785833;2,82993122669825;2,85850135141994
"Mu_L2m[15]";2,5606222510168;0,0243950957351146;0,000140845150895751;0,000141531283820804;2,51283924395533;2,54405149496276;2,56044952019889;2,57676634903354;2,60877135953616
"Mu_L2m[16]";2,71164061556857;0,0269981941049482;0,000155874146341256;0,000155462079084426;2,6595151441559;2,69358386346107;2,7112320003878;2,72960084613495;2,76587949478587
"Mu_L2m[17]";2,64890327840703;0,0298892970710799;0,000172565937098767;0,000171324450716574;2,5917606371249;2,62841040357985;2,64840593324006;2,66847839102565;2,70845124862565
"Mu_L2m[18]";2,58779193654931;0,0268910926567882;0,000155255795841999;0,000154440331359323;2,53601806960608;2,56972686130208;2,58724156360078;2,60534319865796;2,64243721811953
"Mu_L2m[19]";2,68219343167091;0,0267519858386589;0,000154452662253068;0,000155006242031094;2,63089830136885;2,6640833733053;2,68181904974872;2,69987545528092;2,73614180018355
"Mu_L2m[20]";2,66326637984641;0,0237429220058251;0,000137079824114114;0,000138907577739509;2,61747873126794;2,64707089722202;2,6630604008884;2,67901490908797;2,71041975553354
"Mu_L2m[21]";2,75746555459108;0,0243400582187282;0,000140527391646739;0,000139605573077313;2,71071744435898;2,74103936531111;2,75712973470233;2,7736131860963;2,8062505219328
"Mu_L2m[22]";2,75533385725707;0,0244453232532984;0,000141135139607193;0,000141135337582151;2,70823151301931;2,73885970616831;2,75499002931792;2,77150225414277;2,80410444990283
"Mu_L2m[23]";2,69619411978655;0,0286743893059838;0,000165551663846579;0,000167907125084935;2,640802015443;2,67689275463484;2,69581686901212;2,71521691066823;2,75363020841215
"Mu_L2m[24]";2,76197555240004;0,0299913362113735;0,000173155060349931;0,00017667882168165;2,70477017246852;2,74153044258885;2,76157665554366;2,78173804070418;2,82226111028009
"Mu_L2nm[1]";2,82990934763607;0,0400876894166598;0,000231446382758987;0,000231860330102376;2,74884891560984;2,80375854089162;2,83071817305977;2,85699664422244;2,90657326494853
"Mu_L2nm[2]";2,79272846680215;0,0331943792736438;0,000191647838092208;0,000191653348530332;2,72612973662613;2,77102632791436;2,79347523715662;2,81547999804656;2,85553609128486
"Mu_L2nm[3]";2,81160081893167;0,0296963550524472;0,000171451985834811;0,000169927780323715;2,75126650413049;2,79212064786783;2,81203517123473;2,83165780392788;2,86813446278883
"Mu_L2nm[4]";2,820980119091;0,0390437118502515;0,000225418975469049;0,000228557102237628;2,74241084088792;2,7950527706221;2,82186335349393;2,84746453714457;2,89543115564939
"Mu_L2nm[5]";2,70967779656224;0,0397604045412092;0,000229556802649555;0,00023160932726362;2,63007451759495;2,68345878612045;2,71026889882126;2,73681111547664;2,78592394411553
"Mu_L2nm[6]";2,7759874920305;0,0320056334127887;0,000184784610664581;0,00018367550131485;2,71206975423347;2,75464865804953;2,77633222167147;2,79779658553091;2,8373210449354
"Mu_L2nm[7]";2,74036780317246;0,0351910123761324;0,000203175404684155;0,000203853585837792;2,66895418469927;2,71724007842204;2,74115041392089;2,76437127848294;2,80763855679235
"Mu_L2nm[8]";2,85617002640434;0,0250995249663641;0,00014491217495862;0,000144922278861387;2,80581406442724;2,83948309282551;2,85654971831352;2,87306473692373;2,90453684708968
"Mu_L2nm[9]";2,78018681734876;0,038309903567501;0,000221182331373253;0,000224031677690287;2,70151077121407;2,75525933011123;2,78133130939683;2,8065847375389;2,85217883820146
"Mu_L2nm[10]";2,84944390912235;0,0328701881635351;0,000189776119845306;0,000189167109929755;2,7832407888689;2,82768738417353;2,84997855691544;2,87179309852661;2,91207432606839
"Mu_L2nm[11]";2,70793656191655;0,0320472920379638;0,00018502512684917;0,000182795064687438;2,64296132260842;2,68679199257453;2,70862295551572;2,72990802776093;2,76878913779761
"Mu_L2nm[12]";2,57838035159872;0,0292178295504378;0,000168689217560819;0,00016826571638457;2,51942963933664;2,55915706941406;2,57878130105733;2,59843914431933;2,63412927502625
"Mu_L2nm[13]";2,55397449353115;0,0304651494345393;0,000175890622269334;0,000175934826072055;2,49316055158568;2,53382181319562;2,5542903963186;2,57440362788459;2,6124723122983
"Mu_L2nm[14]";2,70193392029814;0,0259190144458502;0,000149643499674414;0,000148757763170487;2,65036992849129;2,68455192873685;2,70229708918658;2,71966600339278;2,75173680361265
"Mu_L2nm[15]";2,45039530113141;0,0249218440266095;0,000143886333574649;0,000144379215073389;2,40066991045767;2,4337211045566;2,45079687612876;2,46752657962382;2,49770612259343
"Mu_L2nm[16]";2,57628112696629;0,0283989458170119;0,000163961390121534;0,000163780383395294;2,52031932351297;2,55735749002369;2,57668736499371;2,59538409967758;2,63132446398159
"Mu_L2nm[17]";2,52580481256995;0,0266654676649296;0,000153953149344143;0,000153961724625221;2,47285109478858;2,50812572040664;2,52605177523204;2,54356794996054;2,57817476881902
"Mu_L2nm[18]";2,46479005301708;0,0242985263823821;0,000140287607477796;0,000137859217019077;2,41686737290508;2,44867840585713;2,46490833605003;2,48106993145257;2,51202922748851
"Mu_L2nm[19]";2,56724892982545;0,0243511469423202;0,000140591412422247;0,000140073095616674;2,51851895198067;2,55130047038141;2,56754908746628;2,583644684866;2,61428099479738
"Mu_L2nm[20]";2,55292921179635;0,0227192310922512;0,000131169541868925;0,000133218250783512;2,50748925460175;2,53781399226411;2,55325315131162;2,56835034401861;2,5967116865708
"Mu_L2nm[21]";2,6332385446389;0,0234604666277856;0,000135449067228663;0,000135294259033482;2,58677359564155;2,61779750537312;2,63344878258085;2,64909676252885;2,67836341626443
"Mu_L2nm[22]";2,63253462902707;0,0250671925821028;0,000144725503851052;0,000144729666906122;2,58210960675701;2,61571443745223;2,63296550308229;2,64968752406992;2,68033524201103
"Mu_L2nm[23]";2,55895024846979;0,0302251121762863;0,000174504766512655;0,00017295496326256;2,49824070594132;2,53895769339478;2,55961026247948;2,57966858460675;2,61677648105772
"Mu_L2nm[24]";2,61789761801976;0,0309335476244611;0,000178594920479727;0,00017429503092994;2,5563478732577;2,59729571295571;2,61821486739973;2,6390347324981;2,67742318676619
"Mu_Mu_L1";0,999852831654357;0,0170842979269051;9,86362400701442e-05;9,95203608483109e-05;0,966485407277072;0,988480472782044;0,999809033981166;1,01101536192374;1,03361123885644
"Mu_Mu_L1surv";1,14172553845694;0,00494081238860556;2,85257936257686e-05;2,83600927905696e-05;1,13209535491707;1,1384023377944;1,14170449116481;1,14503941036858;1,15149317580793
"Mu_Mu_L2";2,78863141865238;0,0337985713610312;0,000195136142735162;0,000195803270967932;2,72247473889469;2,76631567139251;2,7881230841927;2,81034621058197;2,85665031393872
"Mu_Mu_L2m";2,81591425538272;0,00764886673539914;4,41607526867827e-05;4,44720560653676e-05;2,80087518971045;2,81070796805348;2,81587877815779;2,82111460613594;2,83084562265766
"Mu_Mu_L2nm";2,67038951666284;0,0102794018579918;5,93481542981991e-05;5,9007160747212e-05;2,65003716723474;2,66357391550577;2,67041318034468;2,67729563869621;2,69045906622192
"Mu_N1[1]";3718,65308961006;308,275125790318;1,77982726859506;1,83864230009778;3151,58429658387;3504,73497560585;3706,73664790806;3918,06492600448;4354,81518136201
"Mu_N1[2]";9847,43483603363;259,11505613454;1,49600147410362;1,49569901281498;9350,8740700403;9669,92503354032;9844,56680937261;10021,49955526;10361,415198589
"Mu_N1[3]";4557,94405212947;279,257392410188;1,61229330681215;1,60576552328138;4039,92158199949;4364,46512184617;4547,62458986256;4740,89855812378;5132,77098496342
"Mu_N1[4]";3009,61982655139;207,697838789059;1,19914403134967;1,18458658725196;2621,35523640633;2867,81909519097;3002,26241535087;3145,4921670539;3437,90652537996
"Mu_N1[5]";3562,69466466642;227,040774243131;1,31082052126293;1,31364522970051;3138,09072482856;3406,17764484093;3555,52781842061;3710,91716658989;4027,65704705627
"Mu_N1[6]";10847,1689098672;574,450136882258;3,31658941164989;3,27636803818389;9772,37616789977;10453,4573182115;10829,9295579555;11223,8446308644;12020,0658867737
"Mu_N1[7]";1740,34656320312;95,7153147929366;0,552612627612717;0,552644477988866;1559,19828238759;1674,25751762246;1738,62901851314;1803,93373883126;1934,55019871887
"Mu_N1[8]";10388,3735742922;209,725128555419;1,210848594273;1,20252931928482;9982,60069739972;10245,2029934476;10386,1249064035;10531,4727217193;10801,4794893332
"Mu_N1[9]";7902,88510939213;162,802459114757;0,939940435946378;0,927534511259736;7588,80246374896;7791,2246240637;7902,49841461294;8012,33791097157;8223,42672110426
"Mu_N1[10]";10897,7705704656;245,859778597486;1,4194720935616;1,41944292967458;10423,6841355512;10729,9309520941;10894,1355404616;11060,3248897978;11393,4237511588
"Mu_N1[11]";7519,10587496804;375,545200402393;2,16821122545194;2,1595395984248;6812,65502942996;7259,48072945148;7510,2101558951;7767,72291539965;8281,82034317064
"Mu_N1[12]";7301,70804798392;258,843339925298;1,49443271983812;1,50274158216297;6808,12978356374;7124,66858007549;7296,22224305951;7474,4307482189;7820,96510593031
"Mu_N1[13]";8831,16522839143;488,122672963082;2,81817756632795;2,81797120177013;7922,14035616427;8493,43657596729;8814,50146278346;9153,9989954404;9828,8558692077
"Mu_N1[14]";13718,5485483775;541,467033214348;3,12616137383612;3,1594265527898;12686,5692766953;13347,9395722015;13706,7480682286;14076,0998092008;14807,1664162547
"Mu_N1[15]";10368,0660761289;408,551937128899;2,35877570879313;2,34006792494478;9599,87811578391;10085,981983079;10358,4640856652;10634,6335902796;11204,2282281584
"Mu_N1[16]";8099,64491721769;521,748720481652;3,01231764219425;3,02583490998527;7126,18885260758;7738,63016294564;8082,17018698707;8438,40700988674;9166,84610568528
"Mu_N1[17]";10727,250129987;697,625016430954;4,02773991029828;3,97998509972025;9423,31059362032;10245,3786525968;10707,1993954976;11188,5462102383;12148,2022773804
"Mu_N1[18]";13491,0297449468;994,37937521319;5,74105199955947;5,70120263044528;11659,0815130033;12809,1294056168;13452,4832837177;14140,7436997078;15540,1507589705
"Mu_N1[19]";10020,6973010197;467,500286788647;2,69911416423652;2,76288920282064;9141,15221796308;9696,97087173852;10010,6695679027;10328,9820586982;10966,4147443319
"Mu_N1[20]";8720,22513171006;485,844946279742;2,80502710519029;2,78523768538282;7809,75088644286;8387,87359180995;8706,36682356406;9041,90284000132;9709,20990999772
"Mu_N1[21]";10995,1021474333;382,304739632628;2,20723744339368;2,20724395141695;10263,1810987876;10735,5834210374;10985,344228592;11246,5500369786;11768,5769782891
"Mu_N1[22]";5933,86712459903;350,736861885829;2,02498021624508;2,04745835766999;5278,55038821419;5693,0775256558;5920,61178152461;6162,3130846993;6656,86702163151
"Mu_N1[23]";5076,20721570204;375,886528262426;2,17018188277065;2,16348761295718;4378,95736370985;4816,08134495274;5063,42375347991;5322,37386268733;5854,35421745396
"Mu_N1[24]";5730,10227512116;272,152471812636;1,57127302861647;1,57923420347498;5210,21615738156;5544,44132460284;5724,31904495736;5910,1868994722;6281,91136430751
"Mu_N2[1, 1]";300,112163801313;35,7558899235435;0,206436726724725;0,208546072842168;232,931679287075;275,24082589161;299,334239520121;323,670539681913;373,103661570712
"Mu_N2[2, 1]";502,865448113627;47,5524197881307;0,274544023652953;0,272366934062654;412,334070013203;470,149839978925;501,693676127752;534,73282783277;597,963913222276
"Mu_N2[3, 1]";317,744653050399;26,9927079034892;0,155842471742365;0,157497184775165;268,051700071639;298,993101192418;316,735896310613;335,41280652576;373,825090575089
"Mu_N2[4, 1]";280,226820244211;28,4374186485411;0,164183513117933;0,163767555016087;227,465107793358;260,434345345619;279,152359988173;298,786144325333;338,937542650394
"Mu_N2[5, 1]";204,00845873617;27,8864733567733;0,161002628992824;0,164306945916547;152,425426694683;184,690823786992;203,072149149222;222,370946445329;261,327760174596
"Mu_N2[6, 1]";571,686327146549;43,0259777896698;0,248410598590127;0,249653903909432;489,528121881934;542,41231715612;570,69123904704;600,124455561684;658,83378183304
"Mu_N2[7, 1]";212,611987974282;17,0385485729708;0,098372106052052;0,0979494713388069;180,380507104301;200,950848745062;212,111717778423;223,824161417795;247,892173529052
"Mu_N2[8, 1]";847,830656621818;59,7394424003463;0,344905831510781;0,340251807659985;733,700580141462;807,027089355473;846,758499840633;887,692428364071;967,09488627286
"Mu_N2[9, 1]";416,032314209384;31,2433648070748;0,180383650817543;0,178888078337267;357,101290172392;394,465795178002;415,270269246028;436,776583966259;479,449341713106
"Mu_N2[10, 1]";710,588619080376;51,5912417388589;0,297862173057573;0,297244428195783;613,331677271614;674,773297567759;709,278212650446;745,186314604073;815,940209667968
"Mu_N2[11, 1]";444,604568590856;38,2844266545355;0,221035240347665;0,222626389592575;371,997977386903;418,282184885509;443,824082779577;469,883892490287;522,120060935792
"Mu_N2[12, 1]";444,638650485564;36,4407788504971;0,210390934788141;0,209596393865115;375,833126572714;419,501054534985;443,72938340675;468,745136470248;518,660583272985
"Mu_N2[13, 1]";395,962582161909;40,1826277633082;0,231994509558925;0,231929083144132;321,070735104196;368,051346136937;394,677820837876;422,12264789882;478,261565280422
"Mu_N2[14, 1]";900,379788731732;57,0942373844721;0,329633733231014;0,328428857476936;791,009966172994;861,267225128006;899,517416759256;938,281463570877;1015,08648817236
"Mu_N2[15, 1]";449,930429393329;39,1143388725191;0,225826740772231;0,225965474848928;375,935889498995;423,191916370101;449,213409757138;475,721623170102;528,946628505419
"Mu_N2[16, 1]";476,802536575497;48,4567001133308;0,279764888544725;0,279710448437132;386,618550452079;443,331700838254;475,189238190838;508,618672409796;576,499463859281
"Mu_N2[17, 1]";567,788741429056;44,1618857845661;0,254968766456408;0,254951624558198;483,870026322915;537,530131191663;566,718240604811;596,874712158886;657,100438210249
"Mu_N2[18, 1]";654,311443505468;56,0750508054293;0,323749456773365;0,32065005586467;547,186271817253;615,72764381451;652,817785317313;691,280123929385;767,189975748391
"Mu_N2[19, 1]";591,80760504567;46,1725528726894;0,266577358302195;0,26657670452574;504,187832055819;560,314962322339;590,606299363014;622,480271321096;685,572248675464
"Mu_N2[20, 1]";538,708321244054;40,9638797856899;0,236505070213196;0,233870977566157;461,281234750872;510,63725310359;537,68108164669;565,346571669731;621,71263024985
"Mu_N2[21, 1]";767,038289837813;66,6791816188789;0,384972434570037;0,386423710966923;641,058100736369;720,852169454606;765,523912160262;811,215414126493;901,927873793306
"Mu_N2[22, 1]";255,051971477589;32,0248536746128;0,184895578897961;0,183831242109719;195,245882393714;232,913144671083;253,972022100675;275,912264761732;320,800482090761
"Mu_N2[23, 1]";229,9832971452;26,3741760454122;0,152271376394733;0,153396134977134;180,906274422658;211,757681312853;229,14809068819;247,258626090802;284,383622100112
"Mu_N2[24, 1]";202,236337702418;26,9366995707597;0,155519107482582;0,154438742839533;152,776263650497;183,563621114253;201,241236885753;219,563927147426;258,721089808334
"Mu_N2[1, 2]";311,721038869681;34,2454022467699;0,197715922056796;0,203559373081983;247,315606970713;288,210919602113;310,815783590669;334,344815115503;381,223403052551
"Mu_N2[2, 2]";516,44184191351;44,4167152899129;0,256440025291502;0,25516618346634;431,43786006593;485,875734534585;515,974572443666;546,120862920062;605,424721969977
"Mu_N2[3, 2]";192,408365236527;21,2560988729809;0,122722144062368;0,123591425786273;152,608529426439;177,74663048949;191,588343120318;206,373649562286;235,977350040889
"Mu_N2[4, 2]";141,702206078448;22,3530298889425;0,129055278235847;0,129058215250137;101,131215744418;126,112047818177;140,509210937755;156,062031183178;188,666824568184
"Mu_N2[5, 2]";262,465640819631;26,8329403642592;0,154920053424542;0,1539962389435;210,497392486076;244,372993342766;262,283720858862;280,500937057644;315,32541627206
"Mu_N2[6, 2]";440,632499564697;38,0811592534109;0,219861675460098;0,220603969378262;369,008366290821;414,390779924669;439,702730683777;465,567761049604;517,376282756307
"Mu_N2[7, 2]";91,6819123367358;13,4645342504039;0,0777375247398364;0,0765268905643743;67,0627368210419;82,3743096662725;91,0957650171654;100,384380965977;119,73496076117
"Mu_N2[8, 2]";822,60025825671;57,6400422806931;0,332784939268596;0,335842296594266;711,822535943095;783,260216072208;821,867011913833;860,791092671596;937,004668151245
"Mu_N2[9, 2]";377,892880347983;28,5432892092469;0,164794757085161;0,164553105919898;323,110446903869;358,194968676929;377,540889218616;396,895271234032;434,818657554027
"Mu_N2[10, 2]";674,801732261989;48,8137788723308;0,28182648372103;0,285898409157781;581,100487668045;641,553769274296;674,045895461939;707,534628075389;772,109366274922
"Mu_N2[11, 2]";360,198787560283;34,5216999255429;0,199311127448957;0,197620276365081;294,659731586169;336,710976698594;359,309853834863;382,879549185462;430,293489460455
"Mu_N2[12, 2]";275,401804040171;30,4836889718348;0,175997660337816;0,173238803591324;218,479249368012;254,51752764657;274,24294165477;295,276410111764;338,141310048019
"Mu_N2[13, 2]";296,957454840868;35,3323513622369;0,203991425700899;0,202496133600967;231,039220913411;272,717542317574;295,650252086269;320,177703521819;369,876277850549
"Mu_N2[14, 2]";519,744374520929;48,7890671512905;0,281683810533083;0,285206004313255;426,695881179965;486,264266848442;518,723019081418;552,212686324122;617,559400144871
"Mu_N2[15, 2]";358,678156301953;31,853953424449;0,183908885843594;0,183353578843674;298,687947009139;336,789264609365;357,844558627468;379,913731935598;422,453370514554
"Mu_N2[16, 2]";387,100840148534;46,2024305561831;0,266749857188273;0,27185948856546;300,860569899763;355,364784138459;385,441996795954;417,226016907524;482,290524192033
"Mu_N2[17, 2]";447,484960651051;39,6269403034116;0,228786246513359;0,226559510604643;372,741068804065;420,380652750272;446,708366008233;473,478055207941;527,520020379371
"Mu_N2[18, 2]";533,703918688616;49,4508414917317;0,285504566469048;0,282100148786236;439,51821704181;499,884361381319;532,37666729896;566,505193139388;634,34552354243
"Mu_N2[19, 2]";467,026812521325;38,8449734072868;0,224271558533609;0,223385616725419;393,720035924193;440,586469029109;466,255010805529;492,543000363883;545,372463946881
"Mu_N2[20, 2]";461,873185779336;40,4389353703922;0,233474302218378;0,231740001339476;384,661598905594;434,097565923254;461,159860207178;488,726547152036;543,317363995051
"Mu_N2[21, 2]";733,828883687118;53,1892534930368;0,307088298222001;0,306471910348246;628,920672753191;697,90220109412;734,181781531146;769,754074743608;836,690303485947
"Mu_N2[22, 2]";314,838214219744;34,0818946296458;0,196771910389185;0,196494290369401;250,965657905943;291,310030828677;314,058172219603;337,137310729091;384,615273051514
"Mu_N2[23, 2]";216,021849961756;23,5554769204574;0,135997609409161;0,136849118154218;172,225288669326;199,717157186724;215,252256630001;231,306471464496;264,587119856353
"Mu_N2[24, 2]";410,8521295419;33,7311040413602;0,194746619983426;0,193771945074488;347,131032038958;387,438907329895;409,993392087863;432,929643257469;479,33411123185
"Mu_N2m[1, 1]";227,302635685713;27,5313196020029;0,15895214783362;0,160498666761918;175,705229170078;208,150584892176;226,667629648814;245,578612469367;283,293461744629
"Mu_N2m[2, 1]";370,656689357175;35,799297823614;0,206687342352631;0,205654750601008;302,786691131626;345,889713710755;369,89656274702;394,583762332728;442,809235562514
"Mu_N2m[3, 1]";234,967731705021;20,3727681165567;0,117622231562318;0,118816896521802;197,322076160529;220,88849428222;234,253607539469;248,029390508516;277,73174830632
"Mu_N2m[4, 1]";210,440809180212;22,0073742294247;0,127059634355152;0,126697740254261;169,850525612773;195,080995680732;209,525027959238;224,759985954268;255,751980683635
"Mu_N2m[5, 1]";145,55688112547;20,2706575371812;0,117032695857423;0,118358707780996;107,96886539614;131,491266067151;144,794317114035;158,879916891838;186,984816399973
"Mu_N2m[6, 1]";418,446555485406;32,9540431555291;0,190260256867313;0,19201974563858;355,879263241911;395,673981952202;417,714498771984;440,217587914539;485,22242418571
"Mu_N2m[7, 1]";153,02029201722;12,9084206847054;0,0745268015712762;0,0737206523990221;128,814028560113;144,216352920445;152,645907969426;161,385431218122;179,357187772876
"Mu_N2m[8, 1]";638,224740740079;47,4559293065139;0,273986935597596;0,265442795554867;547,966756767404;606,006821061631;637,114928146443;669,629731274433;733,207295054405
"Mu_N2m[9, 1]";303,732770957806;23,6350131855373;0,136456812249703;0,135929683338199;259,205130435482;287,40608284241;303,28602351589;319,529336299571;351,401422284343
"Mu_N2m[10, 1]";537,574714249324;40,5733692867215;0,234250456796188;0,233557856540196;461,202146764866;509,388761424343;536,655219085609;564,556145531513;620,083803037364
"Mu_N2m[11, 1]";311,411223764347;27,6641893664087;0,159719271776088;0,160876311582887;259,114686955125;292,463856370862;310,715883139538;329,855477971481;367,135042321207
"Mu_N2m[12, 1]";283,654927713635;24,2983275300994;0,140286459403606;0,140288248190876;238,141256018761;266,890385804662;283,058283305314;299,770346942271;333,026078929893
"Mu_N2m[13, 1]";249,453936673633;26,1462708318678;0,150955565030837;0,150948971036301;200,652467196088;231,392133922306;248,688494199981;266,507540725105;302,951737760898
"Mu_N2m[14, 1]";618,467029469266;42,0029900972217;0,242504376394001;0,240429993403357;538,303194417951;589,831234605;617,773119741149;646,248637226345;702,949334871866
"Mu_N2m[15, 1]";255,477049068586;23,2246737592087;0,134087716467204;0,133745036991553;211,309623910526;239,440591634635;255,048739142033;270,732669861469;302,614225586965
"Mu_N2m[16, 1]";303,591998240264;32,0743111107253;0,185181121538491;0,182345266509236;244,410197893376;281,474959690299;302,329330694176;324,732938325028;369,818181185585
"Mu_N2m[17, 1]";345,950061822853;29,4592801966303;0,170083233516571;0,169263982569972;290,054813832957;325,812010272885;345,083903982565;365,321764145791;405,824160359549
"Mu_N2m[18, 1]";379,034721037864;35,3336917597979;0,203999164489826;0,202008280673575;312,305711232251;354,472759355912;378,189099308421;402,282556433552;451,673074282772
"Mu_N2m[19, 1]";370,878569270566;30,1209616151039;0,173903452967306;0,173907186406199;314,085726928834;350,355661160902;369,957191987586;390,858269524636;431,467314411514
"Mu_N2m[20, 1]";333,492359942766;28,112063911205;0,162305076666102;0,159589052714241;280,72767096446;314,177991656918;332,779729248025;351,877947626752;390,70718235907
"Mu_N2m[21, 1]";506,807170256347;45,3797277125661;0,261999980106019;0,262130482050043;421,50930587958;475,481613143865;505,693805079856;536,892239039834;598,476952821683
"Mu_N2m[22, 1]";168,567251746632;21,6018208320989;0,124718170723983;0,123746823855822;128,618479464247;153,592679914022;167,848117929307;182,654428349666;212,626553074434
"Mu_N2m[23, 1]";144,774353639219;16,8968435692264;0,0975539718314783;0,0975577318931258;113,38021353815;133,157996138501;144,212086301527;155,824818534001;179,34058532462
"Mu_N2m[24, 1]";133,938704332323;18,3644377204376;0,106027130614108;0,10602665834024;100,358695166226;121,141006940413;133,193680330781;145,656921834482;172,499845689842
"Mu_N2m[1, 2]";295,757925917392;32,5272995391945;0,187796451449655;0,193440646776918;234,372678552832;273,350354325877;294,988817517553;317,218916542152;361,798214217894
"Mu_N2m[2, 2]";489,794415339325;41,9720439355131;0,242325708646073;0,241109478798285;409,634063190755;460,998270109284;489,382368658943;517,844595693859;573,705260901743
"Mu_N2m[3, 2]";182,77090358557;20,2019076878177;0,116635768417055;0,117504726577566;144,847362928001;168,850468328142;181,99902298392;195,97452406771;224,118569529448
"Mu_N2m[4, 2]";134,559751168759;21,2283358637489;0,122561854253832;0,122564793335179;95,9782293657071;119,793149732223;133,404550279742;148,123661479171;178,979595119156
"Mu_N2m[5, 2]";246,609782570658;25,1992151878698;0,145487736720839;0,146133468219644;197,710161830758;229,540686276172;246,444958316626;263,548952211655;296,419809531318
"Mu_N2m[6, 2]";417,102645630576;36,1556017589046;0,208744464082165;0,209409713746044;349,042535674709;392,197216972035;416,259928161302;440,792628847843;490,416146690621
"Mu_N2m[7, 2]";86,4084266941422;12,6649590033828;0,0731211748987862;0,0727067485388616;63,2221767643526;77,6136496060805;85,8710645953518;94,6120321738706;112,802327073828
"Mu_N2m[8, 2]";784,686183051058;54,8300875210559;0,316561657899724;0,318718201241281;678,998798893968;747,321423478482;783,92682411695;821,225858192863;893,462543747889
"Mu_N2m[9, 2]";357,856168225697;26,8883496498898;0,155239959084287;0,154419171363024;306,444264505103;339,356250388535;357,424483562196;375,746783195113;411,414965859268
"Mu_N2m[10, 2]";643,387288007256;46,5499570984063;0,268756302615304;0,272976130477098;554,047064929949;611,666960912204;642,678064649767;674,803888197443;736,122931057241
"Mu_N2m[11, 2]";338,211380582152;32,3868090596735;0,186985329287955;0,18480149735787;276,479492005805;315,980572611793;337,226413314272;359,363503542899;404,222819136928
"Mu_N2m[12, 2]";253,417219088009;28,0784357712261;0,16211092450941;0,159442598243487;201,143802120518;234,304791091505;252,352767410986;271,848681504576;311,100987129215
"Mu_N2m[13, 2]";272,207492752114;32,5013000000539;0,187646343040439;0,187721641216704;211,952077761268;249,780348766352;270,946231493386;293,621363676855;339,251025155832
"Mu_N2m[14, 2]";486,88806150723;45,5607217869171;0,263044949881503;0,266309385373453;400,418097210965;455,626059681796;485,868080625457;517,45712597352;578,435935359708
"Mu_N2m[15, 2]";321,487231972634;28,4017943905269;0,163977836368391;0,163813942251616;268,152886798759;302,146537663306;320,600285133138;340,512181239561;378,431350888568
"Mu_N2m[16, 2]";356,148847240159;42,6744389265064;0,246380988017347;0,250187754638155;276,63194455485;326,750688805665;354,552682418821;383,846517924054;443,93600059307
"Mu_N2m[17, 2]";407,738586130747;36,2202715027883;0,209117835022562;0,206927612461147;339,901571135389;382,965675477269;406,936262845789;431,676237924651;480,783837963964
"Mu_N2m[18, 2]";480,182673114037;44,6986717434126;0,25806790163478;0,253883544609147;394,945158488294;449,649142300657;479,024176679148;509,878084334723;571,119126042855
"Mu_N2m[19, 2]";428,69324824961;35,8163021128613;0,206785516662374;0,205971327466727;360,831674998351;404,326382390779;427,796411505597;452,360535884625;501,051411930418
"Mu_N2m[20, 2]";422,831096775662;37,0281807743677;0,213782301376833;0,212208360321517;352,008235320403;397,428037104147;422,112535583902;447,442776111397;496,968517897411
"Mu_N2m[21, 2]";681,33672639755;49,5624953822873;0,286149200506731;0,28570065780617;583,416136895461;647,746809012271;681,703036081583;714,819476290139;777,376131233063
"Mu_N2m[22, 2]";292,341191292838;31,7091306700735;0,18307275128136;0,182853524860791;233,005998366848;270,454089259486;291,497163687686;313,06559442102;357,228920763304
"Mu_N2m[23, 2]";198,170704065853;21,6075826845386;0,124751436794555;0,125494869167982;157,822482651274;183,165197933609;197,473003960322;212,19520113454;243,042483813194
"Mu_N2m[24, 2]";381,205058682541;31,3463157165172;0,180978038170342;0,180172870680823;321,866722347731;359,493727473816;380,457693122307;401,770940348286;444,999898627743
"Mu_N2nm[1, 1]";71,0638526452777;9,67935875696394;0,0558838038391609;0,0563559909222605;53,4503317986935;64,369231709209;70,5872189792605;77,2921441855073;91,2892649972728
"Mu_N2nm[2, 1]";131,792361748619;14,3146292506773;0,0826455505122824;0,0827789974476015;105,053564210646;121,889705433958;131,292072763572;141,061300661992;161,062237661248
"Mu_N2nm[3, 1]";82,6562879287226;8,35632555638381;0,0482452680941434;0,0483283363539192;67,3651581466191;76,8524813576213;82,2578106686301;88,0322219201764;100,069897180306
"Mu_N2nm[4, 1]";68,9234227830124;8,06237803786422;0,0465481613046943;0,0460310832917606;54,2312282458747;63,274076848071;68,5286722695665;74,1152700226163;85,7569988005955
"Mu_N2nm[5, 1]";57,9866484350351;8,61267389702413;0,0497252959288935;0,0494057488427529;42,2722106719217;51,95792650582;57,5977996327397;63,520106172941;76,2125482783139
"Mu_N2nm[6, 1]";152,605285454962;14,0836567359121;0,0813120300765315;0,082268789022359;126,592321799324;142,86299990003;152,150164818904;161,795371033831;181,68747264833
"Mu_N2nm[7, 1]";59,296367643893;5,3341342982951;0,0307966387301429;0,0306341481627828;49,3101864309994;55,6504649403378;59,0820558666476;62,7550325229695;70,4633882849135
"Mu_N2nm[8, 1]";209,457811905826;16,9622068712822;0,0979313470318491;0,0986492387663341;177,81199511931;197,741737284702;208,978425333758;220,53481477862;244,221941648388
"Mu_N2nm[9, 1]";112,07972437749;10,4830887840042;0,060524141313836;0,0603123521571827;92,7626058098675;104,884111847197;111,640876374883;118,873192043;133,833822053545
"Mu_N2nm[10, 1]";172,275331925527;15,7684164113735;0,0910389945980058;0,0907167863624654;143,13870283457;161,383665224048;171,654079428544;182,46826156162;204,781305922859
"Mu_N2nm[11, 1]";133,052939419193;13,2583081320567;0,0765468776904194;0,077136369725473;108,529391939633;123,865955750589;132,549407764983;141,689932466673;160,395617498939
"Mu_N2nm[12, 1]";160,813063840988;15,2340782219013;0,0879539916227053;0,0864118522447357;132,404065503701;150,24230256025;160,220852452597;170,693135692179;192,446820037141
"Mu_N2nm[13, 1]";146,209453804041;16,531434927682;0,09544428405588;0,0955632758739322;116,081325084617;134,713863247276;145,367647121182;156,849234159028;180,538232530101
"Mu_N2nm[14, 1]";281,892738570006;20,4852080244815;0,118271403673399;0,117598890690051;243,46681718685;267,925099935806;281,135892801874;295,343100203358;323,833527385309
"Mu_N2nm[15, 1]";194,117541539216;19,705094595653;0,113767416692073;0,114244479482814;157,788380846791;180,635689050753;193,232175807232;206,751077427046;235,43095944039
"Mu_N2nm[16, 1]";173,054793864082;19,1080544933051;0,110320404053997;0,11078652492546;137,890238866376;159,653236532332;172,192321936593;185,600482666135;212,763989339548
"Mu_N2nm[17, 1]";221,605060255874;19,0264594618433;0,109849314920207;0,109567280294513;186,038926095636;208,544891024019;220,934853282395;233,88859843133;260,914155561471
"Mu_N2nm[18, 1]";274,650191930185;25,6214556330037;0,147925543067447;0,145805833742674;227,083077369596;256,935505326624;273,675959338464;291,193555553008;327,436004355589
"Mu_N2nm[19, 1]";220,841713177855;20,0203283198828;0,11558741944749;0,115585109703884;184,012642038682;206,762584176139;220,073848615071;233,971481767272;262,180267647963
"Mu_N2nm[20, 1]";205,137985388732;16,3396903836364;0,0943372464146764;0,0939864136089766;174,558779821711;193,929534012122;204,711934964884;215,667761020174;238,683315241125
"Mu_N2nm[21, 1]";260,164177390112;25,1232776850736;0,145049311344029;0,144387556899337;213,460228640128;242,828303252338;259,330860567071;276,592113760927;312,087257223707
"Mu_N2nm[22, 1]";86,4631558807685;11,3967402107652;0,0657991102856954;0,0661920563774431;65,5562075315302;78,510035818524;85,9076094031231;93,860553374312;110,24760937612
"Mu_N2nm[23, 1]";85,1039787155792;10,7917340223869;0,0623061054284793;0,0631050469268964;65,433263861085;77,5962326555723;84,5420224821827;91,983948065847;107,664733216193
"Mu_N2nm[24, 1]";68,2422912811148;9,48365226599403;0,0547538918867246;0,0543010715297188;51,004833477578;61,6571100680329;67,7446012019523;74,2831274260429;88,1679244364833
"Mu_N2nm[1, 2]";14,153760707629;2,46419141692514;0,0142270157789649;0,0140255716477859;9,80767074481791;12,4110880455075;13,9881806362563;15,7148068659369;19,3936349151381
"Mu_N2nm[2, 2]";26,2208547414387;4,07992623871837;0,0235554651219787;0,0238873226418204;18,9513088093377;23,3484208869241;25,9875120266034;28,7889984611762;34,9358295288937
"Mu_N2nm[3, 2]";9,56456013373417;1,59680457485072;0,00921915551133291;0,00928435704489299;6,73642956686625;8,43425209218876;9,45318803172398;10,5797879443084;12,9724496872584
"Mu_N2nm[4, 2]";6,70696069388519;1,39457291774289;0,00805157049463419;0,00808215662055172;4,32407726001135;5,72807699039531;6,59032344623117;7,55867174276951;9,78074277230447
"Mu_N2nm[5, 2]";15,2594680310958;2,52797297467407;0,0145952587743217;0,0149058054815862;10,755906277242;13,4731186194339;15,1003183118457;16,8754484645442;20,6171093328725
"Mu_N2nm[6, 2]";23,0423613987733;3,47429487359311;0,0200588508051312;0,0201584239989534;16,8239088065894;20,5869323800227;22,8452189884912;25,2877502684866;30,3789066052863
"Mu_N2nm[7, 2]";5,14631073210359;1,00949496271601;0,00582832188469659;0,00583014759449652;3,39853548592721;4,4320396673069;5,0705422205826;5,76776397337646;7,367046016935
"Mu_N2nm[8, 2]";37,7708173675781;5,45038850081968;0,0314678326813629;0,0312919042380048;27,9653163613342;33,9549390539549;37,4822915509243;41,2803510646573;49,2975653878388
"Mu_N2nm[9, 2]";19,8372466680077;2,99306360469378;0,0172804607787162;0,0173400973758385;14,5161391748749;17,7493390129165;19,6488140538847;21,7349586922229;26,2045023945158
"Mu_N2nm[10, 2]";30,7149775406708;4,56438993803684;0,0263525175941199;0,0261927227809288;22,520522482623;27,5682230221365;30,4429775318754;33,6103439005513;40,4760862339291
"Mu_N2nm[11, 2]";21,8737873732311;3,41782134156047;0,0197328007159199;0,0197338116907681;15,8258711254706;19,4691739145213;21,665824618693;24,0062277305965;29,1547017999414
"Mu_N2nm[12, 2]";21,8788437690201;3,51255536237619;0,0202797478401136;0,0202813365634763;15,7250479059113;19,4044337854896;21,6305954343566;24,0924943226078;29,4898210474647
"Mu_N2nm[13, 2]";24,5259531132804;4,05036726537054;0,0233848063097853;0,0230538095574954;17,3590545067076;21,6693830923327;24,2476002051529;27,0846666142811;33,1959051086595
"Mu_N2nm[14, 2]";32,8447002032716;4,97992628391141;0,0287516178056075;0,0288526670577566;23,9538835220037;29,3497276135956;32,5373900522149;36,0255777173374;43,5006620899849
"Mu_N2nm[15, 2]";36,9230541481493;5,48568917905507;0,0316716412421806;0,03206700918271;27,231166005899;33,0818659587865;36,5662900909196;40,3814022110978;48,7051967652743
"Mu_N2nm[16, 2]";30,8256853793366;5,02791750468151;0,029028695247911;0,0292776616521;21,9705565130954;27,2864302320848;30,48355041683;33,9961750673568;41,6723535642506
"Mu_N2nm[17, 2]";39,5617702130244;5,63615217164836;0,0325403397349487;0,0327970164414437;29,3387920508611;35,6502535787702;39,2733564770556;43,1788880927242;51,4216092432786
"Mu_N2nm[18, 2]";53,0099166630406;7,60704703018767;0,04391930650617;0,044884765079288;39,5060847745384;47,6644832520967;52,5432198786331;57,8742053788662;69,0181688037072
"Mu_N2nm[19, 2]";38,2646532364798;5,29256030035381;0,030556611141116;0,0307226990289391;28,6921155222646;34,5491139456011;37,9988531989574;41,6383045316364;49,4120069098066
"Mu_N2nm[20, 2]";38,9749460023901;5,50160488031131;0,0317635305862269;0,0317971074896416;29,127963526552;35,1087114982753;38,6732768653627;42,4553100411914;50,666830228348
"Mu_N2nm[21, 2]";52,4281505006163;6,92670761112324;0,0399913650387983;0,0405590035128853;39,873455669475;47,6271063914155;52,1428540844955;56,8873921146664;66,8726471468722
"Mu_N2nm[22, 2]";22,4704377553668;3,50229212910174;0,020220493035176;0,0201881326606753;16,2245352783897;19,983052495956;22,2596155233702;24,7255129626992;29,9081054242666
"Mu_N2nm[23, 2]";17,7526237948413;2,86361513579019;0,0165330896950395;0,0165990706261508;12,691483915544;15,7310729489188;17,5555569456684;19,5508319614715;23,9727099051024
"Mu_N2nm[24, 2]";29,5346711897306;4,20559802826008;0,0242810315371932;0,0241748999777715;22,0084903737798;26,5839968724862;29,3196772901834;32,2358875429207;38,4821943228305
"Mu_N3[1]";399,293707024128;24,9035614812324;0,143780779249699;0,143548953858753;352,963305413473;381,98108545595;398,396083254014;415,58886497384;450,314841982111
"Mu_N3[2]";656,850729204801;27,9251090006437;0,161225691986713;0,160347157045417;603,424091793406;637,685250173678;656,564035298823;675,465517484487;712,623720380587
"Mu_N3[3]";318,893108173098;20,6457907436028;0,119198528434518;0,117694349100684;280,077294922107;304,683966452321;318,251241081358;332,490582931721;360,817753674829
"Mu_N3[4]";263,366353305128;21,2327659800913;0,12258743154246;0,123693417495143;224,454632358699;248,613575348354;262,516081674212;277,142888328391;307,205469732997
"Mu_N3[5]";299,371989428121;16,4026874557355;0,0947009601800222;0,0948665190468923;268,26023159704;288,194487331323;298,917968415378;310,207045800315;332,634942187662
"Mu_N3[6]";637,84112664148;34,0709791318492;0,196708889733273;0,195886917530493;573,579916142685;614,355846990207;637,03987892805;660,193191819568;707,204082496874
"Mu_N3[7]";182,7749742196;11,5929860339648;0,0669321360742115;0,0662903671991107;161,177084713094;174,721715762718;182,356923366221;190,269224842485;206,460013884807
"Mu_N3[8]";1086,22102149006;35,0322010711965;0,202258507187604;0,202156866568491;1019,13847359752;1062,28726974409;1085,6068840608;1109,65799839751;1156,1791960805
"Mu_N3[9]";505,043429852757;19,7846510019073;0,11422673581774;0,11594947187746;467,628922829835;491,594618755934;504,641603208631;518,218875723309;544,829289896297
"Mu_N3[10]";901,522176113665;34,0991467805383;0,196871515728804;0,198525844357491;836,13191691856;878,467759454369;900,664658212544;923,964113881509;970,35608389444
"Mu_N3[11]";495,90857521582;25,5632137087727;0,147589283161118;0,145957623863755;447,929128958059;478,263878556212;495,062537994562;513,053191650795;547,601283073528
"Mu_N3[12]";409,989863847847;24,4980418325456;0,141439510466389;0,14092480654081;363,729910676147;393,172632146308;409,391710289767;426,145781011715;460,036416148029
"Mu_N3[13]";398,225638210067;28,3270199139102;0,163546125726359;0,163391051707546;344,919436760198;378,714613255549;397,426462748499;416,744523384659;456,117477527855
"Mu_N3[14]";843,805410412304;31,7642034599996;0,183390714182248;0,185336334958393;783,447208243742;822,011717670266;843,249981354532;865,106772137133;907,653453853355
"Mu_N3[15]";440,442701111673;20,6060350029113;0,118968998558617;0,117730299261653;401,341435316686;426,397966381112;439,991695648939;454,009940319564;482,132319510583
"Mu_N3[16]";503,632633016214;35,841305155351;0,206929871795494;0,207015537954071;436,938181518149;478,868697301875;502,465561509518;527,164169546458;577,084153984353
"Mu_N3[17]";575,350458962246;29,1604145889043;0,16835773212585;0,167784212821107;520,480846319905;555,278051056796;574,847451366541;594,888963318423;635,05244773326
"Mu_N3[18]";655,908939873107;34,7997137742913;0,20091624115309;0,201148611472808;590,354443726059;632,146918061371;655,010531157029;679,295925935119;726,499996529239
"Mu_N3[19]";610,37672974455;28,3423964116409;0,1636349019774;0,163030218785446;556,672828707609;591,067135217586;609,50661162754;629,406065314477;667,704070150729
"Mu_N3[20]";577,361817944815;26,4706004419284;0,152828082907584;0,152824461911772;527,546001592249;559,336504778596;576,60905614059;594,856476262759;630,725894294342
"Mu_N3[21]";907,00468702707;26,5886581815664;0,153509689585183;0,153299322077668;856,047740078737;888,956268094021;906,560160769896;924,582744825713;960,270303245418
"Mu_N3[22]";351,848054183057;23,3840860677592;0,135008083859742;0,134239678088985;307,778679315231;335,972594937273;351,203713569051;366,974852780115;399,516769840032
"Mu_N3[23]";261,797224736221;19,2034806531768;0,110871347244894;0,11060924733455;226,252710422343;248,443034737015;261,060578360571;274,438109238104;300,827596339249
"Mu_N3[24]";393,250185321071;23,7790069362559;0,137288160557093;0,134527525015373;349,087019178684;376,790718607986;392,447923532142;408,776752741615;441,98054182221
"Mu_N4[1]";51,1728000553536;5,96191460955434;0,0344211300471176;0,0346437538551167;40,2962743476692;46,9906035458697;50,9028149236918;55,0589183549009;63,6382330288087
"Mu_N4[2]";94,8862378961852;8,54896934305971;0,0493574975150938;0,0494631555694987;79,0311737057859;89,0692918140897;94,5686140498943;100,421536252025;112,403714371595
"Mu_N4[3]";55,378211535823;5,1579476742815;0,0297794247821243;0,0298481224204784;45,9337825974479;51,7847928207902;55,1346660269061;58,7217893404589;66,1254316192313
"Mu_N4[4]";45,4157109017532;4,91934248328029;0,0284018370695784;0,0284010628511876;36,3619228979502;41,9770943044579;45,1795564812425;48,5826965023737;55,692725513503
"Mu_N4[5]";43,9839691030799;5,14875619420771;0,0297263577471758;0,0294195827724902;34,5930355275172;40,3952475475401;43,7495172498553;47,3028603496406;54,8387406071946
"Mu_N4[6]";105,475635364446;8,91567788817238;0,0514746902874431;0,0520476317459544;88,9250335701294;99,3373125913179;105,179946474726;111,27685489027;123,77056774968
"Mu_N4[7]";38,6975434516068;3,18446606839294;0,018385523418119;0,0182449993595559;32,7763518293658;36,5168018726285;38,5529410963867;40,7480099843502;45,3895031252827
"Mu_N4[8]";148,459698834496;10,3094504193292;0,059521639747968;0,0598791124750076;129,078404912435;141,360091637757;148,17235201488;155,23142858232;169,390713962032
"Mu_N4[9]";79,2155578831273;6,45005337326519;0,0372394005134211;0,0377221859533823;67,3136340392383;74,7557439211047;78,9392664224562;83,3955202842789;92,6416125223748
"Mu_N4[10]";121,894783376186;9,93356973479065;0,057351491603953;0,0571171737873597;103,390424927099;115,007351509661;121,566040454536;128,344541872915;142,225906561966
"Mu_N4[11]";93,0328144787067;8,01461561528442;0,0462724048293584;0,0468481038593106;78,2262094007065;87,5030341191501;92,7239981647496;98,2521530997689;109,675059173768
"Mu_N4[12]";109,705682804589;9,19423581062648;0,053082945202581;0,0522432048188375;92,820810352314;103,357024517321;109,341639938926;115,627665432581;128,78680751581
"Mu_N4[13]";102,525857000565;10,0622501185824;0,0580944281461687;0,058352705521233;84,3109189043315;95,5303610217013;101,980645844026;109,002721335256;123,646417813346
"Mu_N4[14]";188,998440470049;11,9431299959884;0,0689536931815062;0,0686639603361224;166,676699795911;180,788970126038;188,617289843901;196,73014952753;213,688750538196
"Mu_N4[15]";138,738856236415;11,9163109649545;0,0687988534336377;0,0697661210044442;116,702136565536;130,539003746118;138,260148487851;146,303785909848;163,955645092396
"Mu_N4[16]";122,429326391799;11,5224717874037;0,0665250218818738;0,0662385221032549;101,327391751312;114,355365912722;121,873223715959;130,040586237427;146,45272795636
"Mu_N4[17]";156,829527028986;11,6628004866156;0,0673352100045241;0,0671036316111401;135,176732433872;148,740514671667;156,415524649018;164,338059124696;180,958272553684
"Mu_N4[18]";196,758446563379;15,6293320074685;0,0902359904176596;0,0887233999593089;167,78699070521;185,93822523354;196,151780363769;206,859486570698;229,150446979641
"Mu_N4[19]";155,592227473919;12,1779754868671;0,0703095742552737;0,0703078565364394;133,082258795552;147,137987387053;155,148630551576;163,579476432121;180,747323735394
"Mu_N4[20]";146,588736031271;9,61729417993581;0,0555254738366176;0,0555686828939716;128,541468479978;140,021811391295;146,287709686369;152,830384680536;166,231967933303
"Mu_N4[21]";187,710310869016;14,7893489738737;0,085386346112053;0,085245884840719;160,148219094452;177,525571316589;187,224187304191;197,349364100768;218,062595148313
"Mu_N4[22]";65,4141413626313;6,66752935599987;0,0384949986851626;0,0386537709975217;53,1552419181436;60,7876761081165;65,1401814662917;69,7245310318318;79,3064538306652
"Mu_N4[23]";61,7649350591581;6,70358516035745;0,0387031669686796;0,0392427311861409;49,5475064359731;57,0932898831653;61,4342793000431;65,9863571824723;75,7763603471682
"Mu_N4[24]";58,7146336734355;5,96639308612909;0,0344469865436775;0,0343675626256147;47,7522015644862;54,5937902159183;58,4225637361242;62,4945468098591;71,2033024289543
"Mu_Sd_L1";0,204721801627339;0,00673763689529374;3,8899764751998e-05;3,90331337283251e-05;0,19206751397529;0,200192739693421;0,204437910201382;0,208951738273628;0,218926491847338
"Mu_Sd_L1surv";0,194017671737338;0,00301990270356771;1,7435416388313e-05;1,73738181922414e-05;0,18820485419188;0,191956164348194;0,193987473015252;0,196026023119411;0,200066839083929
"Mu_Sd_L2";0,287754021039054;0,00851178252381878;4,91427993141033e-05;4,93321848969261e-05;0,271699752632407;0,282026892368043;0,287382940632408;0,293127152952805;0,305364622219865
"Mu_Sd_L2m";0,280164375613395;0,00414410903262097;2,39260246553487e-05;2,40585766181152e-05;0,272143656624469;0,277337820483905;0,280103594838133;0,282925904290962;0,288390916410779
"Mu_Sd_L2nm";0,276661112807126;0,00423357812044097;2,4442574674719e-05;2,4450332666563e-05;0,268546873577408;0,273794081254809;0,27660498534186;0,279482439467087;0,285075458709527
"Sd_L1[1]";0,202338214921517;0,0139473733306447;8,05251974693594e-05;8,09850196735384e-05;0,177097195124549;0,192720546204921;0,201570171960405;0,21127318665254;0,231804559075362
"Sd_L1[2]";0,241195457282115;0,0161804673392801;9,3417971739473e-05;9,33602364597241e-05;0,212447785001429;0,229856668418429;0,240116953582863;0,251381198613775;0,275864989329422
"Sd_L1[3]";0,215137205873516;0,0139313349610547;8,04325998993576e-05;8,22652747940136e-05;0,189850018005527;0,20553713219397;0,214406993389424;0,224100321689129;0,244701363418811
"Sd_L1[4]";0,197218922877759;0,0131850854021381;7,61241260621261e-05;7,65368393433561e-05;0,173261129227454;0,188132723936071;0,1965668394491;0,205668125584824;0,225147118080118
"Sd_L1[5]";0,21116815557725;0,0139887694051547;8,07641978169764e-05;8,07631303387302e-05;0,185901734721908;0,201410105363579;0,210452074169152;0,220103917938074;0,240645919622424
"Sd_L1[6]";0,235445770375129;0,0152029159927288;8,77740764086924e-05;8,67257799388951e-05;0,208209052666939;0,224864340388411;0,234614670788175;0,24500280047918;0,267982812468348
"Sd_L1[7]";0,19016759717955;0,0129912097868552;7,50047846753976e-05;7,53075716113338e-05;0,16624016999565;0,181193667032428;0,189633626278026;0,198463096882852;0,217428459024422
"Sd_L1[8]";0,189082428276409;0,01269833851037;7,33138915722309e-05;7,28264280025678e-05;0,16595798506102;0,180177144680422;0,188557316880592;0,197329954550519;0,215622279545034
"Sd_L1[9]";0,216452939752752;0,0137868529022648;7,95984323440038e-05;7,98879106576048e-05;0,19160561217884;0,206911087891294;0,2156744707784;0,22526059990004;0,245636586346102
"Sd_L1[10]";0,231158839627246;0,0150983583826008;8,71704127651603e-05;8,84791125560731e-05;0,204245427359603;0,220641683335184;0,230311312310002;0,240563766167044;0,263630896406207
"Sd_L1[11]";0,216547476258168;0,0135023723425679;7,79559830668014e-05;7,79583824063898e-05;0,192118270021813;0,207073853076869;0,215859127863336;0,225209645196679;0,244963958177652
"Sd_L1[12]";0,216607654435049;0,0144570854693823;8,34680218744528e-05;8,27433882003392e-05;0,190524295259049;0,206665151278109;0,215768680542538;0,225800215061702;0,247270491232007
"Sd_L1[13]";0,250494716308863;0,0177724095090771;0,000102609054142139;0,000104271817297434;0,218470558123868;0,238231931072603;0,249426402014561;0,26169771601602;0,288294645154597
"Sd_L1[14]";0,175710768510489;0,0119360818937177;6,89130009440731e-05;6,79220731948963e-05;0,153745931316633;0,167468976826362;0,175249593853955;0,183485627582791;0,200447913604133
"Sd_L1[15]";0,18901489369364;0,0121368878338617;7,00723545800432e-05;7,11169622572271e-05;0,166792569525033;0,180555361534871;0,188369076050028;0,196923534928077;0,214346885837718
"Sd_L1[16]";0,233463974433967;0,0151915371109192;8,77083804039337e-05;8,65625491713455e-05;0,206109482286489;0,222860113977654;0,232557363534827;0,242988186767171;0,265737638396749
"Sd_L1[17]";0,183843236133708;0,011854955378156;6,84446167880937e-05;6,92517568486231e-05;0,161862752375332;0,175704851055338;0,183356552904424;0,19158095933834;0,208492213120043
"Sd_L1[18]";0,162861502980133;0,0113689813152821;6,56388442278995e-05;6,59393495726665e-05;0,142024067284877;0,154997249232971;0,162382911369874;0,170221089473949;0,186474748568161
"Sd_L1[19]";0,194714964465844;0,0127806681005011;7,37892216824759e-05;7,32189686455726e-05;0,171136766528518;0,185854945347108;0,194140733249427;0,202908514725468;0,22153381630952
"Sd_L1[20]";0,174880133281934;0,011634240674165;6,71703198504606e-05;6,89227346399426e-05;0,153527471970757;0,166767427086324;0,174323712999676;0,182366066612039;0,19909347141305
"Sd_L1[21]";0,195505013967699;0,0126501801236754;7,30358489970122e-05;7,24733653035743e-05;0,172224801727537;0,186819141310613;0,194949696438514;0,203607127198913;0,222025363958012
"Sd_L1[22]";0,195673722699838;0,0125568735588566;7,24971432938598e-05;7,16189683164565e-05;0,172472022779771;0,187030245063065;0,195072830341561;0,203892930453662;0,221708708049223
"Sd_L1[23]";0,188940016509731;0,0128706143614052;7,43085266619313e-05;7,42407597349487e-05;0,165220048464906;0,180055482866006;0,188390719213976;0,197286137185596;0,215751067479606
"Sd_L1[24]";0,186461842733272;0,0132276933126764;7,63701229483152e-05;7,55970553543489e-05;0,162094833933286;0,177271536380441;0,185895622518488;0,195008261584489;0,214146543035767
"Sd_L1surv[1]";0,190995832980622;0,0114013279215823;6,58255974464474e-05;6,62324547041947e-05;0,169669642296587;0,183235842290618;0,190535632934574;0,19848795797508;0,214282709467242
"Sd_L1surv[2]";0,22494122079245;0,0122933026459646;7,09754159187722e-05;7,10856696244886e-05;0,202230451349558;0,2164208583769;0,224485976910411;0,233018378471083;0,250099376975448
"Sd_L1surv[3]";0,203945917471765;0,0115328862450093;6,65851497808947e-05;6,83802072871098e-05;0,182451874742259;0,195994113062244;0,203511355979522;0,211535369328021;0,227739414563379
"Sd_L1surv[4]";0,187760416313399;0,0111966555987001;6,46439212393304e-05;6,4990728411428e-05;0,166978507976039;0,180084774700157;0,187351778691103;0,195044854018883;0,210865362161242
"Sd_L1surv[5]";0,19975177604365;0,0115195677586842;6,65082554642447e-05;6,65071231196297e-05;0,178292718034949;0,191760625100119;0,199374314930193;0,207377277413039;0,223304780376632
"Sd_L1surv[6]";0,221105541669206;0,0119316808010625;6,8887591223781e-05;6,86406031416452e-05;0,198888335961445;0,212827381079198;0,220706238222765;0,228853674955931;0,245784599824725
"Sd_L1surv[7]";0,180573761821141;0,0108985764693231;6,29229605834739e-05;6,32368115889677e-05;0,159956884433541;0,173072935488589;0,180264430451754;0,187781463942159;0,202787994988902
"Sd_L1surv[8]";0,18014209349442;0,010819242764123;6,24649272229434e-05;6,22475652414642e-05;0,159946855182494;0,172572243397492;0,179819254573635;0,187295237688647;0,202361692671266
"Sd_L1surv[9]";0,205582826683615;0,0114368527180081;6,60306999542405e-05;6,55712030267507e-05;0,184465709476337;0,197694466052425;0,205111972156722;0,213058689419474;0,229356027244822
"Sd_L1surv[10]";0,215829582128785;0,011614031413365;6,70536416288304e-05;6,84849070921037e-05;0,194371118278466;0,207805812121572;0,215464561987933;0,22330810378906;0,239883983408646
"Sd_L1surv[11]";0,205356293102798;0,0111749309673107;6,45184940215232e-05;6,45199440710171e-05;0,184569692515202;0,197602551102562;0,204979985513329;0,212681349834675;0,228432357839525
"Sd_L1surv[12]";0,205765473481598;0,011974149474521;6,91327842243152e-05;6,85010765119311e-05;0,183552094893086;0,197547701142944;0,205340083781025;0,213607688501702;0,230526514375903
"Sd_L1surv[13]";0,232989922637401;0,0132121696246872;7,62804968939216e-05;7,67439346768155e-05;0,20800019823846;0,223944184006963;0,232611484389601;0,241643017681798;0,25997881303009
"Sd_L1surv[14]";0,170229194325901;0,0107905226173427;6,22991113781958e-05;6,14337855967345e-05;0,15013630844247;0,162826385521961;0,169936386078096;0,177322667869984;0,192291409619831
"Sd_L1surv[15]";0,182919193772898;0,0107825901026071;6,22533129830158e-05;6,22327760095326e-05;0,162893837264157;0,175438080577259;0,182470729216259;0,190097438891566;0,205055791682519
"Sd_L1surv[16]";0,218855440884885;0,0119092804358567;6,87582626549663e-05;6,76835272694523e-05;0,196670082412531;0,210628151487886;0,218430287831665;0,226649131837235;0,243379051185313
"Sd_L1surv[17]";0,17779863286739;0,0105875917994898;6,11274897550531e-05;6,18605309349117e-05;0,157858208610597;0,17053488747442;0,17745356430742;0,184766891227218;0,199597859457585
"Sd_L1surv[18]";0,158959401971728;0,010509787592968;6,06782869592584e-05;6,09389122295816e-05;0,139486748727824;0,151716706358792;0,158574620982016;0,165816456374746;0,180631570221159
"Sd_L1surv[19]";0,186957191453391;0,0111501087928789;6,43751831306226e-05;6,41254892099537e-05;0,166055683822938;0,17925973699511;0,186611550131542;0,19425024622805;0,209934038434082
"Sd_L1surv[20]";0,169136041116891;0,0104562246238776;6,03690410130292e-05;6,19217693107661e-05;0,149753365653518;0,161879339065127;0,168708762974862;0,175956115986724;0,190737952533694
"Sd_L1surv[21]";0,186461761823747;0,0108238536315271;6,24915480783129e-05;6,19929473183988e-05;0,166111627853478;0,179005750526302;0,186182287689534;0,193584597980635;0,208730459345374
"Sd_L1surv[22]";0,188161799110142;0,0109899657516415;6,345059685095e-05;6,24742671425376e-05;0,167531448600007;0,180602212057255;0,187776796789333;0,195453856286513;0,21050896123288
"Sd_L1surv[23]";0,182532715313087;0,0114167290321818;6,59145157999516e-05;6,58458503448977e-05;0,16110228347794;0,174704520299154;0,182154749212943;0,190059230882234;0,205870359902218
"Sd_L1surv[24]";0,17967209043521;0,0116931093978551;6,75101985851537e-05;6,68345890102533e-05;0,157803100878259;0,171636378061287;0,179278327304876;0,187291912228682;0,203759790979965
"Sd_L2[1]";0,344340135937108;0,0233199085075684;0,000134637554543221;0,000135042457636649;0,303159797406989;0,327882903485484;0,342923587038965;0,358808411475576;0,394487842263079
"Sd_L2[2]";0,300864588690459;0,0186733858489299;0,000107810843465614;0,000107808452564914;0,267095300340618;0,287994329630262;0,299874851878187;0,312741256234809;0,34058853319216
"Sd_L2[3]";0,280959144236671;0,0169632130841993;9,79371564048344e-05;9,70464729497091e-05;0,249570443086312;0,269316725819011;0,280219659771338;0,291892254882413;0,316211521064344
"Sd_L2[4]";0,32761257214866;0,0223113107384905;0,000128814412608409;0,000127987147713545;0,288192639918218;0,312223347351886;0,326028923847296;0,341276999304685;0,37624361195743
"Sd_L2[5]";0,343014323922122;0,0239275278289902;0,000138145646331098;0,000137337116104637;0,300856247351099;0,326388036834033;0,341330134845857;0,357787079055898;0,395364079984708
"Sd_L2[6]";0,31079676818801;0,0200240979226514;0,000115609183259222;0,000115594263935914;0,274949606245809;0,296935709198939;0,309613284111768;0,323301485533874;0,353330808966707
"Sd_L2[7]";0,326783757523771;0,0199572233569114;0,000115223082773903;0,000115229709582787;0,291211337259924;0,312932622793681;0,325536013496373;0,339464703637858;0,369717079286117
"Sd_L2[8]";0,256075444419006;0,0157840133859968;9,11290437729793e-05;9,10374925140387e-05;0,226768994536497;0,245155538511671;0,255545267217564;0,266364695408582;0,288906832917959
"Sd_L2[9]";0,292911083148859;0,0207377681802333;0,000119729560412498;0,000119297007235478;0,255806761273646;0,278548092196535;0,291663275993617;0,305953701254613;0,337031335525696
"Sd_L2[10]";0,290908565287617;0,0193553905365496;0,000111748399365473;0,000111261111530819;0,256146413725847;0,277524887973794;0,289907948138672;0,303177720579248;0,332137015721864
"Sd_L2[11]";0,295092180575272;0,019195927155064;0,000110827737103207;0,000111022211169238;0,260458375015049;0,28168718687153;0,294144257780358;0,307279579087518;0,335975180841568
"Sd_L2[12]";0,284347866612992;0,0177641105533868;0,000102561140099121;0,000102561618778057;0,252104128610528;0,27206852680171;0,283400357745466;0,295494368196045;0,321805080673715
"Sd_L2[13]";0,297258190437283;0,0193248506585276;0,000111572077297502;0,000114147410149282;0,262439701608762;0,283886205037253;0,296153360163586;0,309416821701531;0,338536978092821
"Sd_L2[14]";0,250033669598996;0,0160243813183246;9,25168086773193e-05;9,18743164842846e-05;0,220122354107388;0,239109958047749;0,24946733611182;0,260414660886618;0,282919742217157
"Sd_L2[15]";0,255202707871994;0,0167802562214232;9,68808544650959e-05;9,63767793540342e-05;0,224438891701628;0,243438961550257;0,254484924149223;0,266061210899583;0,289996083475631
"Sd_L2[16]";0,279951233126657;0,0174581401958933;0,000100794619416492;0,00010039678543849;0,247976897720371;0,2678024701349;0,279122578102203;0,291113540115172;0,316786613227418
"Sd_L2[17]";0,267683518586356;0,018618024725682;0,000107491215871516;0,000107497301293535;0,233545463904062;0,254701709879096;0,26685664728791;0,279683254145571;0,306786454173656
"Sd_L2[18]";0,270151612784996;0,0170039460710939;9,81723284143194e-05;9,77907073937316e-05;0,238810879039867;0,258442604125641;0,26945411704184;0,281080342786145;0,305704831010933
"Sd_L2[19]";0,257000608278931;0,0169041638225263;9,75962353336109e-05;9,62964872004941e-05;0,22590192059581;0,245176513745701;0,256333629292166;0,268106348926653;0,292282689778796
"Sd_L2[20]";0,252375765538663;0,0157720272996404;9,10598420711351e-05;9,06248976831003e-05;0,223109328174113;0,241367225417948;0,251879740716738;0,262629222502742;0,284438111437998
"Sd_L2[21]";0,266555840342456;0,0154284896003566;8,90764262395525e-05;9,00299393123774e-05;0,238107976277289;0,255921815747798;0,265915140929496;0,276528385129814;0,298638768775897
"Sd_L2[22]";0,265525873960898;0,0157539087267935;9,09552344420303e-05;9,13279246134009e-05;0,236365884207741;0,254693270273559;0,26496845165439;0,275718606345476;0,297933417667113
"Sd_L2[23]";0,283216872654145;0,018232571273235;0,000105265799326213;0,00010402812407469;0,25000981218756;0,27048410953158;0,28246658490918;0,294789119669579;0,321633839711325
"Sd_L2[24]";0,288794096497049;0,0184635867394596;0,00010659956774233;0,000106545200908903;0,255152568413519;0,276010184678372;0,287870583001355;0,300565646002604;0,327533303297204
"Sd_L2m[1]";0,329204648395342;0,0182864320897845;0,000105576764895549;0,000105990674259853;0,29520537714866;0,316504298931022;0,328579113737482;0,341002176041181;0,367073517827389
"Sd_L2m[2]";0,294056826258298;0,016847284151743;9,72678404012296e-05;9,72656630441997e-05;0,262972061376942;0,28243131579011;0,293392006393259;0,305009360289554;0,3291556110853
"Sd_L2m[3]";0,275039378250129;0,015636325310263;9,0276366270169e-05;8,947735015188e-05;0,245644478628387;0,264343615293124;0,274570449901581;0,285307883951441;0,306906569632265
"Sd_L2m[4]";0,314904759019622;0,0183072336804019;0,000105696862934974;0,000105062036868581;0,281139542931676;0,302344791843443;0,314046339523278;0,326614499146875;0,353268171328044
"Sd_L2m[5]";0,3318510770467;0,0201589313819166;0,000116387644599247;0,00011575078570145;0,294642132091123;0,317898683485763;0,330948844628697;0,344841120104509;0,37412352369394
"Sd_L2m[6]";0,302452728324961;0,0176470544905634;0,000101885316605308;0,000101872413675401;0,269834496157456;0,290266322657163;0,301692142900571;0,313874580726784;0,339083019352671
"Sd_L2m[7]";0,315486374254622;0,0171075579963118;9,87705321434773e-05;9,87760773846246e-05;0,284052734131718;0,303674241465802;0,314781881623052;0,326624335677178;0,351207541405042
"Sd_L2m[8]";0,25230864535812;0,014975718159363;8,64623491061621e-05;8,63726967574923e-05;0,224202386580006;0,241954801828069;0,251900208837219;0,262149930843047;0,2832449812395
"Sd_L2m[9]";0,286670418796773;0,0189338541719895;0,000109314658029952;0,000108906775237914;0,251989974393716;0,273598114332182;0,285787670906543;0,298774321723869;0,326124132223794
"Sd_L2m[10]";0,284414938931895;0,0173770855370269;0,000100326650125336;9,99070226041158e-05;0,252330393746258;0,272459305189516;0,283795197584879;0,295720365211015;0,320736817576288
"Sd_L2m[11]";0,288676332954215;0,0177046872534269;0,000102218059516841;0,000102724679381576;0,256204460816037;0,276286150778003;0,287967198744482;0,300117625240369;0,325667827245356
"Sd_L2m[12]";0,27781705401932;0,0164434178055675;9,49361169644191e-05;9,49362192237024e-05;0,247618786363399;0,266433380969053;0,277073502613078;0,288357479305495;0,312134548735731
"Sd_L2m[13]";0,289899415521148;0,0176883393739183;0,000102123674990492;0,000104570235262888;0,257576979621487;0,277666458914657;0,289022531979146;0,301194126207868;0,327040225963803
"Sd_L2m[14]";0,245770637379476;0,0152589567479269;8,80976278596848e-05;8,75353949912097e-05;0,217158831542725;0,235290262029493;0,245264285522811;0,255717247109042;0,276984780916966
"Sd_L2m[15]";0,250043907699664;0,015608917589446;9,01181277202533e-05;9,05227149989705e-05;0,221156986712935;0,239155846494594;0,249512778712286;0,260253975186692;0,281984268336492
"Sd_L2m[16]";0,274124790739963;0,0162961225317398;9,40857073044707e-05;9,37467292093151e-05;0,243984397001543;0,262791042081174;0,273421533396411;0,284645428700111;0,308057629587257
"Sd_L2m[17]";0,262267229141961;0,0174206497339407;0,000100578168133489;0,000100583668125547;0,230002959590802;0,25012902423407;0,261612025471933;0,273607066837248;0,298587675588284
"Sd_L2m[18]";0,264137301359784;0,0156926501393409;9,06015578224707e-05;9,02586059773332e-05;0,234815507144151;0,25342032965574;0,26361591088494;0,274354076719422;0,296630568798041
"Sd_L2m[19]";0,25240749033177;0,0160267129366495;9,25302702819942e-05;9,12738988180265e-05;0,222726289045301;0,241151857617949;0,251852905924508;0,262930210569063;0,285546324344154
"Sd_L2m[20]";0,248059932630354;0,0149886008973078;8,65367276283655e-05;8,61331819639989e-05;0,220062861205599;0,237605821533141;0,247676381826352;0,257821534774669;0,278373435226264
"Sd_L2m[21]";0,261973527917222;0,0146579360353353;8,46276331576518e-05;8,55300683348482e-05;0,234831076029541;0,251935577095843;0,261415641109454;0,27149926765811;0,29220312266504
"Sd_L2m[22]";0,261278379415933;0,0150155413085859;8,66922681654003e-05;8,7021931216271e-05;0,23329845902387;0,250974015913843;0,260824003643972;0,271007871010428;0,292075991373207
"Sd_L2m[23]";0,277272180501858;0,0169623868267761;9,79323860053774e-05;9,67581459757742e-05;0,246038367222273;0,265429730684574;0,276742470041926;0,2881425210356;0,312506354046796
"Sd_L2m[24]";0,283827040472352;0,0173718444415938;0,000100296390646745;0,000100294716867241;0,251846032847386;0,271824185330091;0,283107337577052;0,295007718489512;0,319910993220118
"Sd_L2nm[1]";0,328379093704487;0,0194219338931375;0,00011213258761386;0,000112520011886163;0,292758900281746;0,314717602342931;0,327591284772502;0,340867941122746;0,368797215305039
"Sd_L2nm[2]";0,290715564689436;0,016658243271718;9,61764123715264e-05;9,6174443899869e-05;0,260059761767583;0,279212106241796;0,290028553229014;0,30153704768015;0,325476986654641
"Sd_L2nm[3]";0,272336505279148;0,0154338631623745;8,91074505143277e-05;8,79550184213645e-05;0,243459698744347;0,261776882495705;0,271789295929122;0,282426596138812;0,303997809947911
"Sd_L2nm[4]";0,313264042276148;0,0189369479167497;0,000109332519773653;0,000108598843749204;0,27883059613324;0,300170934383841;0,312251770876356;0,325181087126974;0,353399629739713
"Sd_L2nm[5]";0,326433060202535;0,0194820072778369;0,000112479421462134;0,000111888833938955;0,29039605093047;0,312971211241527;0,325592144668106;0,338967010570842;0,367152368896274
"Sd_L2nm[6]";0,299004270835258;0,0175769659386955;0,000101480660162427;0,000101468089812696;0,266874776555126;0,28682256427285;0,298129646319672;0,310365818319778;0,335819633637809
"Sd_L2nm[7]";0,311758231559561;0,0167119204602292;9,64863177638893e-05;9,63198219033869e-05;0,281038967767541;0,300198310855469;0,311137876813319;0,32264242970966;0,346338177202884
"Sd_L2nm[8]";0,249986103461502;0,0147360411900423;8,50785734786032e-05;8,49680871925767e-05;0,222487773400884;0,239818610952658;0,249558712487878;0,259623672337394;0,280545679474873
"Sd_L2nm[9]";0,28327342547903;0,0184513302436187;0,0001065288048306;0,000106077552554866;0,249488464955243;0,27048785483329;0,282392108411492;0,295093519041219;0,321671474222955
"Sd_L2nm[10]";0,281900950884224;0,0174959352414201;0,000101012829213581;0,000100244188008805;0,249847173139834;0,269814381009852;0,281098456620678;0,293141852513098;0,318565865650629
"Sd_L2nm[11]";0,284639566571301;0,0169879733395124;9,80801098055366e-05;9,85490562255279e-05;0,253335037309405;0,272789416289262;0,284018219779995;0,295608797072168;0,320134776621276
"Sd_L2nm[12]";0,273414851919629;0,0152305805961547;8,7933798071042e-05;8,79335105479995e-05;0,245028439628246;0,262891829593506;0,272902700779178;0,283323194071048;0,304568773865451
"Sd_L2nm[13]";0,284175359952813;0,0160192390363147;9,24871196982926e-05;9,47523861113886e-05;0,25422201295145;0,27319882732366;0,283620179309767;0,294518051759444;0,317200534924591
"Sd_L2nm[14]";0,243410643168217;0,014784534364287;8,53585489506436e-05;8,48590944296925e-05;0,2155717025673;0,233279008794499;0,242967280667832;0,253089690457736;0,273616905977443
"Sd_L2nm[15]";0,246243072494635;0,0143697247665378;8,29636446214141e-05;8,33162781966746e-05;0,219124625052575;0,236296489684923;0,245954990307355;0,255779452362193;0,275071770947095
"Sd_L2nm[16]";0,269863258603427;0,0151715732199883;8,75931188259035e-05;8,72288214455078e-05;0,241375703971915;0,25931937844837;0,269370843259278;0,279780002265536;0,301137871938254
"Sd_L2nm[17]";0,258347777225001;0,0162124028940033;9,36023517506345e-05;9,36074151406968e-05;0,227867992200688;0,247105628310909;0,257935748479312;0,268985622567826;0,291508389568609
"Sd_L2nm[18]";0,259413742491148;0,0142529877094151;8,22896629078726e-05;8,24838272286082e-05;0,232259316339418;0,249766159863224;0,259123887327876;0,268810187497753;0,288447151284342
"Sd_L2nm[19]";0,249336052716247;0,0152416215991984;8,79975433318361e-05;8,67725508044844e-05;0,22087369307854;0,238694623805256;0,248948244728999;0,259420330095159;0,280614926350472
"Sd_L2nm[20]";0,245135904566092;0,0142716045231604;8,23971471321451e-05;8,24006824257278e-05;0,218223249626602;0,23523069778805;0,244824569638349;0,254529287991416;0,273730674452968
"Sd_L2nm[21]";0,258692946059873;0,0140059565013645;8,08634275632097e-05;8,19130677215285e-05;0,232544131054628;0,249134059838919;0,258246209291663;0,267815928567507;0,287410750484858
"Sd_L2nm[22]";0,258034121298508;0,0143476412724331;8,28361455087546e-05;8,31228747514598e-05;0,231025013621411;0,248210737850527;0,257655629902065;0,267407028107691;0,287279408862589
"Sd_L2nm[23]";0,272591503795338;0,0156258516481491;9,02158965537606e-05;8,93962693976337e-05;0,243134366961677;0,261747597960867;0,272257449672812;0,282800169256338;0,304560981941534
"Sd_L2nm[24]";0,279516658137467;0,0162804562145364;9,39952577799253e-05;9,39939437963776e-05;0,249199851905587;0,26832436499782;0,279000921117524;0,29009527423325;0,31303572924174
