"Parameter";"Rhat";"zchain1";"zchain2";"zchain3";"zchain4";"zchain5";"zchain6";"Effective"
"Alpha1[1]";0,999946762800964;-1,03384493633622;-0,597788816239422;-0,368525891301419;-0,645883398523815;0,397688222315614;-0,20210633329283;30509,5361320238
"Alpha1[2]";1,00000642452056;1,16922268442278;1,92102750761377;0,928350137131983;1,2596750948243;-2,64201236991473;1,43690868198399;14260,0057355886
"Alpha1[3]";1,00005464010283;-0,90183992107726;0,630276110844434;0,179278874543594;0,407799668530122;0,465284921885529;-0,958810856221941;17912,5606545471
"Alpha1[4]";1,00007760042218;1,7237653477753;0,0435342316067381;-0,926427471069213;0,106197345546134;0,501736098402672;-0,65568346765642;30152,211179584
"Alpha1[5]";1,00008152196164;-0,900065621398035;-0,491325953681177;1,57372836685319;0,318525745739523;-0,278121362316739;0,481572361607812;13836,3583471103
"Alpha1[6]";1,00020392434421;1,36880827580005;1,40228975849614;-1,0318611045996;-0,263128097661693;0,910154100195882;-1,01549484813666;30213,2463936559
"Alpha1[7]";0,99994170077311;-1,18038495786925;-1,19844580101159;0,748235463501446;1,35003959117372;-0,610727984136949;-0,99466761372341;17699,4999038595
"Alpha1[8]";1,00000342075145;-0,611973672475956;0,51680975685835;-1,30101497096683;-0,23109249871949;0,948847292154355;-1,66937182784971;18127,7435024968
"Alpha1[9]";1,00005501585407;0,860399252924193;0,508661877182773;0,444825324559131;2,35856108704609;-0,199445600880051;-0,884988283996497;30297,9739153915
"Alpha1[10]";0,999972954828586;0,208857067743411;2,02852056316167;-1,59717986486223;-2,09046447884743;1,10984865097356;0,57376220557586;30289,1369747431
"Alpha1[11]";1,00001621469875;-1,91163495028092;0,769170426112093;2,0750067535808;-0,382676248607498;0,322038108581456;-1,02482598120625;15374,2090433433
"Alpha1[12]";1,00009003632359;0,259051485444171;-1,90601666760934;-1,28294243899131;0,257043748754198;0,272771372033572;-0,889581238980011;30065,464111987
"Alpha1[13]";1,00008945294881;-0,457447194052794;-0,587284480768464;0,358236997013102;1,51947215041364;1,02252028957504;0,255593998303843;29065,2965797091
"Alpha1[14]";1,0000114471728;1,39856590526275;0,493606594041441;-2,29330180915728;0,347908894424422;-0,963678873843959;-0,221651964443222;30612,8321989815
"Alpha1[15]";1,00001313980332;-0,908145288999778;0,506215165001001;0,31441739966913;0,886361797145053;0,137100447189887;-1,42964950474586;9432,12620211281
"Alpha1[16]";0,999974330697349;-1,83853578184831;-1,08724549889831;1,98617432936412;-0,541075471288974;1,19849949702264;-0,787366861752059;30674,9879162245
"Alpha1[17]";1,00012011708708;0,585985738189864;-0,257453743625802;0,874796970230302;-0,371593084118116;-0,171417590571217;0,273485182022217;15855,840895378
"Alpha1[18]";1,00009922498644;-1,42041340985655;-0,830960090431349;-1,72539453763735;0,255965902239272;0,605388184638126;-0,232068728486451;29511,3771982075
"Alpha1[19]";1,00003590016643;0,985907941200343;-0,750570036882428;1,90510916392849;0,638158343672879;1,1940853271278;0,558695889933108;16346,409019657
"Alpha1[20]";0,999940502869685;0,0659269482584181;0,056112471201631;0,188739175327493;-0,0811819539922894;0,363360444554721;-0,1593608973551;10929,5982617195
"Alpha1[21]";1,00004541079678;-0,915671661554129;-1,71800731260361;-1,1273375528728;-0,735630105321879;-0,90403487902727;-1,5111159981542;6227,75185210428
"Alpha1[22]";1,00003349065647;-1,18107111095511;-0,84251732763877;0,693933532169005;1,22875222366084;-1,91358195879414;-0,651419155648379;30001,1129431901
"Alpha1[23]";1,00005729643989;0,145376950269186;0,539350145685411;0,294072709763692;0,13230677870512;-0,126913219231461;0,365500055264433;30110,0031983016
"Alpha1[24]";1,00023311959668;1,22937056037146;-0,57382966864075;-0,559882629951215;-2,0612158670577;0,881453657429485;-0,451948468019521;22015,3790882099
"Alpha2[1, 1]";0,999988570077152;-1,31858944072564;-1,14784230659481;-2,02399900051226;1,08442822020643;0,270186756412108;0,439672912291014;24564,2435412139
"Alpha2[1, 2]";1,00007504395477;1,14667989530932;1,82633927929092;-0,236963819166586;-0,665948443326825;-0,859320178075128;2,57661269065646;30488,1275243929
"Alpha2[2, 1]";1,00005791939259;2,37847847706299;0,207483218693224;-0,628573590851895;-0,822917680885348;2,15812627195722;0,48705456293139;29674,0129866142
"Alpha2[2, 2]";1,00016376847399;-0,603223703725463;-0,612072832526373;-1,84676935444849;1,32528589973703;0,957955879224574;-1,20062842375871;30666,8439971459
"Alpha2[3, 1]";0,999946494947208;-1,1753521151752;1,98167862689047;0,16685711328853;-2,42950624920658;0,396350725664027;0,0845339220789397;30256,3112757254
"Alpha2[3, 2]";1,00013903132809;-1,47665043924299;-0,0573514911748543;-1,87823642140675;0,952209523917166;-0,358922081084351;-1,56532590047927;16904,3517615559
"Alpha2[4, 1]";1,00023475409017;1,60794995957026;1,50844816508824;-0,134141377786793;1,01722499847563;0,772047145974002;0,587402389561774;15949,9971980483
"Alpha2[4, 2]";0,999976496277134;-1,12389585347549;-0,93446006042316;0,521534103630068;-0,245633742961181;-0,78098944102436;1,29724959680546;15850,4385303791
"Alpha2[5, 1]";1,0000654174447;-0,966262593492221;0,659821815769606;-1,21342921324939;-0,986897195490055;-0,527648859608146;-0,509474267948792;30226,1742253402
"Alpha2[5, 2]";0,999943609642142;0,440203841182645;-0,248443976317549;0,465855782832921;-0,90362440376499;0,74658987924611;1,36548256005934;30152,7763810514
"Alpha2[6, 1]";1,00003106563554;-0,631082458676356;0,29663497217397;-0,410490953233102;0,0224782096267532;-0,0403503507402734;0,352732733199482;16491,1108358748
"Alpha2[6, 2]";1,00000802477083;-0,0845297351040465;-0,91742957930788;-0,501424986940704;-0,826194181155382;1,12771007531086;-0,904163305179971;30093,4064498584
"Alpha2[7, 1]";1,00003367542692;1,13129455058556;-0,533771308160239;1,90704356674068;-0,81489908812828;0,744760043904717;0,693980592486094;11868,6661393714
"Alpha2[7, 2]";1,00000835560607;-0,881827265177446;0,282400010300412;-1,10025692390347;1,54976430425483;0,962492691502965;0,309907247798202;30555,1233473352
"Alpha2[8, 1]";1,00010118484716;0,216517163255009;-0,444689260392409;-0,697030072405811;1,36023617921342;-2,15504431022304;0,618936356387082;30130,3828679484
"Alpha2[8, 2]";1,00003298885002;0,59637309347826;0,41296169392802;-0,0982823682153073;1,06217271288106;1,12641872311739;1,02353269175106;30472,5945818947
"Alpha2[9, 1]";1,00011138847123;-0,379603148404264;1,5021874308057;0,851162056573536;-1,59742079999801;0,508115539818689;1,57084547339045;30013,902731082
"Alpha2[9, 2]";1,00029859176924;0,0596588116473473;-0,305126120278278;-0,42961770765596;0,956493850174328;0,328634805697688;0,0348930908936535;28547,4792907697
"Alpha2[10, 1]";1,0001539688942;0,161411421689286;0,0491177737062703;0,584235421529719;-0,899331866874261;0,0347853422450619;0,935951038605831;22145,5160164401
"Alpha2[10, 2]";1,00003308660855;-0,957795306546937;1,31072851897191;-0,185633421407706;0,472480604894231;1,45114806993333;0,186128443564098;30691,6032018978
"Alpha2[11, 1]";1,00009080247415;0,383538928255898;0,776413808920812;-1,8850319324013;-0,240478706093224;-0,00992944530341947;-0,371792970565139;26603,4558701993
"Alpha2[11, 2]";1,00002632006935;-0,161901057183021;-1,08160572830658;-0,772107126258291;-0,190862705337785;-0,510061113006273;-0,288692059762962;30145,0030303712
"Alpha2[12, 1]";1,00004040157962;0,525311212346178;0,640166548926771;1,65158926965151;-0,387085602330991;0,020653647956493;0,71071696916532;30140,6019001468
"Alpha2[12, 2]";0,999966841900811;-0,542343942494031;0,0409772903706879;0,921780152093505;1,58226438091636;0,630773490089717;-0,245021039332895;30137,1282260414
"Alpha2[13, 1]";1,00004664243951;0,664337339036474;-1,18535093983331;-1,49797056134759;0,165113889125078;-1,81552076063664;-0,0286612848811725;30162,225791644
"Alpha2[13, 2]";1,00026904253933;-0,151404020456505;0,309509379381505;0,881756242678505;0,837635841121206;2,62720939479063;-0,291410969802244;16659,114922804
"Alpha2[14, 1]";1,00013167672268;1,55102071372238;-0,0659917253432741;2,27768458466359;-2,32982611999487;2,12096237290541;0,710513777491723;6637,11338018338
"Alpha2[14, 2]";1,00002015464783;0,206163996748949;-0,596462404252894;-0,467236264539241;0,533653824814611;0,430337251361627;0,168802794810239;30054,2269445981
"Alpha2[15, 1]";1,00000494918544;0,57676198321994;-0,186979883159827;0,703493710154082;-0,00463676199039006;-1,32883955498085;0,0259719400229144;26560,75686508
"Alpha2[15, 2]";1,00011434515042;2,49018363851144;0,5434785057632;-0,685468062815795;-0,493067340247979;-0,972057986743257;-0,0821042851237375;27927,4718242487
"Alpha2[16, 1]";0,999975536495224;0,939577664875394;1,24604532578361;-0,993670694431884;0,983918142460027;0,0431254028166833;0,414199554358919;30055,1444562456
"Alpha2[16, 2]";0,999980209017535;-0,208595502213263;-0,399809157208757;0,885569756915752;0,424305205869659;1,41125987413136;-0,549773201120277;30449,9181559113
"Alpha2[17, 1]";1,00004868311426;-0,847712682624123;-0,278063215768926;-0,534756021359193;-0,770415858838597;-0,491515681061364;-1,57231776237087;16092,6470116308
"Alpha2[17, 2]";1,00007647026105;0,444329857462893;-0,0284880660629695;-0,816600650934224;-0,250543699338049;1,37480836798699;0,70216448434276;30458,4354719862
"Alpha2[18, 1]";1,00015126634594;0,111445976190104;-1,1891668956061;0,116914673873614;1,37928043592253;2,57294922265741;-0,375010692322912;29188,3303380248
"Alpha2[18, 2]";1,00001331341675;-0,743754356058213;0,944999492343581;-2,4903281812046;0,0539620302125565;0,607059440873385;-0,762493686186527;30256,1636012574
"Alpha2[19, 1]";0,999957412686531;-0,143879662535379;-0,758566844187151;1,05415269311573;0,896731637473883;-1,23744892277443;-0,0343101691860363;30351,1878085182
"Alpha2[19, 2]";1,00017215302973;-0,116170816214697;-1,22454294830164;-0,781942727354938;-2,69389370857275;1,53653586381871;0,31281657343889;30008,9748709376
"Alpha2[20, 1]";1,00010020467211;-0,983235439188769;-0,0969556585417328;-1,9125035417929;0,869335077161177;0,575512439745748;-1,84955736561726;12468,7464199099
"Alpha2[20, 2]";1,00001203921968;-1,29781612387495;0,256727457721891;0,74289266671867;0,439959564764761;1,09388786797728;1,70241605267156;9808,22931530154
"Alpha2[21, 1]";1,00005913076151;0,0864878067361765;0,985247495861911;1,97514982958751;0,995037099562292;1,94487540906458;-1,21782452964567;30015,463640934
"Alpha2[21, 2]";1,00004407725089;-0,631667906552146;3,53810300763665;-2,11946610985826;-1,91691746246565;0,287890457718965;2,16186336092269;25896,194374073
"Alpha2[22, 1]";1,00005463000348;1,43939349277731;-0,461432467911155;-2,15874483299174;1,84324338732131;-1,0891184954604;0,742401279194103;29312,0619725877
"Alpha2[22, 2]";1,00010764962883;-1,22675807660715;1,28373190767655;-0,0223663263722862;-0,678149055157939;1,63339221097289;-0,0795681875765471;4978,11693833125
"Alpha2[23, 1]";1,00012107557857;-0,228114193325187;2,20892849560615;-0,260559853810499;0,927147464439266;-0,347554704426455;-0,373412138103719;6637,82265662003
"Alpha2[23, 2]";0,999997436107251;-1,81122080213154;-0,645027475183707;0,108989320724696;-0,110237431083236;1,54386962031448;-1,00779080098359;16010,0551669826
"Alpha2[24, 1]";1,00010052013814;-0,506643742958421;-0,791413936297813;0,468176490187458;-0,0239575201440603;-0,171340535500153;-0,169004363025758;30549,2336347205
"Alpha2[24, 2]";1,00005029869874;-1,99926529669127;0,939439000189613;-0,516611195946906;0,55121772382931;0,351705574969818;-0,222012872313442;13407,9477535753
"Beta2";1,0004228759588;-0,514250520355281;0,346802194334992;-1,10110354510505;1,10888659329809;-0,216177022745372;0,10519922556909;21204,2761355386
"Gamma1[1, 1]";1,00017379334607;-0,645051871846538;0,221946548849368;-0,358994410705375;-1,51071259456999;0,152283882425;-0,177626121369977;30646,7027155664
"Gamma1[1, 2]";1,00017379334607;0,645051871846538;-0,221946548849368;0,358994410705422;1,51071259456995;-0,152283882424978;0,177626121370024;30646,7027155664
"Gamma1[2, 1]";1,0000389237058;0,765596751922323;-0,793259540753116;-0,21794371594682;-0,323077153124816;0,448225671904855;0,658213074524462;30093,0617043981
"Gamma1[2, 2]";1,0000389237058;-0,765596751922294;0,793259540753116;0,21794371594682;0,323077153124816;-0,448225671904884;-0,658213074524462;30093,0617043981
"Gamma1[3, 1]";1,00014845150039;-0,124910542292719;-0,726100556806975;1,79399282390683;-0,639020857232843;0,590313530544029;1,0071232345243;16296,0469371242
"Gamma1[3, 2]";1,00014845150039;0,124910542292748;0,726100556806945;-1,79399282390686;0,639020857232874;-0,590313530543998;-1,0071232345243;16296,0469371242
"Gamma1[4, 1]";1,00002915624684;0,903109699847658;1,29416706283671;0,404206275727369;-0,728254501329229;-1,71437365543627;1,38266417456547;15483,3066582942
"Gamma1[4, 2]";1,00002915624684;-0,903109699847633;-1,29416706283674;-0,404206275727391;0,728254501329203;1,7143736554363;-1,38266417456547;15483,3066582942
"Gamma1[5, 1]";1,0000505751057;0,277903831444392;0,499270143206855;-0,0464879361911992;-0,317184533662309;2,4051840545558;-0,680527951142734;28202,2967429564
"Gamma1[5, 2]";1,0000505751057;-0,277903831444392;-0,499270143206874;0,0464879361911777;0,317184533662309;-2,4051840545558;0,680527951142734;28202,2967429564
"Gamma1[6, 1]";1,00001645123107;-0,32904082055512;0,523281778736675;0,561140935283195;-0,104051996380894;0,638515917192081;-0,850014109012263;10951,5158484692
"Gamma1[6, 2]";1,00001645123107;0,329040820555084;-0,523281778736712;-0,56114093528316;0,104051996380894;-0,638515917192118;0,850014109012263;10951,5158484692
"Gamma1[7, 1]";0,999981763418011;0,476355691525669;-0,219195807964045;0,519361684966956;-0,358205245103005;1,73463710673336;0,732810908313029;30602,1533413749
"Gamma1[7, 2]";0,999981763418011;-0,476355691525669;0,219195807964045;-0,51936168496693;0,358205245103005;-1,73463710673338;-0,732810908313053;30602,1533413749
"Gamma1[8, 1]";1,00016792723699;-1,0532346374622;-0,683334436953127;0,311092239078374;0,84738776215908;-1,28597442919269;1,31920115226771;5042,37042067309
"Gamma1[8, 2]";1,00016792723699;1,05323463746227;0,683334436953127;-0,311092239078444;-0,847387762159117;1,28597442919273;-1,31920115226771;5042,37042067309
"Gamma1[9, 1]";1,00015683314122;1,38685987325694;0,267873446277066;0,820890757714227;-0,581420480578283;-1,6439538905665;-2,03782433178086;30164,8623171394
"Gamma1[9, 2]";1,00015683314122;-1,38685987325698;-0,267873446277032;-0,820890757714227;0,581420480578283;1,64395389056646;2,0378243317809;30164,8623171394
"Gamma1[10, 1]";1,00008556286333;-0,363296340491273;-2,60029966652474;-1,81051100565649;-0,223456127743574;-0,923178974788761;-0,0723158463029826;30719,6328493052
"Gamma1[10, 2]";1,00008556286333;0,363296340491233;2,60029966652478;1,81051100565649;0,223456127743574;0,92317897478876;0,0723158463030185;30719,6328493053
"Gamma1[11, 1]";1,00001942424908;-1,42712791059234;-0,731211524658832;-1,46111975961822;-0,405019347424227;-1,54005018906158;-0,973287636662066;10341,2871381679
"Gamma1[11, 2]";1,00001942424908;1,42712791059231;0,731211524658832;1,46111975961819;0,405019347424227;1,54005018906161;0,973287636662037;10341,2871381681
"Gamma1[12, 1]";1,00009303709122;0,893122215008667;-0,058639175937864;-0,0509326493366188;0,665871050836608;0,679342165859436;-0,263809706809567;30210,2505884857
"Gamma1[12, 2]";1,00009303709122;-0,893122215008639;0,058639175937864;0,050932649336588;-0,665871050836639;-0,679342165859466;0,263809706809538;30210,2505884857
"Gamma1[13, 1]";1,00012860573;-0,625018677498189;-1,62939303605538;-0,344003228922728;0,890666392419243;0,30768707753708;-2,73061222665011;30332,8866980529
"Gamma1[13, 2]";1,00012860573;0,625018677498242;1,62939303605535;0,344003228922759;-0,890666392419243;-0,307687077537057;2,73061222665009;30332,8866980529
"Gamma1[14, 1]";1,00000482695003;-0,636352062522825;-0,297295647650603;-0,602854009192332;-0,773836227462101;0,667791677603991;0,447927817351434;30072,702063642
"Gamma1[14, 2]";1,00000482695003;0,636352062522889;0,297295647650572;0,602854009192332;0,773836227462069;-0,667791677604024;-0,447927817351434;30072,702063642
"Gamma1[15, 1]";1,00031594936193;1,90433015279072;0,997559510045498;0,138237789335263;-1,06962584264312;-0,147431147384239;0,306542538296432;14655,8238794625
"Gamma1[15, 2]";1,00031594936193;-1,90433015279069;-0,997559510045498;-0,138237789335332;1,06962584264312;0,147431147384239;-0,306542538296371;14655,8238794625
"Gamma1[16, 1]";0,999936044780311;0,0763996457083847;1,27648190562314;-0,0728993244695288;0,434079607000038;-0,267008236021809;-0,354797922345031;30184,8683362946
"Gamma1[16, 2]";0,999936044780311;-0,0763996457083847;-1,27648190562316;0,0728993244695288;-0,434079607000038;0,267008236021809;0,354797922345031;30184,8683362946
"Gamma1[17, 1]";1,00003488589692;1,51164428481598;-0,616274221582668;0,853510247832456;-1,09097406159202;-1,26880557697898;-0,497394213871843;16293,9308937287
"Gamma1[17, 2]";1,00003488589692;-1,51164428481598;0,616274221582668;-0,853510247832391;1,09097406159205;1,26880557697901;0,497394213871843;16293,9308937287
"Gamma1[18, 1]";1,00010345229758;0,194754582365015;-0,827547025760152;-0,581692164490172;1,00499741983095;1,18005805977188;0,172267260152043;19910,6078835346
"Gamma1[18, 2]";1,00010345229758;-0,194754582365015;0,827547025760152;0,58169216449023;-1,00499741983092;-1,18005805977194;-0,172267260152074;19910,6078835346
"Gamma1[19, 1]";1,00003327296993;-0,307083793151837;-0,362503475311969;0,138800637105302;0,517324244078442;0,124931393567922;1,88494706517593;30056,8761412933
"Gamma1[19, 2]";1,00003327296993;0,307083793151805;0,362503475311934;-0,138800637105269;-0,517324244078407;-0,124931393567887;-1,8849470651759;30056,8761412933
"Gamma1[20, 1]";1,00001029889073;-1,38938640976382;0,140438852102209;0,484580180178151;-0,515759528985504;-0,14432451264725;-0,579790170045814;30038,5007215461
"Gamma1[20, 2]";1,00001029889073;1,38938640976382;-0,140438852102209;-0,484580180178151;0,515759528985504;0,14432451264725;0,579790170045783;30038,5007215461
"Gamma1[21, 1]";1,00000439065719;-1,52362764806903;-0,275718644342719;-0,751230630580646;2,11994652224362;0,606561553961216;-2,3176105505584;28097,9682843826
"Gamma1[21, 2]";1,00000439065719;1,523627648069;0,27571864434269;0,751230630580646;-2,11994652224362;-0,606561553961248;2,3176105505584;28097,9682843826
"Gamma1[22, 1]";1,00001481890514;2,1704122206709;0,14359605518926;0,139138822845812;-0,091435400105404;1,26890452668029;1,49045591326511;16040,0076776366
"Gamma1[22, 2]";1,00001481890514;-2,17041222067088;-0,14359605518926;-0,139138822845812;0,0914354001054278;-1,26890452668032;-1,49045591326513;16040,0076776371
"Gamma1[23, 1]";1,00018435515335;1,41517707896191;-0,945272490529234;0,214834117403424;0,518633555957013;0,717944337851825;-0,695864204197191;29929,8302089929
"Gamma1[23, 2]";1,00018435515335;-1,41517707896191;0,945272490529234;-0,214834117403449;-0,518633555956959;-0,717944337851771;0,695864204197218;29929,8302089929
"Gamma1[24, 1]";1,00006608278778;0,130248632180507;1,14740766318457;-1,03881305137536;-0,205072852833269;1,3145544716648;1,68395372578056;30355,3182443631
"Gamma1[24, 2]";1,00006608278778;-0,130248632180562;-1,1474076631846;1,03881305137539;0,205072852833242;-1,31455447166477;-1,68395372578059;30355,3182443631
"Gamma1_F[1]";1,00017379334607;-0,645051871846538;0,221946548849368;-0,358994410705375;-1,51071259456999;0,152283882425;-0,177626121369977;30646,7027155664
"Gamma1_F[2]";1,0000389237058;0,765596751922323;-0,793259540753116;-0,21794371594682;-0,323077153124816;0,448225671904855;0,658213074524462;30093,0617043981
"Gamma1_F[3]";1,00014845150039;-0,124910542292719;-0,726100556806975;1,79399282390683;-0,639020857232843;0,590313530544029;1,0071232345243;16296,0469371242
"Gamma1_F[4]";1,00002915624684;0,903109699847658;1,29416706283671;0,404206275727369;-0,728254501329229;-1,71437365543627;1,38266417456547;15483,3066582942
"Gamma1_F[5]";1,0000505751057;0,277903831444392;0,499270143206855;-0,0464879361911992;-0,317184533662309;2,4051840545558;-0,680527951142734;28202,2967429564
"Gamma1_F[6]";1,00001645123107;-0,32904082055512;0,523281778736675;0,561140935283195;-0,104051996380894;0,638515917192081;-0,850014109012263;10951,5158484692
"Gamma1_F[7]";0,999981763418011;0,476355691525669;-0,219195807964045;0,519361684966956;-0,358205245103005;1,73463710673336;0,732810908313029;30602,1533413749
"Gamma1_F[8]";1,00016792723699;-1,0532346374622;-0,683334436953127;0,311092239078374;0,84738776215908;-1,28597442919269;1,31920115226771;5042,37042067309
"Gamma1_F[9]";1,00015683314122;1,38685987325694;0,267873446277066;0,820890757714227;-0,581420480578283;-1,6439538905665;-2,03782433178086;30164,8623171394
"Gamma1_F[10]";1,00008556286333;-0,363296340491273;-2,60029966652474;-1,81051100565649;-0,223456127743574;-0,923178974788761;-0,0723158463029826;30719,6328493052
"Gamma1_F[11]";1,00001942424908;-1,42712791059234;-0,731211524658832;-1,46111975961822;-0,405019347424227;-1,54005018906158;-0,973287636662066;10341,2871381679
"Gamma1_F[12]";1,00009303709122;0,893122215008667;-0,058639175937864;-0,0509326493366188;0,665871050836608;0,679342165859436;-0,263809706809567;30210,2505884857
"Gamma1_F[13]";1,00012860573;-0,625018677498189;-1,62939303605538;-0,344003228922728;0,890666392419243;0,30768707753708;-2,73061222665011;30332,8866980529
"Gamma1_F[14]";1,00000482695003;-0,636352062522825;-0,297295647650603;-0,602854009192332;-0,773836227462101;0,667791677603991;0,447927817351434;30072,702063642
"Gamma1_F[15]";1,00031594936193;1,90433015279072;0,997559510045498;0,138237789335263;-1,06962584264312;-0,147431147384239;0,306542538296432;14655,8238794625
"Gamma1_F[16]";0,999936044780311;0,0763996457083847;1,27648190562314;-0,0728993244695288;0,434079607000038;-0,267008236021809;-0,354797922345031;30184,8683362946
"Gamma1_F[17]";1,00003488589692;1,51164428481598;-0,616274221582668;0,853510247832456;-1,09097406159202;-1,26880557697898;-0,497394213871843;16293,9308937287
"Gamma1_F[18]";1,00010345229758;0,194754582365015;-0,827547025760152;-0,581692164490172;1,00499741983095;1,18005805977188;0,172267260152043;19910,6078835346
"Gamma1_F[19]";1,00003327296993;-0,307083793151837;-0,362503475311969;0,138800637105302;0,517324244078442;0,124931393567922;1,88494706517593;30056,8761412933
"Gamma1_F[20]";1,00001029889073;-1,38938640976382;0,140438852102209;0,484580180178151;-0,515759528985504;-0,14432451264725;-0,579790170045814;30038,5007215461
"Gamma1_F[21]";1,00000439065719;-1,52362764806903;-0,275718644342719;-0,751230630580646;2,11994652224362;0,606561553961216;-2,3176105505584;28097,9682843826
"Gamma1_F[22]";1,00001481890514;2,1704122206709;0,14359605518926;0,139138822845812;-0,091435400105404;1,26890452668029;1,49045591326511;16040,0076776366
"Gamma1_F[23]";1,00018435515335;1,41517707896191;-0,945272490529234;0,214834117403424;0,518633555957013;0,717944337851825;-0,695864204197191;29929,8302089929
"Gamma1_F[24]";1,00006608278778;0,130248632180507;1,14740766318457;-1,03881305137536;-0,205072852833269;1,3145544716648;1,68395372578056;30355,3182443631
"Gamma3[1, 1]";1,00012515917088;-0,914428015857669;-0,0763959173933402;-0,795596530127493;-1,08649986839558;0,283494997511168;-0,31994789668552;30607,0338543053
"Gamma3[1, 2]";1,00012515917088;0,914428015857697;0,0763959173933402;0,795596530127493;1,08649986839558;-0,28349499751119;0,319947896685498;30607,0338543053
"Gamma3[2, 1]";0,999963208129328;1,36046467476996;-0,438477537853131;-0,361427333917759;-0,659912840208675;0,955060403744407;0,779520625372279;27289,3522647835
"Gamma3[2, 2]";0,999963208129328;-1,36046467476996;0,438477537853131;0,361427333917759;0,659912840208702;-0,955060403744355;-0,779520625372305;27289,3522647828
"Gamma3[3, 1]";1,00011918739454;-0,516004366988995;-0,133810607707327;2,01680137105258;-1,48640032056732;0,693716335127341;1,43698671916075;5613,93259348959
"Gamma3[3, 2]";1,00011918739454;0,516004366988995;0,133810607707381;-2,01680137105255;1,48640032056732;-0,693716335127341;-1,4369867191607;5613,93259348968
"Gamma3[4, 1]";1,00010549184367;1,50168134506218;1,84199996993776;0,324534352687442;-0,27395002794335;-1,22326330528093;1,16770299153447;18586,1207454306
"Gamma3[4, 2]";1,00010549184367;-1,50168134506216;-1,84199996993771;-0,324534352687442;0,273950027943372;1,22326330528093;-1,16770299153449;18586,1207454306
"Gamma3[5, 1]";1,00003839313245;-0,0404130081224235;0,706495812614732;-0,342921999639388;-0,434685191491399;1,83868380786238;-0,954635862003963;29884,0936279643
"Gamma3[5, 2]";1,00003839313245;0,0404130081224035;-0,706495812614732;0,342921999639368;0,434685191491359;-1,83868380786242;0,954635862003983;29884,0936279642
"Gamma3[6, 1]";1,00000519669073;-0,472910378733894;0,813752321844721;0,372944570269782;0,00573318683873596;0,502093865908283;-0,538975531349441;13407,4440833727
"Gamma3[6, 2]";1,00000519669073;0,472910378733894;-0,813752321844753;-0,372944570269782;-0,00573318683877088;-0,502093865908252;0,538975531349408;13407,4440833727
"Gamma3[7, 1]";1,00008047254288;0,947384144600625;-0,446604375925717;1,02668925889294;-0,839132689379881;1,35333398220588;0,806371985440744;30178,5622030407
"Gamma3[7, 2]";1,00008047254288;-0,947384144600604;0,446604375925739;-1,02668925889294;0,839132689379902;-1,35333398220588;-0,806371985440724;30178,5622030407
"Gamma3[8, 1]";1,00010023169569;-1,03433062842722;-0,71713873651905;0,145548247253076;1,01683088876251;-1,76593724526956;1,25902793839221;6202,78104350452
"Gamma3[8, 2]";1,00010023169569;1,03433062842722;0,717138736518986;-0,145548247253108;-1,01683088876251;1,76593724526953;-1,25902793839224;6202,78104350452
"Gamma3[9, 1]";1,00010132423915;0,897933429976888;0,888323456500826;0,939681719805227;-1,2955317611732;-1,23066916936315;-1,05008881146383;24815,5647183965
"Gamma3[9, 2]";1,00010132423915;-0,897933429976888;-0,888323456500855;-0,939681719805227;1,29553176117326;1,23066916936318;1,05008881146383;24815,5647183965
"Gamma3[10, 1]";1,00012351211421;-0,200244479071117;-2,39220016123837;-1,51713918673037;-0,189979448346225;-1,07142463964936;0,0688853981051264;30638,6372947207
"Gamma3[10, 2]";1,00012351211421;0,20024447907108;2,39220016123844;1,5171391867304;0,189979448346192;1,07142463964939;-0,0688853981050915;30638,6372947207
"Gamma3[11, 1]";1,00005942432343;-1,07618342791021;-0,186770457644598;-1,77574977772885;-0,33684324319898;-1,34324216314196;-0,933963897093119;29974,7081800138
"Gamma3[11, 2]";1,00005942432343;1,07618342791021;0,186770457644571;1,7757497777289;0,336843243198954;1,34324216314193;0,933963897093146;29974,7081800138
"Gamma3[12, 1]";1,00012397534859;1,27786276178621;0,278233159068277;0,290036776176605;-0,275890669112707;0,153942748732268;0,147852755690411;30275,1814905732
"Gamma3[12, 2]";1,00012397534859;-1,27786276178621;-0,278233159068301;-0,290036776176653;0,27589066911273;-0,153942748732268;-0,147852755690411;30275,1814905732
"Gamma3[13, 1]";1,00005627130525;-0,280576615006492;-2,01368404139079;-1,11764781721099;0,525060103232126;-0,874925125395791;-2,4169341874247;30421,5700400434
"Gamma3[13, 2]";1,00005627130525;0,28057661500647;2,01368404139079;1,11764781721101;-0,525060103232126;0,874925125395791;2,41693418742472;30421,5700400434
"Gamma3[14, 1]";0,999954387584013;-0,220386798320895;-0,0779192974601301;0,189443276345054;-1,36808167377051;1,16011193619383;0,376356202696438;17601,0504505816
"Gamma3[14, 2]";0,999954387584013;0,22038679832087;0,0779192974601301;-0,189443276345029;1,36808167377053;-1,16011193619385;-0,376356202696438;17601,0504505816
"Gamma3[15, 1]";1,00004558821987;1,59672860650412;0,297989151872314;0,734171667569924;-0,863585601760941;-0,382024887369261;0,0883189495857749;30073,097806158
"Gamma3[15, 2]";1,00004558821987;-1,59672860650415;-0,297989151872291;-0,734171667569948;0,863585601760965;0,382024887369233;-0,0883189495857749;30073,097806158
"Gamma3[16, 1]";0,999955845003921;0,415856673407385;1,65992424751053;-0,581347137963959;0,802298281448653;-0,572847709548486;-0,0438919333825549;30316,6345805764
"Gamma3[16, 2]";0,999955845003921;-0,415856673407385;-1,65992424751053;0,581347137963938;-0,802298281448653;0,572847709548508;0,0438919333825104;30316,6345805764
"Gamma3[17, 1]";1,000024606686;0,787060580522521;-0,320122394733667;0,942297232011094;-0,873618339658591;-1,53730361674343;-1,14722276745161;10830,1147286037
"Gamma3[17, 2]";1,000024606686;-0,787060580522548;0,320122394733694;-0,94229723201112;0,873618339658617;1,53730361674343;1,14722276745161;10830,1147286037
"Gamma3[18, 1]";1,00008899108369;0,333809989011289;-1,40301135488486;-0,0750072949272524;1,4151815390702;1,70190364600663;0,142479273218071;29952,4268653414
"Gamma3[18, 2]";1,00008899108369;-0,333809989011314;1,4030113548848;0,0750072949272282;-1,41518153907018;-1,7019036460066;-0,142479273218021;29952,4268653414
"Gamma3[19, 1]";1,00000573699627;-0,33011639302111;-0,423207772639582;0,464868248714116;1,14274655217973;-0,497810173465742;1,69152285816546;30165,7785551068
"Gamma3[19, 2]";1,00000573699627;0,33011639302108;0,423207772639552;-0,464868248714087;-1,14274655217973;0,497810173465712;-1,69152285816549;30165,7785551068
"Gamma3[20, 1]";1,00001463147974;-1,18556481626911;0,132801797782334;-0,203753932994563;-0,425917720469307;-0,131552741357703;-1,26625995507616;28208,3412120172
"Gamma3[20, 2]";1,00001463147974;1,18556481626907;-0,132801797782309;0,203753932994515;0,425917720469307;0,13155274135768;1,26625995507618;28208,3412120177
"Gamma3[21, 1]";1,00005724500855;-1,23888965607071;-0,147724930817699;0,229195537400579;2,20169408351879;1,24436326438139;-2,76739209669959;28800,9267713152
"Gamma3[21, 2]";1,00005724500855;1,23888965607071;0,147724930817672;-0,229195537400579;-2,20169408351879;-1,24436326438144;2,76739209669959;28800,9267713152
"Gamma3[22, 1]";1,00007173239335;2,55248557198443;-0,106081235723382;-0,457346369365284;0,559751929942287;0,598487554536237;2,13107952954394;10831,0321927421
"Gamma3[22, 2]";1,00007173239335;-2,55248557198441;0,106081235723404;0,457346369365284;-0,559751929942287;-0,598487554536281;-2,13107952954397;10831,0321927421
"Gamma3[23, 1]";1,00002903932528;1,39158207899646;0,219642057186373;0,16809170444772;0,957715276410535;-0,0501210482728267;-0,449901360366617;8544,95915763663
"Gamma3[23, 2]";1,00002903932528;-1,39158207899646;-0,219642057186373;-0,1680917044477;-0,957715276410514;0,0501210482728473;0,449901360366597;8544,95915763663
"Gamma3[24, 1]";1,00005254247681;0,148590175088374;0,664826984238355;-0,632378766922276;-0,401302436391381;0,865823129162453;1,43212020399213;30416,9254182353
"Gamma3[24, 2]";1,00005254247681;-0,148590175088346;-0,664826984238381;0,632378766922276;0,40130243639143;-0,865823129162399;-1,43212020399215;30416,9254182353
"Gamma4[1, 1]";1,00024584147883;0,874604862416059;1,67366676823506;0,425764855663917;-1,16952082908836;-0,854456893495601;1,75637514008799;30227,2717850609
"Gamma4[1, 2]";1,00024584147883;-0,874604862416059;-1,67366676823506;-0,425764855663899;1,16952082908837;0,854456893495618;-1,756375140088;30227,2717850609
"Gamma4[2, 1]";1,00025851724413;-0,725616097516512;-1,28247254543102;-1,68977794492181;1,24937519539041;0,596367272005084;-0,879361310140425;30649,9585519928
"Gamma4[2, 2]";1,00025851724413;0,725616097516507;1,28247254543101;1,6897779449218;-1,24937519539042;-0,596367272005084;0,879361310140391;30649,9585519928
"Gamma4[3, 1]";1,00020267406894;-0,407752622574144;-0,656147820880029;-1,15078061384203;1,34014225588088;-0,204154693806523;-1,45723304959674;30108,9334108876
"Gamma4[3, 2]";1,00020267406894;0,407752622574153;0,656147820880019;1,15078061384206;-1,34014225588089;0,204154693806506;1,45723304959677;30108,9334108876
"Gamma4[4, 1]";1,0000029809445;-0,892766335588387;-1,09420279606906;0,64043962338252;-0,947638488306051;-1,31685279155504;1,15328809644045;14263,8790717115
"Gamma4[4, 2]";1,0000029809445;0,892766335588387;1,09420279606906;-0,640439623382525;0,947638488306051;1,31685279155504;-1,15328809644047;14263,8790717115
"Gamma4[5, 1]";0,999995052367011;0,899218718773776;-0,145765477342271;0,756117058087217;-0,472532668469026;2,03634259407101;1,61038082106035;30209,3382033887
"Gamma4[5, 2]";0,999995052367011;-0,899218718773755;0,145765477342271;-0,756117058087217;0,472532668469047;-2,036342594071;-1,61038082106036;30209,3382033887
"Gamma4[6, 1]";1,00009876995339;0,16018192944169;-0,622670776890108;-0,163735226996144;-0,723175059716337;1,38853951973653;-1,1985949786893;29985,1722494089
"Gamma4[6, 2]";1,00009876995339;-0,16018192944169;0,622670776890144;0,163735226996133;0,723175059716337;-1,38853951973651;1,19859497868931;29985,1722494089
"Gamma4[7, 1]";1,0000537552568;-1,2044087539118;0,47090148017194;-0,764305737587289;1,69509706154631;1,53706861190998;0,581999136257374;30460,5232188767
"Gamma4[7, 2]";1,0000537552568;1,20440875391183;-0,470901480171968;0,764305737587307;-1,69509706154629;-1,53706861190997;-0,581999136257357;30460,5232188767
"Gamma4[8, 1]";1,00014052087238;-0,025475735799995;0,789708534309527;0,24080948669661;0,4644722377827;1,19167334412555;0,948337928842971;30492,6461008025
"Gamma4[8, 2]";1,00014052087238;0,0254757357999718;-0,789708534309541;-0,240809486696622;-0,464472237782718;-1,19167334412559;-0,948337928842965;30492,6461008025
"Gamma4[9, 1]";1,00014828116833;0,392891448165983;-0,444482394375549;0,00508876535229943;1,35901525486656;-0,155722457367568;-1,40418619590999;30016,9138951094
"Gamma4[9, 2]";1,00014828116833;-0,392891448166002;0,444482394375529;-0,00508876535229943;-1,35901525486656;0,15572245736756;1,40418619591001;30016,9138951094
"Gamma4[10, 1]";0,999998485796906;-0,805683218576945;0,495784281877497;-0,568329078835223;0,56813897847566;1,19297109492352;-0,526987440937177;30577,804285483
"Gamma4[10, 2]";0,999998485796906;0,805683218576945;-0,495784281877471;0,568329078835229;-0,568138978475639;-1,19297109492351;0,526987440937145;30577,804285483
"Gamma4[11, 1]";1,00001671963249;-0,658217276646955;-1,21328734912658;-0,450022126613872;-0,401420433025567;-0,817809363485236;-0,336433004109578;23220,2135659489
"Gamma4[11, 2]";1,00001671963249;0,658217276646942;1,21328734912659;0,450022126613872;0,401420433025567;0,817809363485236;0,336433004109578;23220,2135659489
"Gamma4[12, 1]";0,999974198494861;-0,0991149746012593;-0,175111988456321;0,154986680734515;1,62092138695316;0,796141590620324;-0,487501832130439;30314,3519093271
"Gamma4[12, 2]";0,999974198494861;0,0991149746012759;0,175111988456321;-0,154986680734515;-1,62092138695317;-0,796141590620324;0,487501832130457;30314,3519093271
"Gamma4[13, 1]";1,00038935187712;-0,722244041817771;-0,0862933368587986;1,45092684709371;1,06725106097849;3,37686428571277;-1,56757050031333;9591,4777472586
"Gamma4[13, 2]";1,00038935187712;0,722244041817752;0,0862933368588272;-1,4509268470937;-1,06725106097846;-3,37686428571275;1,56757050031334;9591,4777472586
"Gamma4[14, 1]";1,00006537051452;-0,234607403913096;-0,515939942926272;-1,18463280434336;0,450757689357904;0,184379677387157;0,109433853457403;30148,4367688385
"Gamma4[14, 2]";1,00006537051452;0,234607403913116;0,515939942926282;1,18463280434333;-0,450757689357904;-0,18437967738718;-0,109433853457392;30148,4367688385
"Gamma4[15, 1]";1,00021826537914;2,19090426294849;0,69584834382054;-0,366048396567871;-1,01749414327895;-0,483416253687777;-0,00395598567621105;7412,01927529136
"Gamma4[15, 2]";1,00021826537914;-2,19090426294852;-0,69584834382054;0,366048396567893;1,01749414327894;0,483416253687777;0,00395598567621105;7412,01927529136
"Gamma4[16, 1]";0,999956150752756;-0,752428183405542;-0,127823670589732;0,857407266503337;-0,0172372188035744;0,796573235516953;-0,542022851653002;30259,5646435936
"Gamma4[16, 2]";0,999956150752756;0,75242818340551;0,127823670589732;-0,857407266503337;0,0172372188035744;-0,796573235516969;0,542022851652977;30259,5646435936
"Gamma4[17, 1]";1,00005024226559;1,14855073677883;-0,0638194597710784;-0,215179079881861;-0,359258184945482;1,01384714904108;1,1459200139755;30768,7362213049
"Gamma4[17, 2]";1,00005024226559;-1,14855073677882;0,0638194597710687;0,21517907988184;0,359258184945472;-1,01384714904107;-1,14592001397551;30768,7362213049
"Gamma4[18, 1]";1,00003033728053;-0,716400137144355;0,614920051114489;-2,0923771942469;0,0532369982466284;0,475851584695059;-0,44533664604404;30378,9125314035
"Gamma4[18, 2]";1,00003033728053;0,716400137144341;-0,614920051114489;2,0923771942469;-0,0532369982466137;-0,475851584695059;0,445336646044041;30378,9125314035
"Gamma4[19, 1]";1,00021612517496;-0,488105290714354;-1,09380267395801;-1,13909564448122;-2,48122665717645;1,85853525872705;0,519913375707832;28255,0108269357
"Gamma4[19, 2]";1,00021612517496;0,488105290714331;1,09380267395804;1,13909564448127;2,48122665717645;-1,85853525872706;-0,519913375707843;28255,0108269357
"Gamma4[20, 1]";0,999949751844446;-1,27919535826891;0,367032372181728;0,966541796042435;0,0734662644737456;0,702639251655621;1,96313996150791;17310,0098029006
"Gamma4[20, 2]";0,999949751844446;1,27919535826893;-0,367032372181767;-0,966541796042422;-0,0734662644737339;-0,702639251655621;-1,96313996150792;17310,0098029006
"Gamma4[21, 1]";1,00000224724315;-0,824256787383431;2,66615594393721;-2,80356151259063;-1,54688381350573;-0,239458300773957;1,80082700544089;28650,4600179923
"Gamma4[21, 2]";1,00000224724315;0,824256787383489;-2,66615594393721;2,80356151259062;1,54688381350578;0,239458300773915;-1,80082700544088;28650,4600179923
"Gamma4[22, 1]";1,00004306678789;-0,242999618541139;1,30325835645715;0,791553364791946;-1,12362885283396;2,24447725135282;0,227180880742809;14871,3774688718
"Gamma4[22, 2]";1,00004306678789;0,242999618541116;-1,30325835645715;-0,791553364791946;1,12362885283396;-2,24447725135282;-0,227180880742798;14871,3774688718
"Gamma4[23, 1]";1,00011140756815;-0,933768275133766;-1,98566005433051;0,208705098203679;-0,407589668559623;1,71884006828207;-0,773721851041324;21886,2727609395
"Gamma4[23, 2]";1,00011140756815;0,933768275133755;1,98566005433053;-0,208705098203668;0,407589668559612;-1,71884006828207;0,773721851041336;21886,2727609395
"Gamma4[24, 1]";1,00015618227497;-1,02967241707081;1,04395893270971;-0,622589560818121;0,384013950477742;0,292098345409877;0,460357796161529;29835,1834654584
"Gamma4[24, 2]";1,00015618227497;1,0296724170708;-1,04395893270972;0,622589560818102;-0,384013950477751;-0,292098345409886;-0,460357796161548;29835,1834654584
"Mu_Alpha1";0,999946773022287;-0,990081279809194;-1,69075071837161;0,92460681185115;-0,052546102134357;1,26474112412973;0,574665734568125;30328,7753150518
"Mu_Alpha2[1]";1,00019096258391;0,711716198038972;0,15381121045562;0,14604506258101;-0,225545130285028;0,766263845158185;0,193780495319187;23246,7564099428
"Mu_Alpha2[2]";1,00005095002217;-0,86772926934761;0,906553666706916;-1,29168288433945;-0,279145253173473;2,93593345771954;0,621899143783002;29986,546031258
"Mu_L1[1]";1,00036451091721;-1,26309913858451;-0,289726305087591;0,0434134477557336;-0,484352154716902;1,28740369548248;-3,02778640504269;28053,5593344752
"Mu_L1[2]";0,999951084519712;-0,140277556313338;1,47477137546281;0,215088071184397;-0,468830141143429;0,727437847234999;0,0858151510981127;30151,3183396115
"Mu_L1[3]";1,00025505080723;0,67394256963395;-0,197756654476199;0,907993015007744;-0,813243882940554;0,886155028853125;-1,44801663455853;30454,1224609051
"Mu_L1[4]";1,00013537177885;-1,15536782643396;0,161028276807954;0,339242514232011;-0,736599446545708;0,383233073845634;-1,28362964562841;30259,5284939689
"Mu_L1[5]";1,00012078660613;-2,5633271163002;-1,89616143061277;1,38306098650013;-0,790392343682266;-0,266917463735248;1,03680632661622;30094,6238729072
"Mu_L1[6]";1,0000880511992;-1,38939281953691;0,575658939157896;1,22265061598541;-0,320691101750729;0,817535555545162;-0,508076474201817;30438,1288878823
"Mu_L1[7]";1,00002893917736;1,97197182330803;0,271727615712858;1,25013269843443;0,453774235260553;-2,24644330687537;0,819257358122511;8173,97467733239
"Mu_L1[8]";0,999972420327224;-0,573238568015059;-0,303905316406118;1,41078254963563;0,526666464430146;-1,14908311091734;-0,55229578544119;7345,69546159498
"Mu_L1[9]";1,00003389627357;0,505632642365749;-0,964641933548904;1,85541244245409;0,181347248005104;-0,0802431337864774;-2,44900955269634;30407,1967843288
"Mu_L1[10]";1,00002948393362;-1,40642096810531;-0,802395481575262;1,54979110394952;1,9287120281926;-0,274998124065343;-1,22715790693211;20271,9514283606
"Mu_L1[11]";1,00001106422202;0,257905034723289;-0,583438266592138;0,584640186522111;-0,269269268632554;-0,130389208258784;1,17918063334408;11332,9584288563
"Mu_L1[12]";1,00007024068165;-0,244018859791521;0,905437416982572;-0,578211262507105;0,348512431042018;-0,878993105156586;0,441085002291573;30420,3561317542
"Mu_L1[13]";1,00014405054022;-0,22483221849571;-0,280824089096218;-0,592874489365694;-2,17079180568887;0,381914288677904;0,27038567304732;29872,6586571329
"Mu_L1[14]";1,00005037507646;0,469726516089718;0,362532944659714;-0,781027272459373;0,12031356299028;1,38735835956258;-1,34875753784675;27490,8370178049
"Mu_L1[15]";1,0000572839276;0,573103634782488;-0,830700476484149;-1,27950170261111;-0,981091877974313;0,127478794160745;1,46937207443009;28715,0314275988
"Mu_L1[16]";1,00023494479734;-0,304034482117784;-1,25399878576211;-0,0646330412342434;0,186226308929955;1,06115902100637;-0,215567703044517;19684,137703772
"Mu_L1[17]";0,999952995759434;0,0815301166179406;0,283462542781771;-1,14325800141378;-0,912537997809275;-1,29198449115014;0,874336985697781;21287,8775230162
"Mu_L1[18]";1,00010780116429;-1,26093063888228;0,27727195310861;-0,379283241196558;0,226313444842512;0,205583190654483;1,20422552677851;4784,46466942184
"Mu_L1[19]";1,00000849753576;0,441125727065962;0,223680788056596;0,0864640600944252;-0,130077724971525;-2,44468433563812;-0,356726905388857;11829,8234264639
"Mu_L1[20]";1,00009279589235;-2,51863760854028;-0,500643718156712;0,861391562128373;0,184219553606822;0,127271899208329;0,608131575219262;30507,3836988506
"Mu_L1[21]";1,0000469743423;0,527034581714944;1,024059234048;-1,66289035342744;0,376102854462912;0,796602233497419;-1,83061220873624;25675,5234170071
"Mu_L1[22]";1,00002978692083;0,67487565882055;0,351186320584511;1,42277446411289;0,92145825936608;-1,18936643170219;0,657220857570039;30329,469856566
"Mu_L1[23]";0,999980572138425;0,378252113795963;-0,738843411087892;-0,050431532333294;0,563132420061886;-0,292414143612987;0,575267377493005;30161,0410029745
"Mu_L1[24]";1,00001197262623;0,366669267836323;-0,0180231672987086;-0,94132504216335;0,810397654808027;0,496836337293024;0,706846126393962;30170,4991113618
"Mu_L1surv[1]";1,00036373807166;-1,26869968107169;-0,290334456344348;0,0374443707240656;-0,481514939517755;1,28929572950176;-3,03168442299388;27999,2009393324
"Mu_L1surv[2]";0,999950650887952;-0,139231012747826;1,47591941012663;0,20922458802586;-0,46719581727942;0,743592538442636;0,0990865092549647;30145,1725183999
"Mu_L1surv[3]";1,00025332999703;0,689469557219396;-0,192693871181159;0,9037911924972;-0,812016210927952;0,888507326647854;-1,44845238722132;30455,019281211
"Mu_L1surv[4]";1,00013563125227;-1,15001603591339;0,160337566399117;0,345539415835689;-0,736632178947407;0,386346691150617;-1,27909519834282;30259,5491059148
"Mu_L1surv[5]";1,00012293498194;-2,57439106431084;-1,89218835357417;1,38075570541293;-0,814409260779232;-0,277167794715325;1,04663269379628;30091,7882070662
"Mu_L1surv[6]";1,00008334944127;-1,3756582981179;0,590304200946096;1,21736802355375;-0,302663997139238;0,810256486345766;-0,51484530052593;30439,6145411564
"Mu_L1surv[7]";1,00002866100047;1,97368029780446;0,274629712479762;1,24746259121535;0,451785797780653;-2,24691610693046;0,818571141535047;8167,67485100838
"Mu_L1surv[8]";0,999972356519196;-0,568810185780315;-0,308051619393044;1,41170042176565;0,528410122348651;-1,14639659234393;-0,547396114600979;7358,92147743882
"Mu_L1surv[9]";1,00003513155422;0,520698873555946;-0,955644432340398;1,88252646212912;0,166508783021473;-0,0866750442293833;-2,4543256904553;30421,836850254
"Mu_L1surv[10]";1,0000275433574;-1,39932457310454;-0,796551731560208;1,5369971054141;1,91798662127171;-0,277241063301655;-1,2186639660621;20348,3981607875
"Mu_L1surv[11]";1,00001296690069;0,201104184685022;-0,575674180698686;0,565093429565982;-0,240950817061085;-0,154449254975792;1,17790699502569;11120,1947337203
"Mu_L1surv[12]";1,00006937123461;-0,234740394061725;0,905379334541195;-0,58145220962683;0,348248927181125;-0,874166088320058;0,428023554457695;30415,9602411012
"Mu_L1surv[13]";1,00014263068967;-0,222136955974248;-0,279514301446817;-0,595110905549218;-2,16385944153855;0,385452806471693;0,322257358102117;29814,5311157574
"Mu_L1surv[14]";1,00005201211323;0,459165151048318;0,361068064293394;-0,782122367895681;0,121349063895343;1,38272572053745;-1,33823994065929;27526,9896111177
"Mu_L1surv[15]";1,00005587855109;0,530165052254227;-0,87348564854748;-1,28535865693589;-0,990667505542849;0,155598123829069;1,51523894701218;28636,9574737191
"Mu_L1surv[16]";1,00023319211753;-0,278426873200815;-1,25135108355514;-0,0615681096592486;0,182863796857031;1,05975115338344;-0,220974338654978;19733,2796110882
"Mu_L1surv[17]";0,999952306232297;0,0523006276846183;0,264872674623476;-1,13866762969431;-0,895936226761596;-1,27003471124003;0,873621112116373;21481,2307726476
"Mu_L1surv[18]";1,00010821588535;-1,2603751793514;0,272577868134813;-0,395350033104708;0,225174797380119;0,240581903632027;1,20219652367864;4768,19828318708
"Mu_L1surv[19]";1,00000857783006;0,443066890686913;0,21598027604572;0,0950110356544876;-0,114536504224427;-2,44132325797707;-0,361486998850313;11849,9353391202
"Mu_L1surv[20]";1,00009359986026;-2,54523200650434;-0,507918823506859;0,849286139308872;0,18740495800704;0,132470396661176;0,609652799281608;30511,4762776997
"Mu_L1surv[21]";1,00004711848913;0,513102316824663;1,0273963405551;-1,68537483234531;0,363759121540844;0,81251081929745;-1,82439010828947;25270,49281105
"Mu_L1surv[22]";1,00003136610787;0,68550236142749;0,342557811336301;1,43519669514404;0,912010237894015;-1,18903911604366;0,671553689321208;30334,7772566962
"Mu_L1surv[23]";0,999982527443717;0,362765760365219;-0,726063684792283;-0,051114083924991;0,560893996923623;-0,279587645125278;0,582549181479427;30153,6048655828
"Mu_L1surv[24]";1,00001251812738;0,358995925096442;-0,00545305573004546;-0,937272737228622;0,786763835700788;0,505432247785093;0,696808038675956;30169,5158313341
"Mu_L2[1]";1,00000840633247;-0,0317997998347651;1,4212571562231;-0,180963259686994;1,50534004740692;0,82086266933641;-0,573037818383362;30211,2072947811
"Mu_L2[2]";1,00010559557629;-1,58263872293147;-0,298586032659401;-0,21799343302455;-0,0299553076260489;-0,221318164203946;-0,77811879686462;30346,1223756635
"Mu_L2[3]";1,0000107564019;-1,60360303419595;-2,12494925737643;0,702416528522507;0,701405919391589;-1,41579219527369;1,00996337577067;30314,4937717182
"Mu_L2[4]";1,00014607021584;2,38125736584451;-0,236268859472733;0,438264750123739;0,61566348057859;2,20301976478774;-0,307860746798186;10943,1642186015
"Mu_L2[5]";1,00000231178077;-0,876103293313931;-0,343141442596054;0,572758514934705;-1,22434654927168;-1,02039499683446;-0,150083403291135;19336,0556513399
"Mu_L2[6]";0,999975183309942;-0,277885959214071;2,15046221413767;-1,0233927519125;0,904161182616375;1,0453768738963;1,03539195908848;30567,2034187403
"Mu_L2[7]";1,00004603643126;0,321867332297777;0,268574203451314;-0,466067116192806;-0,550463992111797;-1,8913228525591;-0,68766482931125;30273,01220868
"Mu_L2[8]";1,00007102470227;-0,926933949272024;0,862543506116483;0,664589296161561;-0,222279205990083;0,378380612324741;0,944498716479637;22521,354268149
"Mu_L2[9]";1,00010629866919;-0,219649746715091;-1,00352345176283;-0,216110786910229;0,450949502057772;0,914177354921483;-0,352629594256438;30093,3103758545
"Mu_L2[10]";0,999979593618246;-0,131222863801589;0,855010914073321;-0,00705154287239042;2,98693526176681;-0,401545608860295;-1,73249029971583;8488,48183732267
"Mu_L2[11]";0,999991872678628;-0,0509735678063903;0,786486006434745;0,0450393267659805;0,271853973830264;-0,990575010106932;0,816151142430368;26331,0585197757
"Mu_L2[12]";0,999976133592435;0,721344459164484;1,83389439535635;0,118261208498072;-0,814830267690685;-1,18649253080813;0,52050111286631;28795,3197431372
"Mu_L2[13]";0,999962014564828;-1,09763452367608;-0,73810506564641;-0,295121013141931;-0,869488426932862;-0,654413780921455;0,0510751776527892;12973,4600097506
"Mu_L2[14]";1,00002383583633;-1,22342366527679;0,873033690806159;-1,53816537384613;0,148220279460553;0,462954416275716;-2,14011740335012;30458,5705547557
"Mu_L2[15]";0,999973528382847;-0,313957094974884;-1,55824900363746;0,22980770466625;-1,50347036872366;2,43546351097885;-1,11735252896288;30193,5787193479
"Mu_L2[16]";1,00006101127322;-1,16278850858915;1,18166108330129;0,487438703248641;2,53486729209636;-1,80401182561677;0,244314540175347;30041,6514588461
"Mu_L2[17]";0,999946690289601;-1,45680724960866;2,21645624838287;1,51581585995071;3,82480676504766;-0,695500009148245;-0,497267163505204;30052,5537932143
"Mu_L2[18]";1,00004828288656;-0,49039881568212;0,749039440915236;-0,251407408177364;0,669135126128504;-0,753381181194748;0,211379040036581;30012,982316708
"Mu_L2[19]";1,00006076679394;-1,05244369998316;1,00903654599373;-2,52977109577875;0,482165460853711;0,0446345686945717;1,01349850585232;26182,6817348046
"Mu_L2[20]";0,999937124186132;0,257377663962095;0,983038478724079;0,230470117979676;-2,17920462811701;-1,01827796816429;0,95279159571409;30143,3915721624
"Mu_L2[21]";1,00006667160261;-0,248753380706841;0,433080986533371;-0,183524831240273;-1,06665720834228;1,24493816954699;-1,75989264962403;30121,8029723305
"Mu_L2[22]";1,00005015816831;-0,713119215823261;1,71573514998991;-0,0788861462076591;2,28124598077666;-0,0166409708242193;0,707367973024102;30271,4848580111
"Mu_L2[23]";1,00015710544186;-0,592718969880439;-1,54734850293259;0,0512641526563662;-0,3426786175569;0,798812540471476;-0,247007220515806;30345,0354369614
"Mu_L2[24]";1,00002027056078;-0,227651240028759;0,632731622230259;-0,64744909450689;-1,14934013355891;-1,06884282286873;0,27123359061664;7604,71113118951
"Mu_L2m[1]";1,00001072442186;-0,0696677575533987;1,49829676013621;-0,00931798927776837;1,40530999167686;0,776428221931099;-0,785008206321856;30181,7181325397
"Mu_L2m[2]";1,00010651940676;-1,83834615252604;-0,178747414481244;-0,205989173243319;-0,142449300480129;-0,284615184373838;-0,627992576254247;30476,4270133983
"Mu_L2m[3]";1,00002519114929;-1,57753093517829;-2,40753218213734;0,701672935758429;0,894824947764167;-1,26548672369149;1,25847020415072;30285,1319613211
"Mu_L2m[4]";1,00015461056945;2,11113083934994;-0,26439400251474;0,341282370181941;0,527256671801656;2,01499934519778;-0,31884690713768;8285,03837085837
"Mu_L2m[5]";1,00000502109635;-0,901573101603091;-0,382866875728755;0,757785233924106;-1,1302016913548;-0,939465218162115;-0,207270452348017;29527,9091807835
"Mu_L2m[6]";0,999986190159131;-0,345228856398507;2,35399745454257;-0,917211792750095;1,04021127846498;0,825825608502564;0,992149261878691;30539,1782625218
"Mu_L2m[7]";1,00006226668321;0,420141421528617;0,121051172799026;-0,639697158607359;-0,700399380638797;-1,59694780826482;-1,02981003537571;30314,2843761994
"Mu_L2m[8]";1,00010014211941;-1,01681161994569;0,876055507151342;0,647437211970369;-0,255664559868927;0,386360060165526;0,96638919149072;24350,6578005317
"Mu_L2m[9]";1,0000650876028;-0,188534477970208;-1,25163110699483;-0,326111162197828;0,450628374818321;0,584139764033555;-0,548823072171711;30151,225687406
"Mu_L2m[10]";0,999973607819573;-0,216587598414296;0,731742869772479;-0,156116375866576;2,94064864959442;-0,434535034221063;-1,57261504842244;9610,56308059901
"Mu_L2m[11]";1,0000022932737;-0,107961830723433;0,981775842253497;0,277771353606369;0,234881043269923;-0,874966893832869;0,717183041687303;27189,0048044115
"Mu_L2m[12]";0,999965624869233;0,282772861825552;1,70215839385679;-0,0362328938589152;-0,907637027451523;-1,41329557675884;0,285960241231996;28737,2389559694
"Mu_L2m[13]";0,999975421556776;-0,987616643309391;-0,426267494684736;-0,107636971037064;-0,699179344644321;-1,08809493562017;-0,211962452755733;21219,4580161795
"Mu_L2m[14]";1,00005368982746;-1,21046044422896;1,04487742507301;-1,99045392822356;0,439989784087138;0,0552934200164062;-2,34234488742095;30442,8777844001
"Mu_L2m[15]";1,0000002506617;-0,454256623753458;-1,5350849876682;-0,0770238600768363;-1,57521188924189;2,68496432882488;-1,1330479089261;30251,7253290917
"Mu_L2m[16]";1,00009483960867;-1,18048275952907;0,938365339323434;0,355456252530154;2,81602792152193;-1,74131299267926;-0,0595166637484939;30050,9195865344
"Mu_L2m[17]";0,999955471098506;-1,29808587645762;2,14150532245292;1,4881719828583;3,87567367720538;-0,895468810026145;-0,311247837380059;27740,8741123746
"Mu_L2m[18]";1,00007621504968;-0,414595778362709;0,640108713991815;-0,207638238743362;0,910045673924803;-0,965158092522256;0,225241730753896;28501,3512551448
"Mu_L2m[19]";1,00006750630279;-0,983929350642145;1,19452595090564;-2,46044053219986;0,754583890287539;0,0853878474101593;0,997342495966043;24404,3684316062
"Mu_L2m[20]";0,999949932484358;0,151987972808833;1,1251325260902;0,260272573892458;-1,97784703673054;-1,37763597000248;1,08839217830156;30117,0547487244
"Mu_L2m[21]";1,00011028813825;-0,407229791731431;-0,0341859160110062;-0,427205134045883;-0,524333303431161;0,981307993530867;-1,99736033903296;30129,6550306965
"Mu_L2m[22]";1,00005800096667;-0,618142605350137;1,78517352119782;0,107584573413337;2,24607581855339;-0,257737546510026;0,827691742984641;30156,9676552528
"Mu_L2m[23]";1,00018630216571;-0,618628133613483;-1,66187966558633;-0,286218950910531;-0,128867159155715;0,489173552442927;-0,249646764881124;30366,7257991592
"Mu_L2m[24]";1,00000743567552;-0,116398904662102;0,639316805533351;-0,713594926521986;-1,12135119187685;-0,889747821063966;0,428248293413534;8614,57339901245
"Mu_L2nm[1]";1,00003896548594;1,31553228946137;0,759911455441991;0,0800503808856871;0,158460279666447;0,694752551763244;-0,021122351720438;30292,7086960397
"Mu_L2nm[2]";1,00006326150523;-1,4388159973724;-0,669136836967741;0,6287666704136;0,383911297718754;-0,978129527306219;-0,8849025992509;30027,265604102
"Mu_L2nm[3]";1,00008544381302;-0,548665944246518;-2,16106285728181;1,56814732801726;0,813913274478733;-1,70650746776839;0,548772145559677;30443,0479511927
"Mu_L2nm[4]";1,00005483121707;1,76555056597162;-0,0659495336737081;0,968629122332573;-0,0648049565095131;1,52475298985768;-0,73051523224361;11925,2539038162
"Mu_L2nm[5]";1,00009528595159;-0,0527045681505501;-0,0156649334690049;0,120620698625196;-0,82679031088027;-0,737603396689597;-0,00688269673096598;13304,5202275855
"Mu_L2nm[6]";1,00002984792817;0,537736655231756;1,65303205079794;-0,243768854039089;-0,385188778223457;1,79087592679076;0,825246848252179;30459,3016063997
"Mu_L2nm[7]";1,00001831028076;-0,418416956347759;0,662147081729521;-0,487771900372936;-0,145007095116417;-2,1311724194199;0,00602410784514905;30367,6773868229
"Mu_L2nm[8]";1,00004581447641;-0,417679013965933;0,162419763199427;1,00392640205144;-0,71454059309093;0,825896123529809;0,194663835961143;25662,5732255008
"Mu_L2nm[9]";1,00019094589223;0,120361047418519;-0,328412688971705;0,38925948409463;0,537470246950982;0,99247363486566;-0,440813064394292;28983,298553048
"Mu_L2nm[10]";1,00008975711809;0,536235524024047;0,442136295870377;0,378587557369819;2,48955349112469;-0,536918224064946;-1,30467935041388;7212,41838210072
"Mu_L2nm[11]";0,999986137230422;-0,047857940803466;-0,284486702417233;0,299181160523893;0,395330928169606;-1,05732162862708;0,895712251223866;24396,9112601513
"Mu_L2nm[12]";0,999996050611855;1,29807685671705;1,17695795048431;-0,505564608772982;-0,644426973466095;-0,589906279379024;0,450630770824878;20509,220447781
"Mu_L2nm[13]";1,00001483641609;-1,4963734176289;-1,17315053957411;-0,261002562381232;-1,16838307790776;0,748905284777309;0,0594716594251789;4954,03925985651
"Mu_L2nm[14]";1,000032259463;-1,6590584988978;0,260688644700277;-0,679452694852932;-0,0535344618657268;0,557531068968851;-1,16717009300979;30314,2848831835
"Mu_L2nm[15]";0,999941977866113;-0,194783053587635;-1,18044522718639;0,480402602295952;-1,10457648869726;2,37843599682994;-0,943834815830974;30033,2455554898
"Mu_L2nm[16]";0,999966252482772;-1,06964477334472;1,01827397170619;0,678137729854992;0,669457138648191;-1,75134169891375;0,637482667225294;30018,3398002754
"Mu_L2nm[17]";0,999989379617423;-1,12147768336196;1,8171053706704;1,36578659817679;2,97380337587958;-0,274271680345331;-0,540586687791402;30042,6184397258
"Mu_L2nm[18]";1,00005938331149;-0,59659563613747;1,09709234931196;-0,280297001792356;-0,232032750762969;-0,854421512575272;0,358497966487525;30144,9686109738
"Mu_L2nm[19]";1,00006536693912;-0,921154839865512;0,402328721528157;-2,23334390517868;-0,50538553490148;0,0360544319786918;0,521429420323505;30043,2223744466
"Mu_L2nm[20]";0,999940524905534;0,698906530904107;0,505912426926259;0,656787971679733;-2,64505673617504;-0,16242194699838;0,58977686384574;29806,2952760611
"Mu_L2nm[21]";1,0000662826059;0,0335179184093016;0,884172610862911;-0,0188058970423004;-2,01279053115593;0,618296063989707;-0,589661093542928;30400,8116980946
"Mu_L2nm[22]";1,00019307089321;-0,970904443551598;0,20555370537546;0,877706784973036;0,850824194702628;1,01381496334353;-0,387181762144774;30148,9838937964
"Mu_L2nm[23]";1,00034065145447;0,760730480234869;-1,87307060752967;1,04593680202916;-1,01534700943455;0,742257530734122;0,472439584912645;30341,3446522657
"Mu_L2nm[24]";1,00009336821365;0,556856441111841;0,808554405027749;-0,460631691207747;-1,3084410139605;-1,3653218066985;-0,125638406914313;5901,39174628091
"Mu_Mu_L1";0,99993440720991;-0,416244645645269;-0,292572376480309;0,626970683386436;-0,747006239118878;-0,750886924751065;0,470232918889678;30122,2445143199
"Mu_Mu_L1surv";1,00007602229364;-0,933122077158646;-0,492654005147599;1,10396587333673;-0,223634535775327;-0,164486138599615;-0,819243238921407;29982,1114379489
"Mu_Mu_L2";0,999988838866939;0,454573369699233;1,15049146662177;-0,941328761435426;0,435473656920475;0,260265656217389;-1,59470443301588;22477,9969234837
"Mu_Mu_L2m";1,00012869862615;-1,5552568510235;1,36690373513585;-0,422207866798067;1,72117639908441;-0,718680262041423;-0,515842017591689;30114,179855058
"Mu_Mu_L2nm";1,00028513354541;-0,180052780613296;0,456307220511258;0,613070173533498;-0,366558640425497;-0,0323436049736528;-0,209376810181127;30237,1310013507
"Mu_N1[1]";1,00002236460031;0,564914883080828;-0,422725836119807;0,586793353656092;-0,412356194782641;-0,905899820760855;-0,597195498994323;30516,3422861814
"Mu_N1[2]";1,00005123935079;0,0699183345600778;-0,249774509786114;0,655989519154253;-0,880822059704693;0,953605273121933;-1,08705945486685;7906,84554862057
"Mu_N1[3]";0,999991710213498;0,683626252368067;-0,502542434995288;-0,488154351078423;-0,345325870776714;-0,14325792160585;-0,395609609212536;30547,7786234813
"Mu_N1[4]";1,0000519794055;0,0563024063224815;1,91231261237685;1,4555279204051;0,435933281689293;1,01661907001146;1,42320413126531;30856,5801319474
"Mu_N1[5]";1,00024993704121;0,842473859130967;-0,378109945382261;-1,02669208405366;-0,974672498303294;0,407922967020792;-0,779542306843482;15553,9375101086
"Mu_N1[6]";1,00007480593195;-2,22287706297023;-2,11199131911962;-1,05926817765435;0,553713040555235;0,31198711006616;1,35030447856115;30247,7392951746
"Mu_N1[7]";1,00007043598104;0,419196656171313;0,759534792004608;-0,145085571707348;-2,81091501984413;-0,904916093085704;1,2003218512668;24706,3451315205
"Mu_N1[8]";1,0002608434407;0,76179940667698;-1,08424950571491;1,46411305185753;1,03441878174477;-0,361130483126227;-0,0969776548193499;12363,5108902954
"Mu_N1[9]";1,0001132975313;-0,678350768249325;-0,369315546673768;0,44177084880218;-0,135164522455176;0,256254509055576;-0,77694431895881;17498,1646575133
"Mu_N1[10]";1,00001671213507;-1,37119175579444;-1,1052916225866;1,71839771756626;1,72019099178502;-1,23902105410071;-0,39548684915455;30097,4711298355
"Mu_N1[11]";1,0001200991059;0,337044200924615;-0,0868187601361048;-1,7524870890887;1,25582591448763;-1,19607304444616;0,809972295060375;14831,1707409211
"Mu_N1[12]";1,00018449818617;-0,217823193227676;0,843614214276667;0,879041847250389;-0,454374434197527;0,153029817112193;-0,535300226303596;23214,0535750766
"Mu_N1[13]";1,00004592926006;0,23612303537307;-0,0344968395864849;-1,39035089080354;-0,243669953399255;-0,593801354457903;0,468186001350117;30588,8699871005
"Mu_N1[14]";0,999960566119744;-2,15575977815173;-0,22746699567575;1,02716071673359;0,26383173519913;1,51290563192838;-0,330031715386732;30854,4130914595
"Mu_N1[15]";1,00007314457381;-0,0917554628558501;-0,460115934033556;0,265749404937136;0,247383027545307;0,844387189188984;-0,12786179197676;8841,17968492373
"Mu_N1[16]";0,999967741762925;1,2231766223278;0,610466462081187;-0,449234694748989;0,990626203940341;0,241407214006075;-0,478155977408812;29789,9752954693
"Mu_N1[17]";1,00010366581493;0,632759729897176;0,405686342904448;-0,438191333295351;-0,110097283990929;0,216932608278966;0,0890253018643951;29644,9497409768
"Mu_N1[18]";1,00020206221808;1,7394715571099;0,550892764845475;2,23367714896629;-0,247237243669402;-0,84196377685794;0,328351515169162;21155,6328907808
"Mu_N1[19]";1,0001089718562;-0,0474994875954087;-0,232759978749194;-1,06999079179116;-1,38250605664195;-0,964207772492072;0,467926790032799;30039,2208551317
"Mu_N1[20]";0,999926832273346;0,28236450128;-0,291692422523087;-0,624993859217466;0,552288524338027;-0,988850721801778;0,222245935236025;18303,0254802345
"Mu_N1[21]";1,00012946592814;0,981507993139906;0,665042595697753;0,522959095658688;1,7729703089724;-0,73069515726374;1,55285281120028;30089,7450386463
"Mu_N1[22]";1,00005544016824;0,548330730284082;1,11368163277713;-0,646874933793885;0,86026561300768;0,904432053529212;-0,723999706987277;30400,4447679208
"Mu_N1[23]";1,00004075621478;-0,324072562565167;-1,2369279955369;-0,903962673785395;0,361836112490076;-0,89478675320941;-1,23174021157752;27542,7632128498
"Mu_N1[24]";0,999992020539342;-1,13599251988302;0,941110399453975;-1,22171098757611;1,22034132358976;-1,48364371989967;0,222173567245831;18986,9980183549
"Mu_N2[1, 1]";1,00003635647093;-1,38879064496025;-0,860234050357882;-0,0829571155350147;-2,2890672008748;-0,218366980128455;-0,812467422592387;24870,0011764519
"Mu_N2[1, 2]";1,00017690560117;-0,460208318716395;-1,46279075252035;0,554039182265079;-0,114673029037541;-0,41661845948565;-0,538233827273061;30921,7531593422
"Mu_N2[2, 1]";1,00007167444629;1,18078811392786;0,25709086265067;0,420942690989784;0,167581979448457;-0,541909311195141;1,04752292130908;22493,2666531752
"Mu_N2[2, 2]";0,999967289680786;0,132792084173953;1,86979756890881;1,01883412014241;0,821648303344728;-1,52599893818909;-0,0526685190125986;30330,8735983427
"Mu_N2[3, 1]";1,00012371017832;-0,715082687446563;-0,203257233497541;0,804628117848392;-0,204803643631142;0,705098299017143;-0,836930532797075;29736,5929816297
"Mu_N2[3, 2]";1,00003564054594;-0,221885308937617;0,611608195652785;-1,98938734481438;0,644588509674123;-0,168307555991867;-2,04290014896175;6170,5607218178
"Mu_N2[4, 1]";1,00008422440675;2,47819184684152;1,90666225593574;0,240747864352114;-0,00154394266202751;0,158935686757486;0,72050766312634;30130,0210071045
"Mu_N2[4, 2]";1,00006402633373;0,649008295142087;0,00234903396314735;-0,38321887940201;0,741097463800938;2,12469303977651;-0,944498163200857;23818,6239958278
"Mu_N2[5, 1]";1,00006438388506;0,0977394705199576;-0,149683007529488;0,641257642255125;-0,625259085067527;2,11594777915992;-0,707210197475625;29514,0879986786
"Mu_N2[5, 2]";1,00001936645536;-0,465236794263499;-1,21964112578382;0,738235556187563;-0,0664642704744535;-1,9952782303168;0,441498010943904;30232,4125754263
"Mu_N2[6, 1]";1,00017426510493;-0,646253702811199;0,259526778677562;-1,56397204093625;0,106870102641302;1,6032773811603;-0,649830399937773;22462,6187571503
"Mu_N2[6, 2]";0,99999322605102;0,0560877349756367;-0,597775968485157;-2,28522410302398;0,104969623509996;0,495860463853014;0,67717539989082;19317,522497093
"Mu_N2[7, 1]";0,999924800133422;-0,584994348560042;-0,821300704315089;1,03863347171402;-0,385179584120108;0,119558303443245;0,336910743186931;30220,4463784018
"Mu_N2[7, 2]";1,00000910006085;-0,919142200856524;-0,22824757721195;0,0148210660608295;0,198349965733929;-2,39851655052478;-0,665540215105026;30492,0085414312
"Mu_N2[8, 1]";1,00008914242041;-1,06426322256121;-0,575171432362337;-0,0841343720712604;0,833087076838822;-0,757096522866633;0,260051256383879;29017,3533872835
"Mu_N2[8, 2]";1,0001687225179;0,791295344126149;0,558554960900772;-0,586243130645153;-0,589422922804949;1,53939732960782;-1,89086525215469;3558,54040829248
"Mu_N2[9, 1]";1,00019661304855;1,5270027247829;0,440760124261499;1,03095039960752;0,912542948608341;-1,43666918440989;-2,77204797827048;30242,0032786681
"Mu_N2[9, 2]";0,999987191390364;-0,852663917468832;-0,0781754290073391;-0,324792606971799;1,99766858523596;1,33624659142015;1,09973219148032;30182,6685880296
"Mu_N2[10, 1]";1,00003516305146;-0,686951221154995;-1,00313248652088;-1,98030050400918;-0,913698382651265;-0,394085291625981;0,186381915373992;30792,0070226712
"Mu_N2[10, 2]";1,00009587275145;-0,00510806987633345;3,18164953843903;0,937671348959071;-0,438452872743071;1,098462610854;0,295777632137429;30297,551273038
"Mu_N2[11, 1]";1,00004950869931;-2,67533684345233;0,143915405099463;-0,561806421776277;0,0702917778214558;-1,92440703537271;-1,10271924449279;11412,8185234393
"Mu_N2[11, 2]";1,00001032667665;-0,351554022443298;1,07242845897984;1,78808890699115;0,682126606027356;0,85133507459059;0,437006559696994;17671,323498009
"Mu_N2[12, 1]";1,00009229841532;0,76372655981112;-1,26010888219382;-0,819290812860886;0,49688725889985;0,71523606094065;-1,29115011174852;17795,2365075241
"Mu_N2[12, 2]";1,00005176333196;-0,713607507624303;-1,02213083435934;-0,485783932703071;-0,381198926892976;-0,507056812407953;-0,436472453789147;30187,5162537111
"Mu_N2[13, 1]";1,00009914557553;-0,619865779737556;-1,68059317563667;-0,577085189856874;1,8676541726879;0,672925256531352;-1,71205617561727;30204,3865940483
"Mu_N2[13, 2]";1,00013466308671;0,11076521013191;0,782554250818312;-0,107327510062917;0,22818367279841;0,160182217569982;2,70853607609404;27559,1285688471
"Mu_N2[14, 1]";1,00008697392417;-0,623464969897965;-0,000745448565093299;-1,75159830144494;-0,199634739010186;0,590707034685726;-0,0190476898406818;14897,5473303668
"Mu_N2[14, 2]";0,99996991235746;0,371291611570337;0,48656912811785;-0,48800553495656;1,05925189097924;-0,501845941947928;-0,718939200365651;30311,9512839265
"Mu_N2[15, 1]";1,00015075428257;0,593905731940694;0,819683105529421;0,397781621627843;-0,0383208296854143;0,347729922587233;-0,731947704485904;12132,908788847
"Mu_N2[15, 2]";1,00013562327122;-3,04211573287572;-0,675410564564863;0,300080203044887;1,78176987195843;0,599875030124893;-1,34796204222261;28824,7703381161
"Mu_N2[16, 1]";1,00000501678285;-0,972724138401875;0,304602580988077;1,49001351892398;0,372865929770522;1,02091193850995;-1,21028978736851;29841,3139703764
"Mu_N2[16, 2]";0,999962627400849;-0,867389128848952;-1,40834397375247;1,50215461738967;-0,163554736880029;1,40358453464383;-0,836354440658738;30477,9653446407
"Mu_N2[17, 1]";1,0000157760876;2,70590114765546;-0,152319213824094;1,3336699615558;-1,55419165407965;-0,855657200455494;0,289170160976;14579,2635682166
"Mu_N2[17, 2]";1,00002531491889;0,060660774592068;0,666315862902136;-0,244672587347911;0,33138830890889;1,27691877278096;0,858077353791572;28513,1256300194
"Mu_N2[18, 1]";1,00011733666286;0,570520332272159;-0,964056101034752;0,307023986844266;0,62400949705234;0,497310629765807;0,223827380031215;25345,2382381099
"Mu_N2[18, 2]";1,00004359944139;0,207019311514165;0,593538427713618;0,903819801964348;-0,902914805846451;-1,37827557824326;-0,0933460777092183;20621,725496111
"Mu_N2[19, 1]";1,00014428514581;0,599520916358436;-1,12160197361668;1,01558904443845;-0,103506308263551;0,720801173943265;2,01258077283767;18229,5583652461
"Mu_N2[19, 2]";0,9999640639956;0,954990656368126;-0,411437354646507;0,80413496333836;-0,776010177063812;0,342789597230068;-1,13265399728146;30347,3572096161
"Mu_N2[20, 1]";1,00006205455316;-0,788923614168569;-0,215330752349579;0,0882291432563445;-0,0726806232549997;-0,796960258880679;-0,37341437632802;30067,2518899649
"Mu_N2[20, 2]";0,999983618012222;1,53954075100637;-0,336198607034845;-0,635351305029272;0,671748601739446;-0,531395250346259;0,531196912620567;24504,7396552075
"Mu_N2[21, 1]";0,999976941131157;-1,41691188149932;-1,07678801749335;-1,07872202544936;2,11262059906861;-0,591325077071405;-2,26664664619318;17497,0418590365
"Mu_N2[21, 2]";1,0000038466499;1,35221496687677;-0,600110883451756;0,21857120403045;-1,88499776093268;-1,45062150998766;1,94251560431108;26575,1490139065
"Mu_N2[22, 1]";1,00010626574805;1,10345754487055;0,00639879173654156;0,268589297339058;1,4754715108727;0,0477533137811756;0,217206515457322;30044,2151127933
"Mu_N2[22, 2]";1,00001841083152;-2,14596163362162;-0,181205260493702;0,139160052936081;1,62179176390214;-1,97272640655749;-1,78486119274068;9598,17330817518
"Mu_N2[23, 1]";1,00021937101179;0,748420063105049;-0,987756843975155;-0,273421879259807;0,779756777082788;-0,284263017925707;-1,01329317981333;30232,9005388793
"Mu_N2[23, 2]";1,00002267697473;-1,07578556967476;0,110865294989514;-0,597841244005869;0,0215711197353486;-1,46484655873411;-0,0353319805210435;30171,7512505196
"Mu_N2[24, 1]";1,00010870678821;0,569906636506823;0,983659518637685;-1,66638046514173;-1,12545961990427;1,38319897668411;1,27745366459233;30590,8174842565
"Mu_N2[24, 2]";1,00015201578219;0,508337638845279;-0,763884657315876;-0,420707734412935;-1,18486028032126;-0,641222644858837;-1,32625533525075;30060,7326249431
"Mu_N2m[1, 1]";0,999992882284555;-1,60021523514816;-1,12462288540948;-0,911000207803145;-1,62413607727228;-0,0601776716233296;-0,651454046281969;23815,5344333754
"Mu_N2m[1, 2]";1,00018999530714;-0,360679361891154;-1,31082140682212;0,502791275055197;-0,114189314182494;-0,518964638032028;-0,212695229505725;30964,823572409
"Mu_N2m[2, 1]";0,999993892340786;1,92461150362098;0,315353491762855;-0,0870289732787171;-0,231118299825593;0,626974075201329;1,05174029193334;14634,3917249242
"Mu_N2m[2, 2]";0,999952112762402;-0,0395280248402623;1,59255064808763;0,617374219663936;1,15453681465089;-1,26940560513945;-0,301336348227361;30141,7528943187
"Mu_N2m[3, 1]";1,00013835892513;-1,37809752865452;0,909300452271414;0,915421308961751;-1,41572623841599;0,607753022548905;-0,612220963865364;28884,1851869745
"Mu_N2m[3, 2]";1,00003885676318;-0,39522768986603;0,755152569122978;-2,46440677202824;0,954119583250054;-0,273464442353673;-2,50884896027712;3917,26875544119
"Mu_N2m[4, 1]";1,00017675908123;3,00680369983859;2,18956534742452;0,19426458396075;0,552867941823948;0,499952286470061;0,782316057551668;30035,1594750096
"Mu_N2m[4, 2]";1,00009339901852;0,456634876571634;-0,264495381531828;-0,290273184738339;0,662463962357813;1,97671430664504;-0,677413346153864;22277,7380348299
"Mu_N2m[5, 1]";1,00004779426128;-0,29024554756189;0,156733619590276;0,105686867292834;-0,989755791850137;1,5085356158065;-0,891765477222022;30059,0605717603
"Mu_N2m[5, 2]";0,999999557227613;-0,352642585313521;-1,21204410636721;0,742205209375054;-0,239641720059914;-1,65605643644161;0,750498342881151;30113,8896081425
"Mu_N2m[6, 1]";1,00013226690429;-0,913307994130946;0,62051935720896;-1,68458147943622;0,162182471582981;1,2429820876907;-0,295144158382507;26932,4918623086
"Mu_N2m[6, 2]";1,00001362733072;0,101193378189566;-0,722812804538118;-2,47272162561398;-0,0112219039247902;0,737885483621684;0,465498969530837;14596,4070548221
"Mu_N2m[7, 1]";0,999977670867046;0,0821275461087756;-0,74253794704257;1,60648880142274;-0,570181044139256;0,178521038686044;0,571329712994107;18556,6700350287
"Mu_N2m[7, 2]";1,00009006355812;-1,2354503557735;-0,106246130174514;-0,147778922940046;0,619322556855132;-2,05028834783055;-0,497103318804022;30509,9082272104
"Mu_N2m[8, 1]";1,00001715172914;-1,01548452243279;-0,550478885156577;-0,284606623393816;1,30271848888862;-1,48162253287789;0,604472638559613;30073,82878044
"Mu_N2m[8, 2]";1,00013774763491;0,848997927959122;0,708882026129433;-0,620549583927709;-0,416497705593453;1,62523019924524;-1,66830942568361;3058,85068975837
"Mu_N2m[9, 1]";1,00012773438245;0,665278060750058;1,32000941891388;1,09939769676408;-0,20941225944752;-0,621232180870033;-1,11921239044329;23798,7517407619
"Mu_N2m[9, 2]";1,00003008477048;-0,868640982697259;-0,122601466448886;-0,437905832959101;2,42569418362599;1,59200488472556;0,927630326296069;29985,5460285113
"Mu_N2m[10, 1]";1,00007960111528;-0,48053825226389;-0,670943952951378;-1,59770572656209;-0,662046579650624;-0,55770906861084;0,317387101097206;30704,0112569747
"Mu_N2m[10, 2]";1,00010388603501;-0,136091723116671;3,42437158920111;0,91382274221303;-0,313517018403798;1,25005443842273;0,25986048700236;30226,1852810326
"Mu_N2m[11, 1]";1,0000819481433;-1,99102457217772;0,526960001098221;-1,49941994848966;-0,0932766520383062;-1,91857383605211;-0,962543272280672;30042,319596931
"Mu_N2m[11, 2]";1,00001397546235;-0,374605478820325;0,762696542161963;1,53415322584898;0,542171147039734;0,616662582838707;0,425511673524001;28053,924922638
"Mu_N2m[12, 1]";1,00005431783411;1,14885087011277;-0,318676645358242;0,486038351714471;-0,0122736236162145;0,457574395394712;-0,427174067324046;30350,6600164428
"Mu_N2m[12, 2]";1,00005153863106;-0,798331648337055;-0,833620458104872;0,0982910633128701;0,330222022822077;0,0116504514671312;-0,442801043541744;30156,3031971785
"Mu_N2m[13, 1]";1,00008045079218;-0,167167699359284;-2,19947109809278;-1,37506648722601;1,47812593348671;-0,401405930582768;-1,40421874360335;30346,8303329337
"Mu_N2m[13, 2]";1,00005477068902;-0,0348460309387192;0,813130154508899;0,351046593088912;0,429098185052442;1,08131388368153;2,43101139337202;21901,1519062488
"Mu_N2m[14, 1]";0,999995937653477;0,222827244415811;0,151946414238404;-0,214512366207571;-1,44864686864954;1,80990497930574;0,101050141938652;8668,91109162237
"Mu_N2m[14, 2]";0,999952509853166;0,493509603805988;0,316691485539206;-0,683301832831413;1,04055277617055;-0,212503463174081;-0,667252825660115;30064,536170218
"Mu_N2m[15, 1]";1,0000098571268;0,889739862454921;0,0808041855095629;1,17841901939083;-0,60428114056721;-0,408430359708975;-0,674511512742968;30007,5020672373
"Mu_N2m[15, 2]";1,00004468956967;-1,76728132331095;-0,575603659878353;0,237983061987938;1,2743412137784;0,259518662389713;-1,37166663398969;23376,9933471559
"Mu_N2m[16, 1]";1,00002340477341;-0,434284376025736;1,0162184928237;0,865040129817857;1,2927348222041;0,601833101342736;-0,578883621061261;30211,828712604
"Mu_N2m[16, 2]";0,999978604246188;-1,01728431556613;-1,34715259838903;1,76226980790707;-0,0157932250630714;1,64238913475034;-1,08377782598496;30316,5213629036
"Mu_N2m[17, 1]";1,00000415557476;1,38697988111638;0,134552173482812;1,20264132949086;-1,06890516824753;-0,994558310006248;-0,723312071553391;9937,20311113154
"Mu_N2m[17, 2]";1,00004719359625;0,125877375117298;0,723291710786228;-0,451165276262685;0,332291047401742;1,75257289154257;1,08204211673723;30039,896859804
"Mu_N2m[18, 1]";1,00011250178428;0,499229126988408;-1,48289159441727;0,453543813000075;1,39975704880965;1,68864799764121;0,00635663394871159;30137,9983440314
"Mu_N2m[18, 2]";1,0000546139443;-0,0542529292570884;0,753285483560071;0,489902271842982;-0,939630113466561;-1,19483024409814;-0,252537342950213;23752,7335567399
"Mu_N2m[19, 1]";1,00010518704236;0,323914038239236;-1,28159893387781;1,23533930652379;0,352865776705967;-0,181736241637636;1,740312833035;30122,7120519959
"Mu_N2m[19, 2]";1,00000109458844;0,794864694558253;-0,65455929857909;0,511803147863364;-1,52030259619349;0,72831707678095;-1,10346204943019;30289,199987076
"Mu_N2m[20, 1]";1,00006865083893;-0,945693869879911;-0,118432515302264;-0,754910099737923;-0,0275632644465617;-0,369314614251762;-1,09621793785279;27740,1200707966
"Mu_N2m[20, 2]";0,999986923434498;1,19550772450581;-0,243131360360142;-0,448153402124799;0,684303118812608;-0,198153935428614;1,00817549039483;26423,5761293779
"Mu_N2m[21, 1]";1,00006883804035;-1,13355499781617;-0,217541038317823;0,214448161518135;1,99824368169745;0,945525292406342;-2,8647276997511;29930,9885959527
"Mu_N2m[21, 2]";1,00002841074661;1,26156899085023;0,0812240848385716;-0,209556507676935;-2,33921998649421;-1,3615495359506;2,34898908823488;27565,6729382636
"Mu_N2m[22, 1]";1,00008215980718;1,54599896081289;-0,0254584500357543;-0,667975750379549;2,09863265559227;-0,405213331015973;0,541354043297639;24825,2816302869
"Mu_N2m[22, 2]";1,00003167093423;-2,46989719144766;0,2347045776978;0,125454578020033;1,3743202968087;-1,42340148733695;-1,76982382472096;7187,23335889399
"Mu_N2m[23, 1]";1,00006613272994;0,553674029402367;0,300849473532115;-0,219002725441412;1,28187287507631;-0,229106127323765;-1,01298098367161;30161,8040546411
"Mu_N2m[23, 2]";1,00004260964384;-1,78447875795243;-0,162550747952294;-0,641904911788006;-0,181957127957663;-0,53882479965796;-0,349641598506653;9263,42692573082
"Mu_N2m[24, 1]";1,00013982840126;0,231941104251648;0,477183973875675;-1,15104917681551;-0,981527519199498;0,823287660801212;0,929914884513035;30493,8845860296
"Mu_N2m[24, 2]";1,0001065827704;0,0344696510125459;-0,560215771020579;-0,577986078921581;-0,995515200183516;-0,549791652520458;-1,34435219953154;30203,4284929225
"Mu_N2nm[1, 1]";1,00009716277467;0,428583397780814;0,358855156934443;2,20516586594508;-2,64512277262069;-0,559408800017406;-0,52448100526417;16027,2382490009
"Mu_N2nm[1, 2]";1,00013414731184;-0,519675994949573;-1,76980289554942;0,250773696989851;-0,106459346542604;0,584997864295576;-2,76717294162977;30387,7346539511
"Mu_N2nm[2, 1]";1,00013459072307;-0,938521797613271;0,0040062900171761;1,06248639153041;0,575957057006502;-2,09247475288751;0,360336992473512;30164,9323301543
"Mu_N2nm[2, 2]";1,00018579797774;0,791297725223444;1,38647071470827;1,92537170581402;-1,22952427317931;-1,27293583422047;1,07368848488306;30478,1393780545
"Mu_N2nm[3, 1]";0,999943052403658;0,83930289848572;-1,4812157366983;0,0123374551121577;1,65094317126629;0,359277994803936;-0,577265584926749;30185,8115803798
"Mu_N2nm[3, 2]";1,00016173925138;0,540481288395125;0,0400400875535693;1,19967910742052;-0,846927343874414;0,29874363125234;1,38414046236354;30292,7720881771
"Mu_N2nm[4, 1]";1,00013856597206;-0,619361422333339;-0,0552796643230593;0,182073529545463;-1,47403017690757;-0,616184752849816;-0,0314471310052881;30217,3032338382
"Mu_N2nm[4, 2]";0,999942451200277;0,99356195461935;1,2213855464281;-0,656808656128629;0,528997920749936;0,983977564185308;-1,36251076433939;22888,5874714532
"Mu_N2nm[5, 1]";1,00012874886838;0,968876304448999;-0,699109633802702;1,27024450581994;0,649033062633556;1,98445303111322;0,280435879139575;24811,7013814513
"Mu_N2nm[5, 2]";1,0000087160086;-0,728285145799964;-0,0403768597586568;-0,163618613335129;1,07173889545561;-1,8015799976341;-1,92238552717019;30003,2206204785
"Mu_N2nm[6, 1]";1,00005456970942;0,361531573298849;-0,862418166611835;0,0836112497374366;-0,159633481834327;0,379948134324638;-1,16566181453662;26592,343807181
"Mu_N2nm[6, 2]";1,00007951361778;-0,234796893353538;0,488144881091232;0,23934525670948;0,552458896052995;-1,23281009589449;1,06095941985329;30170,1323400273
"Mu_N2nm[7, 1]";0,999994811037371;-1,34510397223845;-0,385128459158659;-0,64687742883779;0,230967209569748;-0,0455949367383672;-0,290718781740313;28914,9814650312
"Mu_N2nm[7, 2]";1,00006068161299;0,8996757570775;-0,491323742775281;0,602418113242753;-1,54613476419543;-1,69825103079481;-0,724824962136713;30426,4221663931
"Mu_N2nm[8, 1]";1,0000956242339;-0,419665942263426;-0,25254597260378;0,549366403239353;-0,966355272185886;1,55700596137322;-0,639397432777303;30025,4345455481
"Mu_N2nm[8, 2]";1,00014253272124;-0,163370458933534;-0,836320317942565;0,0709025250824763;-0,96218090238485;-0,848412064885215;-1,40175298760678;30693,6503236979
"Mu_N2nm[9, 1]";1,00010652787306;1,38382990636471;-0,82231105723706;0,36937570434748;1,56687627536948;-1,15092863681398;-2,36271573326314;30432,3997018679
"Mu_N2nm[9, 2]";1,00023431088334;-0,118284401352379;0,193029254132409;0,289126267445388;-0,801989876314743;-0,345847043980242;0,702547514271159;30005,1934061344
"Mu_N2nm[10, 1]";0,999988542134156;-0,586226251210968;-0,997064317717074;-1,40965859458979;-0,875750457485429;0,106614697003272;-0,09882774183702;30082,5946225924
"Mu_N2nm[10, 2]";0,999958101185482;0,852526908338663;-0,916886932598382;0,19013875948934;-0,961610421173106;-1,41706112287944;0,372093245275945;30589,7475010862
"Mu_N2nm[11, 1]";1,00007193251036;-1,62213611394769;-0,567651619193067;1,25841075924615;0,280807702179858;-0,684640041165324;-0,563357091438038;11633,4343753635
"Mu_N2nm[11, 2]";1,00003041952805;-0,0116997381550349;0,999964945370859;1,38513980750529;0,437346799627981;0,704092964872552;0,118223898474366;29962,0742813431
"Mu_N2nm[12, 1]";1,00006985163473;-0,0898796803686331;-1,59098208635324;-1,74053562618488;0,67822267225318;0,573536087885003;-1,44313301897503;10386,5257820391
"Mu_N2nm[12, 2]";0,999966905308799;-0,00416810754377388;-0,684919080294745;-0,995453161902634;-1,17160692666468;-0,8528134291622;-0,074283883205175;30209,0004952655
"Mu_N2nm[13, 1]";1,00007782920251;-0,884414812433716;0,0547409798727886;0,832412140306983;1,39033598434065;1,91788181357226;-0,95016484877123;30028,5237495056
"Mu_N2nm[13, 2]";1,00038352510335;0,433380379238068;0,0304155306802013;-1,52265332762551;-0,559403291522022;-3,41488594935834;1,1986554430029;9573,44915771536
"Mu_N2nm[14, 1]";1,00026956990836;-1,49894051059202;-0,2386950268213;-2,8854384221327;1,86908792022023;-1,50558999305178;-0,219905969794446;15226,6593464284
"Mu_N2nm[14, 2]";1,00007154714567;-0,221798415507029;0,543629962775791;0,406634326690582;0,214620524571517;-0,834318378508646;-0,272039146892283;30214,4428745471
"Mu_N2nm[15, 1]";1,00014166956877;0,0370339287471278;0,933708116843097;-0,420076799148813;0,396633868327268;0,692752084879578;-0,339303334559368;19180,2995687733
"Mu_N2nm[15, 2]";1,00011950966162;-3,16081390074521;-0,348910539199887;0,232613047404191;1,36896999289713;0,783666931421429;-0,125722089774801;21060,2903418755
"Mu_N2nm[16, 1]";0,999912879175583;-0,95634811139213;-1,10177636705273;1,66613095652515;-0,954126833042136;0,929379597871997;-1,38563963689846;23177,7672601948
"Mu_N2nm[16, 2]";0,999968708650141;0,197301463089372;-0,484591123106197;-0,513630936023933;-0,442388013171873;-0,305984555125052;-0,112756995322928;30527,4847448485
"Mu_N2nm[17, 1]";1,00004638357108;3,16009635182337;-0,480750022421326;0,600941518956122;-1,21463456196316;-0,00031299461118597;1,70182591912234;30022,3604486076
"Mu_N2nm[17, 2]";1,000034740432;-0,177930196620244;-0,0418330468460909;0,544978114671893;0,0278326620280105;-1,03791372703287;-0,506265566222033;30824,8326943327
"Mu_N2nm[18, 1]";1,00003016791395;0,30816179446071;0,357559083770668;-0,112829463756459;-0,655076727511387;-1,43933462462777;0,412970805525221;9333,50452766616
"Mu_N2nm[18, 2]";1,00000233173419;0,942779175082082;-0,500829972898047;2,16213738826283;-0,0402482691777905;-0,974416321224978;0,607350227034424;30377,5243727112
"Mu_N2nm[19, 1]";1,00003132416746;0,706438865440052;0,0217165564646284;-0,0639468563257185;-0,687065392157415;1,46814101182425;0,923830341101223;27239,5352041741
"Mu_N2nm[19, 2]";1,00020618237305;0,724919844122417;1,02439492059598;1,3413864915239;2,60477260336468;-1,87603792508139;-0,265209867634167;25580,9216582441
"Mu_N2nm[20, 1]";1,00009326262303;0,160853565454607;-0,232518562433915;1,6348133206449;-0,117069468079404;-0,964873363880076;1,32086191510212;29878,4334944396
"Mu_N2nm[20, 2]";0,99997644595767;1,46835737956087;-0,434464681050861;-0,7386627811316;0,0317897213511373;-1,14580912237144;-1,91890707256993;15652,3953511247
"Mu_N2nm[21, 1]";0,999974235381188;-0,869486339782406;-1,56127947771054;-1,9927022973682;0,756363535105134;-2,22057088340073;0,107613017104669;19975,7556908504
"Mu_N2nm[21, 2]";1,00000542695775;0,62984140066209;-3,06311786218276;1,91191296294546;1,74210394421824;-0,617102023551854;-1,49620341034493;13893,0806074191
"Mu_N2nm[22, 1]";1,00008457195701;-0,581954877852764;0,0652519295323339;1,87769266142255;-1,12923510131166;0,901796439427787;-0,595911509682967;30230,199915399
"Mu_N2nm[22, 2]";1,00003168270281;0,0570239188974308;-1,43359336925096;0,0761022838060938;0,894594026127007;-2,68498518428016;-0,461712336624575;8052,27725712212
"Mu_N2nm[23, 1]";1,00030417727861;0,46444138857037;-1,79796696262011;-0,150863046047264;-0,350253586188285;-0,144551827921745;-0,271702528303022;7485,43315972832
"Mu_N2nm[23, 2]";1,00005339367812;1,32436101956982;0,537657023737412;-0,0352740125446573;0,379299960248781;-1,90265657307247;0,661750171909981;30244,9136162067
"Mu_N2nm[24, 1]";1,00001304106227;0,826881932654541;1,3285343315047;-1,77290238126232;-0,349486015460465;1,39242167033151;0,973658009842474;30712,3184791544
"Mu_N2nm[24, 2]";1,00005996090731;1,69400964052926;-0,797597920801038;0,228947860105017;-0,975919148277143;-0,412537230252425;-0,0736636768253561;8864,81433071312
"Mu_N3[1]";1,00007288621561;-1,67188145031723;-2,23362526741933;-0,403289014940356;-1,67960112037088;-0,561380850313832;-0,714355891049849;25086,8916233282
"Mu_N3[2]";1,00006584852358;2,12074248556882;2,02731716989205;0,624307752237857;1,05922602167275;-0,756271998423665;0,694741818165226;20715,0302372828
"Mu_N3[3]";1,00001472760434;-1,35475188631058;1,11555536664284;-0,532106300884479;-0,509595386819631;0,310171123023589;-2,20525589220234;20112,4910988216
"Mu_N3[4]";1,00019728809338;2,56158947959826;1,42271363199382;-0,0320332277026101;0,821149029399626;1,50343366745133;0,205993492799768;30006,856184367
"Mu_N3[5]";1,00001791546709;-0,69588116090512;-1,2934841752476;0,870322713596088;-1,2250430925865;-0,325990300684891;-0,0834767780591133;30406,9189782935
"Mu_N3[6]";1,00014286509809;-0,438313536510113;-0,00170635880666027;-2,87959169147191;0,122532187982058;1,70195315872577;0,0636300433053439;29621,1110083117
"Mu_N3[7]";0,999951895782847;-0,858658024346385;-0,694548475472853;1,22556412494604;-0,0443605550692776;-1,30595584844728;0,0983700197729811;29532,8226513223
"Mu_N3[8]";0,999969029866429;-0,140517310672493;0,194695675681526;-1,0309036441006;0,977881873948566;0,403473876342958;-1,72316156808652;30449,4250517334
"Mu_N3[9]";1,0000737147099;-0,329295732849708;1,20245314817563;0,579137763173868;2,35546881927573;1,03997554529743;0,0690458633300576;30036,8405909243
"Mu_N3[10]";0,999981209981642;-0,51139090196464;2,42483986343891;-0,63633545550504;-0,919513056354817;0,802213284247461;0,520405176344213;29914,5849693711
"Mu_N3[11]";1,00002335791847;-1,93252732864396;1,09496192112092;-0,116413316802851;0,386670504499611;-0,964542115207116;-0,508107660969857;29804,7247753027
"Mu_N3[12]";1,00001429740025;0,297976892616344;-0,820906119794344;0,480302797732607;0,233921875166382;0,37043425937787;-0,70783286999811;30313,8861051699
"Mu_N3[13]";0,999998697121596;-0,160705352204058;-0,999296205435152;-0,673220532294962;1,37248015051992;0,58264755172597;1,02971792170217;12711,2718239383
"Mu_N3[14]";0,999944573957388;0,790259353984603;0,566636171950853;-1,07720167071589;-0,458661100377442;1,77339221969711;-0,564249877660553;30013,730955192
"Mu_N3[15]";1,00002861894874;-0,663093754739217;-0,561440062617016;1,30758573046193;0,863210219740347;-0,0807603938981034;-2,84039546927504;7339,8086132439
"Mu_N3[16]";1,00008331098417;-1,12998284422204;-0,250967632571268;2,25313898291993;0,866112466808251;1,73266714543767;-1,04574646081208;30122,3717510694
"Mu_N3[17]";0,999980203443224;1,22940754135269;0,768173137191859;0,731114804337017;-0,707582985683781;0,406090417439056;0,250928807572409;30125,2130583429
"Mu_N3[18]";1,00001432337243;0,426650549936382;-0,575888379461603;0,934996009533407;0,216367106921971;0,208876727966548;-0,234874547502238;27370,7473326922
"Mu_N3[19]";1,00023386661534;1,04888126805349;-1,71906840959566;1,50363183439294;-1,00151274470594;0,533378972857907;0,640968645276335;30298,8815673306
"Mu_N3[20]";1,0000446617253;0,298846533997295;-0,30281967613216;-1,22941282199593;0,644258426865409;-0,648383545867739;-0,0457218103759705;24654,7853362493
"Mu_N3[21]";0,999950934967823;0,2524971293832;-0,207030937520324;-0,0215140454196461;-0,246155246200328;-0,788485490124383;-0,629768963862688;21921,1552495555
"Mu_N3[22]";1,00006769922197;-0,931081165874041;0,188526871648902;-0,373955345012303;2,83787977022175;-1,55093552689299;-1,16985195397073;20250,3061681786
"Mu_N3[23]";1,00009222011158;-1,14625562271726;0,103125515251665;-0,699934501496638;0,778678508017684;-0,578515035754393;-1,07183709761826;30357,1577650225
"Mu_N3[24]";1,00020320363145;0,164820703738805;-0,175015560108498;-1,2295938379339;-1,50903190940914;0,0871456373943808;-0,629694982948639;30255,4687189584
"Mu_N4[1]";0,9999903365341;0,195130159039254;-0,28204307613765;2,15479991986044;-2,54826747315001;-0,318470533532461;-1,45508640676544;18102,0739247482
"Mu_N4[2]";1,00004537288116;-0,587134703912527;0,546628864557448;1,52514536964014;0,0765817081615746;-2,64598928996764;0,74893899625979;29903,3527538094
"Mu_N4[3]";0,999941637757521;1,01400491200238;-1,39147116577264;0,500718706775212;1,25804866664524;0,446314069503235;-0,0593425114059056;30192,2187851047
"Mu_N4[4]";1,00012855742446;-0,218932976551927;0,471646178243353;-0,0311853672452128;-1,23873795544337;-0,411010563725533;-0,722727464405523;30503,5041536464
"Mu_N4[5]";1,00013543830207;0,689915441549874;-0,67877889002331;1,18814724513862;1,06369281857532;1,19225983843602;-0,55962092861124;15771,0998740143
"Mu_N4[6]";1,0000370787686;0,302240083695248;-0,606448868198117;0,1723611547133;0,0563799261959564;-0,136815421595494;-0,521790405042936;29170,7505728388
"Mu_N4[7]";0,999957467062652;-0,987698684862873;-0,591804105333317;-0,419704131567799;-0,354129048802856;-0,669436344100928;-0,63059807446419;20955,428438522
"Mu_N4[8]";1,00010482436506;-0,561781260683889;-0,613412663827377;0,584139949480592;-1,43975615273721;1,28598450174209;-1,34274187969797;30239,6302201114
"Mu_N4[9]";1,0001449453361;1,2986970733946;-0,742251271844851;0,481563824042592;1,16781065851207;-1,37759143519998;-2,22161017039095;30320,226925834
"Mu_N4[10]";0,999966964308875;-0,251479364647401;-1,32286521697071;-1,27374171574392;-1,19681604556553;-0,343119737283976;0,00453765820264802;30144,0267543816
"Mu_N4[11]";1,00017102388706;-1,57065238272376;0,122831682989684;2,20676836360022;0,615774639858053;-0,188461849160208;-0,467604318932978;17604,7593390754
"Mu_N4[12]";1,00004193273975;-0,0819653271716719;-1,79876635462799;-2,17528029415768;-0,116147790136887;0,000809924501706899;-1,20350143079531;7180,84055287034
"Mu_N4[13]";1,00007925362627;-0,666833351891194;0,0619406746153132;0,21794278297653;1,06434371423995;0,564881415001307;-0,230079733341879;30128,7910367844
"Mu_N4[14]";1,00033095414519;-1,64602739256887;0,0808965513052657;-2,52983890924112;1,8712470691159;-1,89577094068457;-0,37332778006216;22094,1186879928
"Mu_N4[15]";1,00002151810298;-1,01127479376467;0,735008855721178;-0,281058191140376;1,00882008095633;0,972188598038024;-0,365213995159457;30150,705893924
"Mu_N4[16]";0,999936070373293;-0,970684858484277;-1,29286242098419;1,30387278968624;-1,12235231015861;0,657745008605585;-1,35653993210331;30118,9807002679
"Mu_N4[17]";1,00003569111351;3,00452755050387;-0,471757070830123;0,895570400702863;-1,14973184617093;-0,590292127027294;1,32640770478888;29380,2987632335
"Mu_N4[18]";0,999991337583795;0,640908175054997;0,154828404147663;0,678901067861415;-0,617251058563568;-1,74571902963957;0,626233471060926;9092,54918717483
"Mu_N4[19]";1,00000125065231;0,87459467165094;0,414159659364129;0,487172781469262;0,329397959723983;0,803037517365587;0,830729026524473;20955,3707961937
"Mu_N4[20]";1,00017567714546;0,948380449893309;-0,455177679575269;1,40871421149892;-0,0989274422811768;-1,62997844094748;0,469046603632825;24737,5611108347
"Mu_N4[21]";0,999984044278358;-0,634894475553908;-2,32050737997092;-1,33849378487138;1,21925436189014;-2,31940102498346;-0,326141377260999;11276,8167801053
"Mu_N4[22]";1,00009776542407;-0,475234723203696;-0,861574358411178;1,78410374017501;-0,181347760361831;-0,756468478536811;-0,879563778036781;29303,2474851276
"Mu_N4[23]";1,00019900647629;1,19476906200803;-1,17644932676316;-0,136648265323981;-0,0795226842461651;-1,21791184741895;0,134060898746798;24150,7052839134
"Mu_N4[24]";1,00002113358852;2,41505163085015;0,532476194656722;-1,26480296287222;-0,93019589510249;1,05505839343703;0,797474277924027;30012,4962542069
"Mu_Sd_L1";1,00013885456714;0,322038897552494;2,02060422505382;0,975175494688923;-0,0215453266738648;1,16167440360719;-0,918679754113065;30065,6340345103
"Mu_Sd_L1surv";1,00005904652193;0,176072872205655;0,519181206774153;0,290394475393246;-0,0974268869051377;1,51094294280966;0,347515989399676;30115,9845772504
"Mu_Sd_L2";0,99997698414446;-1,65413684801416;0,425529318287754;0,159690426318744;0,362128178963055;0,450515726593489;1,27711892603925;30104,2602923362
"Mu_Sd_L2m";1,00005321632916;-1,27227334226841;0,1261652028968;1,12160645023934;0,0414842453356653;0,139957227615326;-0,618102295365011;30224,2307696864
"Mu_Sd_L2nm";1,00011609401531;-1,00542981479447;0,0531384975803338;1,23220035038753;-0,241028837937618;0,12977118938557;-0,616742526247601;30049,1983220823
"Sd_Alpha1";1,00006877249983;0,25912859081894;0,420181812835629;-3,02346797676972;1,22536809952506;-1,27218993719717;0,636770873207552;30332,7008914028
"Sd_Alpha2[1]";1,00009015961557;-0,066295362336466;0,188493070162819;-1,68535342260348;2,17268322825814;-0,740895882463079;-0,798830842919294;15365,3031852933
"Sd_Alpha2[2]";1,00001833979744;-0,0359600690365495;-0,0143460913666359;0,048767959073217;-1,30865604876418;-0,811146642572641;1,63295835397375;30098,3043644081
"Sd_L1[1]";1,00015813464156;0,262675964826589;-0,212082666400638;0,987156840965512;-1,5899552930149;-0,015253844775547;-1,8557386142193;30156,2255093347
"Sd_L1[2]";1,0002816584446;0,70784353617343;1,28997667464206;1,94858944582551;-1,47001277440054;-2,68484522527428;-0,48545725625088;28804,9465554259
"Sd_L1[3]";1,00010572678408;1,92062750880807;-0,190370940339923;-0,237492259881386;-0,254059393052652;1,53949912676912;0,435922708799274;24394,4137072815
"Sd_L1[4]";0,99993601580249;0,529189727085659;2,46836867729571;0,471567740183312;-0,497521184897698;0,874594632817456;1,21426414468564;18507,4369225859
"Sd_L1[5]";1,00010357198826;-0,665687651553785;0,434381060448346;-0,0988181242762874;-1,1650568972273;-0,755674615511979;0,249971421326377;30140,7616620878
"Sd_L1[6]";1,00011113959466;1,19550117047946;0,6690500598035;-0,0769400832352657;1,20584943513336;-0,232212442979116;-1,16190898101836;30830,3560489485
"Sd_L1[7]";1,00005425697526;0,778030228832956;-0,194205930060011;0,25344236196227;-0,889281200472583;1,03692685755107;0,242814116424545;30257,6392663001
"Sd_L1[8]";1,00002350378427;-0,0808710999642759;0,797437704189912;-1,1786338404267;1,15285890115669;-0,4726103854063;-0,456676476947714;22330,1560772117
"Sd_L1[9]";0,99996304904001;1,26249431338164;0,718376820539299;1,62633328753655;-1,50417693022958;-1,32084311811324;-0,49178344489021;10790,9839601619
"Sd_L1[10]";1,00010692764835;1,05100098642958;2,12305420689627;2,0152545006643;1,18168101739743;0,0787920161578639;-0,281851258514351;14669,6085588859
"Sd_L1[11]";1,00014140208353;-1,61719264300236;-0,019856740006474;-1,13052288479079;0,783668724008607;-0,330860441023911;-0,392449812760032;30270,3296889949
"Sd_L1[12]";1,00006790494936;1,48603012817167;-0,886263134383806;-1,49823274096057;1,61416469982345;0,960073495489807;-1,51123274223765;30084,87064273
"Sd_L1[13]";1,00008211242658;0,320528272980058;0,354537241554445;0,174031065285222;0,269466561409484;-0,193076592438234;1,74475942926311;12210,543829493
"Sd_L1[14]";1,00023939050324;-2,4719808808317;-0,469149071817123;0,344968881608467;0,138423913162187;-1,10935432630022;1,25756574682918;30189,4675363428
"Sd_L1[15]";0,999977180706482;-2,68083792636239;-1,89390383013566;0,388132020389621;0,158098360017702;1,58667465226783;1,05052383010513;26282,4942287537
"Sd_L1[16]";0,999982234489303;1,09782256860993;1,58239566832721;1,21975001587338;0,10269756548855;0,407077176824389;0,865101835585723;30209,4559486434
"Sd_L1[17]";1,00004521184453;-1,17973520364431;-0,650096472732918;0,667417832370235;0,39537258093724;1,4306257408538;0,16311423826744;30260,2273412414
"Sd_L1[18]";1,00007393422094;-0,0326418210053143;-0,77662181573774;-1,34366457961656;0,10707600422911;2,01085346368129;0,109986861798047;11394,7116880456
"Sd_L1[19]";0,99997338504414;0,490739022894844;-0,0205149408725819;0,743440264082558;2,67316067147326;0,598238298926435;-0,640869781427809;16023,9978534522
"Sd_L1[20]";0,999994740404851;-2,26177667120323;-1,59456518245215;-1,09487239169789;0,982394257206446;0,902515469406464;-0,470966276062584;29962,3271027303
"Sd_L1[21]";0,999961314517993;-0,981175482465623;0,00460974751804879;-1,644378515496;-1,07991136192208;1,87762170056795;1,24399006421216;11688,7914238821
"Sd_L1[22]";1,00000788578272;0,955242773348671;-0,732587436549666;-0,843099371344066;-0,869470115729918;0,618351698442465;1,95938681074179;30118,2131128293
"Sd_L1[23]";1,00011958883551;-0,250396550494807;-0,359995310356515;-0,190847302265641;-0,429023741256278;1,48117141040604;-0,110263063724406;30158,5402331104
"Sd_L1[24]";0,999957064315794;-0,126082757658298;0,0937835592240323;0,08483215541379;-1,49434140541043;0,984373792830228;-0,496265838987727;30093,7489276586
"Sd_L1surv[1]";1,00015936825354;0,277365125906457;-0,168476702349062;1,01121326543401;-1,59467849090407;-0,025690480490288;-1,8300806228928;30151,7166863807
"Sd_L1surv[2]";1,00026762554805;0,716273100727088;1,28748378653067;1,98113783800395;-1,46621421093509;-2,65750264947121;-0,46632500255844;29172,9129492864
"Sd_L1surv[3]";1,00010549915045;1,91873898670851;-0,221243092060056;-0,231721031424193;-0,284702346152496;1,52983610901347;0,434588321625142;24675,3006427238
"Sd_L1surv[4]";0,999935588224504;0,533782038307746;2,4794520498423;0,46491369596633;-0,497833617318021;0,884234950949348;1,21834314490857;18906,5056430808
"Sd_L1surv[5]";1,00011169027121;-0,69572305344161;0,40543785994824;-0,1091313855147;-1,16121318753012;-0,745942667751488;0,231452307816452;30158,8614596954
"Sd_L1surv[6]";1,00009033484563;1,19100456107969;0,663921892278298;-0,0819052800356165;1,15937079239103;-0,221107750010968;-1,22342294003546;30824,4252393465
"Sd_L1surv[7]";1,00005282928923;0,768260219326851;-0,182614531558056;0,265716932908174;-0,894865965669428;1,03489512141323;0,239399899783093;30258,7335418642
"Sd_L1surv[8]";1,00002459790887;-0,0658033427796141;0,803876018923852;-1,1880283187378;1,1327789017803;-0,464131161419415;-0,449759570692492;22050,0541376431
"Sd_L1surv[9]";0,999960681383918;1,2845323134532;0,711733342534161;1,65924149592332;-1,49552189603147;-1,31410253067272;-0,530574333386827;10380,5608560844
"Sd_L1surv[10]";1,00009807210391;0,990570507367332;2,09113257586781;2,03178550405106;1,1571739404001;0,0878683012912394;-0,237879279296123;15423,763053177
"Sd_L1surv[11]";1,00013199229594;-1,5546768913372;-0,0627964369789065;-1,13126369003557;0,752536124457792;-0,321242214825838;-0,37621329717448;30261,1403535517
"Sd_L1surv[12]";1,00007126950991;1,49235323649946;-0,894204996983357;-1,48633331811798;1,61954329144286;0,951180664727593;-1,52552827531563;30082,6189937054
"Sd_L1surv[13]";1,00008428197176;0,325525054859665;0,341618112066278;0,159248813862747;0,255924383021806;-0,208584787324332;1,72451428869072;12320,8731090926
"Sd_L1surv[14]";1,00024077885739;-2,46570629231774;-0,471259064833329;0,349612324323771;0,133418665083999;-1,10188163378763;1,23936813570666;30191,2944142307
"Sd_L1surv[15]";0,999975274113379;-2,6673023650521;-1,8857983072683;0,392587846494511;0,172347455737288;1,58443559514186;1,03072323901279;26218,8911282029
"Sd_L1surv[16]";0,999976314108046;1,07886617244494;1,56696721856184;1,19203357484724;0,123519177895629;0,500059733241537;0,863946826629492;30196,2774263191
"Sd_L1surv[17]";1,00004362597395;-1,1463342698545;-0,627389729521565;0,666066196732569;0,36116246680767;1,42501865037017;0,188616158409759;30246,0651322316
"Sd_L1surv[18]";1,00007784700782;-0,0418347484838741;-0,781648180684844;-1,33873405782717;0,115105662148558;1,99364187874109;0,123971392291017;11319,1700708231
"Sd_L1surv[19]";0,99997288726505;0,496644802899448;-0,00307177871812428;0,729478317814558;2,67800586634926;0,597350065309316;-0,627773785999622;16277,5005624298
"Sd_L1surv[20]";0,999993713406228;-2,26065748982262;-1,60823835196736;-1,08323463640273;0,989231208361205;0,908172838618433;-0,47904973270948;30000,1171185385
"Sd_L1surv[21]";0,999961679188282;-0,967725669853091;0,00767892658157969;-1,63390928617861;-1,07324329927792;1,89190022201218;1,24578252387745;11144,2065616249
"Sd_L1surv[22]";1,00000970855051;0,954084153753038;-0,722502877757764;-0,869301220462829;-0,848957055913282;0,623674183456425;1,99013415280009;30126,7426446783
"Sd_L1surv[23]";1,00012237358022;-0,224001241641731;-0,406651995141435;-0,197828814916935;-0,42237799717546;1,50188726331992;-0,118523226380962;30141,3273126158
"Sd_L1surv[24]";0,999954995363521;-0,103169648263634;0,0656684014071326;0,0692070379474734;-1,47209986258464;0,987913015582662;-0,481633219323559;30083,5813403887
"Sd_L2[1]";1,00009576582083;-1,54968507988711;0,762070240528895;1,30306913735269;0,211149568324207;0,0621205626171162;-0,645371151682427;29537,1545474295
"Sd_L2[2]";0,999999644620133;-0,587612620143147;0,231192423333813;-0,527214472126757;-1,26308219572897;1,62790343914969;0,248281582613013;30559,3210371853
"Sd_L2[3]";1,00001403409184;-0,958946982262368;-0,469667047576467;-0,933030999617829;-0,413868410896384;0,983458145309614;0,42210376953545;25384,9885871995
"Sd_L2[4]";1,0000287368226;-0,27120568689285;-1,0002410776839;-0,14885992831015;-0,1908558547351;0,143651559828972;0,620408596790164;30196,0028732599
"Sd_L2[5]";1,00020552506516;-0,476904683768738;-1,24221388064174;1,86347811173012;-0,919720321082367;0,390295630986391;0,295393112690442;30071,600324734
"Sd_L2[6]";1,00006349920126;-1,03836930277733;-0,189526438820112;-0,0590176005461439;1,40121545814664;-1,47037066508858;0,098736063921738;16119,4367534407
"Sd_L2[7]";1,00004483061338;1,27907532833487;-1,11612208802712;0,228500257294649;-1,07130062929624;1,58682829750061;-1,73384755740684;30238,2033308019
"Sd_L2[8]";1,00016568703293;-0,323794265637149;1,07799579392473;0,423101288063973;-0,397175216384678;0,24947306112612;1,09298931930731;30209,7782481488
"Sd_L2[9]";0,999964118196656;-0,140460016284643;-2,33849797798907;-1,03638122048049;-0,378477846581899;-0,886533488081811;-0,637893495660729;28875,2748994787
"Sd_L2[10]";1,00009754502663;-1,06846144317882;0,252109266323772;-0,161516886487891;-0,0749875256391345;0,612186396599455;-1,24758532892886;30278,4626833973
"Sd_L2[11]";1,00003396771184;0,372106251764675;1,58272486759163;0,924923319825447;-1,05811641353873;0,491884601990633;-0,577315261558581;17447,4213106266
"Sd_L2[12]";1,00002127228666;-1,6239153895921;0,146693252361028;1,77157319992219;-0,852177096420377;-1,10787674463968;-0,39098551984805;25251,987277967
"Sd_L2[13]";1,00001795869567;1,23996057952964;1,71979692096134;2,46784317814461;0,256499654688096;-1,71776522513448;-0,697414304252287;8333,51004272835
"Sd_L2[14]";0,999977298849947;1,10479538067551;0,811455619139893;-1,81430140934518;0,498927106924159;-1,08921396726171;-1,94489053850181;30436,6603655364
"Sd_L2[15]";1,00005055265489;0,0507578672770407;-0,706819568091789;-0,869613749095662;-2,28583427073881;0,619531919229216;-0,0809943835466166;30064,5394292566
"Sd_L2[16]";0,999967134886901;0,213961688271908;-0,965976266581025;0,647153566652342;2,62109417268133;0,826883945054217;-1,49945164727726;30242,8950657718
"Sd_L2[17]";1,00002099001186;0,226239096239923;0,595075895405909;0,783940532110371;1,17649637851951;-0,56073907727077;0,967660904638059;27782,9584687255
"Sd_L2[18]";1,00017015073598;0,206118128118393;-0,506941313349135;0,304588240316273;0,764878221272389;-0,627005384957915;-0,381047136378379;18655,3558525997
"Sd_L2[19]";1,00003186774419;0,339855736697841;0,851980165971949;0,327212142332268;0,772050839553996;0,968635164485198;0,67919004021523;30035,1303848131
"Sd_L2[20]";0,999993233015697;-0,675506174041188;1,11235247173268;0,511786033646248;0,424233142435895;-1,9992584838232;1,42300610035002;30087,1429630223
"Sd_L2[21]";1,00000525367168;-0,48681112973804;-1,64068338063958;-0,780862701944287;1,6442313612735;0,403918193168142;-1,42786348610388;30405,2047141753
"Sd_L2[22]";0,999979285211273;0,468307582753393;2,38468539577369;0,28634074951359;0,711847788057981;-1,78720836289259;1,91391059093634;17815,3466118736
"Sd_L2[23]";1,00003901168003;-2,55023082905771;0,135541078078035;-1,46311429671571;0,349209356265912;0,569295131997699;-1,45790494418962;30025,3445259555
"Sd_L2[24]";1,00001006706797;-0,983771524417226;-0,361246161651888;0,352134208649242;-0,0715484162138032;1,38538981124144;0,677213488489048;28519,4696387104
"Sd_L2m[1]";1,00012012235539;-1,55343418128937;0,644320633463764;1,32724796694867;0,0790705987260353;-0,0603280818876626;-0,583960897764279;29898,0911233013
"Sd_L2m[2]";0,999987173467948;-0,580427344718839;0,258072095997143;-0,484634602790921;-1,21877548202217;1,74153321889423;0,210049948666344;30538,8183013152
"Sd_L2m[3]";1,00000841458547;-0,927463611044343;-0,384076552294897;-0,964431979271543;-0,490047501984936;0,998867906953362;0,300095151555668;23430,4347393136
"Sd_L2m[4]";1,00006291594603;-0,452629274477603;-0,989538821114396;-0,0716300846399648;-0,232890269134601;0,0319621437544339;0,686733661850063;30201,0222055579
"Sd_L2m[5]";1,00022591979918;-0,401619972844981;-1,23068757669252;1,85134427735856;-0,98012866292056;0,406716810304154;0,367911438520484;30006,3476681391
"Sd_L2m[6]";1,00006744437013;-1,00303797730901;-0,281206872455759;0,0568091719219686;1,33338357465165;-1,42399082403138;0,021666165086879;14412,6617404983
"Sd_L2m[7]";1,0000667594345;1,39652079073159;-1,13752385437734;0,27391873644658;-0,982715915231377;1,69596018877163;-1,66784905791384;30207,0048851749
"Sd_L2m[8]";1,00015123860914;-0,267901785375081;1,08737785744032;0,478494702304879;-0,451333733483492;0,291945268135974;1,08382383965406;30228,040247918
"Sd_L2m[9]";0,999974073442067;-0,143926021510081;-2,25957266587499;-1,04337587268693;-0,405664063604936;-0,844249941044503;-0,670105193484127;30002,4694648528
"Sd_L2m[10]";1,0000808017747;-1,05528307193923;0,297888770543075;-0,126766451286315;-0,131762875849035;0,65442899161886;-1,18124743601255;30263,846868699
"Sd_L2m[11]";1,0000535956806;0,459982404415902;1,53167818025845;0,938446182550083;-1,0709587218375;0,455966839909256;-0,556756140103717;17898,3720792007
"Sd_L2m[12]";1,00004082189272;-1,58917713202177;0,0910726372030703;1,92448567531369;-0,896587261175671;-1,11356494486536;-0,378545797493707;22862,582036924
"Sd_L2m[13]";1,00000039838106;1,26298574141264;1,73021025316342;2,64527473133184;0,207750486403804;-1,50429015920564;-0,672641806112958;8377,26189058663
"Sd_L2m[14]";0,999967186322655;1,12601573458287;0,749540227519878;-1,76761011792441;0,459114696379554;-1,08570330902623;-1,9369094323462;30445,790396915
"Sd_L2m[15]";1,00004949804383;0,119605479661519;-0,718427072914796;-0,879853325623163;-2,39676825377261;0,640184173197447;-0,090099128747971;30026,4535529659
"Sd_L2m[16]";0,999975806245699;0,225617325896229;-0,972512067209988;0,789956099696566;2,57635212416039;0,904397540721753;-1,49377313401388;30255,5778410486
"Sd_L2m[17]";1,00003188468987;0,252822876132322;0,620815004191705;0,811237824812662;1,13245718942428;-0,491825539548154;0,99165550420149;28411,9057960418
"Sd_L2m[18]";1,0001811817568;0,166869029214931;-0,453387655819043;0,267064521676542;0,676495095868435;-0,609415714298187;-0,401406582284776;18353,1163654349
"Sd_L2m[19]";1,00002961014817;0,342792806649718;0,824576803962724;0,348480606313167;0,647173470194544;1,02050194212234;0,681751667162676;30052,2965978612
"Sd_L2m[20]";1,00000093061959;-0,658542677088995;1,09948884127795;0,581849050002343;0,369951540188533;-1,94696096234322;1,48833553229102;30071,0770243544
"Sd_L2m[21]";0,999997645623548;-0,464273787932629;-1,58651691517651;-0,804561677348707;1,49311446345444;0,423312919482904;-1,31205286916973;30378,4121018875
"Sd_L2m[22]";0,999967739125207;0,428695547609182;2,4004076433071;0,316996339738503;0,655247219491885;-1,70911847973014;1,79314533303551;18328,0863325024
"Sd_L2m[23]";1,00002449152864;-2,6222258732959;0,106742244673449;-1,33443947095262;0,241479177821509;0,79017792360814;-1,52797929384909;29935,8086056115
"Sd_L2m[24]";1,00000927619854;-1,05873098577399;-0,364380766465352;0,383984091476336;-0,0965445742116103;1,3918639667174;0,633405211327972;28472,0565143272
"Sd_L2nm[1]";1,00013910737237;-1,58576071480542;0,592561998785979;1,25184013909011;0,183920401612806;0,133161095806578;-0,708497213107356;29843,6719162807
"Sd_L2nm[2]";0,999988891537786;-0,475761719578941;0,218895899509561;-0,315895964231924;-1,38864441215898;1,63836051962205;0,279177923354988;30521,8862151401
"Sd_L2nm[3]";1,00001100276234;-0,861359493165484;-0,386243108347047;-0,758350377747369;-0,640363396777261;1,02079705492213;0,371464955633727;22749,1590588721
"Sd_L2nm[4]";1,0000761437375;-0,217350551427289;-0,958230969095316;-0,0194355256459714;-0,244596961575277;0,252892034983016;0,621519024732477;30209,3955190841
"Sd_L2nm[5]";1,00023307707572;-0,538415719274391;-1,15253158968227;1,83611775430521;-1,09306624879045;0,330257440722781;0,267094706241889;30060,9640020986
"Sd_L2nm[6]";1,00006528044462;-1,00881351513943;-0,195637332404016;0,0791092014618641;1,28077490855436;-1,45904189967456;0,119991136619792;14555,2446769494
"Sd_L2nm[7]";1,00009678063306;1,4187401037411;-1,1515000847239;0,480153971111073;-1,19359935781286;1,61506056729386;-1,71786488389575;30152,4597333713
"Sd_L2nm[8]";1,00013759591287;-0,235095068514854;1,05157361983999;0,524387746354693;-0,492567406650481;0,220668853305054;1,07772227772533;30246,77633143
"Sd_L2nm[9]";0,99997430826958;-0,115823039247304;-2,2797678307191;-0,945491731689071;-0,512890771532157;-0,848834016800175;-0,665798699491997;29232,8617701347
"Sd_L2nm[10]";1,00008833720902;-0,972153424295912;0,22237735420321;-0,0244841108186938;-0,143134586068125;0,602966127443299;-1,21492800920823;30245,0436522335
"Sd_L2nm[11]";1,00007442530159;0,49118014481186;1,59418867059788;0,971369137163972;-1,13761133106906;0,525126030146164;-0,546263027378834;16841,1919120112
"Sd_L2nm[12]";1,00005892432308;-1,53407566439519;0,0524724672118914;1,8775885488166;-0,9329606303667;-1,12521180173677;-0,367009974363109;22556,0696154165
"Sd_L2nm[13]";0,999979581682675;1,26765543825975;1,62003268432451;2,6480366820898;0,0509957229647604;-1,59307591521558;-0,657446106882362;10392,14331655
"Sd_L2nm[14]";0,999963983447307;1,16638803350807;0,77366656071561;-1,67701873993252;0,380422906916118;-1,05153854183279;-1,92545670084014;30442,3689906799
"Sd_L2nm[15]";1,000048665424;0,0137596221270759;-0,801193736341672;-0,808832261031571;-2,40506703181409;0,686337966696533;-0,0462790362120062;29997,2199048831
"Sd_L2nm[16]";0,999986281475632;0,268899427366399;-0,908509972621613;0,815030063024595;2,51395634941295;0,808434620459169;-1,52375330290681;30228,6881594563
"Sd_L2nm[17]";1,0000349392948;0,23718650752087;0,661186679779678;0,91236180417186;0,964038939322376;-0,562531968323068;0,92310777495533;27852,9496478896
"Sd_L2nm[18]";1,00019952920354;0,163699953800483;-0,494397157355102;0,428900623312488;0,635705142615362;-0,504855824843644;-0,356678161776201;20276,6338741572
"Sd_L2nm[19]";1,00002171236094;0,343664871790563;0,809968269735526;0,402017909056695;0,688735518812123;0,929822826111793;0,686772750000209;30056,9874341125
"Sd_L2nm[20]";1,00000275176271;-0,632229803881945;1,10012939695614;0,541298274900916;0,296697961174234;-1,94248627166674;1,40803180517509;30097,0206046766
"Sd_L2nm[21]";0,999988476887677;-0,397378787420031;-1,66480095112562;-0,604243242300062;1,49585656573592;0,481219802331748;-1,39990863833836;30339,3773508857
"Sd_L2nm[22]";0,999953929900607;0,509797060648686;2,35692165647703;0,338637231185536;0,679089477854583;-1,74690839127979;1,80285760582931;15770,5309991855
"Sd_L2nm[23]";1,00000640884805;-2,52363464915364;0,119990577489338;-1,2891473751166;0,160469812035975;0,689658399515009;-1,49165739960404;30028,5937924658
"Sd_L2nm[24]";1,00001282838669;-0,989264876476631;-0,476971087948824;0,513042374274183;-0,193223174593009;1,37307060983208;0,605107382838488;28355,716408522
