"Parameter";"Mean";"SD";"Naive SE";"Time-series SE";"2.5%";"25%";"50%";"75%";"97.5%"
"Alpha1[1]";-0,95679051826277;0,198223675105875;0,00114444492182134;0,00112596752057556;-1,32942723167254;-1,09254188643805;-0,961724645082948;-0,827683879249065;-0,551458759914541
"Alpha1[2]";-2,25892269428514;0,060435601729996;0,000348925109274502;0,000351418184957106;-2,37643712553832;-2,29975872623197;-2,25907294168753;-2,21874015583589;-2,14047273128842
"Alpha1[3]";-2,31604501836195;0,114734255593329;0,000662418533520798;0,000662434512506634;-2,54007673943044;-2,39315645093754;-2,31627663492587;-2,23967131227681;-2,08849391377836
"Alpha1[4]";-1,52972083429399;0,161157797903268;0,000930444980014592;0,00092981755576495;-1,83965023770224;-1,64020451721979;-1,53138264550131;-1,42219581749478;-1,2098262145235
"Alpha1[5]";-1,74196610470288;0,117534481670563;0,000678585646315627;0,000683046716473533;-1,9705210228206;-1,82085105104519;-1,74389047104152;-1,66339526287877;-1,5090358484205
"Alpha1[6]";-2,50302102907298;0,0902270609022442;0,000520926179000994;0,000519051163156698;-2,67867522565742;-2,56399440551027;-2,50398690768033;-2,44239739711256;-2,32418068695181
"Alpha1[7]";-0,80102862102503;0,140149146698919;0,000809151475733171;0,000812173292567889;-1,06738210935774;-0,897375564278441;-0,804124917518282;-0,709676663674911;-0,514374855213979
"Alpha1[8]";-1,60844239561594;0,0478341195446651;0,000276170417955611;0,000276177183310345;-1,70126721487698;-1,64088445477593;-1,60876559671646;-1,57648419640549;-1,51323459619606
"Alpha1[9]";-2,20724872404534;0,0561498695147309;0,000324181422792923;0,000319493210847233;-2,31619658937213;-2,24513168803864;-2,20765183705719;-2,16988437911601;-2,09693379386037
"Alpha1[10]";-1,94390449373908;0,0540710258150754;0,00031217921309693;0,000313600638897579;-2,05010947562224;-1,98037976013186;-1,94382722166106;-1,9071791252238;-1,83912892368947
"Alpha1[11]";-2,09779493596633;0,0917605449919389;0,000529779753520827;0,000534231855125516;-2,27578598989636;-2,15956641328944;-2,098376172041;-2,03636671354958;-1,91531408347245
"Alpha1[12]";-2,45235712772965;0,084373490078016;0,000487130572090108;0,000488095532381956;-2,6170154453272;-2,50950877547936;-2,45280319867248;-2,39558949975049;-2,28517348496032
"Alpha1[13]";-2,99312441984418;0,10033458984342;0,000579282024551292;0,000575410931896439;-3,18888510884644;-3,06130261802459;-2,99337996270333;-2,92526193446283;-2,79592900891985
"Alpha1[14]";-2,18714626050054;0,0672581394029133;0,000388315048894653;0,000386012805247471;-2,3199799440585;-2,23228664662191;-2,18684744752879;-2,14152906389452;-2,05686707807834
"Alpha1[15]";-2,52145995138123;0,07947730455779;0,000458862431809059;0,000466288635311807;-2,67653910383204;-2,57500260668372;-2,52197614081139;-2,468120372016;-2,36567768088132
"Alpha1[16]";-2,42538990933079;0,118966363709865;0,000686852621124014;0,000675466394539625;-2,65605679805903;-2,50614667380994;-2,42672641993971;-2,34553103800275;-2,18685182021879
"Alpha1[17]";-1,96414582851274;0,122357720095118;0,000706432626343453;0,000713116306076276;-2,19902890742926;-2,04769849666393;-1,96558392278299;-1,88157620974577;-1,72190485866846
"Alpha1[18]";-1,85508488842259;0,170589741854424;0,000984900333806405;0,000989408353199811;-2,18349995350422;-1,96952977029225;-1,85758588445583;-1,73967661867738;-1,51557465880083
"Alpha1[19]";-2,27868074698016;0,0817731856015807;0,000472117707195658;0,000474148063529096;-2,4392454942267;-2,33451609733472;-2,27925000200957;-2,2236812981493;-2,11828084169295
"Alpha1[20]";-1,68586620881797;0,104984470175563;0,000606128121165914;0,000611570215658289;-1,88767964881619;-1,75749793201316;-1,68765746355834;-1,61597462297166;-1,47780696925958
"Alpha1[21]";-1,67809109324224;0,0652043816412177;0,000376457672929001;0,000382367650336915;-1,80335907132309;-1,72282831020622;-1,67900493889272;-1,63387566273671;-1,54783455015045
"Alpha1[22]";-2,45249809247108;0,113080908960076;0,000652872932283072;0,000654039955795948;-2,67190325932749;-2,52888330713271;-2,4529847239811;-2,3761065155251;-2,22945032291708
"Alpha1[23]";-2,45915103483929;0,140736889251183;0,000812544808940812;0,000809671538422688;-2,73389762311171;-2,55469065275508;-2,46033349622864;-2,36474572390915;-2,17842998165122
"Alpha1[24]";-1,93515474158335;0,104012313564033;0,000600515372352302;0,00060044555878437;-2,13746388731419;-2,0060163140085;-1,93581886572842;-1,86591972187678;-1,730708422024
"Alpha2[1, 1]";1,28823106018895;0,267277044275297;0,0015431247346055;0,00152141190766199;0,782244860848414;1,10522165601078;1,28539824221636;1,46487862446649;1,82281907909495
"Alpha2[2, 1]";0,314288605034099;0,220614105198981;0,0012737161302366;0,00128114059559892;-0,130999764800225;0,169804687402141;0,317896032076302;0,464409173159944;0,733105876654426
"Alpha2[3, 1]";0,660629304354774;0,23901312782175;0,00137994293687742;0,00136414247465478;0,188531189267853;0,50055295464159;0,66428378441175;0,820865297225018;1,12933821244373
"Alpha2[4, 1]";0,962079826932516;0,262541106114266;0,00151578178288413;0,00150819218343959;0,454630903115147;0,787015770068634;0,958770826778853;1,1367990820774;1,48165737166728
"Alpha2[5, 1]";1,19249098833298;0,289969421048189;0,00167413923298932;0,00167000736970482;0,633914128557599;0,998173877464163;1,18764916945956;1,38335631737202;1,775599803127
"Alpha2[6, 1]";1,22437086050662;0,204386987454813;0,00118002882225893;0,00118421966065995;0,828349608931979;1,08700663938818;1,22126024176053;1,36019729198528;1,63500837500422
"Alpha2[7, 1]";0,3485946779989;0,201263074071026;0,00116199289992839;0,00116752864527448;-0,0558891687045058;0,216269539575964;0,349883338338931;0,484597227232037;0,736022792801526
"Alpha2[8, 1]";0,920409212431281;0,158469262972138;0,000914922716352456;0,000922731970631898;0,611518620050879;0,812515532800716;0,921114244051687;1,02695351370752;1,23170918723163
"Alpha2[9, 1]";0,167039959502178;0,207714266384908;0,00119923887611852;0,00119731344222714;-0,249504055775195;0,0279658825391495;0,168940926255386;0,30907533340337;0,56696234694925
"Alpha2[10, 1]";0,912597944924729;0,17953172431039;0,00103652689358681;0,00103527011828716;0,564425271767844;0,791769055706623;0,911850987708889;1,03294337388005;1,26640125842004
"Alpha2[11, 1]";0,936238527727961;0,227469873438301;0,00131329792662133;0,00134715773293583;0,501217608808158;0,784062311256465;0,932142433845874;1,08435490231963;1,39612075055075
"Alpha2[12, 1]";0,541432714807106;0,204621447161504;0,00118138247600665;0,00118061608162853;0,141419966704704;0,403816945867864;0,542479173731789;0,679168662971655;0,940697350638513
"Alpha2[13, 1]";0,720782495398606;0,223198383182374;0,00128863646613033;0,00128863704785351;0,279426935559473;0,572571483375393;0,72041298604027;0,871068987957219;1,15332900850466
"Alpha2[14, 1]";0,438730444973064;0,164152891732877;0,00094773716230232;0,000957451626253572;0,114084736516726;0,330181110550581;0,439937447396036;0,550048346690067;0,758280454913666
"Alpha2[15, 1]";0,309010652377207;0,227270774681719;0,00131214842941425;0,00130168517258749;-0,150671823376535;0,158129222733153;0,31299686049609;0,463748656993728;0,743237532554338
"Alpha2[16, 1]";0,764351742206061;0,229637020520739;0,00132580995613552;0,00132590293823822;0,307879474146991;0,611818815052976;0,763674404483918;0,917752535523826;1,21190478643259
"Alpha2[17, 1]";1,05235324222001;0,182068133378031;0,00105117085816659;0,00104982344327318;0,698696397270627;0,930821744639908;1,0513588108503;1,17263090353274;1,41337548785115
"Alpha2[18, 1]";0,879088312694246;0,181871308882417;0,00105003449141133;0,00106069797917481;0,52240155716019;0,756285875910423;0,880611297871035;1,00171105722863;1,23249496174138
"Alpha2[19, 1]";1,32915159203928;0,18987979089883;0,00109627148389109;0,00107601585137278;0,962369908894228;1,20199866454836;1,32781333721318;1,45638702942693;1,70744829010756
"Alpha2[20, 1]";0,817021715152196;0,170633495546458;0,000985152945865144;0,00098898906567925;0,479564397998552;0,702699301936389;0,819129861077945;0,932320368114431;1,14812726768022
"Alpha2[21, 1]";0,890105042825718;0,205783544678336;0,00118809184914833;0,00118489923011369;0,485945035034138;0,752770393836188;0,890786784977809;1,02723221888219;1,29846360779019
"Alpha2[22, 1]";1,16231461014757;0,274806810678691;0,00158659786120485;0,00158656871165555;0,64918787291046;0,975591070961064;1,15378755166447;1,34136641624635;1,72519351218276
"Alpha2[23, 1]";0,975436851067799;0,330726415718655;0,00190944985143286;0,00192667120165061;0,340324894680308;0,753768788687782;0,969855678349481;1,19198518706689;1,64584328487983
"Alpha2[24, 1]";1,31123911186836;0,322270291094068;0,00186062839314979;0,00186062420234335;0,720802171457496;1,09024410812732;1,2955142335457;1,51494030641048;1,98902390861461
"Alpha2[1, 2]";3,33539291064322;0,528985052339031;0,00305409662365228;0,00303324091202366;2,42053080013432;2,96775484413159;3,28669779559679;3,6564968193315;4,48943808808941
"Alpha2[2, 2]";3,12185321376538;0,526406917768475;0,0030392117567691;0,00303601654049346;2,20133800689075;2,75700204716721;3,07946021926006;3,44280079560219;4,27209566556799
"Alpha2[3, 2]";2,51564330249965;0,533295738162516;0,00307898437985809;0,00307879259798636;1,49038831335624;2,15872522884022;2,50773747734385;2,86048546748083;3,59255269222133
"Alpha2[4, 2]";2,63713004464587;0,603083378743441;0,00348190351061315;0,00350792833556199;1,48316435768829;2,23755821983058;2,62564156867411;3,02524769245991;3,86743275629142
"Alpha2[5, 2]";3,44472564246744;0,596981947172296;0,00344667687901272;0,00345995496207743;2,43206330458245;3,0285680653976;3,38524905071671;3,7985062902425;4,78189321858623
"Alpha2[6, 2]";3,12348712555468;0,471558060049215;0,00272254172907952;0,00272260673878504;2,28792811607412;2,79857975945692;3,09032229481159;3,41641176013825;4,14431783260954
"Alpha2[7, 2]";2,46735445308044;0,538091903151462;0,00310667505133254;0,00310686449341842;1,43404636977163;2,10922206682305;2,45821690964148;2,81745648747274;3,553548213761
"Alpha2[8, 2]";3,13302152938448;0,418255217806426;0,00241479762590505;0,00243370613533776;2,391548240179;2,84228047068632;3,10592705365536;3,39272549035056;4,04116138835699
"Alpha2[9, 2]";2,46246827614243;0,430525847547141;0,00248564213974433;0,00243982216456027;1,65565514072882;2,16858980380224;2,44867296579838;2,73808454613131;3,35587418894588
"Alpha2[10, 2]";3,24457836517445;0,427607977352255;0,00246879580831956;0,00246039163666832;2,48693351794171;2,94730293197608;3,2169539730069;3,51252971216536;4,16478432601123
"Alpha2[11, 2]";2,12058855944215;0,421049437048645;0,00243093005822176;0,00241322474950176;1,34483211336564;1,82750866617512;2,10354612898722;2,39972320406981;2,98015760194199
"Alpha2[12, 2]";1,6013936310779;0,37151741075675;0,00214495677109042;0,00212891197562579;0,903575821627941;1,34514926132176;1,59242159270526;1,84383281726593;2,35862783046526
"Alpha2[13, 2]";2,85411288065235;0,488347984678269;0,0028194784041221;0,00283449965992115;1,96376065385062;2,52018024186367;2,82965841054667;3,16213142442083;3,8933875343205
"Alpha2[14, 2]";2,0798836013347;0,343363854904094;0,00198241214058866;0,00199797759962363;1,43777455269146;1,84624692081448;2,07274471976807;2,30723968938575;2,77703510185111
"Alpha2[15, 2]";2,57344144135279;0,375331382787713;0,00216697674887801;0,00213783881844343;1,87542818290544;2,31352780742954;2,56293287161389;2,81644712901107;3,34561367857866
"Alpha2[16, 2]";2,22521455959961;0,381272182931781;0,0022012759745018;0,00217737023535611;1,49581921993091;1,9653106170841;2,21934277112154;2,47498065610291;2,98940431923703
"Alpha2[17, 2]";2,75726502480066;0,388004009160816;0,00224014219135651;0,00223889875388371;2,03589793180775;2,49072356398728;2,74127347135381;3,00536663832165;3,57419188299855
"Alpha2[18, 2]";3,14928709088448;0,366696792923552;0,00211712492105385;0,00211909997385429;2,48956580330353;2,89561114784989;3,12953341292825;3,38356134347642;3,93165591206295
"Alpha2[19, 2]";3,14088055759284;0,37986653319372;0,00219316045195524;0,00219299909538561;2,45111225994825;2,87738838105551;3,12012303631578;3,38294809241076;3,94118753870854
"Alpha2[20, 2]";3,11712762650424;0,399909180886095;0,00230887673235989;0,00233289039708796;2,3977018617897;2,83853114615575;3,09315392454261;3,36840456298771;3,97446555771678
"Alpha2[21, 2]";3,3564394634836;0,435480075532063;0,00251424538835155;0,0025396709374472;2,58726878495575;3,05111887810178;3,32879681147182;3,63045277384945;4,29091369758376
"Alpha2[22, 2]";2,3785139941866;0,420345378797847;0,00242686517601552;0,00242513032608011;1,59800513054089;2,09189558077493;2,36568667087927;2,65110691519088;3,24367654002996
"Alpha2[23, 2]";2,37577233086979;0,529511473332051;0,00305713591667255;0,00307516995767902;1,35614627870116;2,01854454231353;2,37023577375368;2,71923031072384;3,4608747038234
"Alpha2[24, 2]";2,98326922199102;0,492179033028829;0,00284159697208684;0,00282965173652029;2,13280963981095;2,64079000309655;2,94670263920876;3,28173728384247;4,0578041391865
"Beta2";2,09224081526951;0,230365755430797;0,00133001730910042;0,00132954030982351;1,64522874568632;1,93539766865052;2,08959049701194;2,2456070403628;2,55090933620141
"Gamma1[1, 1]";0,511234602404899;0,048804513032339;0,000281772987368895;0,000277116769569317;0,416290569447189;0,477902144894459;0,511398267806521;0,54437233656096;0,606651589203962
"Gamma1[2, 1]";0,472842794556049;0,039802058929873;0,000229797294374635;0,000229966932535058;0,395004384511428;0,445990932009119;0,472648974569443;0,500041046090231;0,550834272202286
"Gamma1[3, 1]";0,619227712586282;0,0346153681399236;0,000199851921136829;0,000199756605021397;0,549911808164168;0,596007324481268;0,619608526609599;0,642897437136167;0,686338746775041
"Gamma1[4, 1]";0,662890932616711;0,0453111520127938;0,000261604058118786;0,000261614664616615;0,572023527563435;0,63272232658909;0,663900570291193;0,694453920801976;0,748836600516656
"Gamma1[5, 1]";0,462060710805188;0,053610009414563;0,000309517533667563;0,000309959390208159;0,359344461101574;0,425164253562913;0,461602990974326;0,498782737691586;0,567077730456031
"Gamma1[6, 1]";0,5788256984504;0,0302806291730973;0,000174825294043189;0,000174816192085073;0,519184608318239;0,558632060123537;0,579045766703998;0,599424277886751;0,63815061315985
"Gamma1[7, 1]";0,664101179168366;0,0433200344073054;0,000250108335263616;0,000246612155972159;0,576372619213466;0,63497093628056;0,664715312434917;0,694194808073818;0,746110297099422
"Gamma1[8, 1]";0,521705199694487;0,0324318616335455;0,000187245440444482;0,000187624341166516;0,458565852691087;0,499875431238732;0,521799225046029;0,543582705765871;0,585645687473767
"Gamma1[9, 1]";0,505505202735644;0,033103418389989;0,00019112267518557;0,000191038051966023;0,440891155778531;0,483044758395423;0,505546498161407;0,528011546269941;0,570140079026778
"Gamma1[10, 1]";0,51783124353152;0,0313450570109601;0,00018097077103042;0,000177805749867024;0,457339900934799;0,496473020460569;0,517778065431642;0,539076111058112;0,579296555098055
"Gamma1[11, 1]";0,544765842604216;0,0390444201590814;0,000225423064891985;0,000224214558380434;0,467939342590709;0,51825317956086;0,545062046417736;0,571483782315212;0,620510557006291
"Gamma1[12, 1]";0,601360198716763;0,0379170918569159;0,000218914431904782;0,00021734903484112;0,525448568406643;0,575862695345311;0,602042047964862;0,627424650021267;0,674342341382801
"Gamma1[13, 1]";0,569291257795312;0,0418898346157429;0,000241851072917081;0,000244017033744069;0,485966224397606;0,541265797853518;0,569731044996565;0,597701614003575;0,650740945386338
"Gamma1[14, 1]";0,599155122536187;0,0359550630668573;0,000207586653403801;0,00020757526281608;0,528313148650883;0,575059687703961;0,599360037683099;0,623448925463071;0,66938088942223
"Gamma1[15, 1]";0,537723686985438;0,037678296241094;0,000217535744774021;0,000217241017836979;0,463809561851865;0,512366019489261;0,537991455735003;0,563272439176495;0,610736996387642
"Gamma1[16, 1]";0,552707498808798;0,0437787066175707;0,000252756480504281;0,000252605262279488;0,465796279115775;0,522939338860404;0,552687584663188;0,582559865573953;0,637687028528404
"Gamma1[17, 1]";0,576164803020538;0,0342313605305493;0,000197634852170398;0,000198880498177548;0,509031458373128;0,55318568822637;0,575969449237821;0,599525512380546;0,642984291950748
"Gamma1[18, 1]";0,558199097091188;0,0372292382447612;0,000214943107223376;0,000214799801535193;0,48494299956577;0,533186881392001;0,558207919354244;0,58358472185035;0,630678753867295
"Gamma1[19, 1]";0,568929122884074;0,0324319059107874;0,000187245696079257;0,000187247561669506;0,50468148365032;0,546871345646968;0,569213196239641;0,591064072233938;0,631284610084584
"Gamma1[20, 1]";0,545570478062886;0,0372920121645746;0,0002153055326184;0,000217092985311479;0,472551781337669;0,520304279398221;0,545711040148008;0,57081306302003;0,618487682828671
"Gamma1[21, 1]";0,536860332928399;0,0376892922644323;0,000217599230344365;0,000219478712181001;0,46333761219106;0,511230773731342;0,537062814430975;0,562278602300601;0,610382292373861
"Gamma1[22, 1]";0,459140966420946;0,0498467300721917;0,000287790230254025;0,000287665212552874;0,363526439834091;0,424753376831164;0,458800126904995;0,493231248407971;0,557337941943277
"Gamma1[23, 1]";0,513888319017662;0,0422903137988463;0,000244163240558776;0,000241418802615051;0,43081096745351;0,485289424019277;0,513880258767247;0,542874231835249;0,596869156775865
"Gamma1[24, 1]";0,352962151476308;0,0422008677153163;0,000243646823354737;0,000241252901144766;0,272169919631172;0,323770156650845;0,352212741542906;0,380914864029497;0,438000219334215
"Gamma1[1, 2]";0,488765397595101;0,048804513032339;0,000281772987368895;0,000277116769569317;0,393348410796038;0,45562766343904;0,488601732193479;0,522097855105541;0,583709430552811
"Gamma1[2, 2]";0,527157205443951;0,039802058929873;0,000229797294374635;0,000229966932535058;0,449165727797714;0,499958953909769;0,527351025430557;0,554009067990881;0,604995615488572
"Gamma1[3, 2]";0,380772287413718;0,0346153681399236;0,000199851921136829;0,000199756605021397;0,313661253224959;0,357102562863833;0,380391473390401;0,403992675518732;0,450088191835832
"Gamma1[4, 2]";0,337109067383289;0,0453111520127938;0,000261604058118786;0,000261614664616615;0,251163399483343;0,305546079198024;0,336099429708807;0,36727767341091;0,427976472436565
"Gamma1[5, 2]";0,537939289194812;0,053610009414563;0,000309517533667563;0,000309959390208159;0,432922269543969;0,501217262308414;0,538397009025674;0,574835746437087;0,640655538898427
"Gamma1[6, 2]";0,4211743015496;0,0302806291730973;0,000174825294043189;0,000174816192085073;0,36184938684015;0,400575722113249;0,420954233296002;0,441367939876463;0,480815391681761
"Gamma1[7, 2]";0,335898820831634;0,0433200344073054;0,000250108335263616;0,000246612155972159;0,253889702900578;0,305805191926182;0,335284687565083;0,36502906371944;0,423627380786534
"Gamma1[8, 2]";0,478294800305513;0,0324318616335455;0,000187245440444482;0,000187624341166516;0,414354312526233;0,456417294234129;0,478200774953971;0,500124568761268;0,541434147308913
"Gamma1[9, 2]";0,494494797264356;0,033103418389989;0,00019112267518557;0,000191038051966023;0,429859920973222;0,471988453730059;0,494453501838593;0,516955241604577;0,559108844221469
"Gamma1[10, 2]";0,48216875646848;0,0313450570109601;0,00018097077103042;0,000177805749867024;0,420703444901945;0,460923888941888;0,482221934568358;0,503526979539431;0,542660099065201
"Gamma1[11, 2]";0,455234157395784;0,0390444201590814;0,000225423064891985;0,000224214558380434;0,379489442993709;0,428516217684788;0,454937953582263;0,48174682043914;0,532060657409291
"Gamma1[12, 2]";0,398639801283237;0,0379170918569159;0,000218914431904782;0,00021734903484112;0,325657658617199;0,372575349978733;0,397957952035138;0,424137304654689;0,474551431593357
"Gamma1[13, 2]";0,430708742204688;0,0418898346157429;0,000241851072917081;0,000244017033744069;0,349259054613662;0,402298385996425;0,430268955003435;0,458734202146482;0,514033775602394
"Gamma1[14, 2]";0,400844877463813;0,0359550630668573;0,000207586653403801;0,00020757526281608;0,33061911057777;0,376551074536929;0,400639962316901;0,424940312296039;0,471686851349117
"Gamma1[15, 2]";0,462276313014562;0,037678296241094;0,000217535744774021;0,000217241017836979;0,389263003612358;0,436727560823505;0,462008544264997;0,487633980510739;0,536190438148134
"Gamma1[16, 2]";0,447292501191202;0,0437787066175707;0,000252756480504281;0,000252605262279488;0,362312971471596;0,417440134426047;0,447312415336812;0,477060661139596;0,534203720884225
"Gamma1[17, 2]";0,423835196979462;0,0342313605305493;0,000197634852170398;0,000198880498177548;0,357015708049252;0,400474487619454;0,424030550762179;0,44681431177363;0,490968541626871
"Gamma1[18, 2]";0,441800902908812;0,0372292382447612;0,000214943107223376;0,000214799801535193;0,369321246132705;0,41641527814965;0,441792080645757;0,466813118607999;0,51505700043423
"Gamma1[19, 2]";0,431070877115926;0,0324319059107874;0,000187245696079257;0,000187247561669506;0,368715389915415;0,408935927766062;0,430786803760359;0,453128654353032;0,49531851634968
"Gamma1[20, 2]";0,454429521937114;0,0372920121645746;0,0002153055326184;0,000217092985311479;0,381512317171329;0,42918693697997;0,454288959851992;0,479695720601779;0,52744821866233
"Gamma1[21, 2]";0,463139667071601;0,0376892922644323;0,000217599230344365;0,000219478712181001;0,389617707626139;0,437721397699399;0,462937185569025;0,488769226268658;0,53666238780894
"Gamma1[22, 2]";0,540859033579054;0,0498467300721917;0,000287790230254025;0,000287665212552874;0,442662058056723;0,506768751592029;0,541199873095005;0,575246623168836;0,636473560165909
"Gamma1[23, 2]";0,486111680982338;0,0422903137988463;0,000244163240558776;0,000241418802615051;0,403130843224135;0,457125768164751;0,486119741232753;0,514710575980723;0,56918903254649
"Gamma1[24, 2]";0,647037848523692;0,0422008677153163;0,000243646823354737;0,000241252901144766;0,561999780665785;0,619085135970503;0,647787258457094;0,676229843349155;0,727830080368828
"Gamma1_F[1]";0,511234602404899;0,048804513032339;0,000281772987368895;0,000277116769569317;0,416290569447189;0,477902144894459;0,511398267806521;0,54437233656096;0,606651589203962
"Gamma1_F[2]";0,472842794556049;0,039802058929873;0,000229797294374635;0,000229966932535058;0,395004384511428;0,445990932009119;0,472648974569443;0,500041046090231;0,550834272202286
"Gamma1_F[3]";0,619227712586282;0,0346153681399236;0,000199851921136829;0,000199756605021397;0,549911808164168;0,596007324481268;0,619608526609599;0,642897437136167;0,686338746775041
"Gamma1_F[4]";0,662890932616711;0,0453111520127938;0,000261604058118786;0,000261614664616615;0,572023527563435;0,63272232658909;0,663900570291193;0,694453920801976;0,748836600516656
"Gamma1_F[5]";0,462060710805188;0,053610009414563;0,000309517533667563;0,000309959390208159;0,359344461101574;0,425164253562913;0,461602990974326;0,498782737691586;0,567077730456031
"Gamma1_F[6]";0,5788256984504;0,0302806291730973;0,000174825294043189;0,000174816192085073;0,519184608318239;0,558632060123537;0,579045766703998;0,599424277886751;0,63815061315985
"Gamma1_F[7]";0,664101179168366;0,0433200344073054;0,000250108335263616;0,000246612155972159;0,576372619213466;0,63497093628056;0,664715312434917;0,694194808073818;0,746110297099422
"Gamma1_F[8]";0,521705199694487;0,0324318616335455;0,000187245440444482;0,000187624341166516;0,458565852691087;0,499875431238732;0,521799225046029;0,543582705765871;0,585645687473767
"Gamma1_F[9]";0,505505202735644;0,033103418389989;0,00019112267518557;0,000191038051966023;0,440891155778531;0,483044758395423;0,505546498161407;0,528011546269941;0,570140079026778
"Gamma1_F[10]";0,51783124353152;0,0313450570109601;0,00018097077103042;0,000177805749867024;0,457339900934799;0,496473020460569;0,517778065431642;0,539076111058112;0,579296555098055
"Gamma1_F[11]";0,544765842604216;0,0390444201590814;0,000225423064891985;0,000224214558380434;0,467939342590709;0,51825317956086;0,545062046417736;0,571483782315212;0,620510557006291
"Gamma1_F[12]";0,601360198716763;0,0379170918569159;0,000218914431904782;0,00021734903484112;0,525448568406643;0,575862695345311;0,602042047964862;0,627424650021267;0,674342341382801
"Gamma1_F[13]";0,569291257795312;0,0418898346157429;0,000241851072917081;0,000244017033744069;0,485966224397606;0,541265797853518;0,569731044996565;0,597701614003575;0,650740945386338
"Gamma1_F[14]";0,599155122536187;0,0359550630668573;0,000207586653403801;0,00020757526281608;0,528313148650883;0,575059687703961;0,599360037683099;0,623448925463071;0,66938088942223
"Gamma1_F[15]";0,537723686985438;0,037678296241094;0,000217535744774021;0,000217241017836979;0,463809561851865;0,512366019489261;0,537991455735003;0,563272439176495;0,610736996387642
"Gamma1_F[16]";0,552707498808798;0,0437787066175707;0,000252756480504281;0,000252605262279488;0,465796279115775;0,522939338860404;0,552687584663188;0,582559865573953;0,637687028528404
"Gamma1_F[17]";0,576164803020538;0,0342313605305493;0,000197634852170398;0,000198880498177548;0,509031458373128;0,55318568822637;0,575969449237821;0,599525512380546;0,642984291950748
"Gamma1_F[18]";0,558199097091188;0,0372292382447612;0,000214943107223376;0,000214799801535193;0,48494299956577;0,533186881392001;0,558207919354244;0,58358472185035;0,630678753867295
"Gamma1_F[19]";0,568929122884074;0,0324319059107874;0,000187245696079257;0,000187247561669506;0,50468148365032;0,546871345646968;0,569213196239641;0,591064072233938;0,631284610084584
"Gamma1_F[20]";0,545570478062886;0,0372920121645746;0,0002153055326184;0,000217092985311479;0,472551781337669;0,520304279398221;0,545711040148008;0,57081306302003;0,618487682828671
"Gamma1_F[21]";0,536860332928399;0,0376892922644323;0,000217599230344365;0,000219478712181001;0,46333761219106;0,511230773731342;0,537062814430975;0,562278602300601;0,610382292373861
"Gamma1_F[22]";0,459140966420946;0,0498467300721917;0,000287790230254025;0,000287665212552874;0,363526439834091;0,424753376831164;0,458800126904995;0,493231248407971;0,557337941943277
"Gamma1_F[23]";0,513888319017662;0,0422903137988463;0,000244163240558776;0,000241418802615051;0,43081096745351;0,485289424019277;0,513880258767247;0,542874231835249;0,596869156775865
"Gamma1_F[24]";0,352962151476308;0,0422008677153163;0,000243646823354737;0,000241252901144766;0,272169919631172;0,323770156650845;0,352212741542906;0,380914864029497;0,438000219334215
"Gamma3[1, 1]";0,473252404583301;0,0522553054070165;0,000301696146433271;0,000297048728446699;0,372546986526228;0,437229036819767;0,473211282325025;0,50848497395095;0,576126348462345
"Gamma3[2, 1]";0,379447746179841;0,0440981409929417;0,00025460073573037;0,000255107696708537;0,294439621360444;0,349564344462891;0,379063150951412;0,408811530552419;0,466930495208842
"Gamma3[3, 1]";0,556792493610727;0,0416324689351362;0,000240365171467296;0,000238750297031033;0,473576765426521;0,528921918512645;0,557064612470933;0,585153424158273;0,636573012784139
"Gamma3[4, 1]";0,621186924740837;0,0504120245137089;0,000291053959233839;0,000291220381134375;0,520229650578108;0,587359233581854;0,622115172033237;0,656186102832499;0,717423285941949
"Gamma3[5, 1]";0,410560646107372;0,0575057379443712;0,000332009532821308;0,000331884224065785;0,30125888429566;0,370399300275182;0,409744086129282;0,450110983074599;0,524957983512985
"Gamma3[6, 1]";0,534674738693457;0,0346243337380213;0,00019990368404158;0,000201328163114565;0,465173148448612;0,511546723221478;0,53497760166195;0,557988458125924;0,602514737344523
"Gamma3[7, 1]";0,581877573974382;0,0525099667749382;0,000303166434526489;0,000299788600662978;0,476450179180812;0,546453999575873;0,582589775280279;0,618466553199007;0,681704968030322
"Gamma3[8, 1]";0,467120052943993;0,0359386014229449;0,000207491612058359;0,000207684363171246;0,397671972303667;0,442753011860409;0,467200990200549;0,491250734355922;0,537863238663242
"Gamma3[9, 1]";0,406939215226213;0,0380732896106859;0,000219816240056641;0,000219807751546917;0,333278039394816;0,380850102295124;0,406752288083578;0,432397004029675;0,481913781098187
"Gamma3[10, 1]";0,462901013539009;0,0343908993261255;0,000198555949836119;0,000195478980226827;0,396424318059003;0,439538022509925;0,462836241292389;0,486082911573543;0,530598978793975
"Gamma3[11, 1]";0,496642027120011;0,0427621495490013;0,000246887385532429;0,000244111019864789;0,41334885881239;0,467351637165362;0,496678826491596;0,525758050735458;0,580313868871144
"Gamma3[12, 1]";0,531216679276689;0,0472922846825295;0,000273042132920508;0,000271229179454685;0,438963279287195;0,499248019011543;0,531605387214934;0,56310124761361;0,624018150002533
"Gamma3[13, 1]";0,471808104456371;0,0494714173945088;0,00028562336149912;0,000285665008613297;0,375705403044923;0,438325844799794;0,472069773357399;0,504877979510686;0,569289219663221
"Gamma3[14, 1]";0,514527087046133;0,045669937669965;0,000263675508076277;0,000263217242436279;0,424293933268077;0,483746702902232;0,514415246818407;0,545965058519739;0,60403180738663
"Gamma3[15, 1]";0,382570533241666;0,047057386741223;0,000271685949024054;0,000272031909536974;0,29244580158768;0,350155182496142;0,381999176085447;0,414590286117196;0,476054989774484
"Gamma3[16, 1]";0,475041852738021;0,0526695192088008;0,000304087610932893;0,000300965961724146;0,372546290931016;0,439163831039607;0,474689663694754;0,51085289757175;0,578742679931133
"Gamma3[17, 1]";0,499411378405106;0,042608625134282;0,000246001011910775;0,000247469928608982;0,416921679131591;0,47066042282044;0,498948876900406;0,528381750033514;0,583481459034093
"Gamma3[18, 1]";0,450430174520109;0,0457531245552317;0,000264155787782295;0,000263818295547725;0,362930694208596;0,418976140693227;0,450142778719799;0,481487984558302;0,541047234051614
"Gamma3[19, 1]";0,508080398718827;0,0372949040180676;0,000215322228742326;0,000215328352252433;0,434622990756627;0,482559022006519;0,508163632339611;0,533629318289808;0,580549332295885
"Gamma3[20, 1]";0,446211846432545;0,0458463577597568;0,000264694069939595;0,000265776150714196;0,357688866712826;0,415172351358488;0,446326403746545;0,477087400878239;0,535656586761603
"Gamma3[21, 1]";0,451828407870604;0,0433053022038601;0,000250023278847367;0,000251250051482957;0,368657045559406;0,421895955378751;0,451841067690829;0,480891052895135;0,537483972188318
"Gamma3[22, 1]";0,411450441538545;0,0548695591339703;0,000316789547363139;0,000313611840187665;0,307402235955147;0,373192194013929;0,410509951337051;0,448322026227488;0,521138292035512
"Gamma3[23, 1]";0,447194506675009;0,0530748329957525;0,000306427691172921;0,000310878481095682;0,34441433488614;0,41114234945926;0,446912103483458;0,483086982427182;0,551556637256523
"Gamma3[24, 1]";0,307045987695048;0,0458300886761171;0,000264600140341406;0,000261649045211212;0,221029536646787;0,275172530150669;0,305600747526213;0,337442126990943;0,401229405380294
"Gamma3[1, 2]";0,526747595416699;0,0522553054070165;0,000301696146433271;0,000297048728446699;0,423873651537655;0,49151502604905;0,526788717674975;0,562770963180233;0,627453013473772
"Gamma3[2, 2]";0,620552253820159;0,0440981409929417;0,00025460073573037;0,000255107696708537;0,533069504791158;0,591188469447581;0,620936849048588;0,650435655537109;0,705560378639556
"Gamma3[3, 2]";0,443207506389273;0,0416324689351362;0,000240365171467296;0,000238750297031033;0,363426987215861;0,414846575841727;0,442935387529067;0,471078081487355;0,526423234573479
"Gamma3[4, 2]";0,378813075259163;0,0504120245137089;0,000291053959233839;0,000291220381134375;0,282576714058051;0,343813897167501;0,377884827966763;0,412640766418146;0,479770349421892
"Gamma3[5, 2]";0,589439353892628;0,0575057379443712;0,000332009532821308;0,000331884224065785;0,475042016487015;0,549889016925401;0,590255913870718;0,629600699724818;0,69874111570434
"Gamma3[6, 2]";0,465325261306543;0,0346243337380213;0,00019990368404158;0,000201328163114565;0,397485262655477;0,442011541874076;0,46502239833805;0,488453276778522;0,534826851551388
"Gamma3[7, 2]";0,418122426025618;0,0525099667749382;0,000303166434526489;0,000299788600662978;0,318295031969678;0,381533446800993;0,417410224719721;0,453546000424127;0,523549820819188
"Gamma3[8, 2]";0,532879947056007;0,0359386014229449;0,000207491612058359;0,000207684363171246;0,462136761336758;0,508749265644078;0,532799009799451;0,557246988139591;0,602328027696333
"Gamma3[9, 2]";0,593060784773787;0,0380732896106859;0,000219816240056641;0,000219807751546917;0,518086218901813;0,567602995970325;0,593247711916421;0,619149897704876;0,666721960605184
"Gamma3[10, 2]";0,537098986460991;0,0343908993261255;0,000198555949836119;0,000195478980226827;0,469401021206025;0,513917088426457;0,537163758707611;0,560461977490075;0,603575681940997
"Gamma3[11, 2]";0,503357972879989;0,0427621495490013;0,000246887385532429;0,000244111019864789;0,419686131128856;0,474241949264542;0,503321173508404;0,532648362834638;0,58665114118761
"Gamma3[12, 2]";0,468783320723311;0,0472922846825295;0,000273042132920508;0,000271229179454685;0,375981849997467;0,43689875238639;0,468394612785066;0,500751980988457;0,561036720712805
"Gamma3[13, 2]";0,528191895543629;0,0494714173945088;0,00028562336149912;0,000285665008613297;0,430710780336779;0,495122020489314;0,527930226642601;0,561674155200206;0,624294596955077
"Gamma3[14, 2]";0,485472912953867;0,045669937669965;0,000263675508076277;0,000263217242436279;0,39596819261337;0,454034941480261;0,485584753181593;0,516253297097768;0,575706066731923
"Gamma3[15, 2]";0,617429466758334;0,047057386741223;0,000271685949024054;0,000272031909536974;0,523945010225516;0,585409713882804;0,618000823914553;0,649844817503858;0,70755419841232
"Gamma3[16, 2]";0,524958147261979;0,0526695192088008;0,000304087610932893;0,000300965961724146;0,421257320068867;0,489147102428251;0,525310336305246;0,560836168960393;0,627453709068984
"Gamma3[17, 2]";0,500588621594894;0,042608625134282;0,000246001011910775;0,000247469928608982;0,416518540965907;0,471618249966486;0,501051123099594;0,52933957717956;0,583078320868409
"Gamma3[18, 2]";0,549569825479891;0,0457531245552317;0,000264155787782295;0,000263818295547725;0,458952765948386;0,518512015441698;0,549857221280201;0,581023859306773;0,637069305791404
"Gamma3[19, 2]";0,491919601281173;0,0372949040180676;0,000215322228742326;0,000215328352252433;0,419450667704115;0,466370681710192;0,491836367660389;0,517440977993481;0,565377009243374
"Gamma3[20, 2]";0,553788153567455;0,0458463577597568;0,000264694069939595;0,000265776150714196;0,464343413238396;0,522912599121761;0,553673596253455;0,584827648641512;0,642311133287174
"Gamma3[21, 2]";0,548171592129396;0,0433053022038601;0,000250023278847367;0,000251250051482957;0,462516027811682;0,519108947104865;0,548158932309171;0,578104044621249;0,631342954440594
"Gamma3[22, 2]";0,588549558461455;0,0548695591339703;0,000316789547363139;0,000313611840187665;0,478861707964488;0,551677973772512;0,589490048662949;0,626807805986071;0,692597764044853
"Gamma3[23, 2]";0,552805493324991;0,0530748329957525;0,000306427691172921;0,000310878481095682;0,448443362743477;0,516913017572818;0,553087896516542;0,58885765054074;0,65558566511386
"Gamma3[24, 2]";0,692954012304952;0,0458300886761171;0,000264600140341406;0,000261649045211212;0,598770594619706;0,662557873009058;0,694399252473787;0,724827469849331;0,778970463353213
"Gamma4[1, 1]";0,852645719686265;0,0658105327131391;0,000379957287774435;0,000378472473300279;0,701564863218;0,813351807905633;0,860857420328417;0,901062789794888;0,955741681662803
"Gamma4[2, 1]";0,888290652371839;0,0523337014792945;0,000302148766367602;0,000296644929011759;0,764932191280229;0,858451582909903;0,895795498164652;0,926732335117007;0,967200423849334
"Gamma4[3, 1]";0,870111438347082;0,0606037097786439;0,0003498956815459;0,000349629941401198;0,723969362810326;0,836786442912202;0,880344776497134;0,914258598760406;0,958638227106633
"Gamma4[4, 1]";0,874715866749322;0,0715417875982941;0,000413046703281821;0,000419031784955347;0,695317017644067;0,839911103515507;0,890079914430826;0,926348526893296;0,968638957476872
"Gamma4[5, 1]";0,839259678997913;0,079925659448586;0,000461451009977995;0,000465118396360323;0,65231046692648;0,792371576984812;0,850952688323484;0,897882359587877;0,961021668987791
"Gamma4[6, 1]";0,867669688202179;0,0546677683014917;0,000315624507448623;0,000320081282660956;0,743656367024048;0,83560327168886;0,874165021777582;0,907168189222457;0,954309364194732
"Gamma4[7, 1]";0,900592404481537;0,049788195516558;0,000287452280839505;0,000280708907340564;0,778029124385597;0,874702154304971;0,910095351898534;0,936563906549321;0,969410556819881
"Gamma4[8, 1]";0,875312556031799;0,0473359617395562;0,000273294302526826;0,000276169360064801;0,768612964815153;0,846991538259973;0,880719450444053;0,909523706255657;0,951559138612877
"Gamma4[9, 1]";0,849736409850586;0,0568470782384656;0,000328206759236219;0,000321428205864499;0,718652774902406;0,815722360948646;0,857012163065726;0,891254524355572;0,93933696928801
"Gamma4[10, 1]";0,884087320953076;0,0441534835175761;0,000254920255945323;0,000253120343049367;0,784246847470775;0,857429032768482;0,889080106322692;0,915967160428414;0,955356568065261
"Gamma4[11, 1]";0,741948397617495;0,0885108359649737;0,000511017549705764;0,000511038783614121;0,547984913003417;0,685569211507006;0,75048084227944;0,806876383128817;0,888327896160067
"Gamma4[12, 1]";0,747687886103038;0,067194903950071;0,000387949958837445;0,000381423781071428;0,605894420069142;0,704171525772321;0,751169423351436;0,795359920078516;0,867924626816942
"Gamma4[13, 1]";0,860079640715222;0,0587399190195207;0,000339135080580971;0,000341447638031452;0,725466110110198;0,825999409744597;0,86797346945455;0,902669760811593;0,952127141843558
"Gamma4[14, 1]";0,83033384795483;0,0499039691853952;0,000288120700428187;0,000290878138723256;0,719839891463194;0,799266692434966;0,835047444517605;0,866433968080437;0,913775459334971
"Gamma4[15, 1]";0,834545273711684;0,0524764119375015;0,000302972705582222;0,000302516145006278;0,718378004618344;0,80187528111103;0,839913178225019;0,872511194950571;0,92160165465738
"Gamma4[16, 1]";0,775306807372281;0,0674656454693553;0,000389513085727841;0,000389360054745163;0,626563060382287;0,732840558084993;0,781161528739413;0,824056668093562;0,888877828026782
"Gamma4[17, 1]";0,828748972013196;0,0546231420303163;0,000315366857551863;0,000316501515162879;0,708223838340538;0,794808786268404;0,833634763716219;0,868097311490405;0,920697395248825
"Gamma4[18, 1]";0,871975166216002;0,0394307442068646;0,000227653507821805;0,000224548459938867;0,786280783547581;0,847157041184982;0,875427938193708;0,900287553532193;0,939107983763756
"Gamma4[19, 1]";0,849546729782184;0,0488588768249582;0,000282086856871924;0,000282061962764053;0,74230650947005;0,81889293513178;0,854175805969323;0,884872666141169;0,932047525000201
"Gamma4[20, 1]";0,873555656158821;0,0442458480057427;0,000255453522566388;0,000255138401587837;0,775474616454918;0,846093639695176;0,878053553034082;0,905712165900348;0,946826821301856
"Gamma4[21, 1]";0,891837078583937;0,0407945913468019;0,000235527682955569;0,000240700453304734;0,801106403559281;0,866981360514837;0,896401437250903;0,921609180974591;0,958002833071878
"Gamma4[22, 1]";0,681396009079766;0,102955932666663;0,000594416354397671;0,000599269424237331;0,462229416803193;0,612934506031698;0,689362826448525;0,756750760005151;0,857591793464159
"Gamma4[23, 1]";0,739593299992182;0,100640988051298;0,000581051015429271;0,000581028328929437;0,517240867434076;0,675791872920118;0,750659528432968;0,814198760932644;0,904873399998249
"Gamma4[24, 1]";0,67318495806176;0,12064223448776;0,000696528265571463;0,000697454106729983;0,420062709282339;0,593221066201495;0,681382411791753;0,761190903392975;0,88492388899441
"Gamma4[1, 2]";0,147354280313735;0,0658105327131391;0,000379957287774435;0,000378472473300279;0,0442583183371972;0,0989372102051125;0,139142579671583;0,186648192094367;0,298435136782
"Gamma4[2, 2]";0,111709347628161;0,0523337014792945;0,000302148766367602;0,000296644929011759;0,0327995761506659;0,0732676648829931;0,104204501835348;0,141548417090097;0,235067808719771
"Gamma4[3, 2]";0,129888561652918;0,0606037097786439;0,0003498956815459;0,000349629941401198;0,0413617728933674;0,0857414012395935;0,119655223502866;0,163213557087798;0,276030637189674
"Gamma4[4, 2]";0,125284133250678;0,0715417875982941;0,000413046703281821;0,000419031784955347;0,0313610425231274;0,073651473106704;0,109920085569174;0,160088896484493;0,304682982355933
"Gamma4[5, 2]";0,160740321002087;0,079925659448586;0,000461451009977995;0,000465118396360323;0,0389783310122086;0,102117640412123;0,149047311676516;0,207628423015188;0,34768953307352
"Gamma4[6, 2]";0,132330311797821;0,0546677683014917;0,000315624507448623;0,000320081282660956;0,0456906358052679;0,0928318107775427;0,125834978222418;0,16439672831114;0,256343632975952
"Gamma4[7, 2]";0,0994075955184632;0,049788195516558;0,000287452280839505;0,000280708907340564;0,0305894431801192;0,0634360934506795;0,0899046481014663;0,125297845695029;0,221970875614403
"Gamma4[8, 2]";0,124687443968201;0,0473359617395562;0,000273294302526826;0,000276169360064801;0,0484408613871229;0,0904762937443433;0,119280549555947;0,153008461740027;0,231387035184847
"Gamma4[9, 2]";0,150263590149414;0,0568470782384656;0,000328206759236219;0,000321428205864499;0,0606630307119904;0,108745475644428;0,142987836934274;0,184277639051354;0,281347225097594
"Gamma4[10, 2]";0,115912679046924;0,0441534835175761;0,000254920255945323;0,000253120343049367;0,0446434319347388;0,0840328395715863;0,110919893677308;0,142570967231518;0,215753152529224
"Gamma4[11, 2]";0,258051602382505;0,0885108359649737;0,000511017549705764;0,000511038783614121;0,111672103839933;0,193123616871183;0,24951915772056;0,314430788492994;0,452015086996583
"Gamma4[12, 2]";0,252312113896962;0,067194903950071;0,000387949958837445;0,000381423781071428;0,132075373183058;0,204640079921484;0,248830576648564;0,295828474227679;0,394105579930858
"Gamma4[13, 2]";0,139920359284778;0,0587399190195207;0,000339135080580971;0,000341447638031452;0,047872858156442;0,0973302391884072;0,13202653054545;0,174000590255403;0,274533889889802
"Gamma4[14, 2]";0,16966615204517;0,0499039691853952;0,000288120700428187;0,000290878138723256;0,0862245406650285;0,133566031919563;0,164952555482395;0,200733307565034;0,280160108536806
"Gamma4[15, 2]";0,165454726288316;0,0524764119375015;0,000302972705582222;0,000302516145006278;0,0783983453426203;0,127488805049429;0,160086821774981;0,19812471888897;0,281621995381656
"Gamma4[16, 2]";0,224693192627719;0,0674656454693553;0,000389513085727841;0,000389360054745163;0,111122171973218;0,175943331906438;0,218838471260587;0,267159441915007;0,373436939617713
"Gamma4[17, 2]";0,171251027986804;0,0546231420303163;0,000315366857551863;0,000316501515162879;0,0793026047511747;0,131902688509595;0,166365236283781;0,205191213731596;0,291776161659462
"Gamma4[18, 2]";0,128024833783998;0,0394307442068646;0,000227653507821805;0,000224548459938867;0,060892016236244;0,0997124464678068;0,124572061806292;0,152842958815018;0,213719216452419
"Gamma4[19, 2]";0,150453270217815;0,0488588768249582;0,000282086856871924;0,000282061962764053;0,0679524749997989;0,115127333858831;0,145824194030677;0,18110706486822;0,257693490529951
"Gamma4[20, 2]";0,126444343841179;0,0442458480057427;0,000255453522566388;0,000255138401587837;0,0531731786981444;0,0942878340996523;0,121946446965918;0,153906360304824;0,224525383545082
"Gamma4[21, 2]";0,108162921416063;0,0407945913468019;0,000235527682955569;0,000240700453304734;0,0419971669281221;0,0783908190254094;0,103598562749097;0,133018639485163;0,198893596440719
"Gamma4[22, 2]";0,318603990920234;0,102955932666663;0,000594416354397671;0,000599269424237331;0,142408206535841;0,243249239994849;0,310637173551475;0,387065493968302;0,537770583196807
"Gamma4[23, 2]";0,260406700007818;0,100640988051298;0,000581051015429271;0,000581028328929437;0,0951266000017502;0,185801239067356;0,249340471567032;0,324208127079882;0,482759132565924
"Gamma4[24, 2]";0,32681504193824;0,12064223448776;0,000696528265571463;0,000697454106729983;0,11507611100559;0,238809096607025;0,318617588208247;0,406778933798505;0,57993729071766
"Mu_Alpha1";-2,03596858790742;0,113994069467838;0,000658145066932772;0,000655696075366122;-2,26090447215688;-2,11077002750866;-2,03562621795935;-1,96122573756455;-1,81061169776148
"Mu_Alpha2[1]";0,838149646236546;0,104531025046669;0,000603510154493616;0,000607103495000316;0,635624559939435;0,76882885312957;0,837169640263504;0,905195818777736;1,04927221970945
"Mu_Alpha2[2]";2,75741142343212;0,189330681419163;0,00109310119883209;0,00108507438795465;2,39880706379715;2,6309474820994;2,75230958438241;2,87858942913911;3,14579918723662
"Mu_L1[1]";1,15718268896558;0,0214709318364723;0,000123962482755394;0,000125053241501518;1,11498691308628;1,14275041108138;1,15706979425371;1,17150687411081;1,19940884597787
"Mu_L1[2]";1,156360752127;0,0220482613958651;0,000127295696520659;0,000126833275408601;1,11325338252999;1,14151256366308;1,15633482686152;1,17102688777023;1,20004489790904
"Mu_L1[3]";1,13150930115398;0,0206114677108536;0,000119000364312546;0,000118400357590489;1,09084223972616;1,1177677409201;1,13154106354202;1,14531068931635;1,17181739440573
"Mu_L1[4]";1,13344983388305;0,020486375151001;0,000118278142081501;0,000119067796901837;1,0934709254324;1,119794495284;1,13317528166637;1,14713686348381;1,17359327250647
"Mu_L1[5]";1,10971530586113;0,0221142260357633;0,000127676543546682;0,000127356189266429;1,06669245304002;1,09488569736072;1,10962371424124;1,12452557947888;1,1533459829675
"Mu_L1[6]";1,11173946703875;0,0219580880281046;0,000126775080339157;0,000126778512506271;1,06852682663756;1,09691371714417;1,11146767235666;1,12658922646919;1,15456874106363
"Mu_L1[7]";1,14054393966293;0,019097499519255;0,000110259464882906;0,00011026103338477;1,10336632817889;1,12766555828208;1,14043500416278;1,15342447839474;1,17843596702295
"Mu_L1[8]";1,1603724241776;0,01949795787178;0,000112571512259201;0,000112880153865854;1,12257471019227;1,14728637493658;1,16037366108269;1,17343160724415;1,1986847325486
"Mu_L1[9]";1,10470456005941;0,0207087469690014;0,000119562006371328;0,000118241152601489;1,06389540345031;1,0909396278608;1,10473363913568;1,11864169980834;1,14581493735012
"Mu_L1[10]";1,14282353222439;0,0223370904991062;0,00012896325212572;0,000129493439260977;1,09872388698465;1,12781008609979;1,14285456609391;1,15776310329792;1,18661756002674
"Mu_L1[11]";1,08589737619121;0,0209843673174756;0,000121153301195185;0,000124023732894455;1,04491761405795;1,0717971297075;1,08590898084407;1,09994292772343;1,12686117556664
"Mu_L1[12]";1,12915381630839;0,0200937390534369;0,000116011256515279;0,000115847424127139;1,08981026009249;1,11589607910505;1,12894263586693;1,14246788940101;1,16908063279996
"Mu_L1[13]";1,13063627001208;0,0219519512823951;0,000126739649821284;0,000126729148496711;1,08761046933524;1,11580089056042;1,1305878253773;1,14529016680379;1,17398552015413
"Mu_L1[14]";1,08341736654162;0,0178944477830883;0,000103313642445657;0,00010371695110963;1,04870293779619;1,07131439010998;1,083499757493;1,0955181797175;1,11856689836949
"Mu_L1[15]";1,03216129532901;0,0192560779927857;0,000111175018126712;0,000109039287493597;0,994279164764957;1,01930978467717;1,03224282878658;1,04511468814637;1,06977162627292
"Mu_L1[16]";1,12963675140043;0,0220305288301021;0,000127193317504492;0,000127688807478414;1,08624739435249;1,11476103718742;1,12959938648763;1,14448159605475;1,1726371289722
"Mu_L1[17]";1,02623388559355;0,0190438827148514;0,000109949908118351;0,000111243666323859;0,988955200801747;1,01329788969626;1,02623100937009;1,03913113444897;1,06338967314213
"Mu_L1[18]";1,01160801271274;0,0175302982145295;0,00010121122393133;0,000103124589756284;0,977087031170832;0,999974984276534;1,01164987607884;1,02323820452777;1,04603619263944
"Mu_L1[19]";1,10328075711465;0,0191150047545348;0,000110360531405916;0,000110523547855692;1,06560091521812;1,09045227243043;1,10336000310698;1,1161287606707;1,14041975263978
"Mu_L1[20]";1,0588691026904;0,017675600196783;0,000102050125317009;0,00010197435993725;1,02425679762088;1,04689285835798;1,05889649990028;1,07081260093029;1,09343855345363
"Mu_L1[21]";1,06965960019448;0,0187509297957143;0,000108258543651114;0,000107376924111401;1,03342835973868;1,05694712712349;1,06959127083244;1,08218995513931;1,1066445256416
"Mu_L1[22]";1,07920903445822;0,0192850627770002;0,000111342361856399;0,000112392524339617;1,04136558023838;1,06626731028187;1,07917671023347;1,0921801831312;1,1173586081016
"Mu_L1[23]";1,03961834662993;0,0208639707530122;0,000120458191306161;0,000116980123763904;0,99869053795426;1,0255234045532;1,03975099233143;1,05367264227703;1,08054055101235
"Mu_L1[24]";1,05064272204142;0,0209002112235391;0,000120667425760303;0,000119423842220043;1,00983075958783;1,03659870613408;1,05049392314242;1,0646796987303;1,09169254054202
"Mu_L1surv[1]";1,15715436576498;0,0213667891762363;0,00012336121482618;0,000124446903521265;1,1151766843698;1,14278548747909;1,15704136731448;1,17142812412959;1,19913256336902
"Mu_L1surv[2]";1,1562988521375;0,0217915978846087;0,000125813849047509;0,000125358899301047;1,11374020117089;1,14159548431057;1,15627027938516;1,1708381482721;1,1993735118838
"Mu_L1surv[3]";1,13162884039301;0,020466397888949;0,000118162803305267;0,000117562434654266;1,09123703656109;1,11798031764185;1,13163011359664;1,14533450583104;1,17169299138849
"Mu_L1surv[4]";1,1335128624865;0,0204011208796924;0,000117785926316605;0,000118185083005522;1,09375339413237;1,11992822180637;1,13323474722316;1,14714248930509;1,17352507716818
"Mu_L1surv[5]";1,11002515196088;0,0219139058170521;0,000126519994224711;0,000126214306921591;1,06737888201049;1,09527237986919;1,10992088935239;1,1246871037723;1,15331767622405
"Mu_L1surv[6]";1,11223993726478;0,0216279716097473;0,000124869152309132;0,000124872799047213;1,06987104681884;1,09760661954327;1,11196203098922;1,12685869585976;1,15450299956231
"Mu_L1surv[7]";1,14056369025296;0,0190555601585216;0,000110017327870815;0,000110018883548756;1,1034704882464;1,12769633926995;1,14045474690083;1,15341928038419;1,17838358995572
"Mu_L1surv[8]";1,16034991359396;0,0194488922164297;0,000112288231565957;0,000112593822055782;1,1226427604268;1,14729234515552;1,16035043517087;1,1733753570887;1,198561031929
"Mu_L1surv[9]";1,10504875644858;0,020520545896941;0,00011847542697517;0,000117167069148754;1,06491221440343;1,09138623532747;1,10504712738894;1,11884054404142;1,14584038240379
"Mu_L1surv[10]";1,1429344483674;0,022001527695181;0,000127025879373958;0,00012756360413217;1,09946981500261;1,12807427350191;1,14293809941585;1,15766276765008;1,1860680735482
"Mu_L1surv[11]";1,08657467999885;0,020706033290538;0,000119546338941414;0,000122364789251254;1,04618298352909;1,07268932519568;1,08652385078488;1,1004598377344;1,12706926038779
"Mu_L1surv[12]";1,12925334817006;0,0199854216477619;0,000115385885682035;0,000115229626056843;1,09016886725656;1,11602297009178;1,1290233625242;1,14251006904288;1,16896017865452
"Mu_L1surv[13]";1,13083582851082;0,0217094659669072;0,000125339660199569;0,000125329393073292;1,08844688502219;1,11612173949942;1,13077598061049;1,14534082549883;1,17377285302655
"Mu_L1surv[14]";1,08350246153242;0,0178587304460916;0,00010310742830436;0,000103510899743549;1,04887911617533;1,07142864856449;1,08357276585203;1,09557307511256;1,11863958907537
"Mu_L1surv[15]";1,03262239107557;0,0191154991171661;0,000110363385609899;0,000108257572751779;0,995102091369403;1,01982566882449;1,03266832150233;1,0454653903578;1,07008516266215
"Mu_L1surv[16]";1,12990639914455;0,0217143161233323;0,000125367662590746;0,000125839244868401;1,08719432823559;1,11520474518458;1,12986825408324;1,14455187104677;1,17235209467437
"Mu_L1surv[17]";1,02671450769678;0,0189096311156925;0,000109174806149216;0,000110482467901878;0,989861033119619;1,01384813060446;1,02666864386172;1,03956615958667;1,06369513310736
"Mu_L1surv[18]";1,01181382438639;0,0174736290423514;0,000100884044313212;0,00010279603828502;0,977375156388138;1,0002113537295;1,01183673323715;1,02338448615447;1,04619443566097
"Mu_L1surv[19]";1,10341602383289;0,0190438716534573;0,000109949844255363;0,000110112823319396;1,06590318541168;1,09063207656036;1,10349328924441;1,11621609071575;1,1404609263931
"Mu_L1surv[20]";1,05901348165289;0,0176266981942936;0,000101767789473997;0,000101677450596281;1,02457852796755;1,04704315942546;1,05901709793425;1,07092376947628;1,09352547540734
"Mu_L1surv[21]";1,06992743427598;0,0186576983795765;0,000107720271819073;0,000106851983260308;1,03391082631202;1,05728412942211;1,06982817257059;1,08240884076813;1,10680485198218
"Mu_L1surv[22]";1,07946729352113;0,0191849336399283;0,000110764266013977;0,000111793202677087;1,04186332468117;1,06658696564198;1,07941955074571;1,09234604709462;1,11744684178456
"Mu_L1surv[23]";1,04010370704241;0,0207137278693302;0,000119590763612784;0,000116128414711184;0,99955368021681;1,02605966509637;1,04021952863391;1,05404949809338;1,08076076085705
"Mu_L1surv[24]";1,05099759483831;0,0207805106248732;0,000119976334031684;0,000118729452548283;1,01041504735922;1,03701218772609;1,05080519193117;1,06495260875394;1,09187557559298
"Mu_L2[1]";2,99697977542969;0,0397762130583181;0,000229648073165638;0,000228179850401428;2,92023546521343;2,97028364309099;2,99625460561273;3,02300567020022;3,07705143706576
"Mu_L2[2]";2,94154347073286;0,0296153498123732;0,000170984301863186;0,000170299326235765;2,8847300000565;2,92147619381512;2,94124876718132;2,96139194963525;2,99980966397572
"Mu_L2[3]";2,93273044351892;0,0276148743878397;0,000159434551614569;0,000159438352277473;2,8785519967554;2,91413742474839;2,93276633683341;2,95098645671437;2,98784254501619
"Mu_L2[4]";2,98100832529119;0,0369749441189555;0,000213474939403503;0,000214486229473576;2,90895045738324;2,95614903645884;2,98111486079537;3,00579600192135;3,05359691599749
"Mu_L2[5]";2,86701554344285;0,0398028702535966;0,000229801978554338;0,000230087244681498;2,78951347539227;2,84003446311531;2,86676315398535;2,89374548720658;2,94599190760449
"Mu_L2[6]";2,89996390122495;0,0331186177346272;0,000191210428642753;0,000192355189246869;2,8364372786533;2,87729963002801;2,89969994779968;2,92204788726496;2,96634540322431
"Mu_L2[7]";2,91880738103932;0,0310315121053343;0,000179160518673759;0,00017633117654163;2,85830116566193;2,89778118667866;2,918693431564;2,93961847037491;2,98029839452952
"Mu_L2[8]";2,94675511834866;0,0244859548619082;0,000141369726308877;0,000141256722744174;2,89904867039108;2,93015803384077;2,94669253444745;2,96306607603811;2,99534828737385
"Mu_L2[9]";2,94463256684687;0,0335450533036793;0,000193672455548596;0,00019624688898109;2,87947110824276;2,92206727782738;2,94447035784114;2,96682699180747;3,01107461015122
"Mu_L2[10]";2,96711815267929;0,0327204783792922;0,000188911770002977;0,000188919496747972;2,90423725781478;2,94495657656332;2,96676186678236;2,98901029163033;3,03224648056614
"Mu_L2[11]";2,83487127674362;0,0315516936451449;0,00018216378819413;0,000184321956819186;2,77365717556477;2,81359837190981;2,83495654596699;2,85592869919044;2,89755066836305
"Mu_L2[12]";2,69925245333615;0,0270414161214594;0,000156123688769932;0,000155356146513722;2,64590504021983;2,68125598914836;2,6992491261338;2,71728045322263;2,75283313154338
"Mu_L2[13]";2,66869174032536;0,0307830106825841;0,000177725795040571;0,000180472187446115;2,60942539305811;2,64767969872749;2,66829374984475;2,68938564334925;2,72948187025566
"Mu_L2[14]";2,81382508912014;0,0233336425730549;0,000134716848207278;0,000135219484780684;2,76840703308587;2,79813119360462;2,81380473481813;2,82948919321566;2,85974805109748
"Mu_L2[15]";2,5406167516437;0,0251805809370384;0,000145380151823503;0,000141540213857698;2,49158083842498;2,52363026209272;2,54050218275118;2,55752000034676;2,59022859302642
"Mu_L2[16]";2,68204479107356;0,0276094573350382;0,000159403276245638;0,000159250443505306;2,6281487157883;2,66343753798539;2,6819289248216;2,70051156967883;2,73699542989238
"Mu_L2[17]";2,60374960810465;0,0290198322305712;0,000167546079501581;0,000165988697285356;2,54779601114366;2,58398816618071;2,60347015467307;2,62328600301368;2,66047844383428
"Mu_L2[18]";2,54376357567793;0,026148225430073;0,000150966849908837;0,000152462741807757;2,49317758671767;2,52625777077478;2,54354485200491;2,56122660659457;2,59590609553435
"Mu_L2[19]";2,63907158321089;0,0255709501800073;0,000147633949698617;0,000147192079835364;2,58917445159424;2,6217007412667;2,63883932876276;2,65611388398527;2,68954431883067
"Mu_L2[20]";2,63049200488049;0,0239989395270664;0,000138557941962173;0,000137851956344458;2,58372030020152;2,61422093436667;2,63049457258955;2,64661494911709;2,67794607322635
"Mu_L2[21]";2,71592484825905;0,0238477084243357;0,000137684808783459;0,000137680744266498;2,66926981825214;2,69957570788369;2,71574831622772;2,73195522845928;2,76317007341178
"Mu_L2[22]";2,73117946941689;0,0243735074376427;0,000140720510802184;0,00014154970377031;2,68353655400379;2,71468055828726;2,73122627982148;2,74752889398186;2,7786689241859
"Mu_L2[23]";2,66572848069496;0,0294264047627292;0,000169893427110446;0,000166674617255058;2,60842661528956;2,64605439831408;2,66581338560228;2,68555786656762;2,72345621029029
"Mu_L2[24]";2,73089993935225;0,0300449608316309;0,000173464662239339;0,000174356040414982;2,6725873865085;2,71073943014714;2,73079629138363;2,75100993326059;2,79013985725372
"Mu_L2m[1]";3,01347718560973;0,0378373541967287;0,000218454066309045;0,000219317091835127;2,93948438929203;2,98809014248229;3,01316816550117;3,03853107396442;3,08878768942493
"Mu_L2m[2]";2,96745304168258;0,029683405740745;0,00017137722294884;0,000168236127831783;2,9099788054239;2,94744756567177;2,96710494250792;2,98732856233373;3,02588683734682
"Mu_L2m[3]";2,96082587363774;0,0278513655754343;0,000160799934122757;0,000160243712254428;2,90682668964938;2,94215343533222;2,96056699297996;2,97927257377744;3,01658464105138
"Mu_L2m[4]";3,01021302665532;0,0359565866898606;0,000207595450045312;0,000208404961561424;2,9394390339112;2,9859217237583;3,01034547024928;3,03448455818217;3,08050731393851
"Mu_L2m[5]";2,89055123333999;0,0390486115940449;0,00022544726415303;0,000226259823020144;2,81470562283561;2,86418984579384;2,890269440955;2,91678980090001;2,96747372242679
"Mu_L2m[6]";2,92257838792358;0,0333607847698436;0,000192608580672464;0,000193680467418476;2,85869498038993;2,89964396097274;2,92210450503574;2,94480228768185;2,98953866832195
"Mu_L2m[7]";2,96429071283283;0,0312276430165718;0,000180292881017753;0,000177604917670202;2,90373196588328;2,94305065569329;2,96412084153997;2,98506913266754;3,0262120220675
"Mu_L2m[8]";2,96278646325554;0,0248388276306068;0,000143407038188855;0,000143196934639864;2,91472417798622;2,94600065513225;2,96259158921088;2,97937540004866;3,01259645126211
"Mu_L2m[9]";2,97506740358165;0,0336908768817195;0,000194514368368953;0,000196056896458779;2,90970505789683;2,95217315314445;2,97491858945038;2,99733422457662;3,04202736705091
"Mu_L2m[10]";2,98620948105677;0,0327057405076563;0,000188826680861414;0,000188834477372392;2,92300033148663;2,9640684744968;2,98587332790135;3,00796082641333;3,05078539971278
"Mu_L2m[11]";2,86662111358346;0,0321670378411867;0,00018571647956642;0,000186423678701375;2,80444050001399;2,8447791650629;2,86647163975108;2,88800540793504;2,93062529414217
"Mu_L2m[12]";2,74725874502337;0,0281090994016799;0,000162287961062378;0,000161647492992626;2,69348563266276;2,72824270132544;2,74693476434413;2,76586317124258;2,80361797018449
"Mu_L2m[13]";2,7068529407219;0,0315534068756737;0,0001821736795352;0,000183441857766083;2,64707044913304;2,68513789229325;2,70619749820935;2,72783288925785;2,76991529114825
"Mu_L2m[14]";2,84359394902468;0,0241372594675961;0,000139356532511165;0,000139874573123561;2,79717505437064;2,82733443419439;2,84334709226811;2,85957147608743;2,89140762237994
"Mu_L2m[15]";2,57644195827476;0,0262650007655348;0,000151641052622473;0,000149954932787479;2,52605903199603;2,55861524413429;2,57601709888256;2,59379418267161;2,62900876479842
"Mu_L2m[16]";2,71877317264866;0,0282648535731127;0,000163187208190419;0,000162775256103288;2,66470466764254;2,69960307440118;2,71850791091436;2,73744489183713;2,77562644487785
"Mu_L2m[17]";2,63395459174545;0,0303166736212358;0,000175033396761545;0,000175281984061875;2,57611023572629;2,61313787170347;2,6333141955485;2,65429237347429;2,69435420939997
"Mu_L2m[18]";2,57593250642898;0,0271058803301939;0,000156495873052592;0,000159677082608075;2,5240987344452;2,55753192829723;2,57546292168496;2,59383373604311;2,63054395702407
"Mu_L2m[19]";2,66058517795246;0,0263879679873573;0,000152351004208679;0,00015201755390521;2,60956919828721;2,64268619241544;2,66033334066972;2,67823576231648;2,71304983301917
"Mu_L2m[20]";2,65596928120752;0,0247772513632087;0,000143051527443276;0,000140668779005613;2,60852894774115;2,63901634536617;2,65579050882255;2,67249546762177;2,705244397361
"Mu_L2m[21]";2,73972971684292;0,0243941417205352;0,000140839642890009;0,000140831503216179;2,69234104851657;2,72315431329346;2,7394094066272;2,75603581108875;2,78820076642165
"Mu_L2m[22]";2,75470663908379;0,0250152407822218;0,000144425559994591;0,000145897545895004;2,70593370187228;2,73771211089509;2,75460041260398;2,77132447012121;2,80413423563585
"Mu_L2m[23]";2,6992480919911;0,0296081766042181;0,000170942887326593;0,000166978499994065;2,64239455678197;2,67909979874729;2,69891459138714;2,71912111121195;2,75801512519938
"Mu_L2m[24]";2,75038388841212;0,0302908142326739;0,000174884097512072;0,000176871656573343;2,69142495905573;2,72986113585305;2,75023797138188;2,77057943733675;2,81050687446285
"Mu_L2nm[1]";2,79680363028144;0,0454543712210704;0,000262430934603302;0,000258527790008736;2,70452405313577;2,76704112856938;2,79769772560619;2,82790358251423;2,8831128660989
"Mu_L2nm[2]";2,82111947420308;0,0331282962498325;0,000191266307576345;0,000191895138270831;2,7536659667513;2,79927935369569;2,82182988442872;2,84368666791534;2,88417439160061
"Mu_L2nm[3]";2,81721217826626;0,0306132340406233;0,000176745589141189;0,000175508246226703;2,75508219343718;2,79708611722524;2,8178787223294;2,83791572057321;2,87551435289374
"Mu_L2nm[4]";2,8131315308451;0,0418795611762689;0,000241791759186622;0,000242550423539754;2,72814873186519;2,78562942537226;2,81437882311189;2,84184059401691;2,89226085695448
"Mu_L2nm[5]";2,68269733596543;0,0445920787039114;0,000257452486434282;0,000256877366716964;2,59194954903737;2,65351723638053;2,6837690091172;2,71326728596884;2,76631237812555
"Mu_L2nm[6]";2,74540015588641;0,0359380403716931;0,000207488372827446;0,000208514002543895;2,67332782032759;2,72173504805951;2,74602292436319;2,76969159095668;2,81476932737541
"Mu_L2nm[7]";2,78189734770629;0,0353757177186372;0,000204241801476314;0,000202367426718805;2,71132133077922;2,75836051400075;2,78263176203114;2,8059242495655;2,84944588794345
"Mu_L2nm[8]";2,84165769729428;0,0273802535339384;0,000158079967482995;0,000158078719458968;2,78597097101966;2,82349104638614;2,84228274638438;2,86028794642928;2,89366305552531
"Mu_L2nm[9]";2,83516918905868;0,037153040908926;0,000214503181699816;0,000213235165569318;2,75998352939673;2,81050093739364;2,83588866863984;2,86051486472473;2,90547438339402
"Mu_L2nm[10]";2,83264811047271;0,0360837299651177;0,000208329512087265;0,000210450975441835;2,75911980535672;2,80890419777313;2,83356366248029;2,85739838280696;2,90074355932081
"Mu_L2nm[11]";2,70416007753473;0,0349294965602202;0,000201665542417012;0,000203937108845613;2,63397369559709;2,68127338573951;2,70481339375976;2,72800029666743;2,77020355512507
"Mu_L2nm[12]";2,6004646753597;0,0298698951401749;0,000172453919998458;0,000173019709805656;2,53980773985789;2,58101420558622;2,60109270170788;2,62071846948066;2,65800610232536
"Mu_L2nm[13]";2,55726068403693;0,0327044440085275;0,000188819195520204;0,000191338990153299;2,49172194319025;2,53562182075435;2,5578550599956;2,57948423987737;2,6206481839719
"Mu_L2nm[14]";2,73237979526648;0,0258046375994548;0,00014898314464386;0,000149037696353876;2,68065487846225;2,71548680247819;2,73273973879819;2,74999134904644;2,78135344350558
"Mu_L2nm[15]";2,47343979607332;0,0260787635424341;0,000150565811513569;0,000150576921723086;2,42075734176991;2,45616511303776;2,47373236194788;2,49103785835506;2,52373549571028
"Mu_L2nm[16]";2,5778828917509;0,0304305027506967;0,000175690589546904;0,000176059508012717;2,51640787478768;2,5576212500107;2,57849975965274;2,5983421149288;2,63635728391167
"Mu_L2nm[17]";2,50618838511293;0,0295646331805556;0,000170691489252863;0,000171325600801952;2,44684391079703;2,4865329005117;2,50657268491595;2,52630212782224;2,56300857794416
"Mu_L2nm[18]";2,45390911998025;0,0270380341011462;0,00015610416266655;0,000157021944453429;2,40042249251744;2,4358454583087;2,45391971539062;2,4721563743607;2,50612810426232
"Mu_L2nm[19]";2,54050687837783;0,0268520600677293;0,000155030441083995;0,00015502921214101;2,48683947772614;2,52287372574086;2,54096579810105;2,55883616573432;2,59177702408846
"Mu_L2nm[20]";2,54698228298555;0,0256699857618527;0,000148205731896995;0,000148303456913756;2,49530844765618;2,52977402975624;2,54756192953629;2,56459754232692;2,59561163728295
"Mu_L2nm[21]";2,6167499251144;0,0259843666707513;0,000150020810920802;0,000148013044826366;2,56434903971282;2,59950052064251;2,61703998824595;2,63456108904349;2,66669437996774
"Mu_L2nm[22]";2,62254342912533;0,0268993029790943;0,000155303198159934;0,000154705626602575;2,56817194487097;2,60478002022662;2,62323854522854;2,64109304153399;2,67314490968469
"Mu_L2nm[23]";2,55422487627455;0,0325729487500069;0,000188060007291163;0,000187378633759108;2,4882517935799;2,53284341055447;2,55500416876305;2,57637403582379;2,61661910104067
"Mu_L2nm[24]";2,59745666948501;0,034300185716864;0,000198032214568856;0,00019556517053471;2,52801376646621;2,57471819220451;2,59818593096902;2,62087740861422;2,66259814578181
"Mu_Mu_L1";1,09956199381742;0,0116451607481328;6,72333669269095e-05;6,65379234833815e-05;1,07669598944059;1,09190094793458;1,09940316154882;1,10703859111945;1,12323811526693
"Mu_Mu_L1surv";1,0993294080979;0,00443763775663814;2,56207135336107e-05;2,56200634866074e-05;1,09070825850999;1,09635081710263;1,09933200182308;1,10229103573629;1,10808074367061
"Mu_Mu_L2";2,7882160146875;0,0340114153245185;0,000196364997931309;0,000197166004871917;2,72262024390192;2,76573201238568;2,78749010416918;2,81039239695047;2,8561352678659
"Mu_Mu_L2m";2,81597935760487;0,00809107855615355;4,67138638242966e-05;4,60201946257309e-05;2,80009732151938;2,81056563692156;2,8160351556687;2,82144327092489;2,83170346658146
"Mu_Mu_L2nm";2,66882858901907;0,0110858251794575;6,40040415154892e-05;6,48566422935639e-05;2,64732166440848;2,66126655982126;2,66876787657206;2,67634830025989;2,69055442521508
"Mu_N1[1]";2432,18510960573;316,106756622142;1,82504321028453;1,79969268021241;1876,3062886961;2210,73711511465;2411,35804364979;2630,33957568149;3122,32914504556
"Mu_N1[2]";10133,3517513683;274,878103706638;1,58700947169361;1,59869362902248;9606,39024741533;9948,61635568573;10128,4866505537;10315,174441346;10690,6159193729
"Mu_N1[3]";5076,8510368391;364,510172283974;2,1045004609051;2,10662594612431;4399,59973315211;4825,27707896289;5061,89163183341;5314,15911591604;5826,56180910101
"Mu_N1[4]";2785,78069743836;220,780102676564;1,27467451712028;1,25766150499208;2378,51140293352;2632,16628938474;2778,4190114288;2928,88659415311;3237,03924341776
"Mu_N1[5]";3238,39089273889;260,113316348631;1,50176493213688;1,50859500437404;2758,42180300646;3057,59611575889;3228,20312032578;3407,79643087973;3776,51611475537
"Mu_N1[6]";12119,153697681;725,626642704098;4,18940737496376;4,15740414908347;10752,1054250719;11619,4139352793;12097,6820286093;12590,7278607102;13607,291779601
"Mu_N1[7]";1350,52660078641;86,0165174137308;0,496616594835716;0,499079401068373;1191,33191187287;1290,72889223957;1347,81430018006;1407,39902839974;1524,98883416028
"Mu_N1[8]";10275,9247143478;211,710372574094;1,22231040595889;1,22670906116185;9863,90862852615;10132,9221685307;10273,9051470241;10416,8183123107;10693,4341228938
"Mu_N1[9]";7981,66979174666;169,877543948605;0,980788457279995;0,985015042758739;7654,74888129099;7865,18336606868;7979,40428295179;8095,91265489211;8320,52816399392
"Mu_N1[10]";10924,6213813719;255,758484961381;1,47662230139984;1,45228235170359;10431,0774187851;10749,5995684212;10922,31240894;11095,4319025479;11433,1528555709
"Mu_N1[11]";7456,85665594291;430,226871301637;2,4839159995861;2,48345088992512;6642,94398722899;7159,25980240116;7445,68170413965;7739,78008479338;8329,96504859696
"Mu_N1[12]";7711,18669663665;286,077050047998;1,65166661854186;1,66649998711998;7166,23911182223;7514,68655508103;7705,02833096067;7900,40193115257;8284,89847766192
"Mu_N1[13]";10675,8039598802;628,708729686635;3,62985154326446;3,62993263840705;9491,37220924615;10244,7260518563;10660,3735995191;11088,3361732112;11954,900278048
"Mu_N1[14]";14036,7643333314;638,883163032128;3,68859366157319;3,63237455674269;12830,5090023358;13595,4991327811;14022,1918110685;14456,0710574679;15323,202898197
"Mu_N1[15]";10810,4903835348;462,035786785265;2,66756485875713;2,686264581518;9932,43347720945;10493,5410680195;10800,5490132058;11116,8284226046;11736,1361950758
"Mu_N1[16]";9187,70081700846;692,371432309917;3,99740832823337;4,06039697021993;7910,37602236564;8708,1450283449;9161,64176899514;9638,49883312299;10615,9976846269
"Mu_N1[17]";8780,68335697179;831,405898722532;4,80012419433297;4,79864225606369;7260,11043050501;8197,75286824101;8745,36439424057;9322,58622437978;10520,3464623305
"Mu_N1[18]";9292,71145650245;1301,7738808756;7,51579500547553;7,62335882948194;7006,1383020642;8364,79181970233;9206,12859128957;10112,455370905;12090,4337344164
"Mu_N1[19]";10545,4248418193;570,571908904439;3,29419845198016;3,29412676835644;9481,82192038344;10151,6704198201;10525,2206956305;10923,638179796;11708,1385314732
"Mu_N1[20]";6985,12687910109;533,445765076185;3,07985056064801;3,14171150224298;5997,1643477076;6612,72679212375;6969,70701793456;7327,74938075282;8099,41251297991
"Mu_N1[21]";10004,0738118052;378,078487145944;2,18283716328517;2,23033025150294;9291,35465310638;9743,5835801158;9994,00868798032;10256,1183600523;10769,5933956745
"Mu_N1[22]";6461,63202150367;447,89501429757;2,58592307073393;2,5760677661894;5630,77984105477;6149,64133435633;6446,12700523353;6753,33398357124;7383,8076732071
"Mu_N1[23]";5395,37324749348;502,762778981428;2,90270225783452;2,89665618066032;4475,97021302851;5045,32436198677;5369,60276927362;5717,53877408807;6443,78411651491
"Mu_N1[24]";5429,70235126905;285,702737327353;1,6495055230416;1,65438601094553;4888,96972615199;5233,29566824035;5422,37232607451;5617,68375941353;6012,72753355362
"Mu_N2[1, 1]";341,521449071426;40,106021073656;0,231552220630001;0,230157080591761;267,128288069022;313,845065460688;340,243821852421;368,121441931216;423,532687710404
"Mu_N2[2, 1]";453,192051379554;45,6033775675025;0,263291223145537;0,263606953466822;366,848451313114;421,782443857572;451,939354652911;483,321553014121;546,381680582575
"Mu_N2[3, 1]";282,166928490721;27,3512376138738;0,157912443990394;0,160570185003663;231,767039989274;263,18805768986;281,065633567186;299,915331567687;338,681222952253
"Mu_N2[4, 1]";328,894699895863;41,874950192098;0,2417651376571;0,241860983521456;253,241088576054;299,597774394343;326,716952595767;355,638560578996;417,692340590013
"Mu_N2[5, 1]";222,466548888324;29,8206949567009;0,17216986260673;0,172230654317062;166,963725368285;201,900855980603;221,454834501356;241,915972917179;283,612183157078
"Mu_N2[6, 1]";529,743917683359;41,4468090456922;0,239293263595814;0,238761129506239;451,49936021384;501,162034761004;528,996946993195;556,939886798844;614,376280508794
"Mu_N2[7, 1]";277,401946473309;27,0752835380328;0,156319222390687;0,154863395974162;227,203007664432;258,725445894641;276,346366010611;295,046163303656;332,795299999892
"Mu_N2[8, 1]";894,311052052237;63,8195707885648;0,368462463743442;0,366951198313614;772,411784981005;850,780874045115;893,44065995635;937,20507960908;1020,88888891126
"Mu_N2[9, 1]";399,940660016391;33,4040079746607;0,192858129961828;0,193863936339002;336,493963646767;376,893807313017;399,346501510909;421,915859537683;467,756219409156
"Mu_N2[10, 1]";707,769422792843;52,1663120187563;0,30118234286659;0,299347413629345;608,521963704851;672,081566046237;706,960531899163;742,118688583397;813,079085567779
"Mu_N2[11, 1]";443,371890274265;41,4417186212919;0,239263874016836;0,240254706792769;366,018342858028;414,20632413057;442,386330980711;470,882428738261;527,545304216556
"Mu_N2[12, 1]";368,009327287877;34,9646412806467;0,201868450555001;0,202369201193519;302,83055624887;343,723240051567;366,881664809952;391,198012751282;440,695830939816
"Mu_N2[13, 1]";290,151940768611;30,9334406028527;0,178594302590183;0,179881046131513;233,541562724718;268,662685273453;288,752035937658;310,572839777404;353,968754222734
"Mu_N2[14, 1]";848,252098445056;62,0711550462147;0,358367980748431;0,360250980347247;730,433348212687;805,500433431217;847,19532079316;889,214411505928;972,916425487279
"Mu_N2[15, 1]";432,626802034173;43,4974881537207;0,251132864946232;0,252200838530793;351,844467714594;402,767422066768;430,963524563309;460,709160801095;521,853692487857
"Mu_N2[16, 1]";412,046307796282;46,3661910178384;0,267695328654466;0,267704518286364;326,543642085042;379,826889823163;410,529934386392;442,22394829838;507,916428677624
"Mu_N2[17, 1]";619,4888512666;49,0574572470617;0,283233361473496;0,287574699931555;527,053107600363;585,679364035641;618,055193038221;651,856484363137;718,86176135207
"Mu_N2[18, 1]";694,600300601301;60,5414617505765;0,349536292388288;0,347775300271681;581,002775784389;653,359463560153;692,454907747712;734,556445044597;818,516530668509
"Mu_N2[19, 1]";557,060788740445;43,4852293298052;0,251062088593357;0,251112065500594;474,484961751482;527,171363996349;556,152468206002;585,699400173089;645,061460315096
"Mu_N2[20, 1]";594,0090077358;48,416516582237;0,279532888819785;0,281059535693851;501,856222390193;560,570588611112;592,976138313255;626,420447070273;691,446825689088
"Mu_N2[21, 1]";845,020682860641;73,7743923223974;0,425936652666372;0,439244553141203;706,55600155184;794,468740369248;843,119160097287;893,087873348158;994,96686057869
"Mu_N2[22, 1]";235,095566490486;31,6382907170492;0,18266375662188;0,180599558255703;177,450084210141;213,097882903669;233,612436455779;255,800723383858;301,169853798416
"Mu_N2[23, 1]";218,195846547734;28,0735147332621;0,162082512883478;0,161732823249529;167,483102597707;198,620536398084;216,706275624091;236,278218310699;277,41317164715
"Mu_N2[24, 1]";241,899173951143;34,2793795237088;0,197912089956666;0,195591045515245;179,468707362817;217,780553530736;240,262849414448;264,026032079109;313,845845504972
"Mu_N2[1, 2]";326,423724637813;38,7941324960203;0,223978028395553;0,218950104398266;253,490308091404;299,702263683538;325,19245275874;351,941032198867;405,239597180549
"Mu_N2[2, 2]";504,904452424918;43,3400887125549;0,250224118848959;0,250472704775514;421,927071698909;475,383400159861;504,009312876724;533,586312933798;592,508610282729
"Mu_N2[3, 2]";173,466906889664;20,5788654065054;0,11881213482063;0,117800351365197;135,761926633675;159,136171417135;172,63431915266;186,87581834827;216,192353347973
"Mu_N2[4, 2]";167,372333342314;29,5756688993781;0,170755204005192;0,171447592811468;115,277353593486;146,661807420002;165,433776140528;185,617620974312;231,417121888389
"Mu_N2[5, 2]";258,855270198808;29,8447085844457;0,172308505351157;0,172022866422761;202,358928089758;238,180917731824;258,223142701231;278,586816876219;318,88070964571
"Mu_N2[6, 2]";385,477595879344;35,8509958873196;0,206985821262601;0,206991178285287;318,111014614137;360,714420369059;384,576274611199;409,191534280091;457,638866564785
"Mu_N2[7, 2]";140,355836869983;21,1327409051347;0,122009936502941;0,121917628337113;101,899357635834;125,570322338581;139,32170533853;154,091321675692;184,582992327162
"Mu_N2[8, 2]";819,847157547625;61,9522539278855;0,357681504821687;0,358850466564464;700,893592774671;777,560994277278;818,925665498389;861,428697195978;943,745469194084
"Mu_N2[9, 2]";391,003107967957;30,300454785677;0,174939757270787;0,174877435471531;332,705989212066;370,393103118754;390,300330928842;411,315727073293;451,898188665027
"Mu_N2[10, 2]";658,971566996832;50,3326840225291;0,290595886694435;0,290550902204445;563,605000258748;624,532814700716;657,617691805052;692,367061679396;760,990175415194
"Mu_N2[11, 2]";370,44988344721;38,2624223744417;0,220908198577311;0,22201223139742;299,444745960257;344,133478622387;369,139404835772;395,58890545632;448,625427845932
"Mu_N2[12, 2]";243,86580571251;28,2447699443171;0,163071255305505;0,164434778377413;191,950114153928;224,414551305643;242,587234601986;262,161864380205;302,168333649273
"Mu_N2[13, 2]";219,472518305263;26,8620970237762;0,15508838947675;0,156383674257974;169,888327499022;201,046028312342;218,223735289955;236,794599446224;275,372143476553
"Mu_N2[14, 2]";567,402116112287;55,248534191954;0,318977560880569;0,317723012128345;460,917410044794;529,898672365039;566,290963168041;603,721869429055;679,658929647606
"Mu_N2[15, 2]";371,304106497017;34,1850102863133;0,197367248910531;0,196063000746249;306,997976513363;347,658828139022;370,433933711115;393,863774378549;440,700673881813
"Mu_N2[16, 2]";333,553059461215;42,9468408876851;0,24795370147349;0,247117585658402;254,773632396728;303,994363276782;331,421287082453;361,46060965135;423,224141929173
"Mu_N2[17, 2]";455,689926453641;43,7247721429867;0,252445089670084;0,251383955599455;373,055941334739;425,615393911888;454,764722569071;484,129634610495;544,695150724677
"Mu_N2[18, 2]";549,597806092147;54,0171673897248;0,311868261333187;0,31024284766516;446,910575171551;512,294611563489;548,110253282194;585,31354486522;659,924626934712
"Mu_N2[19, 2]";421,985122590779;37,9067248021021;0,218854577685907;0,21879711616523;350,959067816648;395,835620733335;420,760179470465;447,075095337722;498,613395366353
"Mu_N2[20, 2]";494,868297450684;47,1577195499622;0,272265220765395;0,27106683645059;404,423114422429;462,552904859128;493,875748966961;526,067431803952;590,256860058675
"Mu_N2[21, 2]";728,147365874438;60,9510731364823;0,351901184827446;0,353363525571004;609,452308581303;686,597852921984;727,447492600636;768,864854405263;848,723575427935
"Mu_N2[22, 2]";276,958514840068;33,8614304950165;0,195499060114436;0,194872440470502;215,119648314743;253,232427422912;275,543604651254;299,142775251499;347,099668981587
"Mu_N2[23, 2]";206,213029445269;25,6789058785939;0,148257232215013;0,14825858698479;159,875113167646;188,354175741494;204,763052483902;222,630340731339;260,171520740934
"Mu_N2[24, 2]";443,441226679726;44,2633872574204;0,255554785483163;0,253849683729674;360,848464329611;412,862075596837;441,829374993648;472,275835439485;534,256267559398
"Mu_N2m[1, 1]";282,957092216745;36,744500172845;0,212144470660303;0,212364068208991;214,97672135573;257,506786285315;281,618401169496;307,246868896965;357,785410026069
"Mu_N2m[2, 1]";296,477574874179;37,1787657448928;0,214651704109519;0,219183879627494;225,722439440546;270,63411618873;295,545354694828;321,206256382192;371,613781934232
"Mu_N2m[3, 1]";203,171109341288;22,8135497292706;0,131714090773653;0,131709730670535;161,099110286649;187,446034142287;202,221441056733;217,713931931021;250,752921499017
"Mu_N2m[4, 1]";257,287003922642;37,5426086481765;0,216752352091054;0,217781557358116;190,003064269471;230,942620871942;255,060512466986;281,449534168174;337,082173576151
"Mu_N2m[5, 1]";173,45265095434;26,5119496434876;0,153066812634094;0,15190597292294;124,648658663007;155,010161992382;172,302875172063;191,001477518614;228,169734960621
"Mu_N2m[6, 1]";424,413093650879;39,1079436858704;0,2257898181449;0,228714331607035;350,805092783117;397,54364534269;423,399057009165;450,298969925739;504,399025446305
"Mu_N2m[7, 1]";180,201606388814;22,5909506569071;0,130428914430149;0,129974077509907;138,386738180786;164,496270186042;179,325309205662;194,9812487845;226,900216316436
"Mu_N2m[8, 1]";693,561770121634;58,9395543074431;0,340287675453188;0,34100490106089;580,592543089469;653,570917989046;692,583588408072;732,9320548602;811,581044680583
"Mu_N2m[9, 1]";249,974291251101;25,9982328650916;0,150100867431152;0,150090458058647;200,836585060948;232,022198204915;249,316108541776;267,137496800405;303,001716588448
"Mu_N2m[10, 1]";549,653788757911;47,0214889627293;0,271478693103288;0,266379600992569;460,074371192689;517,412478636333;549,123486565705;580,779298843628;644,727867250386
"Mu_N2m[11, 1]";324,633543327349;34,4985431126761;0,199177431527535;0,199171317284467;259,877320094205;300,750589247603;323,315084309988;347,309518311698;394,526103580489
"Mu_N2m[12, 1]";219,138784618209;25,6204077905933;0,14791949334647;0,144680548179802;171,378529746066;201,247608990256;218,280626428261;235,898066462901;271,524606614919
"Mu_N2m[13, 1]";180,003895096398;24,473342764972;0,141296910333266;0,140855472131106;135,125164640462;162,897910524685;179,156625851546;195,695778265958;231,39856012891
"Mu_N2m[14, 1]";533,226198556972;53,0717969276676;0,30641016242566;0,308777264667887;431,474310433316;496,924092990286;532,41370817089;568,522951936895;639,752319978757
"Mu_N2m[15, 1]";201,730607632823;27,3791708426255;0,158073716561786;0,159614851525383;150,2355404229;182,831444333809;201,027462417427;219,907578273606;257,153437748621
"Mu_N2m[16, 1]";262,502586352618;37,934703889678;0,219016115023344;0,219020852911902;193,300779427436;236,290981092947;260,784095579384;286,853227029131;342,341466916688
"Mu_N2m[17, 1]";411,689356200574;42,9303318910996;0,247858386737263;0,246721469337085;331,305590160558;382,183713636185;410,450179816288;439,838883527014;499,540540543656
"Mu_N2m[18, 1]";416,635136181015;49,0178810431906;0,283004868153911;0,282027078270791;325,782095690639;382,852595750409;415,128067398702;448,707105171071;516,710728740913
"Mu_N2m[19, 1]";408,822405009676;37,7901141157754;0,218181325574496;0,21744176670554;337,426213549531;383,037469343824;407,752516174872;433,675541993702;485,476306786736
"Mu_N2m[20, 1]";372,916565091181;43,1994822607141;0,249412327120757;0,251365275982985;292,043873910595;343,00575774914;372,126182779017;401,431002942393;459,654546152611
"Mu_N2m[21, 1]";573,031690429099;57,7755902150633;0,333567525632563;0,334754695942255;463,653454249016;533,480497938753;572,448303889437;611,521933713147;689,578341625692
"Mu_N2m[22, 1]";173,254606066706;27,44174248619;0,158434974114342;0,155732547964257;123,727593661311;153,965688210764;171,810761553498;190,943696231305;231,152697218413
"Mu_N2m[23, 1]";146,173985636546;22,2698555732431;0,12857507110026;0,128727249407972;105,848209962971;130,625316099476;145,098267310114;160,523457483189;192,866498876579
"Mu_N2m[24, 1]";183,837626318543;31,1270929610889;0,179712355001752;0,177614851959967;127,517098104798;162,070298324781;182,220789469737;203,603603559922;249,454105869246
"Mu_N2m[1, 2]";314,94169461345;37,9275341914054;0,218974720751067;0,212252650199074;243,699330260185;288,654743029634;313,731870438259;339,935440219336;392,0400384684
"Mu_N2m[2, 2]";484,87882615182;41,5040118383573;0,23962352407325;0,238893272977617;405,181150657395;456,700897143663;483,810557399325;512,453548691109;568,412390945109
"Mu_N2m[3, 2]";161,652212984528;19,7427820508085;0,113985005315864;0,115093227895209;125,322181919956;148,023064222982;160,817064499498;174,506486836055;202,596959735507
"Mu_N2m[4, 2]";156,864172350437;28,1464290371941;0,162503483813507;0,163394939626213;107,579351254924;137,148111219283;154,84181607926;174,324504760752;217,852672111521
"Mu_N2m[5, 2]";249,068667353731;28,9944433886307;0,167399496954293;0,167337524243906;194,286404388367;228,896947197293;248,520123553637;268,370570948602;307,622344172491
"Mu_N2m[6, 2]";369,228092299725;35,2169430891087;0,203325115725326;0,203327442181617;303,549700135497;344,75062534409;368,195126049526;392,591598930294;441,086972339672
"Mu_N2m[7, 2]";129,487198431178;19,8098319411528;0,114372118038258;0,114284575222792;93,602023763006;115,545753955126;128,376777876675;142,389078224628;171,247683197746
"Mu_N2m[8, 2]";791,194288465986;60,4737900329782;0,349145589544569;0,350976048265052;675,125504117216;749,976558185813;790,03701921611;831,439265153356;912,299398226606
"Mu_N2m[9, 2]";364,289549074948;28,4178667959949;0,164070630444626;0,163306051086956;309,272012513496;345,083181955314;363,716619477094;383,373903022018;421,309225915054
"Mu_N2m[10, 2]";637,777286756414;49,2569186073275;0,284384952173921;0,285097410133525;544,260098002878;604,03555790184;636,799441660949;670,585263039119;737,087353058335
"Mu_N2m[11, 2]";329,032537292545;34,7391548988389;0,200566604322647;0,19932390199763;263,948372757248;305,107854624829;327,981352953757;351,716284346983;399,600621135051
"Mu_N2m[12, 2]";193,410585597996;24,6273876271732;0,142186288759857;0,141237183867896;147,544358797377;176,524802634603;192,65917292252;209,231491332436;244,469223909072
"Mu_N2m[13, 2]";201,463267741086;25,2547836867052;0,14580856159845;0,14533669250163;154,634306669629;183,982963646155;200,483917892817;217,783864456355;253,79315371377
"Mu_N2m[14, 2]";503,059247537221;51,9100028823417;0,299702541377542;0,298034386773799;403,717575837071;468,045705101262;502,280755030474;537,528343923441;607,892658214501
"Mu_N2m[15, 2]";325,47188837295;29,9756992463382;0,173064780290206;0,172706834786431;268,256079605641;304,959747513962;325,051478664185;345,489806528311;385,504926376942
"Mu_N2m[16, 2]";290,134613528978;40,0045331143625;0,230966279623825;0,232012821031742;217,03363349729;262,593426452411;288,27740995393;315,965504294075;374,380442077106
"Mu_N2m[17, 2]";412,567848841372;42,0598549223167;0,242832685614761;0,241763892658321;332,055506937572;384,061343289423;411,754716498806;439,919062238924;497,896345048521
"Mu_N2m[18, 2]";508,32659194086;51,8041745738912;0,299091541353825;0,299304349912871;410,199751450417;472,732853806908;506,660636537711;542,635915953147;614,194358907638
"Mu_N2m[19, 2]";395,743696340541;36,5478970724808;0,211009382131115;0,211019684478218;327,834992089583;370,681124551652;394,750901832156;420,012664705349;470,004540976802
"Mu_N2m[20, 2]";462,821000413648;45,5491904636972;0,262978373755851;0,262418309613513;376,403613258202;431,765832962561;461,794058724963;492,947829797584;555,254085868182
"Mu_N2m[21, 2]";695,214831836304;59,0139314989158;0,340717092368372;0,342531854336026;580,515877118287;655,315331370458;694,731567411234;735,000908336284;810,867137567713
"Mu_N2m[22, 2]";247,899916329599;31,8428818875302;0,18384496429539;0,183443609973564;189,787035220667;225,676874910786;246,540062149089;268,746638742691;314,044000486233
"Mu_N2m[23, 2]";180,564651475256;23,4284086478631;0,135263980395283;0,135265452777138;137,516990355897;164,261134130665;179,616436343261;195,699074298271;229,585169736897
"Mu_N2m[24, 2]";414,909253945194;42,9153257825608;0,247771748929219;0,24024800814803;334,323334026335;385,158781283212;413,663606804301;442,799078803768;503,695306228235
"Mu_N2nm[1, 1]";56,7294539020957;12,6414694294913;0,0729855577806923;0,0728461345236147;35,1711005363086;47,7728149769479;55,6363419207361;64,5143355407575;84,5466621824687
"Mu_N2nm[2, 1]";156,308188017918;25,0331277836884;0,144528830645708;0,145084084615047;112,526385516083;138,71285224651;154,590911912208;171,919238062635;210,480418727464
"Mu_N2nm[3, 1]";78,8876846519311;15,3440078915669;0,0885886708664388;0,088190129826837;52,8173105151891;68,0402155634034;77,5385326986413;88,2200634113505;113,023512564877
"Mu_N2nm[4, 1]";70,5913715015295;14,7805868004849;0,0853357576804056;0,0842344689302212;44,8124460194141;60,2450989458947;69,464634872188;79,6883400499651;102,656351252251
"Mu_N2nm[5, 1]";48,5272817995531;11,3385180872844;0,065462964699051;0,0656204433538916;29,2846122481785;40,4480226186033;47,4606933674457;55,4273531276183;73,5226129893439
"Mu_N2nm[6, 1]";104,865340609881;16,4024928476255;0,094699836609575;0,0943050824868191;75,4073325135584;93,3675183335388;104,00858265017;115,233533738269;139,668404505297
"Mu_N2nm[7, 1]";96,7419228154161;13,2659102318015;0,0765907684337599;0,0762199977622099;72,7742051122879;87,4709076321487;95,9637393426313;105,163038842984;124,836650011265
"Mu_N2nm[8, 1]";200,615247017685;23,2150100922394;0,134031923259943;0,134899999563611;157,605218343572;184,519120821232;199,781102533434;215,798432161457;248,41168263674
"Mu_N2nm[9, 1]";149,700413147958;21,9939444923987;0,126982097732281;0,126982910157566;110,435092455884;134,30579016141;148,389992918881;163,691604907049;196,204788178405
"Mu_N2nm[10, 1]";157,464079390633;21,5408997777809;0,124366442852886;0,123709833077237;118,527696614132;142,325491391805;156,17647840353;171,380995292094;202,652840848981
"Mu_N2nm[11, 1]";118,600413194258;21,8117705156241;0,125930315786979;0,12685352383037;79,3395985449125;103,403468050503;117,405616453461;132,574490257206;165,178175796653
"Mu_N2nm[12, 1]";148,765645597337;22,7892326480426;0,131573696039724;0,132213526056285;108,381925842981;132,737446921859;147,311842677051;163,295806844945;197,151788041012
"Mu_N2nm[13, 1]";109,936694234181;17,7203460599423;0,10230846567841;0,102637650379291;78,8191731441422;97,5076533927809;108,75580482669;120,907659798907;148,39091094257
"Mu_N2nm[14, 1]";315,009975629297;34,1444395829695;0,197133013845563;0,197888671064061;251,735075656896;291,389135251714;313,811427846616;337,175623321122;384,984191086043
"Mu_N2nm[15, 1]";230,631491904858;35,5788698659796;0,20541470094586;0,204653423659316;168,067518749103;205,597625288859;228,370266748667;252,99623538023;306,9684732438
"Mu_N2nm[16, 1]";149,418059578577;24,7418956675533;0,142847401239235;0,143485774889152;105,677987206808;132,056014329941;147,834354670647;165,087081758212;202,740328940548
"Mu_N2nm[17, 1]";207,513868404677;25,5947505851067;0,147771361401527;0,146079298395926;160,350703255785;189,918322140538;206,28444033417;224,267054421902;260,566642330879
"Mu_N2nm[18, 1]";277,215006555803;33,1854626070979;0,191596357693902;0,192415497512826;217,452143117315;253,981545854562;275,557497477681;298,853866924777;346,618563923298
"Mu_N2nm[19, 1]";148,147515777529;22,041006950918;0,127253812963229;0,126192694990081;108,771820278123;132,552844398033;146,814538917893;161,933861977594;195,113515583392
"Mu_N2nm[20, 1]";220,997741594892;22,4476733110599;0,129601702288212;0,129629370705542;179,204078345369;205,524208984115;220,181760536607;235,519968061184;267,241695867818
"Mu_N2nm[21, 1]";271,899408137254;45,3412035027281;0,261777560476817;0,259633721679544;193,094982375521;239,92605040309;268,667741513671;300,194940313967;369,429045834558
"Mu_N2nm[22, 1]";61,8222898981675;13,4754440380388;0,0778005124281146;0,0774536479574175;37,7576458570679;52,357335039995;60,9653760986019;70,3855446955597;90,4479870672881
"Mu_N2nm[23, 1]";71,9271348564003;18,6699556793672;0,10779103937241;0,108238976939116;40,4278308989776;58,78196891407;70,1850368274259;83,1357696059489;112,883337413001
"Mu_N2nm[24, 1]";57,9914658610699;14,1028071603783;0,0814225951037377;0,0802515441465846;32,7495968128135;48,0920450927989;57,2596219045279;66,9929884588289;87,8854710419781
"Mu_N2nm[1, 2]";9,72976764617696;4,70628295965516;0,0271717373363945;0,0271614903010456;2,77581890148671;6,29670838404647;9,05369675066629;12,3003723760425;20,759301097909
"Mu_N2nm[2, 2]";19,5731243345257;9,54407644415912;0,0551027510420164;0,0548380716535423;5,57392596647435;12,6384622942771;18,1167175184096;24,7803311813781;42,2870852756443
"Mu_N2nm[3, 2]";11,7482335198977;5,98754152384299;0,0345690871057482;0,0347791780359474;3,59911210859916;7,49634104102446;10,5480739223867;14,692475081822;26,8286952186449
"Mu_N2nm[4, 2]";9,9912468998647;5,9565913685731;0,0343903963009828;0,0347529724906396;2,47972593355984;5,82696508427856;8,66578710950923;12,6079051516918;25,4911566233081
"Mu_N2nm[5, 2]";9,22089962356694;4,92497992867606;0,0284343848757463;0,0285824731033354;2,13048986580833;5,64693374638794;8,42349686345313;11,9132426841217;21,1106967854317
"Mu_N2nm[6, 2]";15,911034523303;6,80319460722958;0,0392782623783341;0,039389525316886;5,40086703232915;10,9414911176771;15,0281145081353;19,8335176776949;31,7169726968131
"Mu_N2nm[7, 2]";10,6367024405306;5,46044103966846;0,0315258710414666;0,0306977354263246;3,26452810804101;6,72283371880711;9,54023258916517;13,3831999985975;24,3294137183192
"Mu_N2nm[8, 2]";28,5301765754634;11,1469370449711;0,0643568710355385;0,0649231050608387;10,9131327372803;20,4794824371357;27,1841603333138;34,9822152225292;54,0742976957399
"Mu_N2nm[9, 2]";26,453905053569;10,6804076501344;0,0616633623186005;0,0603213447975748;10,3140137081356;18,82395773589;24,8268495421497;32,386990434581;51,8434473935194
"Mu_N2nm[10, 2]";20,5874256663585;8,16404064927404;0,0471351106653341;0,0471374867409039;7,76303890276647;14,6522866992547;19,5106086124228;25,3591344022653;39,2936497416711
"Mu_N2nm[11, 2]";41,302035233184;15,6596066134179;0,0904107809366049;0,090414517528784;17,0719150131798;29,8594757032806;39,2452677785915;50,5294937623507;77,3643695692921
"Mu_N2nm[12, 2]";50,3858295882305;15,5643063093612;0,0898605643745948;0,0893695728018704;24,669258618014;39,2579049987116;48,8670335011718;59,6495556365198;85,2356116857518
"Mu_N2nm[13, 2]";17,8493721573554;7,9460262180037;0,0458764037595226;0,0460809781799041;5,92453567977289;12,1179857548846;16,6205373337752;22,2481420554688;36,851164235806
"Mu_N2nm[14, 2]";64,3322292326045;19,7934697736709;0,114277651020256;0,116984452148371;31,8360587615487;50,0617096639537;62,0414745797726;76,2207083615284;109,163273431753
"Mu_N2nm[15, 2]";45,6051871820446;15,6050836472758;0,0900959924448131;0,0880869759773723;20,866443282622;34,3935527207458;43,6364622012924;54,84343342143;81,1408669949363
"Mu_N2nm[16, 2]";43,3167323383533;14,585724165811;0,0842107177345661;0,083726218199151;20,1831634443556;32,831094843115;41,5465546432996;51,7700971373702;76,8656189406575
"Mu_N2nm[17, 2]";42,9116703538043;14,5805932030834;0,0841810941074463;0,0839106913259454;19,0434986645938;32,5529564835631;41,2524153982413;51,6245192753078;75,7860507287909
"Mu_N2nm[18, 2]";40,6774528379913;13,2836034674771;0,0766929203775616;0,0752998493356333;18,6067266795731;31,0892404410261;39,3381299527969;48,7582679580849;70,1447153001327
"Mu_N2nm[19, 2]";26,172621421923;9,09735082528728;0,0525235794789207;0,0525198727906591;11,3656085380303;19,6650538854108;25,1237783159608;31,5829274957873;46,8028352178611
"Mu_N2nm[20, 2]";31,9682680656521;11,5150708618418;0,0664822926182195;0,0661877100780305;13,1679894726705;23,6050143823497;30,7074436493596;38,9294792567591;57,9926984209178
"Mu_N2nm[21, 2]";32,8552823770269;13,2595669198251;0,0765541453049885;0,0783178473287046;12,1917096775959;23,2210722979271;31,1702141661842;40,5911589276345;63,3851324880459
"Mu_N2nm[22, 2]";29,036611735171;10,9765034500959;0,0633728722167372;0,0636184800834307;12,0348454601078;21,0248589606282;27,6450688829003;35,405639194901;54,4233500209548
"Mu_N2nm[23, 2]";25,558830295482;12,3059433814059;0,0710483972388701;0,0707575925043717;8,21156941276137;16,7278169736656;23,2659670101955;31,9686851193583;55,8078202910241
"Mu_N2nm[24, 2]";28,4033249214687;12,2655604072031;0,070815246028603;0,070846095619061;9,24591612805736;19,4624141352745;26,8290754647165;35,6681459081326;56,57992620554
"Mu_N3[1]";456,423673555052;31,0012420986647;0,178985754708768;0,182772758235056;398,328166259013;435,162629124477;455,366278362821;476,592245847934;520,609874965413
"Mu_N3[2]";596,47145431209;28,2063633688226;0,162849514838501;0,163992919727331;542,364443779324;577,259904804072;595,757358133232;615,075968472444;653,335700633823
"Mu_N3[3]";278,498643319372;22,5759723992625;0,130342437419318;0,133573351727471;236,93388991832;262,819464584166;277,664443898702;293,237540881101;325,434963187403
"Mu_N3[4]";316,154515522356;37,9971816842732;0,219376830738622;0,217192545833566;248,271724096928;289,517173151302;313,880866398841;340,367098280893;396,956547144848
"Mu_N3[5]";322,544110316555;19,993652590336;0,115433407051144;0,115438409328825;285,491136795938;308,761576079834;321,895893009804;335,734382044583;363,873210556723
"Mu_N3[6]";605,849407215872;38,0591945479753;0,219734862174139;0,217012869957167;534,081281556126;579,501110442063;604,861727741356;630,812118022289;683,030321032595
"Mu_N3[7]";236,410083225269;20,4974686462298;0,118342190406067;0,117673083671564;198,576483808829;222,189708712781;235,55309989952;249,756585010646;279,418868510365
"Mu_N3[8]";1133,4323292182;40,7154857740817;0,235070966718524;0,23337450793382;1056,98751968448;1105,55122411913;1132,71718019253;1160,18410109981;1216,62707841346
"Mu_N3[9]";468,916419817513;20,9587261878593;0,121005262064322;0,121446625281446;429,044388303055;454,605020994169;468,384669791992;482,529827454786;511,680779682785
"Mu_N3[10]";906,460533985991;38,712182494163;0,223504889839229;0,22413986993434;832,448548446886;879,843274183407;905,796331185419;932,486547672609;983,813476992312
"Mu_N3[11]";498,995282088767;31,0350645963949;0,17918102899046;0,178918384139851;441,188347712955;477,429495900274;498,260585037855;519,541665702425;562,590388294014
"Mu_N3[12]";314,931729624634;24,090769867281;0,1390881246786;0,139228644643823;270,167662014902;298,315917689693;313,969239102906;330,657977175463;364,697270772716
"Mu_N3[13]";291,204209872992;24,5991831439374;0,142023450099972;0,141924445622761;245,834162426262;274,05644266613;290,300880694062;307,334659532136;341,8343578392
"Mu_N3[14]";791,079059828025;34,4287317019538;0,198774375159804;0,197784827954419;725,836258311639;767,656786847007;790,388931136537;813,727044995641;860,779945167726
"Mu_N3[15]";402,455574814014;21,6616652884572;0,125063682853863;0,125649237103362;361,303378286444;387,674988344657;402,050371713201;416,688196981484;446,815511019383
"Mu_N3[16]";421,871906197347;39,3645324825524;0,227271234253254;0,227264180705735;350,57372797784;394,51685026644;419,916105065955;447,410797637537;504,687736610347
"Mu_N3[17]";629,221048388428;36,4629796539039;0,210519111186373;0,21114508362312;561,202077326411;604,004269547556;627,783868573872;653,422309377625;703,693857601093
"Mu_N3[18]";706,096816294618;41,4421088992254;0,239266127287536;0,237409826187571;628,517252833333;677,747143628398;705,167080717354;733,376680414875;790,382852894268
"Mu_N3[19]";614,189263609302;33,4141430556742;0,192916644879342;0,190996963662312;551,819536818878;590,958473241326;613,426126214199;636,157951158156;683,027966940866
"Mu_N3[20]";637,984920153389;33,8755839734861;0,19558077526048;0,196438276965329;574,573564749652;614,628046864514;637,246014690435;660,452376326401;706,493292455407
"Mu_N3[21]";968,153388861436;30,0242921295581;0,173345331432283;0,172188356776748;910,612257320901;947,715310917767;967,608885142873;988,233785208196;1028,50096707751
"Mu_N3[22]";321,50072634457;27,8206130142932;0,160622384128226;0,160922905357938;270,356736225358;302,183597055544;320,461467270303;339,480019715223;379,737505801128
"Mu_N3[23]";249,42557557872;22,5878140244713;0,130410805074337;0,127820948264669;208,394218650335;233,656892203565;248,341027140882;263,950094735726;297,034066239664
"Mu_N3[24]";457,0710906915;36,2038794216737;0,209023195298121;0,203694122231429;390,593127255292;432,094422685117;455,688019575479;480,518393527366;532,017854363894
"Mu_N4[1]";39,9084687110426;8,11885646865693;0,0468742396769102;0,0466815706550634;26,0394463257211;34,076627928472;39,2510806410976;44,901426543008;57,7119358262115
"Mu_N4[2]";105,615950463342;15,3346785152262;0,0885348076870219;0,0892615308475352;78,7818312127179;94,8764526710576;104,5058400052;115,132600255669;139,018144015405
"Mu_N4[3]";54,4264681437735;9,76294035607743;0,0563663624266357;0,0561795670033305;37,8525693785781;47,5444654780013;53,5379602613623;60,4228922503739;76,2011857984177
"Mu_N4[4]";48,3895060791532;8,92592542248902;0,0515338544544056;0,051086928463043;33,0153713799873;42,0547832739422;47,641407067282;53,8832646121168;68,0291334298044
"Mu_N4[5]";34,6775276290322;7,17341074542541;0,0414157062487911;0,0417000455403814;22,6655343334742;29,6228963880807;33,949872464022;39,1154517648873;50,5729164787525
"Mu_N4[6]";72,5256792924489;10,0384909434107;0,0579572544843581;0,0574964972423434;54,9348308252999;65,3772738089355;71,8221919826497;78,9602943497678;93,8985023402975
"Mu_N4[7]";64,4803897251351;7,87198984926098;0,0454489545852883;0,0454514049156023;50,4850142879886;58,9353945454033;64,0186541137286;69,4590913112881;81,3699063782972
"Mu_N4[8]";137,600813772749;13,7907081573893;0,0796206906698428;0,0792559692494673;112,364218525794;128,04676111635;136,915784351565;146,447765076737;166,307852149461
"Mu_N4[9]";105,779889268706;13,7076818454997;0,07914133803465;0,0785394739389155;81,649600515759;96,1353547715521;104,898510590419;114,423286648136;135,359588635284
"Mu_N4[10]";106,919141587593;13,334012163667;0,0769839551207089;0,0769112658080149;82,8790610259664;97,5358413061907;106,101454494685;115,501916315606;134,989435665666
"Mu_N4[11]";96,0207133219351;13,52511559316;0,0780872912853173;0,0777221867639497;72,2729758170941;86,559160564144;95,0144315863542;104,527943241583;125,119693867496
"Mu_N4[12]";119,589580362874;15,6264691737736;0,0902194618396156;0,0905845336748449;92,0612420113025;108,663242818553;118,497685670019;129,411236631067;153,308532438128
"Mu_N4[13]";76,7349679019284;11,0168332926468;0,0636057166712684;0,0635968974506;57,3211330922775;68,9492065637249;75,967561276191;83,580259019104;100,532269639075
"Mu_N4[14]";227,793316876469;20,261370684497;0,116979078188452;0,115822651325297;190,585526046193;213,61418780266;226,791700733849;241,058323811584;269,564402452448
"Mu_N4[15]";165,878904497468;22,801950850618;0,131647124616529;0,129991980358481;125,523668923798;149,793024913295;164,348022066701;180,232318615173;214,581742771339
"Mu_N4[16]";115,736390429419;16,3032203368242;0,0941266865012326;0,0958152382854712;87,2297629019857;104,197370737994;114,552303236979;125,930736016128;150,898125963592
"Mu_N4[17]";150,379428846148;15,8239351841996;0,0913595323823681;0,0907601198497659;121,719334308699;139,383913338698;149,57866084836;160,436374600583;183,89722202665
"Mu_N4[18]";190,893016403731;21,0174566101498;0,121344342315513;0,123723703532517;153,210211871207;176,161107447466;189,858564123863;204,253204549593;235,224281702487
"Mu_N4[19]";104,678471686218;14,0718533845759;0,0812438833958186;0,0809156394634332;79,7256881301944;94,6631962362733;103,804367256047;113,603298525734;134,665911169171
"Mu_N4[20]";151,904970390938;13,2120114215194;0,0762795835075064;0,0762617006496379;127,669289417265;142,702585722669;151,367610365947;160,45715622359;179,260314065832
"Mu_N4[21]";183,003844276126;28,8548475925116;0,166593540249622;0,169088698549736;132,83061718606;162,715303809877;180,987113403357;200,863126092095;245,272508265889
"Mu_N4[22]";54,5603687265584;8,93741419487497;0,0516001849127024;0,0511951020481895;39,1250839444951;48,1771481961775;53,8686976668934;60,1837994706682;73,6730283211742
"Mu_N4[23]";58,5398910699519;13,5392202777094;0,0781687247195319;0,0787083291432932;36,3953249300556;48,9554092421821;57,159162051306;66,4794619862498;89,0661614745154
"Mu_N4[24]";51,8796898973251;9,32030652396487;0,0538108148054094;0,0544947561212372;35,9994388762383;45,3064489727051;51,128435354677;57,5448282191606;72,2988139221005
"Mu_Sd_L1";0,203617676194391;0,00553400179698812;3,19505742718696e-05;3,19496321146133e-05;0,193317148600984;0,199915066861723;0,203418297406751;0,207072885186963;0,215151119737594
"Mu_Sd_L1surv";0,202212927230682;0,00313194965958449;1,80823197904946e-05;1,81599180057111e-05;0,196165489902973;0,200101328070316;0,202164452970624;0,204327422848893;0,208430398316308
"Mu_Sd_L2";0,286934956611916;0,0085342945554197;4,92727725891512e-05;4,89098953599675e-05;0,270909003937406;0,281243940810783;0,286568417706774;0,292271076699567;0,304685737703384
"Mu_Sd_L2m";0,279340971251251;0,00419993018116977;2,424830820676e-05;2,40973985168904e-05;0,271225415394486;0,276481304492767;0,279291620034669;0,282126475712091;0,287806369750358
"Mu_Sd_L2nm";0,275866099014518;0,00438626965229932;2,5324139644933e-05;2,51029367977584e-05;0,267364754768814;0,272912856130922;0,275807476531612;0,278768363263449;0,284716417989247
"Sd_Alpha1";0,538111813749394;0,0892974180957449;0,000515558883755169;0,000524292015911151;0,393435253197615;0,474818896498143;0,527979194030759;0,590010150041077;0,741985178714732
"Sd_Alpha2[1]";0,426039486168561;0,0937899336683345;0,0005414964345069;0,000539446229245243;0,268141859104856;0,360392933453015;0,416719119835586;0,481498243867388;0,637578441322652
"Sd_Alpha2[2]";0,672442164182129;0,176756107481053;0,00102050186235096;0,00101447080277606;0,367996241362338;0,550230949536185;0,657886646446955;0,779170154340595;1,06317882338925
"Sd_L1[1]";0,204097012778661;0,012934638338152;7,46781692640249e-05;7,37293937683231e-05;0,180181106198008;0,195338626659358;0,20352222702671;0,212140684003403;0,231872116246336
"Sd_L1[2]";0,222298442345325;0,0140834287702975;8,13107139164417e-05;8,09449510236707e-05;0,19766370189226;0,212417722530577;0,22131247510666;0,231021597746264;0,252754846371427
"Sd_L1[3]";0,210655560847771;0,0128988630085135;7,4471620302054e-05;7,45768569801365e-05;0,187618586217617;0,20173704754229;0,209850060392269;0,218764809204664;0,238233593804987
"Sd_L1[4]";0,200581732629639;0,0126370111556848;7,29598179248694e-05;7,31728609897224e-05;0,177233281003101;0,19193761303023;0,200038627622776;0,208537135571926;0,227047308812652
"Sd_L1[5]";0,213303486700741;0,0136803556762596;7,89835703229829e-05;7,98130435199164e-05;0,188935027240242;0,203884503541944;0,212334969702331;0,221756363990589;0,242238525440565
"Sd_L1[6]";0,225628329316331;0,0144670090514637;8,35253157023131e-05;8,29202182819006e-05;0,200339321949669;0,215514456034555;0,224526035661314;0,234532626282838;0,257049992934062
"Sd_L1[7]";0,190709896318287;0,0120583643663152;6,96189991287865e-05;6,96178122845862e-05;0,168055076677538;0,182443436050969;0,190384455792883;0,198609318570403;0,215279944272269
"Sd_L1[8]";0,193134319510059;0,0121658459582136;7,02395443889413e-05;7,15843553950486e-05;0,170457123666807;0,184739310668257;0,192740460743732;0,200986756547074;0,218078605019907
"Sd_L1[9]";0,213304235147442;0,0132077058509885;7,62547252844563e-05;7,60115113747889e-05;0,189760721663532;0,204173186668328;0,212404339618236;0,221580978497569;0,241594470558516
"Sd_L1[10]";0,228069916703084;0,0147756364583171;8,53071768665743e-05;8,46047062908527e-05;0,202394083972757;0,217599848737843;0,226847685870977;0,237312706431483;0,260136349627581
"Sd_L1[11]";0,219427609743045;0,0137476578192066;7,93721394264577e-05;7,93680635240924e-05;0,195432727858917;0,209709015191593;0,21834935764041;0,228011124092564;0,249234494549123
"Sd_L1[12]";0,204799659724973;0,0125801060642244;7,26312762261399e-05;7,32352426576098e-05;0,181841365172067;0,196131091559857;0,204102115091807;0,212870304827603;0,231294764831009
"Sd_L1[13]";0,2202331389112;0,0139390664851469;8,04772378745163e-05;8,07785685147246e-05;0,1957549118674;0,210406295636415;0,219300999355066;0,228844958772736;0,250132896180058
"Sd_L1[14]";0,181297717351244;0,0121908690190441;7,03840150980056e-05;7,00672321375506e-05;0,158405668884948;0,172903268376401;0,18100040304238;0,189256268323358;0,205796457553128
"Sd_L1[15]";0,193549771678589;0,0121251653415735;7,0004674739262e-05;6,9926023326121e-05;0,170932389621016;0,185304519044447;0,193088440959196;0,201289704224209;0,218767610901667
"Sd_L1[16]";0,226127556221133;0,014453252589733;8,34458927334802e-05;8,22589957520443e-05;0,201086054492361;0,215968186510554;0,22497407358041;0,235124983439911;0,257573291447329
"Sd_L1[17]";0,192579450219576;0,0122674070849142;7,08259078273396e-05;7,14081765933369e-05;0,169802714408572;0,18418629999226;0,192223076819325;0,200520600490121;0,2178169109928
"Sd_L1[18]";0,174041679647418;0,0125852621101479;7,26610446711588e-05;7,34749445993491e-05;0,150411358601554;0,165195365246031;0,173696092907996;0,182509366541037;0,199567538022964
"Sd_L1[19]";0,195403699063663;0,0121953299263359;7,04097701582633e-05;7,19535784439986e-05;0,172810038093163;0,187053881815679;0,194899784721446;0,203281591167264;0,220499908055425
"Sd_L1[20]";0,182129781062772;0,0119384018691348;6,89263953283893e-05;6,8138107652309e-05;0,159783896578988;0,173804333535104;0,181868130681037;0,190105594374433;0,206298306174959
"Sd_L1[21]";0,195326722558705;0,0120415329497633;6,9521822900016e-05;6,89929127511763e-05;0,173219224867176;0,186968985888998;0,194908090635442;0,203076557807928;0,220346879833738
"Sd_L1[22]";0,197650256673887;0,0122584451856565;7,07741662778505e-05;7,07760813953193e-05;0,174878438222902;0,189239732816341;0,197157706477655;0,205439162411032;0,223258604968931
"Sd_L1[23]";0,196289820940241;0,0130654898542621;7,54336408445257e-05;7,54304240836878e-05;0,172180624110168;0,187335276757828;0,195793787743297;0,204626019524059;0,223391127910239
"Sd_L1[24]";0,193751982281157;0,0130831304057667;7,55354886161237e-05;7,5078497629542e-05;0,169408010369785;0,1847342030707;0,193262048600069;0,202179808887096;0,220739959390659
"Sd_L1surv[1]";0,203486645835905;0,0125455873923189;7,24319825809729e-05;7,15186010400306e-05;0,179978069127111;0,195001673092481;0,203041387269035;0,211402289419692;0,230102975558901
"Sd_L1surv[2]";0,220915376662359;0,0131862793448692;7,61310192936986e-05;7,57881805139179e-05;0,197287374792312;0,211681605818934;0,220179018558347;0,229301058403841;0,248825658933931
"Sd_L1surv[3]";0,209822972145502;0,0123714207867641;7,14264312149641e-05;7,15097227254047e-05;0,187373892875027;0,201279183587148;0,209169610255627;0,217744084228553;0,235896970087425
"Sd_L1surv[4]";0,200055214326601;0,0123156572153794;7,11044800854647e-05;7,13125706352036e-05;0,177043459466092;0,1916345388582;0,199618103747881;0,207903976372592;0,225596621513435
"Sd_L1surv[5]";0,212255231983275;0,0129999921300361;7,50554895573938e-05;7,58349758446893e-05;0,188641226005356;0,203307743638518;0,211497775958136;0,220470441769388;0,239330352604248
"Sd_L1surv[6]";0,223888216283436;0,0133658082675733;7,71675300122035e-05;7,66015244667164e-05;0,19984469886033;0,214545055303437;0,223084507581001;0,232374202854891;0,252313459979451
"Sd_L1surv[7]";0,19037451230515;0,0118905319507072;6,86500182254864e-05;6,86488908240723e-05;0,1678860763586;0,182232266853819;0,19011153492739;0,198221341918734;0,214414767044013
"Sd_L1surv[8]";0,19276311573297;0,0119675499587142;6,90946819020393e-05;7,04043615614148e-05;0,170285056747376;0,184509887279839;0,192432608347975;0,200554167527081;0,217128981280011
"Sd_L1surv[9]";0,212242822378441;0,0125516028879307;7,24667130610807e-05;7,26065497122541e-05;0,189438586606882;0,203574289544077;0,211535330978585;0,220267282642876;0,238686116751258
"Sd_L1surv[10]";0,22629695896008;0,0136255349606851;7,8667062774042e-05;7,79968188431628e-05;0,201938684168715;0,216660888647182;0,225405597513168;0,235091507899993;0,255151150984942
"Sd_L1surv[11]";0,217866029290162;0,0128210519243639;7,40223777982567e-05;7,40187050553303e-05;0,194989254525387;0,208807003116693;0,217067047664971;0,226064954056575;0,245182888300755
"Sd_L1surv[12]";0,204158899162351;0,0121848750680207;7,03494090056373e-05;7,09428179184977e-05;0,181610691419718;0,195770704009915;0,203591911986279;0,212083947307878;0,229492056048182
"Sd_L1surv[13]";0,218938136144952;0,0130972092800273;7,56167730345664e-05;7,5892465493501e-05;0,195414991726893;0,209714253846999;0,218232039244206;0,227245846434924;0,246429655672565
"Sd_L1surv[14]";0,180978118813774;0,0120443780763111;6,95382492457985e-05;6,92290896170422e-05;0,158223616302332;0,172684720088264;0,180733422932629;0,188892175369699;0,20507826509154
"Sd_L1surv[15]";0,192667839598839;0,0116546977250938;6,72884286890662e-05;6,72170112352105e-05;0,170631996135397;0,184764221869038;0,192315623988897;0,200199600149219;0,216669846593069
"Sd_L1surv[16]";0,224460178305779;0,0133822060240312;7,72622025032546e-05;7,61747282549029e-05;0,200650403870847;0,215070221935498;0,223610118172165;0,233034559218819;0,252948448618569
"Sd_L1surv[17]";0,191673397134137;0,011790378218603;6,80717803835793e-05;6,8632051193403e-05;0,169498226808252;0,183626479629034;0,191441093443723;0,199409832772753;0,215620335167175
"Sd_L1surv[18]";0,173548151369282;0,0123283034964689;7,1177493423377e-05;7,19691410119662e-05;0,150195604656022;0,164903163566225;0,173295834629224;0,181930225066939;0,198295887250199
"Sd_L1surv[19]";0,194923308365842;0,0119252688441509;6,88505717732917e-05;7,03513448823013e-05;0,172618592301183;0,186775964773379;0,194506203825226;0,202715476327107;0,219269139603979
"Sd_L1surv[20]";0,181723689865718;0,011740864702628;6,77859139658123e-05;6,70216476194935e-05;0,159594296328527;0,173545761963158;0,181527819462259;0,189603343431727;0,205258656498676
"Sd_L1surv[21]";0,194693467605862;0,0116964652887244;6,75295738301213e-05;6,70212351423028e-05;0,172985765054826;0,186586530197767;0,194378769519108;0,202308790042047;0,218757689691488
"Sd_L1surv[22]";0,197006725289292;0,0118947352814777;6,86742861670049e-05;6,86760937223437e-05;0,174660673918802;0,188854125797999;0,196603796291283;0,204658910429812;0,221649104663252
"Sd_L1surv[23]";0,195361233017841;0,0125417088979632;7,24095900833696e-05;7,24063323139897e-05;0,171853685243898;0,186790741660309;0,195013876292088;0,203463218634879;0,22099821019717
"Sd_L1surv[24]";0,193010012958829;0,0126547105644187;7,30620055088394e-05;7,26236222089885e-05;0,169167540017849;0,18430355642168;0,192639584104205;0,201275035233292;0,218758492714195
"Sd_L2[1]";0,3457681237019;0,023896651490968;0,000137967381710411;0,000138136627614425;0,30395718817742;0,328975257281051;0,344123081255222;0,360741452899556;0,397217712202332
"Sd_L2[2]";0,299723819885094;0,0183076892348924;0,000105699493080052;0,0001053591785719;0,266719772471421;0,286870043677398;0,298759695447558;0,3114010338751;0,338798013389462
"Sd_L2[3]";0,280223968844958;0,0170431573325;9,83987147376001e-05;9,83511452091345e-05;0,248926799253411;0,268527701416456;0,279511828896177;0,291109200603889;0,315772480522729
"Sd_L2[4]";0,327595298741855;0,0224890534404787;0,000129840610576802;0,000130486434924882;0,287630331458476;0,312039068643003;0,326054901240972;0,341866137755976;0,376086627022882
"Sd_L2[5]";0,343946836501091;0,0244578720487883;0,000141207590111734;0,000140242685016671;0,301000743730977;0,326793000314808;0,342284716082728;0,359128359622073;0,397142622244406
"Sd_L2[6]";0,309024487971576;0,0196827652358414;0,000113638498073092;0,000115156089460003;0,273660045431215;0,295301341952441;0,307975327360711;0,32144217909648;0,350838856487585
"Sd_L2[7]";0,325223745519696;0,0198639717207641;0,000114684694201583;0,000114685418410691;0,290010030946983;0,311217277684402;0,324024338201557;0,337745811075585;0,368053423479403
"Sd_L2[8]";0,256328252245082;0,0158956802943677;9,17737529690544e-05;9,16555839892455e-05;0,22704863145421;0,245337084881615;0,255646086989238;0,26650078969452;0,289673754106158
"Sd_L2[9]";0,288824995386307;0,020108678830211;0,000116097511356701;0,000116103206627992;0,252448778110925;0,274884910491625;0,28780630961738;0,301628280537209;0,33167734104799
"Sd_L2[10]";0,291456092060822;0,0194971101676893;0,000112566618037352;0,000111579587927533;0,256435764437691;0,277929108497711;0,290367035096065;0,303819521140304;0,33311021276592
"Sd_L2[11]";0,294362707671604;0,0191665568943399;0,000110658167823854;0,000111797679482476;0,259402131908636;0,281096501096631;0,293372509119408;0,306602562883012;0,334887209404938
"Sd_L2[12]";0,281815929371194;0,017394835763428;0,000100429131105245;0,000100604802713544;0,250109697409094;0,26977417613498;0,281070723395423;0,293032815404652;0,317784082701195
"Sd_L2[13]";0,296839330841865;0,01906541921166;0,000110074249140649;0,000110600083027246;0,262652555585218;0,283652798048419;0,295673805682585;0,308839098763535;0,337732421892273
"Sd_L2[14]";0,247374764838881;0,0158073540030284;9,12638008882415e-05;9,10792705788688e-05;0,218074772630467;0,236360513746316;0,246801268296908;0,257827087058417;0,279830235178737
"Sd_L2[15]";0,254381058167188;0,0167610844202848;9,67701660196149e-05;9,65125907335067e-05;0,223257759650991;0,24290162366838;0,253756129665612;0,265284994145395;0,289221425202454
"Sd_L2[16]";0,279139970817404;0,0173733977744055;0,000100305358817914;9,90489412723801e-05;0,247378939051581;0,267174660873912;0,278315578413266;0,290252606040694;0,315447300867501
"Sd_L2[17]";0,266234819061162;0,0185552900795699;0,000107129017223312;0,000107459204303304;0,232287280687272;0,253369170212719;0,265320347659123;0,277977334537935;0,304882256060097
"Sd_L2[18]";0,270190279708666;0,0171027210245145;9,87426058737852e-05;9,93807703419167e-05;0,238869477865965;0,258366657571466;0,269575875252315;0,281324861061981;0,305785695397025
"Sd_L2[19]";0,254854615213427;0,016625329237525;9,59863831065119e-05;9,59191537356723e-05;0,22414959704451;0,243469659019941;0,254142770737641;0,265661006120509;0,289085255306122
"Sd_L2[20]";0,252266963905748;0,015897843778153;9,17862438485124e-05;9,19580552076697e-05;0,222961625443407;0,241399143191151;0,251654584119951;0,262642891916086;0,285394068918603
"Sd_L2[21]";0,266660894994428;0,0155197512838331;8,96033258147709e-05;8,79625872721719e-05;0,237904704591216;0,255957804879431;0,266204733267545;0,276697748051201;0,298824344279162
"Sd_L2[22]";0,264368622184741;0,0156396530192921;9,02955788072062e-05;8,98833129431476e-05;0,235594037380281;0,253515425963087;0,263829432859901;0,274570655277213;0,296467054510393
"Sd_L2[23]";0,282456363703556;0,0181786493666367;0,000104954481053315;0,000103541281397638;0,249571330157738;0,269722302662289;0,281564213902062;0,29412570176438;0,320803069609677
"Sd_L2[24]";0,288504928910819;0,0185594404696837;0,000107152979511807;0,000106997969157885;0,254812996648103;0,275565291585894;0,28743674832653;0,300386615404065;0,328130707538838
"Sd_L2m[1]";0,332383723319076;0,0191937593802399;0,000110815221449424;0,000110919204887381;0,297369080523008;0,31894031743569;0,331570991492173;0,344908327965096;0,372061655374674
"Sd_L2m[2]";0,293553814585617;0,0166295952241887;9,60110127919985e-05;9,60153958008598e-05;0,262989167805161;0,281896809993562;0,292890253446494;0,304425644495663;0,328414237972787
"Sd_L2m[3]";0,273905601171162;0,0156789581400135;9,05225070274965e-05;9,08715506930587e-05;0,244591256682199;0,263114855149312;0,273366030213513;0,284222634456975;0,306077752761546
"Sd_L2m[4]";0,314948717562115;0,0185471668377306;0,000107082117664686;0,00010752512122767;0,280606361811542;0,302125918496696;0,314113423855407;0,327151932946283;0,353244265478171
"Sd_L2m[5]";0,334103343502055;0,0209708183482579;0,000121075076184935;0,000120279216787755;0,295877999512892;0,319512848633121;0,333145433180505;0,347568479869341;0,378142695291844
"Sd_L2m[6]";0,301834159851051;0,0177365261382725;0,000102401881404205;0,000103763888347207;0,269063637308506;0,289523519034967;0,301073186789666;0,313342195094164;0,338809492216221
"Sd_L2m[7]";0,313154156612507;0,0168765615889906;9,743687376399e-05;9,74357695329788e-05;0,282304046598863;0,301296458931772;0,312469972503524;0,324052957497768;0,348380080395482
"Sd_L2m[8]";0,252805255371141;0,0151579923897534;8,7514709865984e-05;8,74271997442976e-05;0,224601350460543;0,242327500644058;0,252242516790479;0,262629037654601;0,284252212714957
"Sd_L2m[9]";0,282345934410804;0,0182950738844338;0,00010562665832022;0,000105630971242046;0,248552958884541;0,269767861457918;0,281693978226835;0,2941975691225;0,320235193875216
"Sd_L2m[10]";0,285572088248312;0,0177284613924901;0,00010235531957272;0,000102232586677165;0,253068508168026;0,273338147740638;0,284821855827807;0,297066716353018;0,32266831088181
"Sd_L2m[11]";0,286822580218357;0,0175555263630372;0,000101356878714651;0,000102459029394713;0,254287899059583;0,274687844155532;0,286085978060968;0,298174788341775;0,323403454966345
"Sd_L2m[12]";0,27321310554532;0,0159226486181887;9,19294546592309e-05;9,13859203679789e-05;0,243751346538632;0,262149045408716;0,272675902864739;0,283530233765746;0,305919672240823
"Sd_L2m[13]";0,289666678192072;0,0175625682934765;0,000101397535318998;0,000101896233048635;0,257520923494392;0,277538353521132;0,288726815988885;0,300847516590143;0,326948822750641
"Sd_L2m[14]";0,242585307103952;0,015002423885413;8,66165346874006e-05;8,64412075519668e-05;0,214651014639883;0,232143354288652;0,242084408884136;0,252509518954078;0,273226176189023
"Sd_L2m[15]";0,249691501130475;0,0157655790835439;9,10226132781437e-05;9,07497073341043e-05;0,219947500790237;0,238941872831688;0,249261441259318;0,259952540426027;0,282230148953951
"Sd_L2m[16]";0,272241027798458;0,0161138179025566;9,30331710371369e-05;9,18776327908648e-05;0,242505134161138;0,261116732787203;0,271555924852749;0,282808259909864;0,305474981589106
"Sd_L2m[17]";0,26052985438241;0,0173254969914006;0,000100028803518292;9,947781125478e-05;0,22847990466838;0,248490632212207;0,259787413862499;0,271571340957516;0,296283688411263
"Sd_L2m[18]";0,26451282875141;0,0158340938919901;9,14181837091428e-05;9,20106942320472e-05;0,235030101853286;0,253623760700692;0,264001602517412;0,27491269840112;0,297148903897279
"Sd_L2m[19]";0,250636492567709;0,0158223102339378;9,13501507276573e-05;9,13226556175263e-05;0,221321241810243;0,239767786905376;0,25003244900929;0,260984581726976;0,283049381979193
"Sd_L2m[20]";0,248279648012374;0,0151811044294759;8,76481472895374e-05;8,81188319103868e-05;0,220109720121468;0,237911826389563;0,247796461491218;0,258211851237381;0,279721939513486
"Sd_L2m[21]";0,262541265310744;0,0148428381954391;8,56951662767485e-05;8,48372058808453e-05;0,234963390909139;0,252329596704269;0,262155472454737;0,272191800607294;0,293164174798311
"Sd_L2m[22]";0,259457381598457;0,0148481667313181;8,57259305929898e-05;8,57294479298511e-05;0,231961912471;0,249171455850971;0,258980931973019;0,269204235314703;0,289657513735564
"Sd_L2m[23]";0,275681095988034;0,0168770850959599;9,74398962328865e-05;9,61199485656532e-05;0,244727022680624;0,263939834423228;0,275008538199153;0,286641120098531;0,311071224808385
"Sd_L2m[24]";0,283717748796413;0,0175320923877093;0,000101221582595013;0,000101057275048742;0,251603007990078;0,271543391793366;0,282852046863161;0,295022546576978;0,320707229199089
"Sd_L2nm[1]";0,331030827612418;0,0199459275487606;0,000115157866395137;0,000115208930308681;0,294791217296499;0,317016094873482;0,330125509586044;0,343990850550016;0,372615191913524
"Sd_L2nm[2]";0,288416103797104;0,0163181477308305;9,42128698507107e-05;9,42169544894418e-05;0,258860118229557;0,277019029131305;0,287641923297475;0,299011863950395;0,322798723498832
"Sd_L2nm[3]";0,271328892370417;0,0155167355844571;8,95859146663056e-05;8,96809273696585e-05;0,242515503875201;0,260616714513933;0,270730977264919;0,281406449721262;0,303240845992528
"Sd_L2nm[4]";0,313756176165396;0,019201094588341;0,000110857571293141;0,000110954681703939;0,278393620313613;0,300379445108777;0,312816725758089;0,326292142478728;0,353927588301144
"Sd_L2nm[5]";0,327203563187175;0,0196562846812721;0,000113485612520004;0,000112743939907531;0,290963491167173;0,313537525441189;0,326363779000728;0,339828075872313;0,3678538076881
"Sd_L2nm[6]";0,298397376404213;0,0174168064306723;0,000100555978811722;0,000102035887596509;0,266314307936695;0,286334114380607;0,297580505453643;0,309705157327939;0,334657054667673
"Sd_L2nm[7]";0,309722849535825;0,016917766302443;9,76747692880267e-05;9,76718113039959e-05;0,278990140757962;0,297858721687361;0,30894078712712;0,320665804065377;0,345069160544643
"Sd_L2nm[8]";0,250228152162593;0,0148378466538198;8,56663475977725e-05;8,5583653939374e-05;0,222620220451547;0,240020414691868;0,249630205578498;0,259821662255652;0,28112889384192
"Sd_L2nm[9]";0,278697609679976;0,0180614809374962;0,000104278008812267;0,000104282228239346;0,245539598597358;0,266222284915562;0,277947311602585;0,290292185866067;0,316596952045278
"Sd_L2nm[10]";0,282351072752364;0,0176404450010082;0,000101847156699569;0,000101063637453833;0,250174724489678;0,270214276146701;0,281484295502347;0,293668507037197;0,319731184018476
"Sd_L2nm[11]";0,284131766756638;0,0169928260923884;9,81081271873295e-05;9,92453485868962e-05;0,252505393076002;0,272435749593496;0,283452608999858;0,295156321343106;0,319414854848313
"Sd_L2nm[12]";0,270900132278984;0,0151419234158669;8,74219356019945e-05;8,76007294962641e-05;0,242554817613394;0,260417889404696;0,270494609683942;0,280820613232759;0,30158088084698
"Sd_L2nm[13]";0,283631085091681;0,0158773631927893;9,16679991337838e-05;9,21489404351807e-05;0,253999397706076;0,272786435866904;0,282992474263199;0,293909261799623;0,316628722559418
"Sd_L2nm[14]";0,240700402193326;0,0146470492810584;8,45647784525277e-05;8,43657203853766e-05;0,213355435622503;0,230475171481705;0,240253723669604;0,250424502240609;0,270579685389174
"Sd_L2nm[15]";0,246077282270397;0,0146646869964538;8,4666609849842e-05;8,4460359763084e-05;0,218073012369356;0,236147948142535;0,245851509953798;0,255801906256478;0,275831507870468
"Sd_L2nm[16]";0,268974977272267;0,0151237528818981;8,73170279752126e-05;8,61743248762588e-05;0,240701080356411;0,25856225913531;0,268513110836475;0,278979115562512;0,299574721809159
"Sd_L2nm[17]";0,256825524176353;0,0160423375399648;9,26204789712954e-05;9,20716935304776e-05;0,226685613801779;0,245708647485213;0,256360000239628;0,26726105998693;0,289397316199753
"Sd_L2nm[18]";0,258935871093945;0,0142199860123521;8,20991275210421e-05;8,25681474225884e-05;0,231857458905057;0,249276736220521;0,258704807340975;0,268414315204546;0,287603990790653
"Sd_L2nm[19]";0,247745264318809;0,0149770617493836;8,64701063267628e-05;8,6485111161657e-05;0,219665047712869;0,237485044534466;0,247268506660635;0,257645993791146;0,278078174058825
"Sd_L2nm[20]";0,244767756229639;0,0143361259064038;8,2769661511986e-05;8,29366913526872e-05;0,217775259393811;0,234945351221363;0,244368421771343;0,254240078703344;0,274117349920519
"Sd_L2nm[21]";0,258385426499679;0,0140371792853703;8,1043692390716e-05;8,02458469678911e-05;0,232067809422389;0,248768352957529;0,25806629222436;0,267545775306131;0,287184505982598
"Sd_L2nm[22]";0,257243406983867;0,014274471073711;8,24136971694656e-05;8,24178528201505e-05;0,230570601109623;0,247368009978203;0,256856019902236;0,266649612127049;0,286137192260862
"Sd_L2nm[23]";0,271871509762968;0,0155944191558131;9,00344209746457e-05;8,87215521713294e-05;0,242817951446927;0,261063245194502;0,271467671306203;0,282096041425009;0,303987459517069
"Sd_L2nm[24]";0,279463347752391;0,0162584380971547;9,38681361199515e-05;9,33090505423533e-05;0,249106365891153;0,2681553044489;0,278818761663102;0,290172823345319;0,313040614549525
