"Parameter";"Mean";"SD";"Naive SE";"Time-series SE";"2.5%";"25%";"50%";"75%";"97.5%"
"Alpha1[1]";-0,957762586050253;0,199595384188208;0,00115236448790068;0,00117943470859865;-1,32997116791314;-1,09491592936691;-0,962819399782201;-0,826985038628159;-0,551878009523162
"Alpha1[2]";-2,25212262968257;0,0607521326585821;0,000350752601442762;0,0003489386179353;-2,36935923859216;-2,29346775470219;-2,25224345109847;-2,21098611007417;-2,13175171533998
"Alpha1[3]";-2,31319430335535;0,115288110890406;0,000665616218569392;0,000664012959154718;-2,53864389753943;-2,39101718328198;-2,31354042373195;-2,23523973399427;-2,084685815655
"Alpha1[4]";-1,53596031702352;0,161827957410827;0,000934314147735484;0,00093019217560995;-1,84666044818241;-1,64579251452743;-1,53790136604873;-1,42907175246625;-1,20806323644787
"Alpha1[5]";-1,74350588305572;0,116206947691628;0,000670921125314659;0,000671641534227804;-1,96819398575881;-1,82188532351652;-1,74412469508072;-1,66644357207695;-1,51244904857885
"Alpha1[6]";-2,50275725612886;0,0893567829913182;0,000515901627139565;0,00051471882557429;-2,67828507044912;-2,56318623037588;-2,50324255415966;-2,44273712801807;-2,32715106750616
"Alpha1[7]";-0,804859454345393;0,138854850330518;0,000801678852166099;0,000801700016966902;-1,06836716931347;-0,899823151393034;-0,807177346349691;-0,713890786751516;-0,523558557282038
"Alpha1[8]";-1,60758318251993;0,0480331985447809;0,00027731980109868;0,000275548270646891;-1,70139249289289;-1,63988320364551;-1,60787394005519;-1,57521761581918;-1,51310833082309
"Alpha1[9]";-2,1993184631479;0,0565047466635137;0,000326230306966713;0,000326090577316971;-2,30747704312337;-2,23824164795104;-2,19979165275059;-2,16215935176406;-2,08753668623919
"Alpha1[10]";-1,94326532993057;0,0541099308485569;0,000312403831412464;0,000315181095245169;-2,04891516361853;-1,97996810238631;-1,94356210345873;-1,9063860687636;-1,8366135674162
"Alpha1[11]";-2,09760993263344;0,091054948321335;0,000525705989243702;0,000524577419732469;-2,2748081893462;-2,1591854913589;-2,09804595421078;-2,03682626845099;-1,91779874342154
"Alpha1[12]";-2,45287394372463;0,0843173546372196;0,000486806473971559;0,000489214779777358;-2,61896847414156;-2,50987567471387;-2,45320225430886;-2,39608903604016;-2,28731033176429
"Alpha1[13]";-2,99216451953469;0,100540580785432;0,000580471313809508;0,000573058810075962;-3,18921825766375;-3,05916316656631;-2,991893577863;-2,92540418318341;-2,79371895755704
"Alpha1[14]";-2,18650287060137;0,0672773982619348;0,000388426239969057;0,000392941669889885;-2,31833404025565;-2,23166755042279;-2,18661479085433;-2,1414925574656;-2,0555825803554
"Alpha1[15]";-2,53189998689899;0,0788693029114969;0,000455352132667509;0,000460931466460484;-2,68460904766205;-2,58526039926293;-2,53281692939686;-2,47904188853299;-2,37472594333112
"Alpha1[16]";-2,42316394170712;0,119683539836521;0,000690993239421828;0,000713518951151755;-2,6577515190802;-2,5028221595167;-2,42294667107659;-2,34221640259881;-2,18939702703063
"Alpha1[17]";-1,96115820832673;0,121690524738739;0,000702580572157377;0,000703314916081939;-2,1952230059331;-2,04337686060824;-1,96344213848634;-1,87867599516482;-1,72123421415511
"Alpha1[18]";-1,86067937016001;0,169724812346899;0,000979906660966406;0,000987634962230532;-2,1879641798579;-1,97558144063615;-1,86286969831549;-1,74761944569267;-1,522345223895
"Alpha1[19]";-2,28173785075257;0,0814284915411738;0,000470127615110019;0,00046544304418043;-2,43998288441128;-2,33706037954375;-2,28204398448756;-2,22719455177521;-2,1216212580895
"Alpha1[20]";-1,68454650189725;0,104590269646411;0,000603852203349708;0,000603858301907533;-1,88687016663738;-1,75553481939919;-1,68585586000602;-1,61340368774174;-1,47887812405063
"Alpha1[21]";-1,68540475401036;0,0650276475462164;0,000375437298155761;0,00037994770400815;-1,81043451778456;-1,72970796022949;-1,68649758124628;-1,64188192411366;-1,55526230780643
"Alpha1[22]";-2,45127128844207;0,113143680338102;0,000653235343003083;0,000657087634382437;-2,67098392476229;-2,52752811239189;-2,45140449846731;-2,37436656160681;-2,22869538843706
"Alpha1[23]";-2,47095280730757;0,138591113084843;0,000800156164468238;0,000804087286485275;-2,73973622125107;-2,56531975535835;-2,47224029076651;-2,3782967605748;-2,19610954518186
"Alpha1[24]";-1,93229888575458;0,103987789666374;0,000600373783563155;0,000594305202415796;-2,1337214026419;-2,00295808116378;-1,93381943594972;-1,86258876815013;-1,72606581829046
"Alpha2[1, 1]";1,57714622023178;0,266083033871415;0,00153623111232454;0,00153014761562959;1,06906926147877;1,39360415415281;1,57333075076696;1,75532708474118;2,10499248659611
"Alpha2[2, 1]";0,537229802855007;0,208416687358723;0,00120329430550169;0,00121204923962418;0,119816330597516;0,397653317624946;0,540709767455227;0,678288612168588;0,936133570243866
"Alpha2[3, 1]";0,889266863413256;0,238171574119464;0,00137508422431189;0,0013661136632241;0,423322783722107;0,728884569434233;0,888777332324487;1,04889407390256;1,35845222542962
"Alpha2[4, 1]";1,28305304106482;0,266463934709007;0,00153843024433572;0,0014899904348418;0,773287548201098;1,1026239993677;1,2765121593578;1,4562004930535;1,8278295671618
"Alpha2[5, 1]";1,31666190983254;0,284250153582647;0,00164111902688134;0,00163702693804041;0,766668563402233;1,12707250093234;1,31370326102072;1,50356620321542;1,88771722481648
"Alpha2[6, 1]";1,40955982900729;0,196162272633394;0,00113254340909739;0,00113715551048469;1,03299999311284;1,2766959922162;1,40580924594743;1,53991870604698;1,80164413444977
"Alpha2[7, 1]";0,556956674356618;0,187341921066445;0,00108161908558214;0,00108472813617239;0,185503855281367;0,431742161300729;0,557398409025036;0,683738323390065;0,921160669134544
"Alpha2[8, 1]";1,234891099627;0,147660520906393;0,000852518414939864;0,000849573426559242;0,946162142885673;1,13478272906688;1,23484445198438;1,33250929908267;1,52893974053412
"Alpha2[9, 1]";0,447942940504418;0,184936061867524;0,00106772885102084;0,00106770596874965;0,0850648256456946;0,32278231919436;0,447312162415062;0,573116587476044;0,808216556371402
"Alpha2[10, 1]";1,24066953078011;0,166692204485992;0,000962397891317996;0,000955562662151668;0,91464111441474;1,12762100883495;1,23978636821554;1,35278625803456;1,56770825272024
"Alpha2[11, 1]";1,03329371201386;0,225004317775028;0,00129906303436241;0,00130246901306053;0,610402492077824;0,880991384566658;1,02663760892079;1,17738179454414;1,49481353952094
"Alpha2[12, 1]";0,409752065651758;0,199880313763603;0,00115400952957123;0,00116070662393062;0,0177853642696723;0,27680466990767;0,409667832266247;0,54561125147486;0,800926734237598
"Alpha2[13, 1]";0,517734194538612;0,217215124314339;0,00125409210494942;0,00127158350445194;0,088708774446455;0,374456402097646;0,518493414826267;0,662051084818748;0,942969711906687
"Alpha2[14, 1]";0,523559118762093;0,15299036903813;0,000883290307475845;0,000880163199168014;0,221280836055228;0,420997253795251;0,525622960127471;0,626189046695636;0,82147280364089
"Alpha2[15, 1]";-0,0861601404792142;0,225714353316435;0,00130316242647206;0,0013032460756592;-0,538691104717871;-0,235174235805539;-0,0825093124227691;0,0655439213372471;0,346031910779598
"Alpha2[16, 1]";0,599602111317833;0,227385125993785;0,00131280863702229;0,00131883478825673;0,150847590106805;0,447932853489632;0,599074197988932;0,751369031287581;1,04601451353639
"Alpha2[17, 1]";0,740769929315894;0,168377447802407;0,000972127648141819;0,000972071700218317;0,412894117848795;0,627134640354551;0,74013283162086;0,854234186215998;1,07377965049581
"Alpha2[18, 1]";0,478538088753763;0,167504966001154;0,000967090372113656;0,000966068467648548;0,146075664075263;0,365796110752228;0,480515088843487;0,592075844003497;0,803079591100999
"Alpha2[19, 1]";1,10500561531673;0,177413863373803;0,00102429941776837;0,00103512764472949;0,760718382203319;0,984766953607827;1,10428800049333;1,22450910381625;1,45189454317864
"Alpha2[20, 1]";0,565805368231364;0,15678557765171;0,000905201954622657;0,00090996470677511;0,250182708046416;0,461747489559035;0,567330955702525;0,67201251933221;0,868230344536947
"Alpha2[21, 1]";0,802727576964822;0,201206296665859;0,00116166509542682;0,00115914457376069;0,410615345188826;0,666818240174217;0,803368728214939;0,937798820282375;1,19554444409041
"Alpha2[22, 1]";1,13283095608278;0,280400258243553;0,00161889164577756;0,00160119761582261;0,60809827797091;0,942292075857467;1,12540893414724;1,31312113755139;1,71378595973985
"Alpha2[23, 1]";0,830887262878565;0,356493510304145;0,00205821624138453;0,0020582987611304;0,14205808015032;0,596458378717072;0,823659757150238;1,06150500738422;1,54028550691243
"Alpha2[24, 1]";1,28729867790177;0,331985983854249;0,00191672197145433;0,00191677840138264;0,683183721146755;1,06160199611964;1,27016844323972;1,49471909738566;1,99342358793254
"Alpha2[1, 2]";3,54148907280172;0,544463740228044;0,00314346286984652;0,00314051476817638;2,59825984811195;3,16282567401624;3,49767695294593;3,87084671282941;4,72822612389069
"Alpha2[2, 2]";3,31299858593086;0,538205878760713;0,00310733308981937;0,00302927647257064;2,38157090892095;2,93823341173715;3,2644354788026;3,63842385675635;4,50896074434486
"Alpha2[3, 2]";2,61333346444246;0,532042230631157;0,00307174725075147;0,00307188088462984;1,62730772954351;2,25047175444999;2,59179678388476;2,94736368417028;3,73652199003326
"Alpha2[4, 2]";2,65878622976442;0,607806480851368;0,00350917235334737;0,00354595974194848;1,55828333488763;2,23975692378986;2,62515988320155;3,03442304738173;3,95832670864199
"Alpha2[5, 2]";3,48077319330133;0,621404990768681;0,00358768338696075;0,0035875799481579;2,4393400369133;3,04770978557699;3,41583769710659;3,8451396355716;4,88203725113158
"Alpha2[6, 2]";3,21868262989167;0,485035925034891;0,00280035621885533;0,00278950932029857;2,36723704271983;2,8827959256764;3,1844780792146;3,51570192639983;4,27337286118522
"Alpha2[7, 2]";2,56471129373463;0,532199268256251;0,00307265390790268;0,00307764814009745;1,59253460327742;2,19633201516545;2,54050317813267;2,90472475673987;3,68042744003578
"Alpha2[8, 2]";3,31902592462325;0,42152799758211;0,00243369302874995;0,00247274430694202;2,57906469262499;3,02631272224988;3,2893478090154;3,58139062290312;4,2334855510907
"Alpha2[9, 2]";2,61322236097856;0,414201886364714;0,00239139570591518;0,00240351814795797;1,85325215339526;2,32566145725345;2,59324724339787;2,87796239165442;3,48328043719796
"Alpha2[10, 2]";3,43778836725306;0,428749985266706;0,00247538919408781;0,00245977924697432;2,67880170230273;3,13926275954866;3,40891749343954;3,70585078051521;4,36245390395547
"Alpha2[11, 2]";2,092312121109;0,403118669577855;0,00232740672396138;0,0023353086434677;1,35535771385252;1,81492212051978;2,07112045757557;2,35157928542532;2,94209802857302
"Alpha2[12, 2]";1,35687189466201;0,349959161980523;0,00202049016374831;0,00200502328522776;0,706104333729491;1,11476365125068;1,34419238646054;1,58391153381107;2,07836808370491
"Alpha2[13, 2]";2,67527783255961;0,520219492528214;0,00300348864048855;0,00300369102509637;1,72808962737853;2,31527636267212;2,64398235597038;3,00677008440856;3,7710371218692
"Alpha2[14, 2]";2,05916154790651;0,330585430285672;0,00190863587165601;0,00192711588821584;1,44531785419311;1,83169163079018;2,04692700225486;2,27349063844386;2,74526282514841
"Alpha2[15, 2]";2,1319302164359;0,392726118570626;0,00226740530274548;0,00225996943514397;1,40052695950378;1,86152280057046;2,11875311433031;2,3867550361554;2,94815789719438
"Alpha2[16, 2]";1,97655841060557;0,381607614755699;0,00220321259104014;0,0021853409070278;1,2577592710148;1,71448275091802;1,96657547955413;2,22893096083352;2,74823043678013
"Alpha2[17, 2]";2,38216136595971;0,399733390401544;0,00230786180552413;0,00229596853618145;1,64623133662793;2,10468593128187;2,36540084694612;2,63956345526685;3,2130576097117
"Alpha2[18, 2]";2,67933396293749;0,366049090274842;0,00211338540806797;0,00212444943796735;2,00639415723885;2,42584000322707;2,66454750297553;2,91398471442754;3,44503082958815
"Alpha2[19, 2]";2,85663722110098;0,386024720035102;0,00222871476026116;0,00223655523564528;2,15484985583834;2,58698207661661;2,83548504666733;3,10210791507257;3,67220777725941
"Alpha2[20, 2]";2,79053480971794;0,408835603978069;0,00236041346011041;0,0023060131209519;2,05014956887248;2,50765336762137;2,77101368022752;3,0473326806188;3,66654893359811
"Alpha2[21, 2]";3,21979089534649;0,444439531917857;0,00256597283391286;0,00255730183054847;2,42808485223597;2,91179761038363;3,1917156249587;3,49775017291196;4,16764509462402
"Alpha2[22, 2]";2,18705317254634;0,426048398311282;0,00245979157452828;0,00248806962001335;1,40756523868691;1,89372043521362;2,16894780633903;2,45981186736573;3,08032088950422
"Alpha2[23, 2]";2,18475827749152;0,58329198376294;0,00336763783841684;0,00341238717879793;1,08154310789898;1,78457583060193;2,17069378088819;2,56481316128172;3,37685154168549
"Alpha2[24, 2]";2,79026345219887;0,517153815753896;0,00298578894737954;0,00300897506640847;1,89467499169459;2,42965091007055;2,74422872450337;3,10498082743229;3,91714888426665
"Gamma1[1, 1]";0,509479637107661;0,049252323211584;0,000284358420644225;0,000282485350850794;0,41355416775069;0,476288437017901;0,509429130416632;0,543000123931458;0,604914026449609
"Gamma1[2, 1]";0,465014879292477;0,039906660667984;0,000230401212791196;0,000231400629016253;0,387032023780204;0,438169670154864;0,464700073285236;0,492159901306319;0,543348242829995
"Gamma1[3, 1]";0,617013457415609;0,0347235250228707;0,000200476365191671;0,000200558940609469;0,547545858684623;0,593831766243954;0,617283467466766;0,640802489269296;0,683601463771557
"Gamma1[4, 1]";0,660689034403249;0,0460638529062649;0,000265949778753434;0,000263623435949617;0,567490757384741;0,629600817251909;0,662039260703773;0,692693684345402;0,747373143564996
"Gamma1[5, 1]";0,46368938556191;0,0542328343747381;0,000313113415251714;0,000314611079061759;0,359341923499619;0,426878246526071;0,463186303065772;0,499846898342142;0,57103188674965
"Gamma1[6, 1]";0,57824041374823;0,0305578582422814;0,000176425876820396;0,000177055409235657;0,518309978961783;0,557503052767328;0,578369772523357;0,599023187513062;0,637704885720246
"Gamma1[7, 1]";0,657430641761335;0,0439177779304847;0,000253559409103755;0,000251837431814483;0,569562524696739;0,627896144428369;0,658196615755917;0,687827630099248;0,741003802066641
"Gamma1[8, 1]";0,520057921774555;0,0326920136478204;0,0001887474287992;0,000187781553138538;0,456451849671529;0,497799762920555;0,520083501244621;0,541991983984771;0,583823793281717
"Gamma1[9, 1]";0,501438239548039;0,0329630149508881;0,000190312055551969;0,000190227147241628;0,436820824203961;0,478922882177149;0,501642805647952;0,523881746378381;0,565690496432657
"Gamma1[10, 1]";0,516746923516287;0,0316337279017577;0,000182637413195512;0,000182704171401519;0,454897110446232;0,495257306241644;0,516721515331481;0,538215456853655;0,579367281043696
"Gamma1[11, 1]";0,542767965884992;0,0390022989857875;0,000225179878184587;0,000224625412066834;0,465620398270652;0,516526951723097;0,542963729794466;0,568875214345649;0,618094484212764
"Gamma1[12, 1]";0,600240557839996;0,0379279455234347;0,000218977095577645;0,000218986180402565;0,524904774306601;0,574912782234597;0,600760093871412;0,625986890381742;0,673204841328428
"Gamma1[13, 1]";0,56989117633453;0,0417706191916713;0,000241162782345288;0,000241173112441516;0,487620747041697;0,541859601675657;0,570387680234419;0,598480102561233;0,650873393361187
"Gamma1[14, 1]";0,597252408485286;0,0360902847715778;0,000208367356280007;0,000208950703175261;0,52608432363912;0,57292837920801;0,597222324727479;0,62196731043181;0,667420161143618
"Gamma1[15, 1]";0,539263792015086;0,0374283224246552;0,000216092520271908;0,000212984055815099;0,465834664048852;0,514142404957887;0,539200795646785;0,564591045264787;0,61186537033035
"Gamma1[16, 1]";0,553158436494104;0,0439973131575682;0,000254018605951423;0,000252296578336416;0,467187663492371;0,523629005711463;0,553273431147056;0,58340419725125;0,639186242668773
"Gamma1[17, 1]";0,578749033283454;0,0341478574894215;0,000197152747137665;0,000197157097324174;0,511617963699191;0,556094846128357;0,578903907137112;0,601837303974355;0,645675469867756
"Gamma1[18, 1]";0,563172134186317;0,0373078705584955;0,000215397091098391;0,000214746457558082;0,489960564684743;0,538013497796292;0,563282916970081;0,588211680123704;0,636034346127255
"Gamma1[19, 1]";0,571124695552373;0,0325062098836937;0,00018767469026685;0,000189261579339884;0,507310458547109;0,549212600837534;0,571427128606252;0,593071649190957;0,634014366941842
"Gamma1[20, 1]";0,551071587386627;0,0371124718609889;0,000214268956192344;0,000212532715673947;0,477772912693537;0,525982874055846;0,551412256437706;0,576190700318212;0,623515572817855
"Gamma1[21, 1]";0,537803171798437;0,037453451766256;0,000216237604593286;0,000214746686867015;0,464280687389264;0,51242271924259;0,53796393060837;0,563428878837374;0,611276317005986
"Gamma1[22, 1]";0,460384943067887;0,0497124517120773;0,000287014973780441;0,000292143388006171;0,365351330927909;0,426110503831892;0,460022061673724;0,494132319225155;0,558797935829685
"Gamma1[23, 1]";0,514484348900583;0,042230875254836;0,000243820071964931;0,000241793411286733;0,432770196875586;0,485605368639555;0,514317691554712;0,543301695083319;0,597712958117972
"Gamma1[24, 1]";0,356476434152383;0,0423581742186088;0,000244555032874949;0,000243761067921544;0,276455750353002;0,327074309399546;0,355462397580461;0,384769894360681;0,440957808166694
"Gamma1[1, 2]";0,490520362892339;0,049252323211584;0,000284358420644225;0,000282485350850794;0,395085973550391;0,456999876068542;0,490570869583368;0,5237115629821;0,58644583224931
"Gamma1[2, 2]";0,534985120707523;0,039906660667984;0,000230401212791196;0,000231400629016253;0,456651757170005;0,507840098693681;0,535299926714764;0,561830329845136;0,612967976219796
"Gamma1[3, 2]";0,382986542584391;0,0347235250228707;0,000200476365191671;0,000200558940609469;0,316398536228443;0,359197510730704;0,382716532533234;0,406168233756046;0,452454141315377
"Gamma1[4, 2]";0,339310965596751;0,0460638529062649;0,000265949778753434;0,000263623435949617;0,252626856435004;0,307306315654598;0,337960739296227;0,370399182748091;0,432509242615259
"Gamma1[5, 2]";0,53631061443809;0,0542328343747381;0,000313113415251714;0,00031461107906176;0,42896811325035;0,500153101657858;0,536813696934228;0,573121753473929;0,640658076500381
"Gamma1[6, 2]";0,42175958625177;0,0305578582422814;0,000176425876820396;0,000177055409235657;0,362295114279754;0,400976812486938;0,421630227476643;0,442496947232672;0,481690021038217
"Gamma1[7, 2]";0,342569358238665;0,0439177779304847;0,000253559409103755;0,000251837431814483;0,258996197933359;0,312172369900752;0,341803384244083;0,372103855571631;0,430437475303261
"Gamma1[8, 2]";0,479942078225445;0,0326920136478204;0,0001887474287992;0,000187781553138538;0,416176206718283;0,458008016015229;0,479916498755379;0,502200237079445;0,543548150328471
"Gamma1[9, 2]";0,498561760451961;0,0329630149508881;0,000190312055551969;0,000190227147241628;0,434309503567343;0,476118253621619;0,498357194352048;0,521077117822851;0,563179175796039
"Gamma1[10, 2]";0,483253076483713;0,0316337279017577;0,000182637413195512;0,000182704171401519;0,420632718956304;0,461784543146345;0,483278484668519;0,504742693758356;0,545102889553768
"Gamma1[11, 2]";0,457232034115008;0,0390022989857875;0,000225179878184587;0,000224625412066834;0,381905515787236;0,431124785654351;0,457036270205534;0,483473048276903;0,534379601729348
"Gamma1[12, 2]";0,399759442160004;0,0379279455234347;0,000218977095577645;0,000218986180402565;0,326795158671572;0,374013109618258;0,399239906128588;0,425087217765403;0,475095225693399
"Gamma1[13, 2]";0,43010882366547;0,0417706191916713;0,000241162782345288;0,000241173112441516;0,349126606638813;0,401519897438767;0,429612319765581;0,458140398324343;0,512379252958303
"Gamma1[14, 2]";0,402747591514714;0,0360902847715778;0,000208367356280007;0,000208950703175261;0,332579838856382;0,37803268956819;0,402777675272521;0,42707162079199;0,47391567636088
"Gamma1[15, 2]";0,460736207984914;0,0374283224246552;0,000216092520271908;0,000212984055815099;0,38813462966965;0,435408954735213;0,460799204353215;0,485857595042113;0,534165335951148
"Gamma1[16, 2]";0,446841563505896;0,0439973131575682;0,000254018605951423;0,000252296578336416;0,360813757331227;0,41659580274875;0,446726568852944;0,476370994288537;0,532812336507629
"Gamma1[17, 2]";0,421250966716546;0,0341478574894215;0,000197152747137665;0,000197157097324174;0,354324530132244;0,398162696025645;0,421096092862887;0,443905153871643;0,488382036300809
"Gamma1[18, 2]";0,436827865813683;0,0373078705584955;0,000215397091098391;0,000214746457558082;0,363965653872745;0,411788319876296;0,436717083029919;0,461986502203708;0,510039435315256
"Gamma1[19, 2]";0,428875304447627;0,0325062098836937;0,00018767469026685;0,000189261579339884;0,365985633058158;0,406928350809043;0,428572871393748;0,450787399162466;0,492689541452891
"Gamma1[20, 2]";0,448928412613373;0,0371124718609889;0,000214268956192344;0,000212532715673947;0,376484427182145;0,423809299681788;0,448587743562294;0,474017125944154;0,522227087306463
"Gamma1[21, 2]";0,462196828201563;0,037453451766256;0,000216237604593286;0,000214746686867015;0,388723682994014;0,436571121162626;0,46203606939163;0,48757728075741;0,535719312610736
"Gamma1[22, 2]";0,539615056932113;0,0497124517120773;0,000287014973780441;0,000292143388006171;0,441202064170315;0,505867680774845;0,539977938326276;0,573889496168108;0,63464866907209
"Gamma1[23, 2]";0,485515651099417;0,042230875254836;0,000243820071964931;0,000241793411286733;0,402287041882028;0,456698304916681;0,485682308445288;0,514394631360445;0,567229803124414
"Gamma1[24, 2]";0,643523565847617;0,0423581742186088;0,000244555032874949;0,000243761067921544;0,559042191833306;0,615230105639319;0,644537602419539;0,672925690600454;0,723544249646998
"Gamma1_F[1]";0,509479637107661;0,049252323211584;0,000284358420644225;0,000282485350850794;0,41355416775069;0,476288437017901;0,509429130416632;0,543000123931458;0,604914026449609
"Gamma1_F[2]";0,465014879292477;0,039906660667984;0,000230401212791196;0,000231400629016253;0,387032023780204;0,438169670154864;0,464700073285236;0,492159901306319;0,543348242829995
"Gamma1_F[3]";0,617013457415609;0,0347235250228707;0,000200476365191671;0,000200558940609469;0,547545858684623;0,593831766243954;0,617283467466766;0,640802489269296;0,683601463771557
"Gamma1_F[4]";0,660689034403249;0,0460638529062649;0,000265949778753434;0,000263623435949617;0,567490757384741;0,629600817251909;0,662039260703773;0,692693684345402;0,747373143564996
"Gamma1_F[5]";0,46368938556191;0,0542328343747381;0,000313113415251714;0,000314611079061759;0,359341923499619;0,426878246526071;0,463186303065772;0,499846898342142;0,57103188674965
"Gamma1_F[6]";0,57824041374823;0,0305578582422814;0,000176425876820396;0,000177055409235657;0,518309978961783;0,557503052767328;0,578369772523357;0,599023187513062;0,637704885720246
"Gamma1_F[7]";0,657430641761335;0,0439177779304847;0,000253559409103755;0,000251837431814483;0,569562524696739;0,627896144428369;0,658196615755917;0,687827630099248;0,741003802066641
"Gamma1_F[8]";0,520057921774555;0,0326920136478204;0,0001887474287992;0,000187781553138538;0,456451849671529;0,497799762920555;0,520083501244621;0,541991983984771;0,583823793281717
"Gamma1_F[9]";0,501438239548039;0,0329630149508881;0,000190312055551969;0,000190227147241628;0,436820824203961;0,478922882177149;0,501642805647952;0,523881746378381;0,565690496432657
"Gamma1_F[10]";0,516746923516287;0,0316337279017577;0,000182637413195512;0,000182704171401519;0,454897110446232;0,495257306241644;0,516721515331481;0,538215456853655;0,579367281043696
"Gamma1_F[11]";0,542767965884992;0,0390022989857875;0,000225179878184587;0,000224625412066834;0,465620398270652;0,516526951723097;0,542963729794466;0,568875214345649;0,618094484212764
"Gamma1_F[12]";0,600240557839996;0,0379279455234347;0,000218977095577645;0,000218986180402565;0,524904774306601;0,574912782234597;0,600760093871412;0,625986890381742;0,673204841328428
"Gamma1_F[13]";0,56989117633453;0,0417706191916713;0,000241162782345288;0,000241173112441516;0,487620747041697;0,541859601675657;0,570387680234419;0,598480102561233;0,650873393361187
"Gamma1_F[14]";0,597252408485286;0,0360902847715778;0,000208367356280007;0,000208950703175261;0,52608432363912;0,57292837920801;0,597222324727479;0,62196731043181;0,667420161143618
"Gamma1_F[15]";0,539263792015086;0,0374283224246552;0,000216092520271908;0,000212984055815099;0,465834664048852;0,514142404957887;0,539200795646785;0,564591045264787;0,61186537033035
"Gamma1_F[16]";0,553158436494104;0,0439973131575682;0,000254018605951423;0,000252296578336416;0,467187663492371;0,523629005711463;0,553273431147056;0,58340419725125;0,639186242668773
"Gamma1_F[17]";0,578749033283454;0,0341478574894215;0,000197152747137665;0,000197157097324174;0,511617963699191;0,556094846128357;0,578903907137112;0,601837303974355;0,645675469867756
"Gamma1_F[18]";0,563172134186317;0,0373078705584955;0,000215397091098391;0,000214746457558082;0,489960564684743;0,538013497796292;0,563282916970081;0,588211680123704;0,636034346127255
"Gamma1_F[19]";0,571124695552373;0,0325062098836937;0,00018767469026685;0,000189261579339884;0,507310458547109;0,549212600837534;0,571427128606252;0,593071649190957;0,634014366941842
"Gamma1_F[20]";0,551071587386627;0,0371124718609889;0,000214268956192344;0,000212532715673947;0,477772912693537;0,525982874055846;0,551412256437706;0,576190700318212;0,623515572817855
"Gamma1_F[21]";0,537803171798437;0,037453451766256;0,000216237604593286;0,000214746686867015;0,464280687389264;0,51242271924259;0,53796393060837;0,563428878837374;0,611276317005986
"Gamma1_F[22]";0,460384943067887;0,0497124517120773;0,000287014973780441;0,000292143388006171;0,365351330927909;0,426110503831892;0,460022061673724;0,494132319225155;0,558797935829685
"Gamma1_F[23]";0,514484348900583;0,042230875254836;0,000243820071964931;0,000241793411286733;0,432770196875586;0,485605368639555;0,514317691554712;0,543301695083319;0,597712958117972
"Gamma1_F[24]";0,356476434152383;0,0423581742186088;0,000244555032874949;0,000243761067921544;0,276455750353002;0,327074309399546;0,355462397580461;0,384769894360681;0,440957808166694
"Gamma3[1, 1]";0,469898991215303;0,0534257859109933;0,000308453918773793;0,000305305191870294;0,365906078208783;0,433469336719934;0,469704035252297;0,505871949898067;0,574687788940279
"Gamma3[2, 1]";0,363432883111235;0,0450513885086644;0,000260104312828438;0,000261406422600356;0,277409454698161;0,332572825903883;0,362829481976587;0,393552150604335;0,453377137630645
"Gamma3[3, 1]";0,551690297283823;0,0431415262757932;0,000249077718085805;0,000248873281867725;0,466036377150959;0,522611409156059;0,552374892112314;0,580855406077259;0,63472013579966
"Gamma3[4, 1]";0,621430021865719;0,0514156550721435;0,00029684842296463;0,000296615802027815;0,518289933103469;0,587069200522182;0,6224693413027;0,657057571925882;0,718908411953791
"Gamma3[5, 1]";0,413255229110305;0,0586074819495233;0,000338370454800834;0,000339858599953134;0,301309694801433;0,373247301138543;0,412407195588962;0,452275295800392;0,530403888214235
"Gamma3[6, 1]";0,534449942451308;0,0354829490855347;0,000204860902061753;0,000204484320793656;0,464599809193343;0,510496926412547;0,534661725185913;0,558413311612206;0,602767370905946
"Gamma3[7, 1]";0,569777437705668;0,0544520905004521;0,000314379291083739;0,00031355946717488;0,461239066170246;0,532821456348775;0,57028406837671;0,607242471235854;0,675075686893567
"Gamma3[8, 1]";0,465713678982768;0,0365171780156134;0,000210832025573599;0,000209720665141225;0,39506849174406;0,440706414575239;0,465757080296825;0,490238534115215;0,537832205478028
"Gamma3[9, 1]";0,398050976621124;0,0380593265079977;0,000219735624045683;0,000218463877351565;0,325299659049842;0,371903783291177;0,397597295822489;0,423722982677178;0,474119801527769
"Gamma3[10, 1]";0,461570619100055;0,0350069647305296;0,00020211280510683;0,000201152219917883;0,393048298835906;0,437920940339629;0,461551111902091;0,48537361565341;0,530957588398
"Gamma3[11, 1]";0,496891934487709;0,0430467683876051;0,000248530633163273;0,000250300046944676;0,41283972698882;0,467746011466723;0,496596449416652;0,526280134486762;0,581147009856658
"Gamma3[12, 1]";0,533150160974173;0,0480204123464564;0,000277245979948234;0,000273163802908184;0,438920666326815;0,500828982776919;0,53328159964242;0,565832867604703;0,626287112267128
"Gamma3[13, 1]";0,471644129359797;0,0501821450061543;0,00028972674927816;0,000289740818831243;0,373262813419183;0,437813201145165;0,47141252319521;0,505655040545272;0,570805380345178
"Gamma3[14, 1]";0,513325120382185;0,0462211013064684;0,000266857652815305;0,000267341749428812;0,422614662683766;0,482075199157752;0,513521110558524;0,54470816083779;0,602773150863924
"Gamma3[15, 1]";0,386728910773001;0,0478601688880426;0,000276320813909723;0,000276331946639193;0,29384601323955;0,354709625653157;0,386263760736166;0,419123707003265;0,480856635553187
"Gamma3[16, 1]";0,477570615323928;0,0537934495461721;0,00031057662576121;0,000309750662117803;0,373151536379003;0,440972756873356;0,477474836574045;0,514095476679682;0,582937838435856
"Gamma3[17, 1]";0,505144702803228;0,042298391744487;0,000244209878599678;0,000244203908217316;0,422334308714469;0,476567384164276;0,505393790651484;0,533841049208128;0,587571661873089
"Gamma3[18, 1]";0,460502950009091;0,0456632119854222;0,000263636677318464;0,00026276104299124;0,371987169723171;0,429542008038838;0,459971324763214;0,490953500395233;0,551602431454364
"Gamma3[19, 1]";0,514501428136927;0,0371478985762017;0,00021447349242799;0,000213580802479156;0,441451763421886;0,489509133264328;0,514979492681693;0,539577709982602;0,586167376545383
"Gamma3[20, 1]";0,454930034708806;0,0455461336615204;0,000262960725300255;0,000263981806328962;0,365273201252092;0,424036216504004;0,455157623245116;0,485691870674739;0,544066447692988
"Gamma3[21, 1]";0,455606556718387;0,0432373885386158;0,000249631179118263;0,000248404101223668;0,371423716320131;0,426173603432056;0,455331141654541;0,484726966666803;0,54053897806915
"Gamma3[22, 1]";0,418726128597508;0,0552801025213575;0,000319159820715358;0,000336442200007359;0,314096469940695;0,380546628473564;0,417996039648998;0,455915726499248;0,52881805867468
"Gamma3[23, 1]";0,452197307469761;0,0552700646781154;0,00031910186720038;0,000316617200965088;0,343213904804962;0,415162863913315;0,452122828561257;0,489604085748779;0,560583089449473
"Gamma3[24, 1]";0,3157901908781;0,0466100752364368;0,000269103394847055;0,000269088381790248;0,229184556736268;0,283415219711769;0,314203750138037;0,34672636672749;0,411175755048945
"Gamma3[1, 2]";0,530101008784697;0,0534257859109933;0,000308453918773793;0,000305305191870294;0,425312211059721;0,494128050101933;0,530295964747703;0,566530663280066;0,634093921791217
"Gamma3[2, 2]";0,636567116888765;0,0450513885086644;0,000260104312828438;0,000261406422600356;0,546622862369355;0,606447849395665;0,637170518023413;0,667427174096117;0,722590545301839
"Gamma3[3, 2]";0,448309702716177;0,0431415262757932;0,000249077718085805;0,000248873281867725;0,36527986420034;0,419144593922741;0,447625107887686;0,477388590843941;0,533963622849041
"Gamma3[4, 2]";0,378569978134281;0,0514156550721435;0,00029684842296463;0,000296615802027815;0,28109158804621;0,342942428074118;0,3775306586973;0,412930799477818;0,481710066896531
"Gamma3[5, 2]";0,586744770889695;0,0586074819495233;0,000338370454800834;0,000339858599953134;0,469596111785765;0,547724704199608;0,587592804411038;0,626752698861457;0,698690305198567
"Gamma3[6, 2]";0,465550057548692;0,0354829490855347;0,000204860902061753;0,000204484320793656;0,397232629094054;0,441586688387794;0,465338274814087;0,489503073587453;0,535400190806657
"Gamma3[7, 2]";0,430222562294332;0,0544520905004521;0,000314379291083739;0,00031355946717488;0,324924313106433;0,392757528764146;0,42971593162329;0,467178543651225;0,538760933829754
"Gamma3[8, 2]";0,534286321017232;0,0365171780156134;0,000210832025573599;0,000209720665141225;0,462167794521972;0,509761465884785;0,534242919703175;0,559293585424761;0,604931508255941
"Gamma3[9, 2]";0,601949023378876;0,0380593265079977;0,000219735624045683;0,000218463877351565;0,525880198472231;0,576277017322822;0,602402704177511;0,628096216708823;0,674700340950158
"Gamma3[10, 2]";0,538429380899946;0,0350069647305296;0,00020211280510683;0,000201152219917883;0,469042411602;0,51462638434659;0,538448888097909;0,562079059660371;0,606951701164094
"Gamma3[11, 2]";0,503108065512291;0,0430467683876051;0,000248530633163273;0,000250300046944676;0,418852990143342;0,473719865513238;0,503403550583348;0,532253988533277;0,58716027301118
"Gamma3[12, 2]";0,466849839025827;0,0480204123464564;0,000277245979948234;0,000273163802908184;0,373712887732872;0,434167132395296;0,46671840035758;0,49917101722308;0,561079333673184
"Gamma3[13, 2]";0,528355870640203;0,0501821450061543;0,00028972674927816;0,000289740818831243;0,429194619654822;0,494344959454728;0,52858747680479;0,562186798854835;0,626737186580817
"Gamma3[14, 2]";0,486674879617815;0,0462211013064684;0,000266857652815305;0,000267341749428812;0,397226849136076;0,45529183916221;0,486478889441476;0,517924800842248;0,577385337316234
"Gamma3[15, 2]";0,613271089226999;0,0478601688880426;0,000276320813909723;0,000276331946639192;0,519143364446813;0,580876292996735;0,613736239263834;0,645290374346843;0,70615398676045
"Gamma3[16, 2]";0,522429384676072;0,0537934495461721;0,00031057662576121;0,000309750662117803;0,417062161564144;0,485904523320318;0,522525163425956;0,559027243126644;0,626848463620997
"Gamma3[17, 2]";0,494855297196772;0,042298391744487;0,000244209878599678;0,000244203908217316;0,412428338126911;0,466158950791872;0,494606209348516;0,523432615835724;0,577665691285531
"Gamma3[18, 2]";0,539497049990909;0,0456632119854222;0,000263636677318464;0,00026276104299124;0,448397568545636;0,509046499604767;0,540028675236786;0,570457991961162;0,628012830276829
"Gamma3[19, 2]";0,485498571863073;0,0371478985762017;0,00021447349242799;0,000213580802479156;0,413832623454617;0,460422290017398;0,485020507318307;0,510490866735672;0,558548236578114
"Gamma3[20, 2]";0,545069965291194;0,0455461336615204;0,000262960725300255;0,000263981806328962;0,455933552307012;0,51430812932526;0,544842376754884;0,575963783495996;0,634726798747908
"Gamma3[21, 2]";0,544393443281613;0,0432373885386158;0,000249631179118263;0,000248404101223668;0,459461021930851;0,515273033333197;0,544668858345459;0,573826396567944;0,628576283679869
"Gamma3[22, 2]";0,581273871402492;0,0552801025213575;0,000319159820715358;0,000336442200007359;0,47118194132532;0,544084273500752;0,582003960351002;0,619453371526436;0,685903530059305
"Gamma3[23, 2]";0,547802692530239;0,0552700646781154;0,00031910186720038;0,000316617200965088;0,439416910550527;0,510395914251221;0,547877171438743;0,584837136086685;0,656786095195038
"Gamma3[24, 2]";0,6842098091219;0,0466100752364368;0,000269103394847055;0,000269088381790248;0,588824244951055;0,65327363327251;0,685796249861963;0,716584780288231;0,770815443263732
"Gamma4[1, 1]";0,849475983140288;0,069296398981557;0,000400082946058736;0,000402974046390788;0,690086605989813;0,808110694205387;0,859028450950134;0,900437312304152;0,95688415666241
"Gamma4[2, 1]";0,889820595705666;0,052907197034801;0,000305459844501109;0,000304967086727452;0,7657578364868;0,859739192796618;0,897484439926169;0,92877306290582;0,969510137353234
"Gamma4[3, 1]";0,861249922667248;0,0641971865162756;0,000370642629163884;0,000371185586561691;0,708732990276109;0,825585585394214;0,870996021391058;0,908098025357286;0,956966386253915
"Gamma4[4, 1]";0,848562699150009;0,0842291782383965;0,000486297387295592;0,000479656178054619;0,641588514191209;0,804113769210916;0,865069082265871;0,910693644641856;0,964168199603797
"Gamma4[5, 1]";0,840265530764748;0,0840742173704135;0,000485402720307153;0,000482871348429149;0,64184399516675;0,790488071030053;0,85362306472639;0,903214037597024;0,964212993448219
"Gamma4[6, 1]";0,864374419904253;0,0586226316947761;0,000338457921895833;0,000337422751900884;0,72906476101865;0,830084111289904;0,872240739259488;0,907075633703572;0,955451919992355
"Gamma4[7, 1]";0,897466001586807;0,0508517476759659;0,000293592702094818;0,000297437359860442;0,774677874257655;0,869469466433146;0,906518313114708;0,93472766001047;0,970215951483975
"Gamma4[8, 1]";0,866552660436192;0,0511771976240017;0,000295471688245881;0,000301387950387549;0,749959661626419;0,835819943132456;0,872390522482458;0,903673052782056;0,948740977293195
"Gamma4[9, 1]";0,843063180428468;0,0577061499051957;0,000333166611816616;0,00033317836068669;0,712832575328075;0,807693643382044;0,850040286646955;0,885264757068715;0,936398178881191
"Gamma4[10, 1]";0,877088995812567;0,047679490379247;0,000275277666052825;0,000272269304797506;0,768944576196693;0,848345550563678;0,882696055829021;0,911789939387062;0,953172891509198
"Gamma4[11, 1]";0,72964156036317;0,0927796655866667;0,000535663649017855;0,000542341640325593;0,526341875320171;0,670599745963821;0,737895937100424;0,797390216889517;0,884832483453688
"Gamma4[12, 1]";0,740503108420567;0,0690242593666841;0,000398511747259696;0,000398518278512796;0,594566338356761;0,695222386663569;0,744070894222896;0,789904078973626;0,863594766394584
"Gamma4[13, 1]";0,873294033509155;0,0598796701542995;0,000345715436825708;0,000358873955916687;0,730277630371408;0,83981355827652;0,882838203630372;0,917154116843798;0,961197396097524
"Gamma4[14, 1]";0,824642583661925;0,0508309318002509;0,000293472521580344;0,000296788493924255;0,714633186577513;0,792593800917992;0,828903512423122;0,8612457863944;0,91144083994592
"Gamma4[15, 1]";0,844272136830423;0,0550637716192155;0,000317910833669502;0,000316314376774543;0,719115494136885;0,810970038907899;0,850891863407771;0,884604979448547;0,93274112621454
"Gamma4[16, 1]";0,775425216161382;0,0705087779551237;0,000407082619326222;0,00040471143560956;0,621639043663634;0,731004263076958;0,781432697247234;0,8267258266365;0,893887227770607
"Gamma4[17, 1]";0,832301001387978;0,05818098765721;0,000335908088856085;0,000339769484787979;0,702985662490923;0,796012028110361;0,838541630691044;0,874614094475113;0,927634461295414
"Gamma4[18, 1]";0,879312944157978;0,0400667030870725;0,000231325218128621;0,000230793913257214;0,788974156659154;0,854899266732259;0,88379057991277;0,908302686377762;0,94484537299625
"Gamma4[19, 1]";0,852073570636132;0,0506523290493141;0,00029244135811703;0,000293952165714965;0,74010163418752;0,820750918763491;0,857134631103795;0,889037721737928;0,935449461644166
"Gamma4[20, 1]";0,877793986042341;0,0457186735971217;0,000263956885082908;0,000258536707290357;0,773912078334527;0,850986717287503;0,883483470534188;0,91075694620777;0,951178587176189
"Gamma4[21, 1]";0,89633249450316;0,0409254404590435;0,000236283140657327;0,000238062310901778;0,803009430186028;0,871822763191336;0,901117310564168;0,926155760589569;0,961741720777438
"Gamma4[22, 1]";0,663165983233897;0,112005989571711;0,00064666688230078;0,000644499301457396;0,428421364855009;0,588810696916849;0,671212274700221;0,74485821876568;0,858379945755588
"Gamma4[23, 1]";0,742975237500244;0,117291371468312;0,000677182048908503;0,000673938511342117;0,473747377849682;0,671176521794345;0,759152284220134;0,831744284472707;0,922389474320399
"Gamma4[24, 1]";0,658191179595218;0,13533440978532;0,000781353579201736;0,000786995259020901;0,372032613840541;0,56833208168002;0,667829267517963;0,759248945760182;0,888441770350051
"Gamma4[1, 2]";0,150524016859712;0,069296398981557;0,000400082946058736;0,000402974046390788;0,0431158433375899;0,0995626876958484;0,140971549049866;0,191889305794613;0,309913394010187
"Gamma4[2, 2]";0,110179404294334;0,052907197034801;0,000305459844501109;0,000304967086727452;0,0304898626467664;0,07122693709418;0,102515560073831;0,140260807203382;0,2342421635132
"Gamma4[3, 2]";0,138750077332752;0,0641971865162756;0,000370642629163884;0,000371185586561691;0,0430336137460845;0,0919019746427139;0,129003978608942;0,174414414605786;0,29126700972389
"Gamma4[4, 2]";0,151437300849991;0,0842291782383965;0,000486297387295592;0,000479656178054619;0,0358318003962029;0,0893063553581444;0,134930917734129;0,195886230789084;0,358411485808791
"Gamma4[5, 2]";0,159734469235252;0,0840742173704135;0,000485402720307153;0,000482871348429149;0,0357870065517814;0,0967859624029758;0,14637693527361;0,209511928969947;0,35815600483325
"Gamma4[6, 2]";0,135625580095747;0,0586226316947761;0,000338457921895833;0,000337422751900884;0,0445480800076449;0,0929243662964279;0,127759260740513;0,169915888710096;0,27093523898135
"Gamma4[7, 2]";0,102533998413193;0,0508517476759659;0,000293592702094818;0,000297437359860442;0,0297840485160248;0,0652723399895303;0,0934816868852918;0,130530533566854;0,225322125742345
"Gamma4[8, 2]";0,133447339563808;0,0511771976240017;0,000295471688245881;0,000301387950387549;0,0512590227068051;0,0963269472179436;0,127609477517542;0,164180056867544;0,250040338373581
"Gamma4[9, 2]";0,156936819571532;0,0577061499051957;0,000333166611816616;0,00033317836068669;0,063601821118809;0,114735242931285;0,149959713353045;0,192306356617956;0,287167424671925
"Gamma4[10, 2]";0,122911004187433;0,047679490379247;0,000275277666052825;0,000272269304797506;0,0468271084908015;0,0882100606129383;0,117303944170979;0,151654449436322;0,231055423803307
"Gamma4[11, 2]";0,27035843963683;0,0927796655866667;0,000535663649017855;0,000542341640325593;0,115167516546312;0,202609783110483;0,262104062899576;0,329400254036179;0,473658124679829
"Gamma4[12, 2]";0,259496891579433;0,0690242593666841;0,000398511747259696;0,000398518278512796;0,136405233605416;0,210095921026374;0,255929105777104;0,304777613336431;0,405433661643239
"Gamma4[13, 2]";0,126705966490845;0,0598796701542995;0,000345715436825708;0,000358873955916687;0,0388026039024759;0,0828458831562023;0,117161796369628;0,16018644172348;0,269722369628592
"Gamma4[14, 2]";0,175357416338075;0,0508309318002509;0,000293472521580344;0,000296788493924255;0,0885591600540799;0,1387542136056;0,171096487576878;0,207406199082008;0,285366813422487
"Gamma4[15, 2]";0,155727863169577;0,0550637716192155;0,000317910833669502;0,000316314376774543;0,0672588737854605;0,115395020551453;0,149108136592229;0,189029961092101;0,280884505863114
"Gamma4[16, 2]";0,224574783838618;0,0705087779551237;0,000407082619326222;0,00040471143560956;0,106112772229393;0,1732741733635;0,218567302752766;0,268995736923042;0,378360956336366
"Gamma4[17, 2]";0,167698998612022;0,05818098765721;0,000335908088856085;0,000339769484787979;0,0723655387045855;0,125385905524887;0,161458369308956;0,203987971889639;0,297014337509077
"Gamma4[18, 2]";0,120687055842022;0,0400667030870725;0,000231325218128621;0,000230793913257214;0,0551546270037501;0,0916973136222377;0,11620942008723;0,145100733267741;0,211025843340846
"Gamma4[19, 2]";0,147926429363868;0,0506523290493141;0,00029244135811703;0,000293952165714965;0,0645505383558341;0,110962278262071;0,142865368896205;0,179249081236509;0,259898365812479
"Gamma4[20, 2]";0,122206013957659;0,0457186735971217;0,000263956885082908;0,000258536707290358;0,0488214128238111;0,0892430537922298;0,116516529465812;0,149013282712497;0,226087921665473
"Gamma4[21, 2]";0,10366750549684;0,0409254404590435;0,000236283140657327;0,000238062310901778;0,0382582792225623;0,0738442394104305;0,0988826894358322;0,128177236808664;0,196990569813972
"Gamma4[22, 2]";0,336834016766103;0,112005989571711;0,00064666688230078;0,000644499301457396;0,141620054244412;0,255141781234319;0,328787725299779;0,411189303083152;0,571578635144991
"Gamma4[23, 2]";0,257024762499756;0,117291371468312;0,000677182048908503;0,000673938511342117;0,0776105256796008;0,168255715527293;0,240847715779866;0,328823478205655;0,526252622150318
"Gamma4[24, 2]";0,341808820404782;0,13533440978532;0,000781353579201736;0,000786995259020901;0,111558229649949;0,240751054239818;0,332170732482037;0,43166791831998;0,627967386159459
"Mu_Alpha1";-2,03548918287595;0,114082480469349;0,000658655508087987;0,000658918383521602;-2,25932290008147;-2,11050599052312;-2,03625158951027;-1,96151901555186;-1,80985835177973
"Mu_Alpha2[1]";0,850741505466278;0,113531542966454;0,00065547466893196;0,000654380683178175;0,628913354820624;0,776515622492284;0,84970628825982;0,92359457744877;1,0805098815889
"Mu_Alpha2[2]";2,67310313225936;0,197120962330379;0,00113807840664362;0,00113304918775537;2,29983983382542;2,54208534361073;2,6676573787213;2,79696600305322;3,08042513097938
"Mu_L1[1]";1,1570143150255;0,0214299460124347;0,000123725850989983;0,00012372146826113;1,11515137240566;1,14270947054576;1,15692675258683;1,17133884068402;1,19917783402826
"Mu_L1[2]";1,15650366555063;0,0221302476148874;0,000127769044176883;0,000128859295283983;1,11344734832666;1,14168744479209;1,15634495747653;1,17116684341765;1,2005487591813
"Mu_L1[3]";1,13149284153739;0,0205430504724309;0,00011860535720234;0,000117745081239823;1,09133332969226;1,11774439041304;1,13131912818766;1,14519406974071;1,172185807358
"Mu_L1[4]";1,13313570728672;0,0205494521640854;0,00011864231738634;0,000118109651048287;1,09294140520889;1,11933652758079;1,13316071935073;1,14697476832002;1,17353071569673
"Mu_L1[5]";1,10974700633988;0,0218171994367584;0,000125961659677762;0,000125160891434747;1,06692006847492;1,09521102584481;1,10981175947162;1,12423932112149;1,15268399964126
"Mu_L1[6]";1,11143189930257;0,0215996882418921;0,000124705858208684;0,000124712676581941;1,06915481196649;1,09692478411138;1,11150176110617;1,12580784516398;1,15425160256363
"Mu_L1[7]";1,14050823102929;0,0189520800773109;0,000109419885343388;0,000108907497417903;1,10344632621285;1,12771999269858;1,14047690537464;1,15314137682991;1,17798005850361
"Mu_L1[8]";1,16032858497665;0,0194161421251525;0,000112099148825808;0,000110819732121067;1,1221864015939;1,14723421223754;1,16047348865359;1,17337528703285;1,19835012808834
"Mu_L1[9]";1,10463133636552;0,0207898318874071;0,000120030150366015;0,000118638514482423;1,06381316520964;1,09070696366545;1,10453661716278;1,11854349766991;1,14582510473699
"Mu_L1[10]";1,14273866937871;0,0223924913959239;0,00012928310935263;0,000128584060633264;1,09885703653014;1,12779455345861;1,14255287122064;1,15770252136835;1,18680565018801
"Mu_L1[11]";1,08610015278759;0,0211215076837772;0,000121945081469195;0,000122405086016495;1,04491290516839;1,07180171404642;1,08604988378925;1,10031374659089;1,1280075822753
"Mu_L1[12]";1,12927717031419;0,0200450408566361;0,000115730097344959;0,000116314955412456;1,08998084029108;1,11580645964176;1,129107666646;1,14267255807542;1,16901111587188
"Mu_L1[13]";1,13039715712822;0,0219132923228275;0,000126516452214154;0,000128601712214417;1,08808171360758;1,11561481837231;1,13025152118194;1,14509870884946;1,17342967899981
"Mu_L1[14]";1,0832329789107;0,0179251313355251;0,000103490794018248;0,000105566236020873;1,04787611488617;1,07126323556222;1,08327462022232;1,095343499387;1,11826595181819
"Mu_L1[15]";1,03233535946409;0,0190188140931234;0,000109805174363322;0,000112372807886617;0,995015529768012;1,01950655291071;1,03225756481898;1,04530463592822;1,06962516128316
"Mu_L1[16]";1,12960072090683;0,0218836563163898;0,000126345348651209;0,000124887682018708;1,08711575421488;1,11477634393155;1,12958424494809;1,14412340641552;1,17255210654205
"Mu_L1[17]";1,02658790535206;0,0191413857678037;0,00011051284225704;0,000110279151509834;0,989210864490115;1,01362292278404;1,02645686281299;1,03920838864454;1,06440544536524
"Mu_L1[18]";1,01140958465825;0,0175727572980241;0,000101456361564182;0,000102160224829212;0,977436458698356;0,999558346156171;1,01133141647178;1,02316930341771;1,04598099740111
"Mu_L1[19]";1,10359352759877;0,0192083339610571;0,000110899367831005;0,000111795793142246;1,06624168121728;1,09055224705548;1,10360675343578;1,11658089040664;1,14124324387204
"Mu_L1[20]";1,05864872933582;0,0176438789433124;0,000101866982574706;0,00010144526064759;1,02416276564309;1,04680105956421;1,05859518086225;1,07048589705215;1,0932857225858
"Mu_L1[21]";1,06949486801549;0,0189813443112638;0,000109588842476891;0,000109590730157079;1,03241119465766;1,05660405306247;1,06952919635255;1,0823507539252;1,1066712964044
"Mu_L1[22]";1,07975358522274;0,019254268269366;0,000111164569683677;0,000112590889321852;1,04233352036315;1,06677678066855;1,07968897727636;1,09255165133606;1,11772772910599
"Mu_L1[23]";1,03965991556944;0,0209795887147149;0,000121125711919283;0,000120203073654489;0,998530079267941;1,02565299971476;1,03951198908828;1,0536936038997;1,08102119000687
"Mu_L1[24]";1,05070893117129;0,0209090585995019;0,000120718506109241;0,000121463981890259;1,00964906810346;1,03680104676237;1,05068739359887;1,06477870452935;1,09186749979652
"Mu_L1surv[1]";1,15698749853765;0,0213247966418713;0,000123118770815984;0,000123114459619319;1,11531223150411;1,14273770720056;1,1569006286349;1,17125873706636;1,19895723582078
"Mu_L1surv[2]";1,1564423802537;0,021874992130755;0,000126295325952124;0,000127377876567616;1,11394699857937;1,1417766956151;1,15627995803464;1,17097115228036;1,20001947185608
"Mu_L1surv[3]";1,13161260687756;0,0203998466100034;0,000117778569317126;0,00011692438102587;1,0918980937872;1,11793609076929;1,13142636382974;1,14522771711212;1,17206043424469
"Mu_L1surv[4]";1,13319996595795;0,0204633925528383;0,000118145451989142;0,000117619970973553;1,09324946273687;1,11944224704441;1,13321403627674;1,1469799901046;1,17343242118102
"Mu_L1surv[5]";1,1100570600258;0,0216171797166615;0,000124806845285351;0,000124014098603723;1,0677317118271;1,09561296936354;1,1100881528238;1,12441837213338;1,15266967299533
"Mu_L1surv[6]";1,11193578378073;0,0212761496787821;0,000122837907443636;0,000122844543467572;1,07041297904416;1,09759443976387;1,11198848337853;1,12612401060872;1,15416854663702
"Mu_L1surv[7]";1,14052815336158;0,0189101939098504;0,000109178055442801;0,000108667741875584;1,10354494282963;1,12776484020442;1,14049574219928;1,15313799088286;1,17794362074493
"Mu_L1surv[8]";1,16030650827268;0,0193675678920507;0,000111818705360238;0,000110539563806828;1,12228439386791;1,14723848345918;1,16045154602251;1,17332310618514;1,19820940379622
"Mu_L1surv[9]";1,10497268702678;0,0206007875983587;0,000118938702654307;0,000117557667238499;1,06458131871818;1,09112720299969;1,10484951517933;1,11876128185541;1,14585450123682
"Mu_L1surv[10]";1,14284858432908;0,0220588448330192;0,000127356800023558;0,000126670379919034;1,09967206251769;1,12809569998731;1,14265401696892;1,15761122987901;1,18626338121695
"Mu_L1surv[11]";1,08677872320087;0,0208336321240077;0,000120283031149935;0,000120734909421835;1,04633147157986;1,07264768735414;1,086651531722;1,10078999086975;1,12817840130328
"Mu_L1surv[12]";1,12937496835703;0,0199397994450299;0,000115122485771752;0,000115701336397736;1,09031951332062;1,11593775630095;1,12920091593354;1,14270143227255;1,16892095510438
"Mu_L1surv[13]";1,1305978653348;0,0216694603507973;0,000125108687667267;0,000127177065077004;1,08872266348135;1,11598239501217;1,13043948584352;1,14514315464561;1,17323513620215
"Mu_L1surv[14]";1,08331777183102;0,0178899116485445;0,000103287453060658;0,000105294372216372;1,04805249403441;1,07139287868483;1,08333814993851;1,09537916320084;1,11829874076946
"Mu_L1surv[15]";1,03279328190164;0,0188853033855782;0,000109034349933913;0,000111554157635365;0,995972075827302;1,01999378640527;1,03268921358758;1,04563008595578;1,06985565150481
"Mu_L1surv[16]";1,12987183840122;0,0215682874029824;0,000124524565380711;0,000123075742277361;1,08820956079624;1,11522840558027;1,12980491200508;1,14420064475587;1,17228501549087
"Mu_L1surv[17]";1,02706391607055;0,0190059455567972;0,000109730877834203;0,000109507324269559;0,990045237813164;1,0141929219173;1,02689507417289;1,03957028612055;1,06463300144674
"Mu_L1surv[18]";1,01161741727806;0,0175155127505038;0,000101125860014977;0,000101812984566182;0,977703624975963;0,999796959832914;1,01151475406061;1,0233475707455;1,04610893252097
"Mu_L1surv[19]";1,10372812135355;0,0191364167130858;0,000110484153406249;0,000111377634389946;1,06650311175034;1,09072390866391;1,10371914562124;1,11665477609672;1,14125465535156
"Mu_L1surv[20]";1,05879165959766;0,0175953539491827;0,000101586823390474;0,000101169811124258;1,02448660216823;1,0469679325136;1,05870994682219;1,07061068657217;1,09336449456088
"Mu_L1surv[21]";1,06976574777858;0,0188816818185433;0,000109013440806888;0,000109015369950673;1,03291277950353;1,05692060528187;1,06975301289682;1,08254191748101;1,10679180697117
"Mu_L1surv[22]";1,08000915904602;0,0191537330106031;0,000110584129096579;0,000112012052673682;1,0427522672039;1,06708102590107;1,07992610570477;1,09273365746933;1,11786638047763
"Mu_L1surv[23]";1,04014554834957;0,0208246658097418;0,000120231264110384;0,000119313066823124;0,999442389147328;1,02619757659392;1,04000516596079;1,05409232888518;1,08126629793931
"Mu_L1surv[24]";1,05105982111133;0,0207877366503136;0,000120018053509016;0,000120760269745009;1,01027679115985;1,03723511436565;1,05103654398575;1,0650197819257;1,09212781399059
"Mu_L2[1]";2,95004666405831;0,0402827061492769;0,000232572312389716;0,000235608840871288;2,87083668099137;2,92292994253033;2,95021611256625;2,97694723311214;3,02990672081734
"Mu_L2[2]";2,91970364513102;0,0303614750155482;0,000175292057732208;0,000175272349239591;2,85974300529933;2,89938243702873;2,91954526389641;2,94005812437406;2,97935253153764
"Mu_L2[3]";2,90903948586327;0,0277679653089068;0,000160318422459455;0,000158861844136725;2,85463272328838;2,89041999308218;2,90905044872202;2,92774137051667;2,9633311087891
"Mu_L2[4]";2,94625056386931;0,0381721634140291;0,000220387088226401;0,000220395240007447;2,87136142953601;2,92084054884963;2,94628020904661;2,97166420738265;3,02105178875281
"Mu_L2[5]";2,82567392571833;0,0408610676080159;0,000235911483828635;0,000234725000548653;2,74600725641356;2,79811110459182;2,82538204614259;2,85327446392267;2,90606084576412
"Mu_L2[6]";2,85055699568234;0,0336096633072918;0,000194045481578376;0,00019778075826933;2,78430001472714;2,82821660203564;2,85050232829957;2,87298440537266;2,9169520298239
"Mu_L2[7]";2,90247529002404;0,0320034892241327;0,000184772231185603;0,000184131593081203;2,83952347487819;2,88097494463172;2,90225130662391;2,92399733564686;2,96517253047507
"Mu_L2[8]";2,92010069096358;0,0249862785580145;0,000144258346515166;0,000141945657547625;2,87096890629769;2,90353377626974;2,92003538084216;2,93668867460997;2,96995700006045
"Mu_L2[9]";2,92785256349722;0,0342472112062998;0,000197726366089511;0,000199371126007663;2,86110349044209;2,9046228147762;2,92763984433987;2,95057284572592;2,99550256004734
"Mu_L2[10]";2,93329681243285;0,0336226019728649;0,000194120182998892;0,00019362920545526;2,86691629210025;2,91093289020976;2,93346415048393;2,95606964737892;2,99877938892612
"Mu_L2[11]";2,8075701547961;0,0320207191471153;0,000184871708192324;0,000184251419798463;2,74446759090471;2,78608211908943;2,80753627754007;2,82894205812019;2,87061220267991
"Mu_L2[12]";2,69334238616077;0,0275644213570173;0,000159143260905302;0,000158582434426956;2,63883764580522;2,6748863516064;2,69335641701454;2,71182000259315;2,74725070889021
"Mu_L2[13]";2,64867932660704;0,031005153658156;0,000179008338108021;0,000174180828838175;2,58723143023134;2,62790600672;2,64864082421966;2,66955776052844;2,70902277918401
"Mu_L2[14]";2,80179232578389;0,0235114348518767;0,000135743332407653;0,00013509443198746;2,75512095942139;2,78597431808999;2,80185614106118;2,81755908881272;2,84806587995632
"Mu_L2[15]";2,53180400346814;0,0251306071563642;0,000145091628066256;0,000143412321636096;2,482583095165;2,5148633908466;2,53181067409148;2,54851840479633;2,58122730461365
"Mu_L2[16]";2,6720033930084;0,0275733534484201;0,00015919483035906;0,000155950428819105;2,61829842198111;2,65344146812741;2,6720022913372;2,69049823732177;2,72650875741791
"Mu_L2[17]";2,57128082847473;0,028814949728513;0,000166363189824425;0,00016674217892686;2,5151675938112;2,55195574687171;2,57133006082328;2,59040570597341;2,62879998538229
"Mu_L2[18]";2,52324618793321;0,0261693690456832;0,000151088922630478;0,000150941458741645;2,4718779116993;2,50584186113285;2,52303382781934;2,54072942487529;2,57463603816422
"Mu_L2[19]";2,60968508743629;0,025443959772905;0,000146900770241367;0,000141763999260866;2,55967664089797;2,59260173132059;2,60960765508879;2,6268757546855;2,66040818081026
"Mu_L2[20]";2,6122926224264;0,023961339427045;0,000138340857683484;0,000139634619297477;2,56564357952973;2,59609934726115;2,61220574244854;2,62820343639188;2,65994058852132
"Mu_L2[21]";2,69394888045185;0,0242393601522817;0,000139946011089041;0,00013725735835063;2,64612761780269;2,67776556846647;2,69419681224029;2,71019929359917;2,74124346144162
"Mu_L2[22]";2,70757386101169;0,0245119409627184;0,000141519757131857;0,000140933215763051;2,6595270807972;2,69112887354675;2,70759634261663;2,72407212192467;2,75586977110856
"Mu_L2[23]";2,65824513389017;0,0294171495330601;0,000169839992017037;0,000170338692352091;2,60017805595418;2,63859469674783;2,65848308333857;2,67795770696548;2,71583111765381
"Mu_L2[24]";2,70953498352094;0,0304876513881296;0,000176020537358961;0,000175295232054144;2,65000490616969;2,68889168877401;2,70972672812871;2,72995716620561;2,76953080836059
"Mu_L2m[1]";2,94595545539674;0,0388740970106101;0,000224439703735794;0,000227517410904879;2,86869483539021;2,91982886191588;2,94625545893881;2,97211758925957;3,02219284216992
"Mu_L2m[2]";2,91895578828856;0,0300851248043675;0,000173696549044051;0,000173676819019262;2,85937749501711;2,89887704421486;2,91887361113459;2,93922447893722;2,97787080203097
"Mu_L2m[3]";2,90873443118564;0,0276520311603916;0,00015964907634092;0,000158180573037335;2,85438588921545;2,89019261968784;2,9087625972099;2,92738899546171;2,96283987364097
"Mu_L2m[4]";2,94372995140194;0,0372666370204965;0,000215159029155758;0,000215167526738866;2,87012833005121;2,91894730369244;2,9439530549702;2,96863084631482;3,01566499579774
"Mu_L2m[5]";2,82511459773423;0,0398706524629332;0,000230193319322405;0,000229127491189257;2,74726567090003;2,79814382310501;2,82487342358939;2,85211356917344;2,9032353501884
"Mu_L2m[6]";2,8501502171394;0,033297405293853;0,000192242659097221;0,000195912447404292;2,78443587196064;2,82799755979837;2,85013263868044;2,87236314666454;2,91570302570492
"Mu_L2m[7]";2,90116447371771;0,0314851249620397;0,000181779453723026;0,000181759840830764;2,8390921819214;2,8800414348705;2,90102479519318;2,92243515751544;2,96276065351199
"Mu_L2m[8]";2,9199859207529;0,0249432832837159;0,000144010113183264;0,000141699320649594;2,87089498116404;2,90345498337885;2,91994034924724;2,93656606788975;2,96969030964585
"Mu_L2m[9]";2,92727885930025;0,034002319012083;0,000196312480346976;0,000197938703134344;2,86081953276257;2,90424007568824;2,92708371671749;2,94988337595861;2,99413295928786
"Mu_L2m[10]";2,93258235892038;0,0333411748702589;0,000192495362864424;0,000192050655973214;2,86654596214942;2,91036373999644;2,93276087052328;2,95519537332585;2,99715713641539
"Mu_L2m[11]";2,80753870942433;0,0318706306021398;0,000184005171573885;0,000183387662203135;2,74472799486217;2,7861423105397;2,8074982919008;2,82882018660429;2,87024379754284
"Mu_L2m[12]";2,69363415985774;0,0274515181808502;0,000158491414113778;0,000157928682666517;2,63936306383573;2,67522951820982;2,69365009917963;2,71202493597613;2,74739560954005
"Mu_L2m[13]";2,64960029252972;0,0306907639212395;0,000177193208115629;0,000171741467961181;2,5888663266378;2,62900147130549;2,64953103065981;2,67027606144342;2,70949793761384
"Mu_L2m[14]";2,80179179771375;0,0235025329275909;0,000135691937123827;0,000135043382624026;2,75512962047767;2,78597917337104;2,8018553416581;2,81755765620634;2,84804012515969
"Mu_L2m[15]";2,5324260349487;0,0249517526519604;0,000144059011103623;0,000142413137519166;2,48356196054728;2,51560727278915;2,53239819780161;2,54904825615972;2,58161070616032
"Mu_L2m[16]";2,67235016835158;0,0274453850306403;0,000158456004354531;0,000155229712338725;2,61893381093197;2,65384922089849;2,67230788690709;2,69078994684961;2,7266996015182
"Mu_L2m[17]";2,57195876564402;0,0285908634414568;0,000165069427042889;0,000165445124638038;2,51647550562414;2,5527921847779;2,57194133117111;2,59081907891296;2,62925159773815
"Mu_L2m[18]";2,52447933151375;0,0258344477576375;0,000149155253672374;0,0001491159143592;2,47414935558791;2,50715594349877;2,52416904886858;2,54173300490491;2,57524064946442
"Mu_L2m[19]";2,60994670524175;0,0253549891531932;0,000146387098128962;0,00014126624454057;2,56024199084423;2,59288726520246;2,60983718812803;2,62707597068988;2,66043297408267
"Mu_L2m[20]";2,61250258215957;0,0238930441651569;0,00013794655480513;0,000139228734020281;2,56595018154419;2,59632712186111;2,61240975540733;2,62833120553699;2,66002236554557
"Mu_L2m[21]";2,69409293960266;0,0241850543341409;0,00013963247630182;0,000136961282193373;2,64645940217546;2,6779360264401;2,69430880023213;2,71032376913291;2,74131224582143
"Mu_L2m[22]";2,70768369067901;0,0244675407686953;0,000141263412492144;0,000140680116311447;2,65974644046625;2,69126276943365;2,70768082802873;2,72414921982166;2,75589152242578
"Mu_L2m[23]";2,65872740118115;0,0292402198591628;0,000168818488068515;0,000169305875294314;2,60106331798108;2,6391774284505;2,65894245520407;2,67827210424798;2,71608896261417
"Mu_L2m[24]";2,70988050148135;0,0303267925792014;0,000175091818592599;0,000174369875575046;2,65086560614297;2,68935121145585;2,71003492324172;2,73016276016097;2,76964087079799
"Mu_L2nm[1]";2,94595545539674;0,0388740970106101;0,000224439703735794;0,000227517410904878;2,86869483539021;2,91982886191588;2,94625545893881;2,97211758925957;3,02219284216992
"Mu_L2nm[2]";2,91895578828856;0,0300851248043675;0,000173696549044051;0,000173676819019262;2,85937749501711;2,89887704421486;2,91887361113459;2,93922447893722;2,97787080203097
"Mu_L2nm[3]";2,90873443118564;0,0276520311603916;0,00015964907634092;0,000158180573037336;2,85438588921545;2,89019261968784;2,9087625972099;2,92738899546171;2,96283987364097
"Mu_L2nm[4]";2,94372995140194;0,0372666370204965;0,000215159029155758;0,000215167526738866;2,87012833005121;2,91894730369244;2,9439530549702;2,96863084631482;3,01566499579774
"Mu_L2nm[5]";2,82511459773423;0,0398706524629332;0,000230193319322405;0,000229127491189257;2,74726567090003;2,798143823105;2,82487342358939;2,85211356917344;2,9032353501884
"Mu_L2nm[6]";2,8501502171394;0,033297405293853;0,000192242659097221;0,000195912447404292;2,78443587196064;2,82799755979837;2,85013263868044;2,87236314666454;2,91570302570492
"Mu_L2nm[7]";2,90116447371771;0,0314851249620397;0,000181779453723026;0,000181759840830764;2,8390921819214;2,8800414348705;2,90102479519319;2,92243515751544;2,96276065351199
"Mu_L2nm[8]";2,9199859207529;0,0249432832837159;0,000144010113183264;0,000141699320649593;2,87089498116404;2,90345498337885;2,91994034924724;2,93656606788975;2,96969030964585
"Mu_L2nm[9]";2,92727885930025;0,0340023190120829;0,000196312480346976;0,000197938703134344;2,86081953276258;2,90424007568824;2,92708371671749;2,94988337595861;2,99413295928786
"Mu_L2nm[10]";2,93258235892038;0,0333411748702589;0,000192495362864424;0,000192050655973214;2,86654596214942;2,91036373999644;2,93276087052328;2,95519537332585;2,99715713641539
"Mu_L2nm[11]";2,80753870942433;0,0318706306021398;0,000184005171573885;0,000183387662203135;2,74472799486217;2,7861423105397;2,8074982919008;2,82882018660429;2,87024379754284
"Mu_L2nm[12]";2,69363415985774;0,0274515181808502;0,000158491414113778;0,000157928682666517;2,63936306383573;2,67522951820982;2,69365009917963;2,71202493597613;2,74739560954005
"Mu_L2nm[13]";2,64960029252972;0,0306907639212395;0,000177193208115629;0,000171741467961181;2,5888663266378;2,6290014713055;2,64953103065981;2,67027606144342;2,70949793761384
"Mu_L2nm[14]";2,80179179771375;0,0235025329275909;0,000135691937123827;0,000135043382624026;2,75512962047767;2,78597917337104;2,8018553416581;2,81755765620634;2,84804012515969
"Mu_L2nm[15]";2,5324260349487;0,0249517526519604;0,000144059011103623;0,000142413137519166;2,48356196054728;2,51560727278915;2,53239819780161;2,54904825615972;2,58161070616032
"Mu_L2nm[16]";2,67235016835158;0,0274453850306403;0,000158456004354531;0,000155229712338725;2,61893381093197;2,65384922089849;2,67230788690709;2,69078994684961;2,7266996015182
"Mu_L2nm[17]";2,57195876564402;0,0285908634414568;0,000165069427042889;0,000165445124638038;2,51647550562414;2,5527921847779;2,57194133117111;2,59081907891296;2,62925159773815
"Mu_L2nm[18]";2,52447933151375;0,0258344477576375;0,000149155253672374;0,0001491159143592;2,47414935558792;2,50715594349877;2,52416904886858;2,54173300490491;2,57524064946442
"Mu_L2nm[19]";2,60994670524175;0,0253549891531932;0,000146387098128961;0,00014126624454057;2,56024199084423;2,59288726520246;2,60983718812803;2,62707597068988;2,66043297408267
"Mu_L2nm[20]";2,61250258215957;0,0238930441651569;0,00013794655480513;0,000139228734020281;2,56595018154419;2,59632712186111;2,61240975540733;2,62833120553699;2,66002236554557
"Mu_L2nm[21]";2,69409293960266;0,0241850543341409;0,000139632476301819;0,000136961282193373;2,64645940217546;2,6779360264401;2,69430880023213;2,71032376913291;2,74131224582143
"Mu_L2nm[22]";2,70768369067901;0,0244675407686953;0,000141263412492144;0,000140680116311447;2,65974644046625;2,69126276943365;2,70768082802872;2,72414921982166;2,75589152242578
"Mu_L2nm[23]";2,65872740118115;0,0292402198591628;0,000168818488068515;0,000169305875294314;2,60106331798108;2,6391774284505;2,65894245520407;2,67827210424798;2,71608896261417
"Mu_L2nm[24]";2,70988050148135;0,0303267925792014;0,000175091818592599;0,000174369875575045;2,65086560614297;2,68935121145585;2,71003492324172;2,73016276016097;2,76964087079799
"Mu_Mu_L1";1,09942134618581;0,0116429210085425;6,72204357843554e-05;6,73481216377256e-05;1,07700554580626;1,09167105526607;1,09923311248466;1,10700879289986;1,12271395988123
"Mu_Mu_L1surv";1,09932529450148;0,0044461138464358;2,56696502608743e-05;2,55859540914252e-05;1,09060054763394;1,09634681578775;1,09930429984169;1,10230444802351;1,10813703653807
"Mu_Mu_L2";2,76450021896452;0,0329392401804646;0,00019017479185093;0,000190163122381394;2,70097370559461;2,74279004150746;2,76405829262685;2,78561842372191;2,83121138957563
"Mu_Mu_L2m";2,76334438059028;0,00619226568360956;3,57510625932566e-05;3,58799041484155e-05;2,75124044926766;2,75918289222921;2,76331990120126;2,76751776671461;2,77547136512308
"Mu_Mu_L2nm";2,76334438059028;0,00619226568360956;3,57510625932566e-05;3,58799041484155e-05;2,75124044926766;2,75918289222921;2,76331990120126;2,76751776671461;2,77547136512308
"Mu_N1[1]";2435,35476027019;318,716633608322;1,84011134208976;1,85844447361998;1869,17985335603;2213,45086203987;2413,08492567002;2636,87637657514;3124,92672470294
"Mu_N1[2]";10135,1292080886;276,239633225433;1,59487026603547;1,57463947965178;9601,19437468294;9948,54873786625;10131,2522967733;10317,8494409497;10686,8895906897
"Mu_N1[3]";5080,87900626621;365,516596523641;2,110311053962;2,11814468306763;4398,79249816994;4828,5766351576;5068,76160838756;5317,27199338279;5834,84709009705
"Mu_N1[4]";2784,289388795;222,825178554461;1,28648176820645;1,28651925878159;2375,00430875053;2629,93130439809;2775,83210676583;2929,23906222916;3242,68995830321
"Mu_N1[5]";3239,04390118559;256,770985183762;1,48246797415931;1,48984786139202;2761,86184500273;3061,45038516275;3230,31317106368;3407,64099168146;3766,5589987315
"Mu_N1[6]";12112,8798917226;722,404009443345;4,1708014931578;4,19881134041568;10757,3184568308;11616,8491737606;12095,5366530371;12586,8142264009;13575,5520300793
"Mu_N1[7]";1349,83989495255;85,4318539346542;0,493241038665414;0,493270114886156;1189,79712432698;1290,92079550137;1347,01859024778;1405,46040193896;1525,3538478829
"Mu_N1[8]";10274,3829059842;212,398573644266;1,22628373669009;1,23246607041878;9866,72195290609;10131,795996188;10272,8202351316;10415,5856404329;10699,2543163547
"Mu_N1[9]";7982,25761996366;168,230350290733;0,971278380262198;0,958829458910395;7658,45224099886;7868,00524899319;7980,2924130128;8093,41432127893;8320,74225097444
"Mu_N1[10]";10926,4680857234;254,99539242263;1,4722165845732;1,51082095713244;10435,9999705348;10751,1097982035;10924,5419952904;11099,4914242513;11434,1830799183
"Mu_N1[11]";7457,68430452828;429,8201340091;2,48156770073275;2,47151080415966;6660,45431179499;7162,98109180883;7442,68776742117;7738,00646215391;8343,8126479572
"Mu_N1[12]";7711,61447371879;285,371326393812;1,64759212112468;1,66352444395259;7167,18594474973;7515,60760789761;7704,02695606314;7901,72574855445;8292,85038903547
"Mu_N1[13]";10668,368535482;628,612115813711;3,62929374280906;3,62755485053748;9493,06440561645;10237,6675005311;10649,7896768301;11080,1520139689;11952,919592929
"Mu_N1[14]";14038,4655522651;637,014698745377;3,67780607798392;3,67810833972008;12838,2393830508;13602,0971638372;14020,0158471989;14461,1755822242;15333,6322238039
"Mu_N1[15]";10811,7990096307;465,164801404593;2,68563023308481;2,68670202516401;9934,6478555436;10490,0670526749;10800,9918572177;11119,0408516353;11760,3534558365
"Mu_N1[16]";9190,85666985548;698,639876546137;4,03359920790519;4,01714302817302;7902,0926612095;8706,1881999932;9161,59101342922;9646,94160482105;10644,4780477511
"Mu_N1[17]";8759,37987501345;827,630563237025;4,77832728474458;4,79891348509982;7259,69753284296;8179,06899380133;8723,07414299947;9298,95473676413;10463,1091968795
"Mu_N1[18]";9311,37823873357;1294,54591849786;7,47406434523072;7,57907316664645;7022,25374030504;8412,2851689233;9226,39826356777;10120,0455187073;12113,2886614943
"Mu_N1[19]";10547,5733064339;562,483984317543;3,24750279760587;3,25985656845866;9490,92468085612;10160,6777631471;10531,0324630611;10913,3056338362;11698,7588503763
"Mu_N1[20]";6983,93476190363;528,776127961426;3,05289039819577;3,12560249517536;6005,90271815334;6615,32670239783;6965,23295204516;7327,03306225841;8076,23958208429
"Mu_N1[21]";9999,29887558068;378,88907311492;2,18751708355907;2,21381617204224;9274,803792243;9742,30999080744;9993,71581494599;10252,3597763534;10758,6642442354
"Mu_N1[22]";6462,89552513493;449,725533693895;2,59649157939619;2,59661141837315;5616,90788271593;6154,42383175678;6450,2709782157;6757,8969749267;7391,43548454537
"Mu_N1[23]";5390,35396005271;491,899513280646;2,83998316406827;2,84499149562365;4487,14571414145;5047,0989383155;5370,11161936405;5710,24818201763;6400,94665635016
"Mu_N1[24]";5431,39396800048;284,991421003762;1,64539873633256;1,65374997971024;4900,17231387052;5235,5219894174;5422,43077172764;5617,59998720061;6014,62222198161
"Mu_N2[1, 1]";340,478542591178;40,2042365684861;0,232119268053788;0,230295530696035;265,150111271099;312,749097541144;339,208734593464;366,937672042531;423,497667533114
"Mu_N2[2, 1]";448,541432638364;45,9559928571393;0,265327048469459;0,265336703669135;362,036146158767;416,802415626736;447,080390608373;479,203222872528;541,704525652569
"Mu_N2[3, 1]";282,123392616473;27,5733727647097;0,15919494188171;0,160019757401352;231,451978984017;262,982053308844;280,819795894985;300,054451850681;338,954922604962
"Mu_N2[4, 1]";325,929580846428;41,7497043662188;0,241042030544237;0,239654922541247;250,857407638171;296,789176531672;323,479205824803;352,792532160377;414,103026195745
"Mu_N2[5, 1]";223,021629119713;30,0210142638634;0,173326406665871;0,173332811892526;167,273230104838;202,437381375806;222,060954066978;242,611123909636;284,110065264003
"Mu_N2[6, 1]";529,048456779301;41,2626711781004;0,238230143121593;0,23707330935557;451,06374510593;500,463554808854;527,878771714006;556,73167605897;612,334378577973
"Mu_N2[7, 1]";273,756310239021;26,8627498803301;0,155092158745822;0,154306898641468;223,539713097814;255,084613713418;273,027127765336;291,305250287299;329,206197433412
"Mu_N2[8, 1]";891,990058769465;64,2020101756159;0,370670478574069;0,366728581337707;769,754272998248;848,18235396175;891,59383526567;934,722576477959;1019,55631986633
"Mu_N2[9, 1]";399,636609687045;33,9226212984358;0,195852345382696;0,196533613324023;335,930262559784;376,291826125883;398,600152828425;421,768140785432;469,418087328623
"Mu_N2[10, 1]";706,82340395857;52,7612926040317;0,304617464877303;0,306611304220667;605,598559288191;670,862253165867;705,860880822198;741,853705445076;813,299511057488
"Mu_N2[11, 1]";441,865364395041;41,2985143459767;0,238437083747813;0,236631069861232;365,371199433153;412,980612815221;440,489025673321;469,126152927401;526,871890445115
"Mu_N2[12, 1]";367,168738832468;34,8672671492707;0,20130626074538;0,204087802363809;302,471101591847;343,128275171697;366,070195018941;389,961621387711;438,741401617739
"Mu_N2[13, 1]";290,506075964115;30,7762706566659;0,177686881482788;0,177812938216794;233,586581941857;268,982573997087;289,559487525272;310,539216795645;353,762749245873
"Mu_N2[14, 1]";846,157740238765;62,2077120983146;0,359156393256327;0,35917589842978;727,37546596282;803,378143322687;844,660285048155;888,00841096389;969,906042320049
"Mu_N2[15, 1]";429,704443154241;42,6552709748065;0,24627032179661;0,246431994372071;351,097540333075;400,021167740097;427,740762918821;457,446606335592;518,50439092713
"Mu_N2[16, 1]";413,375352331868;46,927971976526;0,270938772531705;0,274621536643538;326,80820129605;380,882052385345;411,35338029224;443,517848688839;510,523861035119
"Mu_N2[17, 1]";622,406268365762;49,0714780364908;0,283314310539008;0,280130784510038;528,443933148449;588,83825802127;621,519660424589;654,963591682277;721,896962170328
"Mu_N2[18, 1]";698,854404075143;59,9874601603413;0,34633776271575;0,345101133771685;586,387037674785;657,566020087634;697,067374168837;738,122452907288;822,005454105721
"Mu_N2[19, 1]";557,793942544014;43,4650263958809;0,25094544689996;0,249912029906029;476,222949874194;528,120905833478;556,420493517006;586,564551874556;645,925904042514
"Mu_N2[20, 1]";600,634220148906;48,8906058978836;0,28227004475987;0,283682061647081;507,788416323746;567,012498914661;599,848583655906;632,999102654638;698,645140911309
"Mu_N2[21, 1]";840,850023664255;72,5002424951442;0,418580345208847;0,415401997801331;703,371250294765;791,324929521651;838,729576140742;888,644220800926;988,329691483565
"Mu_N2[22, 1]";236,058485685993;31,7790246081465;0,183476284120971;0,187783910123485;177,471081485241;214,005065923765;234,706868930616;256,549813928607;302,565112931835
"Mu_N2[23, 1]";215,884461511385;27,4138476403221;0,158273923146634;0,158264450295709;166,040035193479;196,915323296806;214,212647069058;233,177031024577;274,554729675404
"Mu_N2[24, 1]";244,995612526971;34,5114949670088;0,19925220909339;0,19921535631052;182,453283264481;220,707655154904;243,466890569638;267,404608198491;316,886115945213
"Mu_N2[1, 2]";327,760216228224;39,331784343467;0,22708216278409;0,22406137166804;254,225901800424;300,508455460321;326,469869880948;353,534660043029;407,854699060782
"Mu_N2[2, 2]";515,650025041136;43,7465948359813;0,252571083046833;0,25328530688061;431,623287663446;485,743465721989;514,752440744278;544,744061394797;603,316805453375
"Mu_N2[3, 2]";175,052108116018;20,6376572482853;0,119151569677407;0,11835587831523;137,078129511257;160,671472682655;174,170773889214;188,405100484559;218,326162113969
"Mu_N2[4, 2]";167,478115823853;29,6196198529373;0,171008954953877;0,16835834609528;115,189743416528;146,536304097203;165,505784344439;186,253219392656;231,098591844371
"Mu_N2[5, 2]";257,797601382503;29,9301572834015;0,172801843644597;0,171503171396434;201,316939855799;237,343100677896;257,260832347622;277,74132923537;318,141107686385
"Mu_N2[6, 2]";385,909633820834;36,0152702605991;0,20793425979894;0,21002701881557;318,845199588505;360,982343686824;384,328098063354;409,701559662383;460,045606136031
"Mu_N2[7, 2]";142,684515676953;21,2555294578638;0,122718856542657;0,123837232524572;103,487887547062;127,854944686447;141,853966936642;156,494794285507;186,600617903536
"Mu_N2[8, 2]";823,142027130527;62,5157312731188;0,360934742791215;0,364075236407106;702,469278638544;780,41783501509;822,029910896537;865,002140936669;947,205831768978
"Mu_N2[9, 2]";397,060628837151;30,2812121816248;0,174828660044492;0,174851789142889;339,693887120167;376,352662709803;396,544585189873;417,227085349234;457,844145185088
"Mu_N2[10, 2]";660,932287298991;50,6720361617446;0,292555137183697;0,291254669261891;564,350211991738;626,370954557338;660,067931483096;694,554010404622;762,535521504917
"Mu_N2[11, 2]";372,18021689622;38,2677567797205;0,220938996780547;0,223313440510764;300,448128899748;345,729326051293;371,332842456959;397,342728753004;450,575376573596
"Mu_N2[12, 2]";244,447586672855;28,2248690446917;0,162956357407947;0,16294628575387;192,23737514148;224,845773956554;243,468193000828;262,858423115476;303,026232174319
"Mu_N2[13, 2]";219,242507359079;27,0379153345623;0,156103476967358;0,15611417240594;169,146928646351;200,397716642102;218,29849421878;236,886563337446;274,717761772393
"Mu_N2[14, 2]";570,505348433524;55,5616289826086;0,320785214497232;0,318717984056966;465,07504910207;532,493767156867;569,729279906161;607,289318210264;682,72994252792
"Mu_N2[15, 2]";366,563993424976;33,8288282523534;0,195310830978658;0,194631122294595;303,16783359889;343,325132802371;365,511634225465;388,996627289544;434,978356163583
"Mu_N2[16, 2]";333,981647314981;43,0246610614981;0,248402996456483;0,24801353795956;255,452826377113;304,080132408945;332,084682641123;362,269706489652;424,086392351924
"Mu_N2[17, 2]";453,009743459286;43,5563595260078;0,251472758972607;0,248883259942335;370,978494084566;423,112536352033;451,632795918966;481,952645322214;542,252866138948
"Mu_N2[18, 2]";541,970500446814;53,9481917879817;0,311470030510848;0,311873154052744;439,320073458505;505,008009025992;540,421171799258;577,456243417823;651,811940524209
"Mu_N2[19, 2]";418,798961336634;38,0755125123698;0,219829073985497;0,220525911297487;347,15135325342;392,57101088058;417,825523597162;443,804357808844;496,665512035656
"Mu_N2[20, 2]";489,360650461377;46,8358141093541;0,270406698837509;0,267817460083003;400,676062912469;457,238376758292;488,005093954536;520,349618562076;584,512110769014
"Mu_N2[21, 2]";721,881777038151;60,5562136647388;0,349621462604414;0,349643240928237;605,134531409434;680,546824014371;721,451940347384;762,860671155989;841,505749666813
"Mu_N2[22, 2]";276,670828658848;33,7037293977492;0,194588572404848;0,192325906582629;214,598780279871;253,188676168907;275,440769653273;298,768295052789;346,332898403133
"Mu_N2[23, 2]";203,580900421774;25,3174374745867;0,146170293411441;0,146168704755495;157,441923288818;185,841899295562;202,409582703669;220,088434142575;256,177078691081
"Mu_N2[24, 2]";442,261411468533;44,1032021322149;0,254629956231587;0,254638915580442;359,207145382238;411,564785358799;440,921058151776;471,422906258372;531,622404416588
"Mu_N2m[1, 1]";280,034380999699;37,2997938521165;0,21535046021237;0,21273776431889;210,091008018918;254,331074326429;278,821059464051;304,72245100137;357,230730297521
"Mu_N2m[2, 1]";282,468780730612;37,4133961791557;0,216006343553337;0,216015197581548;211,773103709196;256,432301340458;281,48479085125;307,169255245543;358,994988338618
"Mu_N2m[3, 1]";199,124525198433;23,1608087544463;0,13371899169029;0,134275969567747;156,647804221799;183,070008678316;198,138413888789;214,170765915662;247,613734519294
"Mu_N2m[4, 1]";253,693789388084;37,7499908248638;0,21794967364641;0,218655457346627;186,507067855795;227,112748380777;251,301045270754;277,669452559838;334,287723515923
"Mu_N2m[5, 1]";174,82773947258;27,1087117077474;0,156512220018519;0,156518696693898;124,542871371007;156,041281138361;173,7598257608;192,501765449032;230,409168520654
"Mu_N2m[6, 1]";424,145983864247;39,5708938700769;0,22846266227963;0,228465214763932;349,07982076244;396,910827929094;423,171819696057;450,240603785314;504,710564904745
"Mu_N2m[7, 1]";173,68025811234;22,4345277914456;0,129525806595332;0,129213000937486;132,124519476663;158,070915707593;173,002395843881;188,204834113598;220,608079669056
"Mu_N2m[8, 1]";690,402372981153;59,6244942278904;0,344242177927678;0,342909292104752;576,667824785497;649,413507103452;689,803972290371;730,112006902033;810,815829320778
"Mu_N2m[9, 1]";243,204099864076;25,8102530209907;0,149015565295213;0,149394041907569;194,81850597174;225,317767805032;242,516710083931;260,325962984136;295,561503584481
"Mu_N2m[10, 1]";547,108238302769;47,8749599088893;0,276406209908398;0,274957015021576;456,205765006457;514,463473060867;546,138657347025;578,943199446262;643,076778499022
"Mu_N2m[11, 1]";324,66071438508;34,7633165537641;0,200706101702399;0,19686382476671;259,830735676828;300,585525299574;323,490899742166;347,432420811251;396,718069935751
"Mu_N2m[12, 1]";220,110135057818;25,9926466004312;0,150068615117098;0,149276418209269;171,532983983455;202,088076575862;219,203539974128;237,392401485162;272,888255887592
"Mu_N2m[13, 1]";181,583624704367;25,0538257500226;0,144648330410055;0,144655754945047;135,612321867304;164,040333252843;180,651552080263;198,149541272572;233,8598019184
"Mu_N2m[14, 1]";531,193040365423;53,5099528800102;0,308939856995981;0,308663607368345;428,270803509391;494,321643833118;530,80366997649;566,998677989301;637,081111307023
"Mu_N2m[15, 1]";205,125186064874;28,1882097624514;0,162744704943249;0,161406846533381;151,75693665498;185,71421308648;204,493702069585;223,467552649458;262,454562830362
"Mu_N2m[16, 1]";266,42000959485;39,5235595296277;0,228189377337627;0,229788766987544;194,949634283286;238,896966913947;264,475155226235;291,986452442895;348,812029833233
"Mu_N2m[17, 1]";420,821750040975;43,5509030214395;0,251441255828794;0,249541205664106;338,026089698892;390,866964872208;419,637070656202;449,849509025394;507,877627066588
"Mu_N2m[18, 1]";430,770647941553;49,8924486605003;0,288054186646694;0,286941283803945;337,694701914669;396,34825160712;429,060637708625;463,093340699883;533,442666339471
"Mu_N2m[19, 1]";418,153650745748;38,2247095946401;0,220690463741608;0,222270663572026;345,661210982686;392,069789570218;417,158762495623;443,460118823862;495,27259060556
"Mu_N2m[20, 1]";383,189447496972;43,9964501481266;0,254013623364088;0,255365460707231;299,462350241996;353,13603834928;382,040980517563;412,217222066613;472,295979673882
"Mu_N2m[21, 1]";578,850262710928;58,0340497141386;0,335059742246221;0,331618134950162;466,811954605034;539,424846703425;578,14945015576;617,319196979798;695,052364540982
"Mu_N2m[22, 1]";177,868078807481;28,131460172918;0,162417061035315;0,165726192641552;126,6811396047;158,313175027503;176,662636268992;195,919223287387;236,727929445999
"Mu_N2m[23, 1]";148,92989920972;23,058089600581;0,133125942378939;0,132970101797565;106,105090206913;133,067539237227;147,966813764024;163,901012901504;196,539235591953
"Mu_N2m[24, 1]";190,992317284412;32,138465549142;0,185551517361386;0,185529986912254;133,317029165504;168,524839352234;189,316407280819;211,525121363852;259,354091905318
"Mu_N2m[1, 2]";315,897946548581;38,5280418029178;0,222441753062637;0,219358127383191;243,835039395851;289,25854320193;314,660950891129;341,153313319888;394,62534380171
"Mu_N2m[2, 2]";494,787644895172;42,2495468191195;0,243927872291583;0,24116949305067;413,174846503489;466,271045517423;493,965357707333;523,001347265802;579,300599626852
"Mu_N2m[3, 2]";161,679694680038;19,8452376311537;0,114576532884787;0,11382779409163;125,144038190253;147,903039725205;161,010745881997;174,556459929625;202,524664086232
"Mu_N2m[4, 2]";154,456801113283;27,9707181878281;0,161489016751697;0,159111552963642;105,914436736137;134,756530523903;152,358279408227;172,110646149402;215,32600232859
"Mu_N2m[5, 2]";248,209756088483;29,130832391616;0,168186939230174;0,166870461297068;192,92742645402;228,169859102082;247,709590499223;267,517650777049;307,093710915035
"Mu_N2m[6, 2]";369,307993788339;35,5431780552317;0,205208634180428;0,205720681389412;303,284651951639;344,800437608472;367,948402620496;392,641443953032;442,319700759
"Mu_N2m[7, 2]";131,117222444975;19,9987318958518;0,115462732435212;0,116660433976816;94,5783862945181;117,027871354188;130,319716128541;144,020699068143;172,760710705236
"Mu_N2m[8, 2]";792,051802932899;61,167689045625;0,353151817361989;0,353174688157634;674,676961809492;750,371743751289;791,290396558093;833,20018082717;913,583552611948
"Mu_N2m[9, 2]";367,740762825132;28,1921627446975;0,162767527496888;0,162339696023154;313,914210864635;348,552981284365;367,302226891005;386,499482586316;423,794880083108
"Mu_N2m[10, 2]";638,183138410611;49,6148659909606;0,286451562356883;0,285679659448595;543,597763973878;604,170387430102;637,344439486806;671,251542002467;738,123183417802
"Mu_N2m[11, 2]";328,70347450938;34,7053677855693;0,200371534333234;0,204194280629588;263,75381016988;304,918827309943;327,79572145565;351,727203744034;399,226339290756
"Mu_N2m[12, 2]";192,748316768125;24,7783290666883;0,143057749567216;0,141747636229564;146,882575729477;175,635870055786;191,884884962409;208,879394004498;243,846652469034
"Mu_N2m[13, 2]";203,335624422604;25,6505833310656;0,148093711910616;0,146385865206594;155,629197953199;185,459808479051;202,481830153708;220,055398795368;256,2054838735
"Mu_N2m[14, 2]";503,541663232969;52,276754522803;0,301819982961003;0,303200860242493;404,263802369551;467,644404288171;502,513552544293;538,063878419437;608,580701138133
"Mu_N2m[15, 2]";325,107308432901;30,0681739917704;0,173598683481891;0,173959215481933;268,37302329923;304,458934412847;324,510158854738;345,141848118853;385,871052177615
"Mu_N2m[16, 2]";291,355138815885;40,4004113535731;0,233251883703571;0,231913800849957;217,592099284161;263,146872498797;289,436885624366;317,660665794585;375,995496519072
"Mu_N2m[17, 2]";412,125896161616;42,0494796739326;0,242772784090287;0,240452479449376;332,256063525633;383,082095875239;411,015140100503;440,482318145669;497,186586265768
"Mu_N2m[18, 2]";504,618153664133;51,8150054637441;0,299154073525546;0,298485217000614;405,360824014108;469,188009353764;503,28104689512;538,778271955383;609,98986117015
"Mu_N2m[19, 2]";394,528885598337;36,8541962695032;0,21277780136965;0,212267188024359;324,910342342316;369,335239417209;393,658829463949;418,713424098993;469,943242046824
"Mu_N2m[20, 2]";459,022827155112;45,3068862585692;0,261579429775287;0,25896628249113;373,918001905666;427,912009893673;457,593148632517;488,827670681891;551,836220870394
"Mu_N2m[21, 2]";691,613777969029;58,8234936638569;0,33961759901502;0,340851232761665;578,008648273652;651,25268499343;691,254706327247;731,285850462881;807,353431944035
"Mu_N2m[22, 2]";246,944273509932;31,9831027846548;0,184654530022399;0,184658396749751;188,041392192023;224,882626702753;245,539162980706;267,956073088272;313,480585349188
"Mu_N2m[23, 2]";180,27261216501;23,9107210453387;0,138048612320443;0,137385304244931;136,29952905555;163,755830942742;179,430905312707;195,659083245663;229,757875683746
"Mu_N2m[24, 2]";413,780268303243;43,1827958561985;0,249315988119369;0,249451185825346;332,841808094768;383,828699801419;412,441765862527;442,307900493614;501,405870587512
"Mu_N2nm[1, 1]";58,8835568777784;13,693835812922;0,0790613979282903;0,0796170606289901;35,9142407610722;49,0623555684176;57,6069198316791;67,2287745809977;89,3588552566758
"Mu_N2nm[2, 1]";165,708489463669;26,5626835654408;0,153359725069061;0,155790112535908;119,425422346816;146,958622978517;163,81961399369;182,454724914365;222,520543893725
"Mu_N2nm[3, 1]";82,9064820240596;16,5707430584278;0,0956712296545539;0,0953222325588073;54,455945511211;71,2135138926499;81,5664108472395;93,1506229563246;119,266794292673
"Mu_N2nm[4, 1]";71,3368591791158;15,9994785382254;0,0923730324093807;0,0919904637498015;43,2436728473336;60,1122800723606;70,2012199581465;81,0386825376976;106,070687418217
"Mu_N2nm[5, 1]";47,6723213556262;11,6026564480717;0,0669879682360896;0,066794459674737;28,2021367693456;39,4469882029714;46,5503096339587;54,641300840404;73,773963248178
"Mu_N2nm[6, 1]";104,498829080558;16,8440222748347;0,0972490079461184;0,0977893494915323;74,4117112030107;92,686302964575;103,491547508227;115,232249071848;140,457027412328
"Mu_N2nm[7, 1]";99,6407674529622;13,8960292311499;0,0802287621727128;0,0783127641904924;74,4424883644289;89,9219173878641;98,8507391155411;108,464263207227;129,190482264752
"Mu_N2nm[8, 1]";201,48318973216;23,9465690355837;0,138255580788622;0,137769308608744;157,211861688662;185,152884151674;200,405796822914;216,942287979046;251,073773172665
"Mu_N2nm[9, 1]";156,188749579465;22,9604883805948;0,132562441472617;0,129318310547473;115,027103032858;140,092601081451;154,807794627792;170,837266082311;204,78813079438
"Mu_N2nm[10, 1]";159,181013608969;22,4288209953439;0,129492858392678;0,129340321649816;118,488426689003;143,575235795041;157,850591502509;173,452308906781;206,347842858512
"Mu_N2nm[11, 1]";117,058565468595;22,6294319243199;0,130651086131144;0,132546752641724;76,2125143781546;101,278254527543;115,877630428822;131,375590926436;165,112831765742
"Mu_N2nm[12, 1]";146,942967811619;23,4117232985058;0,135167647485853;0,13413784834684;105,236785126279;130,406642908753;145,534274276264;161,809868101041;196,997774320105
"Mu_N2nm[13, 1]";108,644298718549;17,9959423845244;0,103899621800262;0,104721309676935;76,6865777751872;95,9603764851938;107,493651443042;120,055690140518;147,228291334827
"Mu_N2nm[14, 1]";314,949017894573;34,3498359613925;0,198318870389294;0,200250828468106;251,013609821923;291,091846383705;313,848508468472;337,315827548495;385,797570520584
"Mu_N2nm[15, 1]";224,281520047803;35,9087825060922;0,20731945246164;0,205679061404386;161,270890657839;198,944010837397;221,668458696303;246,584960918203;301,714576634321
"Mu_N2nm[16, 1]";146,80668017998;25,1695828534238;0,145316654358148;0,145319063586965;102,384802052918;129,154828144695;145,349936602164;162,542201017176;200,826352114927
"Mu_N2nm[17, 1]";201,13376733482;25,2479421203935;0,145769061796933;0,143125735692652;154,618919772548;183,485232058194;200,271191915707;217,698113435479;253,261444830193
"Mu_N2nm[18, 1]";267,123170953794;32,5799654224749;0,188100518068546;0,186776776990437;208,420430906716;244,370753507829;265,576905805767;287,788364636688;335,833521484911
"Mu_N2nm[19, 1]";139,488902183852;21,0280892485795;0,121405729882109;0,121366274961273;101,784425352938;124,734421792693;138,083356432365;152,880080184751;184,217621995521
"Mu_N2nm[20, 1]";217,314387413994;22,2753376856963;0,128606722091266;0,127699016679208;175,412831861709;202,112335264595;216,623602666739;231,796127330967;262,708611279329
"Mu_N2nm[21, 1]";261,872939626399;45,0073104012804;0,259849827756803;0,258665243849765;183,58506512167;230,41926841605;258,48879702669;289,666632109446;358,724582708871
"Mu_N2nm[22, 1]";58,1622806994565;13,5117963389737;0,0780103925354189;0,0775041945767377;34,3708393855718;48,612066544224;57,3166752011745;66,7539804387644;87,0391913091285
"Mu_N2nm[23, 1]";66,847224995781;19,3580393833508;0,11176369248961;0,111901654060626;35,076197586029;53,057167693986;64,9981400992097;78,1503364596069;110,506750624332
"Mu_N2nm[24, 1]";53,9041522978449;14,2298548541326;0,0821561053056277;0,0821551659067434;28,2907491478102;43,9124476138348;53,0963440450274;62,8948231649061;84,1229410245637
"Mu_N2nm[1, 2]";10,3601218733872;5,20195078514453;0,0300334768611438;0,0301164368845655;2,7830539022222;6,5686029678552;9,49791966182259;13,1798967745532;22,8955008797555
"Mu_N2nm[2, 2]";20,4440425494959;10,2094322433973;0,0589441845399867;0,0584183325909469;5,48617077785526;12,9775826643062;18,8359107517253;26,0559908910676;44,9521717788836
"Mu_N2nm[3, 2]";13,3150863097138;6,68879628926145;0,0386177833815967;0,0388118876512305;3,96354733647415;8,53373476158982;12,0680916923007;16,7740766385961;29,8138995624894
"Mu_N2nm[4, 2]";12,5595756287167;7,24580953496671;0,0418337008550979;0,0418337154653253;2,91051019384535;7,36722193117713;11,0476941128911;16,1407425061554;30,8269753200456
"Mu_N2nm[5, 2]";8,98409553728248;5,0708723049104;0,0292766949026624;0,0292760005412667;1,88491025696106;5,27410187614856;8,09155921001693;11,6837488485036;21,287176820855
"Mu_N2nm[6, 2]";16,3071357680921;7,27359030154703;0,0419940931857323;0,0422046651584265;5,23036912939294;11,0306881802069;15,2568768089547;20,4473198066542;33,3566602430466
"Mu_N2nm[7, 2]";11,3405144025232;5,77812885276864;0,0333600424855832;0,0328071852673011;3,28663090072692;7,14954170766486;10,2760661990155;14,3768819834852;25,5161321876163
"Mu_N2nm[8, 2]";30,9937461109411;12,2622180702663;0,0707959490373016;0,0716501189622038;11,6133249998773;22,030930376593;29,4022331972299;38,2341095688548;59,0605645638088
"Mu_N2nm[9, 2]";29,0777162743144;11,4679083889858;0,0662099999542294;0,0664075098057639;11,4104464102651;20,795444226178;27,4739126849361;35,6314740700855;55,8412470469531
"Mu_N2nm[10, 2]";22,2496562864474;9,01209005403428;0,0520313261865784;0,0516723435301459;8,2195192338757;15,6707918725405;21,0266993425493;27,5014156828144;43,1106938675031
"Mu_N2nm[11, 2]";43,3536277822787;16,2975842547325;0,0940941465661043;0,094603067726867;17,6180628576938;31,4026734266622;41,2848778314882;52,973240428784;80,6391480726314
"Mu_N2nm[12, 2]";51,6222801988336;15,8042460602977;0,0912458571725197;0,0912493706483549;25,2995167479064;40,2411391392434;50,1086416219839;61,2885748603958;86,7325899696588
"Mu_N2nm[13, 2]";15,6971092158989;7,74351621494541;0,0447072117117297;0,0447451642435656;4,6902410407946;10,0877024712965;14,3475732617314;19,7415452464828;34,4784150234394
"Mu_N2nm[14, 2]";66,9531047535822;20,3513831023537;0,117498765125251;0,118885425186587;33,2446080802053;52,2760042442095;64,9861793786876;79,4679849876812;111,869743203148
"Mu_N2nm[15, 2]";41,2027151340365;15,4819919569398;0,0893853222393084;0,088708158613652;17,3377835436626;30,053485006322;39,000687403123;50,1136574941246;77,173054961174
"Mu_N2nm[16, 2]";42,5065048230087;14,8562895917242;0,08577282794941;0,0855211916613708;19,2169604596648;31,7094585226753;40,6553397923149;51,2938477380355;76,9915478720483
"Mu_N2nm[17, 2]";40,5560470056255;14,8978792564985;0,0860129459909396;0,0863932806158659;16,9899575525676;29,7585356584548;38,6822132741456;49,4623100282745;74,7458632958072
"Mu_N2nm[18, 2]";36,6077290656731;12,7622765011779;0,0736830377342748;0,0739094439086803;16,2885873946726;27,4279209812139;34,9949204420181;44,1211908593431;66,1024807779322
"Mu_N2nm[19, 2]";24,1565626310459;8,81132627467447;0,0508722159660093;0,0508404809900848;10,101480962239;17,755926988203;23,1069319218199;29,3877891965685;44,1704063440206
"Mu_N2nm[20, 2]";30,2314532096119;11,6014935953081;0,0669812545025283;0,0658248783870748;11,8569577930667;21,896905740341;28,7374896795347;36,8777319343626;56,7984872870151
"Mu_N2nm[21, 2]";30,1590250316642;12,7241465958414;0,0734628946231728;0,073715845601623;10,7082596648584;20,9804116886625;28,3718726484045;37,3392099629462;59,9808156369258
"Mu_N2nm[22, 2]";29,6936805956976;11,5253100486651;0,0665414085909071;0,0665291942804556;11,5741262939196;21,2953891653882;28,1710428324303;36,4973209144128;56,2933857211128
"Mu_N2nm[23, 2]";23,2071140196459;12,6192046981738;0,0728570122944966;0,0735935346111138;6,33406804261436;14,1411565108512;20,5945734598154;29,5039222012442;54,7411894576337
"Mu_N2nm[24, 2]";28,3018054316732;13,0351148929503;0,0752582709236255;0,0754995683042211;8,45786755712709;18,7074489402967;26,6221506197942;35,8429253109409;58,7388058507773
"Mu_N3[1]";454,92251886279;31,2203221062528;0,180250613722319;0,178009061211339;396,963035047688;433,295814316148;453,93343370351;475,515934791091;518,918903940497
"Mu_N3[2]";593,341617164281;27,9801758424171;0,161543620545926;0,16153861793674;540,325394262233;574,140386562767;592,618157117488;611,640807604375;650,868453041323
"Mu_N3[3]";275,43054292543;22,4811358916389;0,129794898587263;0,12967822868389;234,586551921186;259,58582428746;274,436245583729;290,038685946044;321,909924647202
"Mu_N3[4]";311,573791390222;37,8531954429717;0,218545525786873;0,218291666500232;243,877114903536;285,315055850051;309,536364484836;335,745372305416;393,292839411507
"Mu_N3[5]";322,938149446933;19,8831310349582;0,114795310553657;0,115872239935065;285,659895895176;309,308477373978;322,201630482934;336,138809843039;363,101102136035
"Mu_N3[6]";605,706496239996;37,8007852797262;0,218242935568292;0,216846895897982;535,118171883024;579,657887437673;604,559898402277;630,568541266547;682,603176331576
"Mu_N3[7]";232,676146582989;19,9537788613777;0,115203195969667;0,116649753617659;195,983161719501;218,75647785031;231,79833785837;245,653804408843;273,989552976527
"Mu_N3[8]";1131,67511918683;40,7468125167229;0,235251831751492;0,235250212927056;1053,53488151478;1104,01406476732;1130,95705620925;1158,89107808206;1213,19496218692
"Mu_N3[9]";466,382780347386;20,6547866411945;0,11925046627348;0,119796827402529;427,043497630887;452,228526397769;466,068797217976;480,074074199642;507,793261424184
"Mu_N3[10]";904,827131797292;38,8867831058263;0,224512946940674;0,225863902240567;831,107218231618;878,193535783749;903,810900840053;930,806758402227;983,203104121048
"Mu_N3[11]";498,764824136061;31,0277360602864;0,17913871766751;0,178699977189948;440,307173167389;477,454267318509;497,71547565585;519,09194063808;562,504621134289
"Mu_N3[12]";315,167676187585;24,1515543242015;0,139439063904256;0,139433427896767;270,72873098056;298,347377299931;314,358186824659;330,897698903131;365,307870867029
"Mu_N3[13]";293,839461759068;25,0132475893971;0,144414052290452;0,144424346822294;247,502685631958;276,41625812554;292,848946020211;310,156869460507;346,215357025068
"Mu_N3[14]";789,895254805734;34,3284063479112;0,198195146458174;0,197670164472613;726,207680496281;766,084415677147;789,036557713596;812,573036640168;858,648037486112
"Mu_N3[15]";404,76861353068;21,6895182568909;0,125224492042093;0,124121864589114;363,656130248683;390,094780431204;404,15427484829;419,049271069456;448,553380970682
"Mu_N3[16]";425,79411074745;40,0380829309548;0,231159979580233;0,232949462253488;353,416830301029;398,066305210505;423,922616391854;451,662224899547;509,286275444899
"Mu_N3[17]";635,855152967206;37,0830827153298;0,214099277880768;0,214004686493508;567,182665706993;610,34938291119;634,677796681697;660,273611616049;712,144911428133
"Mu_N3[18]";714,056630378103;41,8841512110713;0,24181825976491;0,241812322813083;635,527110866848;685,322774608696;712,756478757864;741,738021092146;799,84140481654
"Mu_N3[19]";620,385183650739;33,9775394149425;0,196169415276181;0,196174381033766;556,746493537745;597,11401045005;619,232969480363;642,731018381961;689,519848986473
"Mu_N3[20]";642,927580348198;34,7692593412194;0,200740412401769;0,200248657504007;578,401231587029;618,810815201411;641,722684919732;665,781544354595;714,339130168327
"Mu_N3[21]";969,846196947421;30,2606219497614;0,174709782285403;0,174835282340296;911,843072062083;949,267250223691;969,311546843742;990,084135679176;1030,4594055419
"Mu_N3[22]";324,293038700116;28,1826897341756;0,16271283504514;0,163502888871357;271,62428043846;304,890572735251;323,139481011518;342,491979895469;382,745103180778
"Mu_N3[23]";251,306446667663;22,6477563438651;0,130756882216716;0,131116606750888;210,279457353398;235,502978619168;250,279453019154;265,963868367821;298,097328552813
"Mu_N3[24]";461,670990574695;36,6339862619709;0,21150641829838;0,21149977740045;394,368177580279;436,188322101535;459,971823921753;485,348301780326;537,53926717834
"Mu_N4[1]";41,5805229507718;8,81688776237325;0,0509043252302092;0,0510976767735556;26,7518215270357;35,3162801099425;40,7952985760253;46,9573151280183;61,0901901603543
"Mu_N4[2]";111,783772458614;16,3195397658616;0,09422090676871;0,0948813379545412;83,4081541117912;100,180897534652;110,523062961405;122,069443446666;146,864975983676
"Mu_N4[3]";57,7806263708132;10,5628636579216;0,0609847217631436;0,0603004098672217;39,7965940832817;50,3220925480015;56,8171327848916;64,1960503716839;80,8330819134051
"Mu_N4[4]";50,379438180215;9,57877203971311;0,0553030661563442;0,0550548229309229;33,903655914617;43,6050625239811;49,6115450910843;56,2478634538661;71,3303652545413
"Mu_N4[5]";34,0219278555362;7,29949061780028;0,0421436287313414;0,0421421381161532;21,8835436953548;28,8040435960477;33,3191881031852;38,4211062943906;50,4117311284367
"Mu_N4[6]";72,5434477857644;10,2358433942588;0,0590966693905817;0,0593411016937935;54,4322823107118;65,3771515769752;71,8619858223398;78,9570101587846;94,6253862592616
"Mu_N4[7]";66,6437690851369;8,26625020174125;0,0477252177916411;0,0473994062503026;51,938101768214;60,8314751264832;66,1382048378783;71,8725741498951;84,3089522073918
"Mu_N4[8]";139,601372149605;14,1750752824457;0,0818398353010321;0,0819252337097917;113,992774422933;129,684484444631;138,746731662061;148,757171392893;169,343345674389
"Mu_N4[9]";111,251693647368;14,4341593392636;0,083335657800498;0,0828659483316978;85,5829357734956;101,178378236412;110,308307712307;120,257533277973;142,284888822955
"Mu_N4[10]";108,948315133145;13,8807117012856;0,0801403263728082;0,0804943743019652;84,0844484328064;99,1810194789974;108,106320798761;117,795678408173;138,157126143797
"Mu_N4[11]";96,3268128347286;13,7892670871787;0,0796123706471028;0,0796142895994822;72,1495357022841;86,6344924901033;95,3589709868465;104,944704396498;126,31427699904
"Mu_N4[12]";119,237553536038;15,915676806157;0,091889202883698;0,0904860280987468;91,0722487050833;107,973844752602;118,2285378647;129,413357838252;153,530429663981
"Mu_N4[13]";74,6664657279281;10,9690544525493;0,0633298654093503;0,0633322005569912;55,4321565902469;66,925279939974;73,8981388569161;81,4572188417818;98,5389280226391
"Mu_N4[14]";229,330536189237;20,4651333320596;0,118155502382662;0,118583956910578;191,918659527571;215,251035237517;228,276933855989;242,610501385187;272,172513763797
"Mu_N4[15]";159,42210947105;22,5481915961507;0,130182044877769;0,131651466811209;119,837812854224;143,643351884511;157,64782311414;173,5139422689;208,022362342688
"Mu_N4[16]";113,681730605164;16,4059160139547;0,0947196002695916;0,0954433965432054;84,9436199047473;102,054752622985;112,49502057158;123,944913435807;148,936941197066
"Mu_N4[17]";145,133664955395;15,2680094721435;0,0881498937873183;0,0875433767192344;117,31833573448;134,559605772652;144,404946914365;154,918256807802;177,382891514696
"Mu_N4[18]";182,389062610361;20,3087961135865;0,117252889030964;0,116364612532796;145,802156422509;168,197126946699;181,365535027997;195,339000253582;225,521892866789
"Mu_N4[19]";98,2683781140243;13,3358095222746;0,0769943321754683;0,076770844049805;74,6507364033615;88,9292660099096;97,4235849835198;106,697974473387;126,794766088015
"Mu_N4[20]";148,650182847841;12,9614638682956;0,0748330465345208;0,0756345511997572;124,625466884481;139,774364561478;148,09775130157;156,938417752021;175,671515387438
"Mu_N4[21]";175,363903649027;28,5366792112692;0,164756594244043;0,165036580298765;125,447714247003;155,341636468845;173,260606120489;193,180079115781;236,653944763496
"Mu_N4[22]";52,7571163300416;8,81575834279137;0,0508978045232129;0,0505478696780127;37,5581009445741;46,5224345001747;51,9936342355214;58,2092647820658;71,9277508730399
"Mu_N4[23]";54,0772324316248;13,1422138443518;0,0758766070078412;0,0760558504764416;32,8188971199752;44,6995236915377;52,5971865510985;61,8400925172321;83,7823111585237
"Mu_N4[24]";49,3643141686037;8,98476665648063;0,0518735744772506;0,051361684203346;33,9980897408459;42,9946494564873;48,6257547630136;54,9399168634662;69,0347494778851
"Mu_Sd_L1";0,203579333022988;0,00549007965734896;3,16969896804291e-05;3,18571985977544e-05;0,193357162045092;0,199840389677377;0,203343827128297;0,207103681082721;0,21502646877957
"Mu_Sd_L1surv";0,202187488491471;0,00313118061691661;1,80778797205814e-05;1,80776215894639e-05;0,196146617317043;0,200081050894426;0,202131106760015;0,204266779138754;0,208504080813266
"Mu_Sd_L2";0,289621180923529;0,0090555293074621;5,22821228331779e-05;5,25349107886809e-05;0,27300017265772;0,283473494834269;0,289164155326593;0,295289410228664;0,308683576036773
"Mu_Sd_L2m";0,287083909738988;0,00430563176632208;2,48585765931746e-05;2,49861827424245e-05;0,278789690466896;0,284156529804655;0,287049265646659;0,289970311748881;0,295679743444311
"Mu_Sd_L2nm";0,287083909738988;0,00430563176632208;2,48585765931746e-05;2,49861827424245e-05;0,278789690466897;0,284156529804655;0,287049265646659;0,289970311748881;0,295679743444311
"Sd_Alpha1";0,536699452031002;0,0890321393677493;0,000514027296304983;0,000514041174310049;0,392340509052645;0,474147805047915;0,52611908420417;0,587846554758222;0,73899653984527
"Sd_Alpha2[1]";0,485878606936642;0,0985127138070079;0,000568763418350766;0,000566694811216202;0,32310374097949;0,416930357869749;0,475157265966949;0,543010245590402;0,709248107222769
"Sd_Alpha2[2]";0,742588842660449;0,178649383008955;0,00103143269370781;0,0010226029999271;0,440319388821339;0,620005316519317;0,72472692473405;0,846794551372936;1,14951909693058
"Sd_L1[1]";0,204140357630132;0,0130709735873352;7,54653011921844e-05;7,56908880002364e-05;0,180522580466592;0,195199738109024;0,20347300756292;0,212200154765504;0,23204137957095
"Sd_L1[2]";0,222189053065984;0,0140346562773282;8,10291257969932e-05;8,10290129260309e-05;0,197466429163382;0,212295978742885;0,221197738459689;0,231018122755965;0,252295276780899
"Sd_L1[3]";0,210624479241941;0,0129047124916169;7,45053923084975e-05;7,48252723471343e-05;0,187531783783219;0,201687542760341;0,20990195330531;0,218677184460776;0,238215612816689
"Sd_L1[4]";0,200616690034386;0,0126629164380376;7,31093821422675e-05;7,27333749492554e-05;0,177498708798397;0,191969371298451;0,200073361183357;0,208683540729214;0,227083384554798
"Sd_L1[5]";0,213407372671552;0,0136711893232496;7,89306483592049e-05;7,89317074309156e-05;0,189129378506914;0,203862677583855;0,212426668841847;0,221975738658666;0,242744279801023
"Sd_L1[6]";0,225591328990951;0,0144782027195593;8,35899423751954e-05;8,35903268648784e-05;0,200151915951069;0,215451615951007;0,224637086450786;0,234453340521894;0,25689367680673
"Sd_L1[7]";0,190668171293455;0,0119635931037426;6,90718369892096e-05;6,93431764630311e-05;0,168490465204282;0,18236333155277;0,190342690894104;0,198436731097494;0,215126165072933
"Sd_L1[8]";0,193033162053459;0,0122740022426902;7,08639849885128e-05;6,99902245001307e-05;0,170431171953449;0,184575609359878;0,19266806225188;0,200827506119798;0,218699943983961
"Sd_L1[9]";0,213056254168427;0,013127119517991;7,57894598739652e-05;7,57864002118788e-05;0,189508659039573;0,204006271188297;0,212279460773126;0,221207317203731;0,24116103179542
"Sd_L1[10]";0,228053339825719;0,0148020889400952;8,54599003413275e-05;8,55338030009438e-05;0,202205899016328;0,217586698322214;0,227060918267638;0,237292739240174;0,259999212029209
"Sd_L1[11]";0,219495115770339;0,0137692434600343;7,9496764181883e-05;7,90121566560175e-05;0,19525205039263;0,209938577609931;0,218617153101481;0,228205849489077;0,249128319679468
"Sd_L1[12]";0,20467164426654;0,01258264759272;7,26459497477509e-05;7,26456170653343e-05;0,181693137389838;0,196046687356534;0,204000642504147;0,212602720639481;0,231310522928623
"Sd_L1[13]";0,220246853177073;0,0139952757733193;8,08017623510893e-05;8,08084927137181e-05;0,195750866132225;0,210513484394881;0,219194297434716;0,229014723508733;0,250696522363217
"Sd_L1[14]";0,181303032859001;0,0121020565874336;6,98712562850286e-05;6,92633546570941e-05;0,158637888506239;0,172912746578422;0,181051305532874;0,189360367602529;0,205551742036878
"Sd_L1[15]";0,193523992152425;0,0121426321773659;7,01055195627281e-05;7,12996390165729e-05;0,171047462759825;0,1851331151704;0,193171752562818;0,201353165730894;0,218890106543932
"Sd_L1[16]";0,226088696656456;0,0143925199483562;8,30952526650052e-05;8,38269681654664e-05;0,200858391824855;0,215946370579489;0,225018582665604;0,234997051909092;0,257252363903065
"Sd_L1[17]";0,192514575306955;0,0122174840842777;7,0537677248777e-05;7,03506234625967e-05;0,16955205028327;0,18416230777279;0,192150679060473;0,200530971268617;0,217626921716945
"Sd_L1[18]";0,174081217924281;0,0126243262517681;7,28865815979598e-05;7,27889161869195e-05;0,150498706807921;0,165376747691971;0,173691619634015;0,182460715454939;0,199647338794115
"Sd_L1[19]";0,195488287710756;0,0121273782563548;7,00174510087088e-05;6,93831428085196e-05;0,172571986387162;0,187264149580744;0,195099484519135;0,203316678967357;0,220615039487896
"Sd_L1[20]";0,181968850212261;0,0118558625603217;6,84498544067693e-05;6,86743265814336e-05;0,159623252743331;0,17376234303807;0,181701121645449;0,189893966016997;0,205935940437794
"Sd_L1[21]";0,195396009465318;0,0120299908220936;6,94551843948449e-05;6,87666908605484e-05;0,17295276939046;0,187145089555367;0,194883323279253;0,203131039299192;0,220211811099573
"Sd_L1[22]";0,197685620293119;0,0121667566722671;7,0244802398981e-05;6,93549464209261e-05;0,174962520351281;0,18936442251015;0,197189784698173;0,205418830372102;0,223167935208693
"Sd_L1[23]";0,196312577737853;0,0130010612151892;7,50616619234029e-05;7,80386046678082e-05;0,17238818354107;0,187325376465481;0,195745034862386;0,204646245577512;0,223496579733495
"Sd_L1[24]";0,193589512078046;0,0129739890054587;7,49053604476483e-05;7,45559822108032e-05;0,169363164941821;0,184651781598453;0,193128688988474;0,201951690848406;0,220905151991802
"Sd_L1surv[1]";0,203525954528685;0,012669650353766;7,31482604228526e-05;7,33704576789077e-05;0,180324568571074;0,194866886614239;0,202987420421323;0,211463154379186;0,230246393311934
"Sd_L1surv[2]";0,220813806034367;0,0131506607015417;7,59253749605656e-05;7,59254327557179e-05;0,197101514860067;0,211561020043072;0,220078636932764;0,229284109142773;0,248443642923232
"Sd_L1surv[3]";0,209793056206797;0,0123770432470539;7,14588925045822e-05;7,17495496664557e-05;0,187261456243999;0,201219730551772;0,209223615865736;0,217645593209909;0,23586494077033
"Sd_L1surv[4]";0,20008810111884;0,0123361663766599;7,1222889783326e-05;7,08575681815786e-05;0,177312340984517;0,191674287907989;0,199653755130501;0,208027849260966;0,225597666252053
"Sd_L1surv[5]";0,212355790087614;0,0129894753109035;7,49947706738214e-05;7,49958196934951e-05;0,188841203925793;0,203294108552019;0,211568607493508;0,220676354781858;0,239689003726203
"Sd_L1surv[6]";0,223853078959062;0,0133837538910554;7,72711391176856e-05;7,72714713624013e-05;0,199687135284793;0,21448706874876;0,223216407867505;0,232267291764859;0,252147445418428
"Sd_L1surv[7]";0,19033401027908;0,0117957577819357;6,81028393069617e-05;6,83733633845779e-05;0,168316492370621;0,182154860158079;0,19006915627941;0,198055084239708;0,214264346426304
"Sd_L1surv[8]";0,19266205922684;0,0120717654921945;6,96963705651255e-05;6,8842409704073e-05;0,17025976236121;0,184349840415927;0,192366553333306;0,200393126284319;0,217672561170838
"Sd_L1surv[9]";0,212006739629079;0,012477925068129;7,20413339701228e-05;7,20386605176872e-05;0,189198900095346;0,20341538774166;0,211407041359361;0,219928547730232;0,238257255358809
"Sd_L1surv[10]";0,226281141133198;0,0136599575087199;7,88658014477828e-05;7,89373295165384e-05;0,201755981408484;0,216634041972658;0,22561243820462;0,235067045774608;0,255013481726337
"Sd_L1surv[11]";0,217929937341244;0,0128394163132086;7,41284046466868e-05;7,36662988023534e-05;0,194767062791671;0,209032483316506;0,21727900760922;0,226234418351533;0,245044130009954
"Sd_L1surv[12]";0,204034605187049;0,0121864564914305;7,03585393579507e-05;7,03582466696564e-05;0,181484038531698;0,195687849084879;0,203485252951924;0,211835836796497;0,2295297187937
"Sd_L1surv[13]";0,21894917067952;0,0131522812521172;7,59347312136756e-05;7,594215773662e-05;0,195405071997185;0,209805575576744;0,218153345298363;0,227397434606652;0,247013634384683
"Sd_L1surv[14]";0,180984088632306;0,0119595927639906;6,90487410168829e-05;6,84390548485304e-05;0,15845864648611;0,172698966566914;0,180785113282961;0,188988249801408;0,204821710901157
"Sd_L1surv[15]";0,192646103584699;0,0116764370456268;6,74139407146834e-05;6,85780017726572e-05;0,170731298217868;0,184615467233538;0,192421856913554;0,200271713469669;0,216645894021053
"Sd_L1surv[16]";0,224426122434699;0,0133265302440457;7,69407582376349e-05;7,7613628912311e-05;0,20041719222249;0,21505731996508;0,223651771392014;0,232924932038086;0,252603056274052
"Sd_L1surv[17]";0,191615175747321;0,0117479070260731;6,78265728391799e-05;6,76325053281459e-05;0,169251399686606;0,183630126151069;0,19135697587179;0,19941259682682;0,215457587618214
"Sd_L1surv[18]";0,173584776402391;0,0123625739079962;7,13753537365824e-05;7,12814560055661e-05;0,150280672191637;0,165072322073143;0,173268346973872;0,181861208032503;0,198412524715886
"Sd_L1surv[19]";0,195008217856172;0,0118593819836377;6,84701738067582e-05;6,78444540685368e-05;0,172384841635773;0,186984999335731;0,194720095092836;0,202734984372062;0,219329741556431
"Sd_L1surv[20]";0,181565357420004;0,0116612482705846;6,73262482810907e-05;6,75449126697063e-05;0,159425506166173;0,173503782759729;0,181350127427923;0,189418753573383;0,204991710775428
"Sd_L1surv[21]";0,194758670324628;0,0116800692643252;6,74349113391165e-05;6,67529423368019e-05;0,172723414801259;0,186767505624848;0,19435711907864;0,202362725444943;0,218580826600881
"Sd_L1surv[22]";0,197045740522922;0,0118090930710075;6,81798306343154e-05;6,73180237666769e-05;0,174732565195026;0,188986700053861;0,196662031636276;0,204641800387584;0,221506337052901
"Sd_L1surv[23]";0,195383846525083;0,0124766689168951;7,20340815775924e-05;7,49048350452025e-05;0,172106497414815;0,186788125250086;0,194948136401452;0,203511269794023;0,221120307976819
"Sd_L1surv[24]";0,192854173933693;0,0125528919185341;7,24741552827394e-05;7,21531248396753e-05;0,169102288762259;0,184221287410308;0,192521950005681;0,201029491332273;0,218922049718562
"Sd_L2[1]";0,354264484711415;0,0257758830404678;0,000148817130120144;0,000149851563690052;0,309345856996601;0,336094406100564;0,3524092105216;0,370341268265165;0,410091588908423
"Sd_L2[2]";0,303011670959339;0,0189104650946074;0,000109179621128726;0,000108524500763029;0,268599829964144;0,289957836510633;0,30189896755558;0,315027317523286;0,343434234178325
"Sd_L2[3]";0,282808406229797;0,0176704389889034;0,000102020327069423;0,000102552749388435;0,250357234687643;0,270541033757839;0,282010217389233;0,294195823984015;0,319940988380591
"Sd_L2[4]";0,33418730262287;0,0238871265152074;0,000137912389237216;0,000138112622415963;0,292988499603051;0,317362953605478;0,332540730771059;0,348681671468254;0,385902942829043
"Sd_L2[5]";0,351173355555848;0,0258582365946102;0,000149292598586672;0,0001500449830763;0,305803825180807;0,332973366300537;0,349169019693904;0,367266037086708;0,407274572271971
"Sd_L2[6]";0,314842249176987;0,0208176170829752;0,000120190568267423;0,000120745026137643;0,277829913939756;0,30046096256264;0,313611664522948;0,327976195703241;0,358985782225579
"Sd_L2[7]";0,328066340886625;0,020423974455673;0,000117917871499048;0,000117605313465324;0,291784183741537;0,313813449836751;0,326756933078583;0,340895102635355;0,371586440773872
"Sd_L2[8]";0,258751551784658;0,0164079007410038;9,47310590965521e-05;9,48331177271165e-05;0,228331677855209;0,247466960348088;0,258174526134913;0,269389446244367;0,292893332280427
"Sd_L2[9]";0,290913070673102;0,0210020248651343;0,000121255247094125;0,000120893884454572;0,253192136367462;0,276315891804419;0,28971802819615;0,304239032810403;0,336059200198763
"Sd_L2[10]";0,295834457956018;0,0205608022623364;0,000118707847209146;0,000117960032308558;0,259043434751804;0,281756474282844;0,294530526543771;0,308850713274128;0,339561914704901
"Sd_L2[11]";0,297238289021118;0,0198954767981417;0,000114866588850631;0,000113911532261196;0,261513173959992;0,283486584822381;0,296112080192321;0,309751180237213;0,339487076089582
"Sd_L2[12]";0,282410410661411;0,0177149826684536;0,000102277500123213;0,000102269119895435;0,250336265179059;0,270113483592516;0,281422337910552;0,293721422542715;0,319722789384372
"Sd_L2[13]";0,298388585370794;0,0194412991569038;0,000112244393016344;0,000111407051189632;0,263498203472151;0,284888466469268;0,297193378001415;0,310711761769078;0,339641813480104
"Sd_L2[14]";0,247467989433233;0,015916136113138;9,18918546937897e-05;9,17288496188494e-05;0,217808977224023;0,236507653816545;0,246965445077881;0,257729578414925;0,280330205522342
"Sd_L2[15]";0,254388700553858;0,0169455283322816;9,78350534420324e-05;9,93413545266534e-05;0,223334593824981;0,242645108262075;0,25372842518729;0,265367360382614;0,289671935100778
"Sd_L2[16]";0,279828790660429;0,0177495752966517;0,000102477220755234;0,000101359497780268;0,247597420131527;0,267476406015703;0,279009011751288;0,291150492706678;0,317002095761274
"Sd_L2[17]";0,266789247362337;0,018585025308591;0,00010730069364811;0,000107866322583082;0,232620746177309;0,253880249803612;0,265907647663841;0,278804391880705;0,30591476244671
"Sd_L2[18]";0,26993043151013;0,0170797983237637;9,86102615992949e-05;9,8263639894783e-05;0,238973571318083;0,258012647864361;0,269097843176829;0,280909811048081;0,305370302275628
"Sd_L2[19]";0,256121176736657;0,0169547258704277;9,78881554532776e-05;9,67037680500701e-05;0,225067566037631;0,244477940798666;0,25534922806107;0,266936906339498;0,291491409650783
"Sd_L2[20]";0,252849741839425;0,0161337379812411;9,31481796650442e-05;9,23056492057496e-05;0,22315662007626;0,241587665367798;0,252210654362;0,263287173970246;0,286173570856604
"Sd_L2[21]";0,267890314704419;0,0157499845324748;9,09325780955677e-05;9,05759175864053e-05;0,238812787516138;0,256964380142803;0,267327155195888;0,278092437721358;0,30070058167511
"Sd_L2[22]";0,266248162614565;0,0159489715339429;9,20814300841961e-05;9,20802731414208e-05;0,237060853687048;0,255084313382746;0,265649192012153;0,276653301426899;0,299529468272124
"Sd_L2[23]";0,283519403471159;0,0184981411321646;0,000106799067621629;0,000107543362559106;0,249871086547913;0,270714607802667;0,282555287808625;0,295283937502315;0,322450090382432
"Sd_L2[24]";0,291294009309891;0,019156367963326;0,000110599342003218;0,000107888164370156;0,256496749186293;0,277894081643532;0,290279531261866;0,303667251353363;0,331215170898454
"Sd_L2m[1]";0,347522887120884;0,0221743532388434;0,000128023688115521;0,000128857054057328;0,307220169409301;0,331954085719791;0,346454723375901;0,361802316803482;0,393904015222332
"Sd_L2m[2]";0,301458902663758;0,0180193933409607;0,000104035015960374;0,000103428631143354;0,26806894475034;0,289038927127093;0,300583384706041;0,313098009026551;0,33926140130406
"Sd_L2m[3]";0,282018445224102;0,0172370064925671;9,95179033850692e-05;0,000100023754888091;0,250059239632916;0,270081141097391;0,281364897096854;0,293254359418454;0,317781784122136
"Sd_L2m[4]";0,329907759294731;0,0214076987207426;0,000123597406191511;0,000123779263635043;0,291641606132237;0,31483853080372;0,328895570459143;0,343417147095195;0,374886366209968
"Sd_L2m[5]";0,346902808673533;0,0229974136724071;0,000132775629744294;0,000134339220339464;0,304827637477545;0,330776772195582;0,345725562595332;0,361787572771429;0,395086966071808
"Sd_L2m[6]";0,313241582238529;0,0197600788424591;0,00011408486838902;0,000114604208803231;0,277412520500275;0,29961850396732;0,312338135602157;0,325954625656606;0,35435878361529
"Sd_L2m[7]";0,325246413135711;0,0188402888658188;0,000108774458482908;0,000108491131655801;0,290915928491085;0,312158599269178;0,324381940856298;0,337357850376999;0,364437497817432
"Sd_L2m[8]";0,258314637802342;0,0162327582103337;9,37198732242625e-05;9,3819212271531e-05;0,228067874977247;0,247159491581511;0,257802976947991;0,268889409461826;0,291925486540208
"Sd_L2m[9]";0,289698370371835;0,0202055939872231;0,000116657051276595;0,000116285949374956;0,2528100635014;0,275678596494012;0,28876193112643;0,302709187046878;0,332254438221958
"Sd_L2m[10]";0,294400629983779;0,0196535498811319;0,000113469823144032;0,000112774794511979;0,258613516779626;0,280973265880359;0,293363520808651;0,307068726781594;0,335414885639477
"Sd_L2m[11]";0,296380758617614;0,0193160757404313;0,000111521415284252;0,000110588501339198;0,261235180980139;0,283034496130231;0,295443379443348;0,308711335923218;0,336956169355287
"Sd_L2m[12]";0,281640094048714;0,0172867607094212;9,98051594900096e-05;9,97968479736376e-05;0,250025981943142;0,269654575857527;0,280796271076694;0,292822869325021;0,317752497035797
"Sd_L2m[13]";0,296682274062482;0,0184590450059974;0,00010657334603196;0,00010578562830623;0,262984643052548;0,283891621652135;0,295784799720504;0,308547761064422;0,335255172298409
"Sd_L2m[14]";0,247197312323305;0,0158800684230545;9,16836177880022e-05;9,15227084643094e-05;0,217550138571191;0,236261491174294;0,24671458227787;0,257461022713135;0,279925152454562
"Sd_L2m[15]";0,253196958568904;0,0163146162543943;9,41924808619998e-05;9,56689714704997e-05;0,222896539993091;0,24194225873567;0,252702383162697;0,263863286877864;0,286757879868788
"Sd_L2m[16]";0,279001587138301;0,0172884411592112;9,9814861571396e-05;9,8723695176743e-05;0,247279071569347;0,266985534495351;0,2783380814657;0,29015481911314;0,3148382162642
"Sd_L2m[17]";0,265522900422367;0,0178629444498855;0,000103131757866607;0,000103657803286361;0,232232811340665;0,253144453630107;0,264847283265954;0,277202989804062;0,302612378283766
"Sd_L2m[18]";0,267906421771953;0,0160684560341338;9,27712741676883e-05;9,243150826556e-05;0,238244627609523;0,256725721739049;0,267280322163579;0,278405069313235;0,300961039892576
"Sd_L2m[19]";0,255458735218238;0,0166210589617981;9,59617286581079e-05;9,47862948631834e-05;0,224761168766624;0,244074395373756;0,254797370659406;0,266165349807329;0,289780863836969
"Sd_L2m[20]";0,252265763700331;0,0158658820101143;9,1601712494703e-05;9,07663891959308e-05;0,222860238503998;0,241206529856052;0,251704931031905;0,262597801546175;0,284867398339879
"Sd_L2m[21]";0,267394592960849;0,0155359647550175;8,96969343342987e-05;8,93396867821021e-05;0,238545322616807;0,25661951731644;0,266896823063139;0,277510254041342;0,299542725471618
"Sd_L2m[22]";0,265804496135136;0,0157664579037158;9,10276871487722e-05;9,10352581383543e-05;0,236798793670981;0,254774653709686;0,26527520347661;0,276149722009641;0,298456595282614
"Sd_L2m[23]";0,282488808523646;0,0179017041350974;0,000103355537013515;0,000103710542728388;0,249510833629564;0,270128406076736;0,281698939266665;0,294061511179369;0,31971679840685
"Sd_L2m[24]";0,290360693734664;0,0185782411438901;0,000107261525254947;0,000104622085578539;0,256194879600292;0,277380339161649;0,28951575584098;0,302490443945082;0,328655877510481
"Sd_L2nm[1]";0,347522887120884;0,0221743532388434;0,000128023688115521;0,000128857054057328;0,307220169409301;0,331954085719792;0,346454723375901;0,361802316803482;0,393904015222332
"Sd_L2nm[2]";0,301458902663758;0,0180193933409607;0,000104035015960374;0,000103428631143354;0,26806894475034;0,289038927127093;0,300583384706041;0,313098009026551;0,33926140130406
"Sd_L2nm[3]";0,282018445224102;0,0172370064925671;9,95179033850692e-05;0,000100023754888091;0,250059239632916;0,270081141097391;0,281364897096854;0,293254359418454;0,317781784122136
"Sd_L2nm[4]";0,329907759294731;0,0214076987207426;0,000123597406191511;0,000123779263635043;0,291641606132237;0,31483853080372;0,328895570459143;0,343417147095196;0,374886366209968
"Sd_L2nm[5]";0,346902808673533;0,0229974136724071;0,000132775629744294;0,000134339220339464;0,304827637477544;0,330776772195582;0,345725562595332;0,361787572771429;0,395086966071808
"Sd_L2nm[6]";0,313241582238529;0,0197600788424591;0,00011408486838902;0,000114604208803231;0,277412520500275;0,29961850396732;0,312338135602157;0,325954625656606;0,35435878361529
"Sd_L2nm[7]";0,325246413135711;0,0188402888658188;0,000108774458482908;0,000108491131655801;0,290915928491086;0,312158599269178;0,324381940856298;0,337357850376999;0,364437497817432
"Sd_L2nm[8]";0,258314637802342;0,0162327582103337;9,37198732242625e-05;9,3819212271531e-05;0,228067874977247;0,247159491581511;0,257802976947991;0,268889409461826;0,291925486540208
"Sd_L2nm[9]";0,289698370371835;0,0202055939872231;0,000116657051276595;0,000116285949374956;0,2528100635014;0,275678596494012;0,28876193112643;0,302709187046878;0,332254438221958
"Sd_L2nm[10]";0,294400629983779;0,0196535498811319;0,000113469823144032;0,000112774794511979;0,258613516779626;0,280973265880359;0,293363520808651;0,307068726781593;0,335414885639477
"Sd_L2nm[11]";0,296380758617614;0,0193160757404313;0,000111521415284252;0,000110588501339198;0,261235180980139;0,283034496130231;0,295443379443348;0,308711335923218;0,336956169355287
"Sd_L2nm[12]";0,281640094048714;0,0172867607094212;9,98051594900096e-05;9,97968479736377e-05;0,250025981943142;0,269654575857527;0,280796271076694;0,292822869325021;0,317752497035797
"Sd_L2nm[13]";0,296682274062482;0,0184590450059974;0,00010657334603196;0,00010578562830623;0,262984643052548;0,283891621652135;0,295784799720504;0,308547761064422;0,335255172298409
"Sd_L2nm[14]";0,247197312323305;0,0158800684230545;9,16836177880022e-05;9,15227084643093e-05;0,217550138571191;0,236261491174294;0,24671458227787;0,257461022713135;0,279925152454562
"Sd_L2nm[15]";0,253196958568904;0,0163146162543943;9,41924808619998e-05;9,56689714704997e-05;0,222896539993091;0,24194225873567;0,252702383162697;0,263863286877864;0,286757879868788
"Sd_L2nm[16]";0,279001587138301;0,0172884411592112;9,9814861571396e-05;9,8723695176743e-05;0,247279071569347;0,266985534495351;0,2783380814657;0,290154819113139;0,3148382162642
"Sd_L2nm[17]";0,265522900422367;0,0178629444498855;0,000103131757866607;0,000103657803286361;0,232232811340665;0,253144453630107;0,264847283265954;0,277202989804062;0,302612378283766
"Sd_L2nm[18]";0,267906421771953;0,0160684560341338;9,27712741676883e-05;9,243150826556e-05;0,238244627609523;0,256725721739049;0,267280322163579;0,278405069313235;0,300961039892576
"Sd_L2nm[19]";0,255458735218238;0,0166210589617981;9,59617286581079e-05;9,47862948631833e-05;0,224761168766624;0,244074395373756;0,254797370659406;0,266165349807329;0,289780863836969
"Sd_L2nm[20]";0,252265763700331;0,0158658820101143;9,1601712494703e-05;9,07663891959308e-05;0,222860238503999;0,241206529856052;0,251704931031905;0,262597801546175;0,284867398339879
"Sd_L2nm[21]";0,267394592960849;0,0155359647550175;8,96969343342987e-05;8,93396867821021e-05;0,238545322616807;0,25661951731644;0,266896823063139;0,277510254041342;0,299542725471618
"Sd_L2nm[22]";0,265804496135136;0,0157664579037158;9,10276871487722e-05;9,10352581383543e-05;0,236798793670981;0,254774653709686;0,26527520347661;0,276149722009641;0,298456595282613
"Sd_L2nm[23]";0,282488808523646;0,0179017041350974;0,000103355537013515;0,000103710542728388;0,249510833629564;0,270128406076736;0,281698939266665;0,294061511179369;0,31971679840685
"Sd_L2nm[24]";0,290360693734664;0,0185782411438901;0,000107261525254947;0,000104622085578539;0,256194879600292;0,277380339161649;0,28951575584098;0,302490443945082;0,328655877510481
