"Parameter";"Rhat";"zchain1";"zchain2";"zchain3";"zchain4";"zchain5";"zchain6";"Effective"
"Alpha1[1]";1,00002674488098;1,11842368380451;-0,756681465188691;-2,07587332429726;-1,49662237390158;-1,2970952988145;-1,516899984456;10951,306533728
"Alpha1[2]";1,00003264191212;-0,950827378599709;-0,338882787376442;-0,0842929945456095;1,16920348011586;-1,49442327096009;0,28916981398252;30479,3851884715
"Alpha1[3]";1,00006947960973;1,06558108515722;-0,910615889636562;-0,3686771839801;0,173997248543614;-0,75490143399826;1,04481600781989;30138,860430692
"Alpha1[4]";1,00000847292509;0,517791793538441;0,282758231197229;-1,37854085061255;-1,23394113449608;2,30007366975486;0,273259077149901;30258,3543396206
"Alpha1[5]";1,00017509748124;1,83206959257372;-0,884960659781059;0,574200430111561;-0,159834142623117;-1,07499816682651;1,03362231528019;7806,28906580731
"Alpha1[6]";1,0002056446172;-0,24298157729985;-0,727828639902416;-1,10812794195524;0,753716601825766;-0,759905740094679;1,46180681739441;29613,6247629588
"Alpha1[7]";1,00000234034783;0,418122958261174;0,160507131970661;0,058771910806045;-1,15428599442138;0,197953587622263;-0,577693571830113;30306,0147974291
"Alpha1[8]";1,00001514738217;1,85662103708772;2,33242842706074;2,23332724272822;-0,766439241685957;0,758800056587208;-0,755361411150908;30398,9426566425
"Alpha1[9]";1,000043223757;0,980734508072904;0,528485134559648;-0,549848759398622;-1,88137188010935;0,725693308463059;-0,283406104329479;30092,2127325653
"Alpha1[10]";1,00012633005282;-0,224647968955631;0,263664043425898;1,77696572394839;0,601212052170008;-0,152022584071185;-2,09431181289284;30061,3683142169
"Alpha1[11]";1,00002349000867;1,35085041037292;-1,16612565484055;0,546945175812309;-1,6910252894801;-0,767528007440704;-0,521573194461221;30524,1423973078
"Alpha1[12]";1,00002849208537;-0,0622803676490184;0,337427520515211;0,988092216750748;-1,6385015225538;-1,71735581424686;0,518308587620689;26490,6589166894
"Alpha1[13]";0,999966403680044;-1,65306218600472;-2,05580025097258;-0,915970933271731;-0,316695608448977;1,23100013059358;0,354811580930591;9567,40563787538
"Alpha1[14]";0,999973723018634;-0,791668210442341;0,115242029683314;-0,427704698174803;-0,296391292175909;-0,615930127843082;0,472361511627208;8982,9618900251
"Alpha1[15]";1,00000737622273;-1,38760250225571;-1,14098147001549;-1,65585679750532;-0,35904881595811;-0,032325074032446;-1,37028071954734;12107,0949790108
"Alpha1[16]";1,00021631455606;-0,538703440057404;-0,580744722186417;1,4024369277784;2,32657808462907;-0,704794690875927;-1,23774085641386;17136,1186028057
"Alpha1[17]";0,999995756804345;1,39533565430238;-0,403912745011295;-1,63174982987154;-1,76056126190629;0,0932823226652932;-1,21934238524901;30273,6096559707
"Alpha1[18]";1,00022476458286;0,132415302179689;-0,831125379951039;1,54642826784132;1,98617491428791;-0,536683138578562;0,287099392783426;23135,8324492318
"Alpha1[19]";0,999971582699363;-0,945582302099943;1,24098688471262;-0,862551572506687;0,328164651429087;-0,405292383114767;-0,240832228996999;30377,8578170904
"Alpha1[20]";1,00004447988418;-0,0153595697160659;0,0570712777872095;-0,188980761612831;-1,1666050363449;-1,57849972687272;1,94252428416076;30183,8431151383
"Alpha1[21]";1,00001979957029;-0,737566362053715;-0,622366612021069;-0,713515984248932;0,433894192113255;0,109620738512787;-0,47055356231847;12377,061607454
"Alpha1[22]";1,00002839052806;-0,81037487374496;-1,51415415587065;1,38013973254737;0,735563429945875;1,55777065927374;-0,12746194283689;14462,5769686303
"Alpha1[23]";1,0001280465949;0,829679985662781;0,367171032381822;-1,62747231744427;-0,318788151405573;-2,11499283146744;-1,95314096661728;20766,2134727681
"Alpha1[24]";1,00006945972903;0,0832461743947338;0,0544959027200974;0,633833496788989;0,482584990072886;-0,847715521453184;0,216287685103771;27437,6277330109
"Alpha2[1, 1]";1,00000381894117;1,52008989009569;-0,00693629661686123;0,748905778127943;1,00097963620946;-1,58542912379707;0,228192468081581;30135,2393632351
"Alpha2[1, 2]";1,00003204912161;-2,02328871910395;-0,192381911197285;-1,03677950137808;1,13626112212877;0,982269207271812;0,510046741088708;27361,3983293464
"Alpha2[2, 1]";1,0000404384223;1,08787327639619;-1,78445340003272;0,665098725222622;-0,0619540593710809;-0,297100746565624;-0,333659442813109;30030,6848966443
"Alpha2[2, 2]";1,00007642703015;-1,37154646227755;1,0446445804138;0,391285360255722;-1,21386325828259;0,542228930936188;1,35390422699966;30369,1161104676
"Alpha2[3, 1]";1,00002134755326;-0,511113928576457;-1,52730808310868;1,27395990534455;2,08558136339633;-0,080248796348913;-0,383090239922597;30329,253289997
"Alpha2[3, 2]";1,00000824849552;0,583296868283875;1,78051721558965;0,339014606180993;-0,0400477110738617;0,526139940461888;2,07367530627871;29823,7529678678
"Alpha2[4, 1]";1,00011951002566;0,507886998381044;-0,70583793672928;1,3781993174182;-0,284778259495253;-0,392784839768386;-1,06691956243234;30541,8279057391
"Alpha2[4, 2]";1,00004173956206;0,162215693635808;3,11990995885932;-1,03671413209622;0,509886743338345;0,647066890699657;-0,249979609808967;27966,421384932
"Alpha2[5, 1]";1,00011237352406;0,599594949354928;-1,16650938316694;0,818003023937213;0,667757293331686;-0,234929461943076;0,727035333130037;27020,2399358253
"Alpha2[5, 2]";1,00007780085526;-1,23695596773453;0,626027895187864;-1,31879227080158;-0,554042185390785;1,17907918637078;-0,613915617736116;16988,1099856429
"Alpha2[6, 1]";1,00004675200441;-0,518118270322903;1,46642046092098;-1,11018854498879;0,192019472496914;-0,229769357506082;-0,550030494884368;26021,2056423027
"Alpha2[6, 2]";0,999982756173847;-1,27728950011488;-0,623350376718082;0,567829797287553;0,114850037481218;-0,22748030878976;-0,549629669734105;10262,2730590724
"Alpha2[7, 1]";1,00003465451684;0,110480054972132;0,0117134111961981;0,207763233535176;-0,72751964803265;2,02795861435618;-0,831210264728096;6150,96466635603
"Alpha2[7, 2]";0,999988553110927;-0,751358359814228;0,85189256213827;-0,66366644292907;0,153066204349714;-2,133633810031;-0,217488179577405;18117,6346652289
"Alpha2[8, 1]";0,999972369775359;0,51316892509161;-0,981369685511156;-0,933834444689983;1,29387250585407;-1,17147095094;-1,73030840130367;30076,7561338538
"Alpha2[8, 2]";1,00012271514539;-0,940746076360681;-0,127030653096711;0,54648428940546;0,559738251885553;-1,13353363080233;0,461219950535266;30254,9818798309
"Alpha2[9, 1]";1,00008223060406;-2,00011378887982;0,651350338302919;0,431618053087732;0,77893663153511;-0,638128702488986;-0,46653896003793;28611,0001982943
"Alpha2[9, 2]";1,00005593127858;-0,927327879033847;0,905707978914657;-0,220934319813528;-0,643082893756226;0,890372449550204;-1,51197732452496;30412,0797381642
"Alpha2[10, 1]";1,00004321241915;0,447913382922268;-0,475407277521467;-0,343133272928774;-0,514878150689336;0,549885474890501;0,731213163374393;25812,6492387215
"Alpha2[10, 2]";1,00001312014736;-2,35083011065353;1,06536415691009;-0,471156925642998;0,576014657038192;2,91107203846823;0,323397883565854;30434,1089698477
"Alpha2[11, 1]";1,00005210874252;0,876640230697161;-0,129985637861543;-1,13132702774425;0,020980326352873;1,35817401004335;-0,169764324820629;30098,3801903135
"Alpha2[11, 2]";1,00025519756687;-1,77480406587393;-1,02616399340441;0,518570039084433;-1,5985682216983;-0,0842409927114201;-0,438716964658289;8062,57291751651
"Alpha2[12, 1]";1,00024226552666;0,327631975769253;0,815561647689444;1,46726950302035;0,928643755156182;0,913638651631408;3,45110537721862;30015,7508824611
"Alpha2[12, 2]";1,00000851067243;-0,894049941837552;-0,780884657402598;0,617718728435543;0,236849805248311;-0,112991461207801;-0,823634487331399;30217,3750246793
"Alpha2[13, 1]";1,00002843924181;1,01447150006262;-1,09646465970756;-0,0123475132658432;1,67019772299676;3,65845982744876;0,899541338530017;29706,9857807069
"Alpha2[13, 2]";0,99995646999602;-2,0510872544008;0,581181426040201;-0,298727543279316;-0,744367778579004;-0,178789122475544;-0,824887264372691;30092,556373564
"Alpha2[14, 1]";1,00011326091135;0,634986428480941;0,145510939989364;-0,096840781998586;-0,477435977195264;1,99055537865445;0,0593221855722278;30191,1043626866
"Alpha2[14, 2]";0,999993810361536;0,1110469850808;0,0493192254296173;0,58634345770112;1,13962993061614;0,204197031925024;0,329154673591913;11064,4816882659
"Alpha2[15, 1]";0,999993749033254;-1,25667381898671;1,85933912879714;1,45461971740213;-0,61247830128151;-0,562592892868707;1,16291501176695;30284,2391343978
"Alpha2[15, 2]";1,00000470463644;-0,0195115980305358;-1,7488720793135;1,64886893402065;1,18939979405315;-0,724368211587819;-0,425295492477747;30364,4446603326
"Alpha2[16, 1]";0,999967372407972;0,414696914410731;0,172763009261545;0,824278233151466;0,328142846821042;0,091532278894679;-0,341774544085365;27226,1275720023
"Alpha2[16, 2]";0,999981030648358;-0,841102385778138;-0,389270191215956;1,01267960484814;0,612213407316984;-0,670867952191356;-0,207786521774161;30257,9648074888
"Alpha2[17, 1]";1,00021514374803;1,00885050115124;-0,599139235423488;0,240369761041012;-1,32714242989341;-0,549954802742968;0,247760731608961;30017,7631035177
"Alpha2[17, 2]";1,00001361362619;0,887972928719702;0,806627762878817;1,18452733763099;0,92621808762086;1,1853653464721;-0,854840954927494;30556,6182622798
"Alpha2[18, 1]";1,00008247215294;-1,62370721824809;-1,96031233850658;0,205662003644702;-2,3254842416649;-0,023375893456853;-0,421607358371579;29857,8622257332
"Alpha2[18, 2]";1,00004316325765;-1,01331588036239;0,700154691127988;-0,298040623480733;-2,38904224397555;-1,33091028225521;0,976805592889176;20953,1646888866
"Alpha2[19, 1]";1,00015054769037;0,990666478503281;0,559507995258647;0,45420048192134;0,194700336346424;-0,138157097620372;0,667066775967044;30051,5435973701
"Alpha2[19, 2]";1,00010898687832;-0,106330044863866;1,16142190340512;-0,528164835111143;-0,891812701184053;0,235483076448667;1,4749800930137;27080,2480386156
"Alpha2[20, 1]";1,00000343183006;-0,740244149921278;-1,24846567471249;0,470532997323931;-0,252116795917832;1,0272907425946;2,29081287670118;3658,73206005896
"Alpha2[20, 2]";1,00007765739961;-0,926993626564184;0,275875086793763;0,169056734690728;1,02891704262714;-0,0105085262734741;-0,0401616767457546;30218,111398722
"Alpha2[21, 1]";0,999954651923787;-0,342663975429609;-1,01924639410215;-0,386685248609332;-0,964751250697824;-0,294592312996856;0,155037737149477;30319,9186882309
"Alpha2[21, 2]";1,00027370394797;0,415141579048149;-0,0777301544160771;0,52487612403624;0,299147264725197;1,00387616933142;0,451421255808417;30322,9879172954
"Alpha2[22, 1]";0,999979544324907;0,692766719482568;1,38894634454401;-1,55074596653356;-0,355967456851036;0,91844146314208;0,256897990157292;30547,5063607242
"Alpha2[22, 2]";0,999980646629913;0,232033245255372;-0,912199247016075;0,633702516516956;0,916448239937381;-1,53041788023749;-1,93606763164966;24013,1363207102
"Alpha2[23, 1]";0,999989794902315;-0,877870187845978;-0,491273128815891;-0,293688265770847;0,408299887452808;-0,966537291795818;-0,653998042928214;5876,75066048136
"Alpha2[23, 2]";0,999962636066281;2,50114922935913;0,695833227350348;1,5043366027494;-0,861153072042534;1,01554606255793;-1,36328273458142;16210,1954696153
"Alpha2[24, 1]";1,00023249331472;1,31404621001812;-1,09850567140114;-0,234262620096264;-1,0002068329773;-1,8305656318822;-0,759862277322509;30044,2170547059
"Alpha2[24, 2]";1,00001256753464;-2,3880199013289;-0,311842276476361;0,20408245662045;2,06602630427142;-0,0138146910369978;-0,0705839121931511;29236,0560685896
"Gamma1[1, 1]";0,999967572803388;0,0872991845195123;-0,271296354135885;0,170994648200574;-1,71322558680496;-0,542715220078123;-1,40391606538025;30371,4846153856
"Gamma1[1, 2]";0,999967572803388;-0,0872991845195123;0,271296354135931;-0,170994648200602;1,71322558680496;0,542715220078123;1,40391606538025;30371,4846153856
"Gamma1[2, 1]";1,00000129924359;-1,23213612526386;-0,914423052221812;0,968089611493899;1,29244075024911;-0,366554501854508;-0,726593141057711;30081,0961996143
"Gamma1[2, 2]";1,00000129924359;1,23213612526386;0,914423052221812;-0,968089611493871;-1,29244075024911;0,366554501854539;0,72659314105774;30081,0961996143
"Gamma1[3, 1]";1,00005473103115;-0,103179394325026;1,20028705662479;0,0723310710924028;1,32577048683571;1,57141519450202;-0,522336095542311;30007,9129279086
"Gamma1[3, 2]";1,00005473103115;0,103179394324995;-1,20028705662482;-0,0723310710924348;-1,32577048683564;-1,57141519450199;0,522336095542311;30007,9129279086
"Gamma1[4, 1]";0,999960742696569;0,408645145376459;-0,398551798636788;1,51297066162091;1,14767556365577;0,413019511996877;-1,20544427437069;30430,7961228095
"Gamma1[4, 2]";0,999960742696569;-0,408645145376484;0,398551798636839;-1,51297066162096;-1,14767556365579;-0,413019511996877;1,20544427437069;30430,7961228095
"Gamma1[5, 1]";0,99999841019663;-0,242361352845394;-0,158152074511374;-1,04991110341514;-2,52043248725035;0,0667362326044978;-0,023218170258038;30234,4517900849
"Gamma1[5, 2]";0,99999841019663;0,242361352845394;0,158152074511353;1,04991110341514;2,52043248725039;-0,0667362326044978;0,023218170258038;30234,4517900849
"Gamma1[6, 1]";1,00008211407766;1,79495832689949;1,36689154183688;-0,353952872607654;-0,485232839313457;1,05364961688181;1,54105040341895;7251,73377691343
"Gamma1[6, 2]";1,00008211407766;-1,79495832689953;-1,36689154183685;0,353952872607727;0,48523283931342;-1,05364961688178;-1,54105040341895;7251,73377691343
"Gamma1[7, 1]";0,999991812801502;0,387107333197711;0,632625284464621;0,651521248217063;0,586023375002778;-0,540591535985608;-0,107080161511852;9270,67515738017
"Gamma1[7, 2]";0,999991812801502;-0,387107333197737;-0,632625284464621;-0,651521248217063;-0,586023375002778;0,540591535985608;0,107080161511826;9270,67515738017
"Gamma1[8, 1]";0,999971579685581;-1,38369382315852;-1,01988189488595;-2,10563278348586;1,45028452362313;-0,183914289664952;1,26775218592449;29603,2816757343
"Gamma1[8, 2]";0,999971579685581;1,38369382315849;1,01988189488595;2,10563278348586;-1,4502845236232;0,183914289664952;-1,26775218592452;29603,2816757343
"Gamma1[9, 1]";0,999990371521488;1,46515660914233;0,787697209467038;-1,30992172281735;-0,366716246051626;0,866357998748905;-1,70360036110783;29970,5339636945
"Gamma1[9, 2]";0,999990371521488;-1,46515660914233;-0,787697209467038;1,30992172281738;0,366716246051592;-0,866357998748873;1,70360036110787;29970,5339636945
"Gamma1[10, 1]";0,999950524690848;-1,59343115760708;1,75740786502633;0,373064468893353;1,06131368744817;-0,420167789224868;-0,69426502176618;26996,4644130345
"Gamma1[10, 2]";0,999950524690848;1,59343115760711;-1,75740786502636;-0,37306446889339;-1,0613136874481;0,420167789224832;0,694265021766218;26996,4644130345
"Gamma1[11, 1]";0,999982629144954;0,255072040073637;1,09462964624771;-1,1614107054527;-0,544553351676505;-0,25582128615024;-1,68764329986468;25240,2892944984
"Gamma1[11, 2]";0,999982629144954;-0,255072040073637;-1,09462964624774;1,16141070545267;0,544553351676505;0,255821286150212;1,68764329986468;25240,2892944984
"Gamma1[12, 1]";0,999979785487799;0,293250154866517;-2,245300913605;-1,40536826589853;-0,900877554466901;-1,21462486398903;-0,155848170877092;18726,2387996768
"Gamma1[12, 2]";0,999979785487799;-0,293250154866548;2,245300913605;1,40536826589853;0,90087755446696;1,21462486398906;0,155848170877092;18726,2387996768
"Gamma1[13, 1]";1,00001744766192;-0,197803776808573;-0,644470331790233;2,4545653444798;0,939599993002035;1,18385382304891;0,543070905247637;30078,4999691564
"Gamma1[13, 2]";1,00001744766192;0,197803776808601;0,64447033179026;-2,45456534447976;-0,939599993002007;-1,18385382304894;-0,543070905247611;30078,4999691564
"Gamma1[14, 1]";1,00003055216218;-0,100901618401253;0,671620198748096;-1,34887443823159;-1,57239687747292;0,162987958017608;0,0757834326069601;19988,9742540112
"Gamma1[14, 2]";1,00003055216218;0,100901618401253;-0,671620198748065;1,34887443823162;1,57239687747289;-0,162987958017577;-0,0757834326069924;19988,9742540112
"Gamma1[15, 1]";0,999985677405109;-0,532102577026539;-0,997890494340909;1,24444252830081;2,7586807366114;0,605516535195645;1,86590150121587;30844,5642673063
"Gamma1[15, 2]";0,999985677405109;0,532102577026539;0,997890494340877;-1,24444252830078;-2,75868073661143;-0,605516535195645;-1,86590150121584;30844,5642673063
"Gamma1[16, 1]";0,999988302414057;-0,593294746320843;0,101476981115401;1,50050929710226;0,0656020926118206;-2,28007186779461;-0,560277020432978;30012,1408653732
"Gamma1[16, 2]";0,999988302414057;0,59329474632087;-0,101476981115401;-1,50050929710226;-0,0656020926118457;2,28007186779456;0,560277020432952;30012,1408653732
"Gamma1[17, 1]";1,00000403914625;-0,960146163297848;-1,91664322985358;-1,02325062765424;0,318626810183218;0,866571493955429;-2,03383060215162;23760,0799329958
"Gamma1[17, 2]";1,00000403914625;0,960146163297813;1,91664322985358;1,02325062765428;-0,318626810183185;-0,866571493955364;2,03383060215162;23760,0799329958
"Gamma1[18, 1]";1,00002186946191;-0,915018742242877;-0,637517239527515;0,295443068951362;0,160974927547187;0,602193737578007;1,47410021448905;30291,3220315171
"Gamma1[18, 2]";1,00002186946191;0,915018742242877;0,637517239527545;-0,295443068951362;-0,160974927547187;-0,602193737578068;-1,47410021448908;30291,3220315171
"Gamma1[19, 1]";1,00000618757104;-1,05344506949372;1,17465401526908;0,257589152280565;0,301221341028409;0,22656032380578;0,172082038508032;30060,9151683729
"Gamma1[19, 2]";1,00000618757104;1,05344506949375;-1,17465401526908;-0,25758915228053;-0,301221341028443;-0,226560323805849;-0,172082038507997;30060,9151683729
"Gamma1[20, 1]";0,99993144522672;1,32632364950841;0,172544089944815;0,560817416658495;-0,159277211137175;0,961191839176992;2,31880883442378;30255,174044264
"Gamma1[20, 2]";0,99993144522672;-1,32632364950841;-0,172544089944816;-0,560817416658465;0,159277211137207;-0,961191839177023;-2,31880883442378;30255,174044264
"Gamma1[21, 1]";0,99997244840462;-0,736865357136937;0,22089063189406;0,0486417005741451;-1,31558927178284;0,287946606814599;-0,00587324694340396;30349,1491505582
"Gamma1[21, 2]";0,99997244840462;0,736865357136937;-0,220890631894033;-0,0486417005741742;1,31558927178284;-0,287946606814569;0,00587324694340396;30349,1491505582
"Gamma1[22, 1]";1,00008517363671;-0,793487609865113;0,29101467747671;0,944563523283208;-0,287281384136197;-0,830847199689681;0,0368094791141509;30179,2022300471
"Gamma1[22, 2]";1,00008517363671;0,793487609865136;-0,291014677476687;-0,944563523283185;0,287281384136198;0,830847199689727;-0,0368094791141296;30179,2022300471
"Gamma1[23, 1]";1,00004933209258;1,03335779566485;-0,115879087121211;-0,629625798389897;1,13364785194403;-3,09379324338067;-0,153833935168493;30620,2928234418
"Gamma1[23, 2]";1,00004933209258;-1,03335779566482;0,115879087121183;0,629625798389924;-1,13364785194406;3,09379324338073;0,153833935168493;30620,2928234418
"Gamma1[24, 1]";1,000050313528;-1,21536037600242;2,00034555667192;0,691642598269159;-1,70735982716525;-0,289770663496992;0,188942209804892;30104,6718709711
"Gamma1[24, 2]";1,000050313528;1,21536037600239;-2,00034555667192;-0,691642598269131;1,70735982716522;0,28977066349694;-0,188942209804917;30104,6718709711
"Gamma1_F[1]";0,999967572803388;0,0872991845195123;-0,271296354135885;0,170994648200574;-1,71322558680496;-0,542715220078123;-1,40391606538025;30371,4846153856
"Gamma1_F[2]";1,00000129924359;-1,23213612526386;-0,914423052221812;0,968089611493899;1,29244075024911;-0,366554501854508;-0,726593141057711;30081,0961996143
"Gamma1_F[3]";1,00005473103115;-0,103179394325026;1,20028705662479;0,0723310710924028;1,32577048683571;1,57141519450202;-0,522336095542311;30007,9129279086
"Gamma1_F[4]";0,999960742696569;0,408645145376459;-0,398551798636788;1,51297066162091;1,14767556365577;0,413019511996877;-1,20544427437069;30430,7961228095
"Gamma1_F[5]";0,99999841019663;-0,242361352845394;-0,158152074511374;-1,04991110341514;-2,52043248725035;0,0667362326044978;-0,023218170258038;30234,4517900849
"Gamma1_F[6]";1,00008211407766;1,79495832689949;1,36689154183688;-0,353952872607654;-0,485232839313457;1,05364961688181;1,54105040341895;7251,73377691343
"Gamma1_F[7]";0,999991812801502;0,387107333197711;0,632625284464621;0,651521248217063;0,586023375002778;-0,540591535985608;-0,107080161511852;9270,67515738017
"Gamma1_F[8]";0,999971579685581;-1,38369382315852;-1,01988189488595;-2,10563278348586;1,45028452362313;-0,183914289664952;1,26775218592449;29603,2816757343
"Gamma1_F[9]";0,999990371521488;1,46515660914233;0,787697209467038;-1,30992172281735;-0,366716246051626;0,866357998748905;-1,70360036110783;29970,5339636945
"Gamma1_F[10]";0,999950524690848;-1,59343115760708;1,75740786502633;0,373064468893353;1,06131368744817;-0,420167789224868;-0,69426502176618;26996,4644130345
"Gamma1_F[11]";0,999982629144954;0,255072040073637;1,09462964624771;-1,1614107054527;-0,544553351676505;-0,25582128615024;-1,68764329986468;25240,2892944984
"Gamma1_F[12]";0,999979785487799;0,293250154866517;-2,245300913605;-1,40536826589853;-0,900877554466901;-1,21462486398903;-0,155848170877092;18726,2387996768
"Gamma1_F[13]";1,00001744766192;-0,197803776808573;-0,644470331790233;2,4545653444798;0,939599993002035;1,18385382304891;0,543070905247637;30078,4999691564
"Gamma1_F[14]";1,00003055216218;-0,100901618401253;0,671620198748096;-1,34887443823159;-1,57239687747292;0,162987958017608;0,0757834326069601;19988,9742540112
"Gamma1_F[15]";0,999985677405109;-0,532102577026539;-0,997890494340909;1,24444252830081;2,7586807366114;0,605516535195645;1,86590150121587;30844,5642673063
"Gamma1_F[16]";0,999988302414057;-0,593294746320843;0,101476981115401;1,50050929710226;0,0656020926118206;-2,28007186779461;-0,560277020432978;30012,1408653732
"Gamma1_F[17]";1,00000403914625;-0,960146163297848;-1,91664322985358;-1,02325062765424;0,318626810183218;0,866571493955429;-2,03383060215162;23760,0799329958
"Gamma1_F[18]";1,00002186946191;-0,915018742242877;-0,637517239527515;0,295443068951362;0,160974927547187;0,602193737578007;1,47410021448905;30291,3220315171
"Gamma1_F[19]";1,00000618757104;-1,05344506949372;1,17465401526908;0,257589152280565;0,301221341028409;0,22656032380578;0,172082038508032;30060,9151683729
"Gamma1_F[20]";0,99993144522672;1,32632364950841;0,172544089944815;0,560817416658495;-0,159277211137175;0,961191839176992;2,31880883442378;30255,174044264
"Gamma1_F[21]";0,99997244840462;-0,736865357136937;0,22089063189406;0,0486417005741451;-1,31558927178284;0,287946606814599;-0,00587324694340396;30349,1491505582
"Gamma1_F[22]";1,00008517363671;-0,793487609865113;0,29101467747671;0,944563523283208;-0,287281384136197;-0,830847199689681;0,0368094791141509;30179,2022300471
"Gamma1_F[23]";1,00004933209258;1,03335779566485;-0,115879087121211;-0,629625798389897;1,13364785194403;-3,09379324338067;-0,153833935168493;30620,2928234418
"Gamma1_F[24]";1,000050313528;-1,21536037600242;2,00034555667192;0,691642598269159;-1,70735982716525;-0,289770663496992;0,188942209804892;30104,6718709711
"Gamma3[1, 1]";0,999991787685607;0,550212263217644;-0,181419264507127;0,432851391026179;-1,42662623429808;-0,886907068015463;-1,28765050630804;30707,0479267604
"Gamma3[1, 2]";0,999991787685607;-0,550212263217667;0,181419264507127;-0,43285139102615;1,42662623429806;0,886907068015484;1,28765050630802;30707,0479267604
"Gamma3[2, 1]";1,00000228807584;-0,597090378224836;-1,57690189827679;0,948925926601056;1,4240101158758;-0,476531967966496;-0,929701927039365;30039,9492188871
"Gamma3[2, 2]";1,00000228807584;0,59709037822481;1,57690189827682;-0,948925926601006;-1,42401011587587;0,476531967966548;0,929701927039365;30039,9492188871
"Gamma3[3, 1]";1,00011346884899;-0,319177544931834;-0,194598773394322;0,520891537106447;2,32760550559591;1,23412753110284;-1,09502205169757;30266,8371279267
"Gamma3[3, 2]";1,00011346884899;0,319177544931834;0,19459877339435;-0,520891537106474;-2,32760550559588;-1,23412753110286;1,09502205169755;30266,8371279267
"Gamma3[4, 1]";1,00000263282942;0,642330314391057;-1,15439385966254;2,14264361763114;0,838094095798935;0,178383017083665;-1,35556029948426;30391,4917035697
"Gamma3[4, 2]";1,00000263282942;-0,642330314391057;1,15439385966252;-2,14264361763116;-0,838094095798935;-0,178383017083688;1,35556029948426;30391,4917035697
"Gamma3[5, 1]";1,00000299176433;0,0468303286214577;-0,599837595691257;-0,759513244202432;-2,1057783390204;-0,122314246188588;0,187553254197521;30105,0723394602
"Gamma3[5, 2]";1,00000299176433;-0,0468303286214198;0,599837595691257;0,759513244202432;2,1057783390204;0,122314246188588;-0,187553254197502;30105,0723394602
"Gamma3[6, 1]";1,0000812358718;1,52383568097887;1,46176212859379;-0,74175355299062;-0,431519915952842;0,831539034723007;1,23362064514345;6993,2500093031
"Gamma3[6, 2]";1,0000812358718;-1,5238356809789;-1,46176212859376;0,741753552990649;0,431519915952842;-0,831539034722978;-1,23362064514345;6993,2500093031
"Gamma3[7, 1]";1,00000210012076;0,529317358131078;0,530975565797471;0,771563966462366;0,129955726334353;0,534828531941101;-0,338186156477013;8338,58125572974
"Gamma3[7, 2]";1,00000210012076;-0,529317358131078;-0,530975565797471;-0,771563966462387;-0,129955726334353;-0,534828531941101;0,338186156477013;8338,58125572954
"Gamma3[8, 1]";0,999969537134186;-1,02769621661812;-1,10325272327301;-2,07593482796741;1,56577827347827;-0,381846611356741;0,84525747086479;30035,7328839747
"Gamma3[8, 2]";0,999969537134186;1,02769621661812;1,10325272327301;2,07593482796744;-1,56577827347831;0,381846611356773;-0,84525747086479;30035,7328839747
"Gamma3[9, 1]";1,00006213765337;0,45384875444889;0,864426140597642;-0,795063480950944;0,164053631166762;0,287626503345988;-1,27306371489245;30091,8458533197
"Gamma3[9, 2]";1,00006213765337;-0,45384875444883;-0,864426140597578;0,795063480950944;-0,164053631166791;-0,287626503345988;1,27306371489251;30091,8458533197
"Gamma3[10, 1]";0,999966817694835;-1,18277796620579;1,3516486866814;0,294338834035769;0,788691143470986;-0,492012610426678;-0,418586698419698;30137,9032876225
"Gamma3[10, 2]";0,999966817694835;1,18277796620576;-1,35164868668143;-0,294338834035702;-0,788691143470954;0,492012610426678;0,418586698419733;30137,9032876225
"Gamma3[11, 1]";1,00002225639224;1,00267356481584;1,1697750307293;-1,67859903780255;-0,102123227157331;0,235343120751544;-1,44959817351947;30015,2595360283
"Gamma3[11, 2]";1,00002225639224;-1,00267356481587;-1,1697750307293;1,67859903780255;0,102123227157384;-0,23534312075157;1,44959817351942;30015,2595360283
"Gamma3[12, 1]";0,999975277580494;0,717336782801989;-1,35772818317792;-0,769331938189008;-0,497270139826748;-0,473212612198171;1,6271024337526;30038,6324921955
"Gamma3[12, 2]";0,999975277580494;-0,717336782802013;1,35772818317792;0,769331938189008;0,497270139826723;0,473212612198147;-1,62710243375258;30038,6324921955
"Gamma3[13, 1]";1,00004275433684;0,581327226542607;-1,05300625716966;1,72508325628587;1,56238623161065;2,64113663903907;1,09633709658741;28763,5154270594
"Gamma3[13, 2]";1,00004275433684;-0,581327226542562;1,05300625716968;-1,72508325628587;-1,56238623161063;-2,64113663903909;-1,09633709658741;28763,5154270594
"Gamma3[14, 1]";1,00002271880049;0,0913773237981381;0,640231775326238;-1,31234142238997;-1,64413304500257;0,686781015574611;-0,0269774127441114;22103,0468929845
"Gamma3[14, 2]";1,00002271880049;-0,0913773237981381;-0,640231775326213;1,31234142238997;1,64413304500257;-0,686781015574611;0,0269774127441114;22103,0468929845
"Gamma3[15, 1]";0,999974828052513;-1,16779459237854;0,803066855977431;1,4878557807607;1,54891524309798;0,166775624860733;2,32438227132771;30403,3889833362
"Gamma3[15, 2]";0,999974828052513;1,16779459237856;-0,803066855977406;-1,4878557807607;-1,548915243098;-0,16677562486071;-2,32438227132771;30403,3889833362
"Gamma3[16, 1]";0,999965129291215;-0,181094496290727;0,296332719137572;1,31925096259882;-0,109731236820268;-1,60695914250102;-0,547129236451899;30340,4470873903
"Gamma3[16, 2]";0,999965129291215;0,181094496290748;-0,29633271913753;-1,31925096259882;0,109731236820227;1,60695914250104;0,547129236451879;30340,4470873903
"Gamma3[17, 1]";1,00006814660922;-0,681479058043954;-2,04600759792531;-1,13294338325451;-0,213797687827207;0,274725674865729;-1,59822784767952;30043,0432388721
"Gamma3[17, 2]";1,00006814660922;0,681479058043954;2,04600759792534;1,1329433832545;0,213797687827227;-0,27472567486573;1,59822784767952;30043,0432388721
"Gamma3[18, 1]";1,00004107267;-1,27342220432444;-1,2688967832458;0,412481305469103;-0,44243814736252;0,654953389943749;0,902206477703683;30222,1285540229
"Gamma3[18, 2]";1,00004107267;1,27342220432446;1,2688967832458;-0,412481305469103;0,44243814736252;-0,654953389943749;-0,902206477703683;30222,1285540229
"Gamma3[19, 1]";1,00000606671993;-0,720355255119985;1,11962013159212;0,495500799346372;0,402502818447554;0,14031631416646;0,104192410890535;30092,6545603379
"Gamma3[19, 2]";1,00000606671993;0,720355255119985;-1,11962013159215;-0,495500799346372;-0,402502818447584;-0,140316314166489;-0,104192410890535;30092,6545603379
"Gamma3[20, 1]";0,999954758821977;0,955870816073713;-0,241695974920221;0,565397820931052;-0,32216245210367;1,08167156789281;2,47967884157143;24329,4886925981
"Gamma3[20, 2]";0,999954758821977;-0,955870816073713;0,241695974920196;-0,565397820931076;0,32216245210367;-1,08167156789281;-2,47967884157145;24329,4886925977
"Gamma3[21, 1]";0,999944441395513;-0,839059037162123;-0,117996994072871;-0,126246649654985;-1,43256056721941;-0,0603323540047815;-0,0544072972987101;30309,2318055367
"Gamma3[21, 2]";0,999944441395513;0,839059037162062;0,117996994072849;0,12624664965501;1,43256056721941;0,0603323540047553;0,0544072972986837;30309,2318055367
"Gamma3[22, 1]";1,00006400776779;-0,651546791575206;0,892342292905401;0,355893954245815;-0,550054051563769;-0,1794328937046;0,407407954047685;30001,0003771129
"Gamma3[22, 2]";1,00006400776779;0,651546791575226;-0,892342292905421;-0,355893954245835;0,550054051563726;0,179432893704559;-0,407407954047685;30001,0003771129
"Gamma3[23, 1]";1,00002723196233;-0,47580042872946;-0,819309187205276;-1,06276235466226;1,24866985193523;-3,0569696700096;-0,0869649846200247;30085,1500698045
"Gamma3[23, 2]";1,00002723196234;0,475800428729483;0,819309187205297;1,06276235466228;-1,24866985193523;3,0569696700096;0,0869649846200438;30085,1500698045
"Gamma3[24, 1]";1,0001147665051;-0,347623041211973;1,27634711140004;0,467472087076975;-2,10590959104834;-0,874415697482491;-0,148310769035391;30067,9384506699
"Gamma3[24, 2]";1,0001147665051;0,347623041211972;-1,27634711140007;-0,467472087076975;2,10590959104834;0,874415697482491;0,148310769035391;30067,9384506699
"Gamma4[1, 1]";1,00008104956638;-2,35105143539747;-0,417463855089877;-0,860344034258865;-0,241689678728599;1,09673076586543;-0,034152558796994;24301,7061889996
"Gamma4[1, 2]";1,00008104956638;2,35105143539748;0,417463855089877;0,860344034258848;0,241689678728616;-1,09673076586542;0,0341525587969771;24301,7061889996
"Gamma4[2, 1]";1,0000820155337;-1,56403247185709;1,016527401249;0,678624253879865;-0,762493572032565;0,171405363999794;1,45512573550044;30442,2284217654
"Gamma4[2, 2]";1,0000820155337;1,56403247185708;-1,01652740124903;-0,678624253879871;0,762493572032565;-0,171405363999763;-1,45512573550047;30442,2284217654
"Gamma4[3, 1]";0,999999713077017;0,83255135739217;2,26134478205229;0,00464072560714731;-0,598170180995804;0,730560317777925;1,88346552049055;30097,8131768097
"Gamma4[3, 2]";0,999999713077017;-0,832551357392179;-2,2613447820523;-0,00464072560715649;0,598170180995794;-0,730560317777925;-1,88346552049054;30097,8131768097
"Gamma4[4, 1]";1,00004502732487;0,245844565249381;2,42345383493478;-1,24321356184042;0,944552830098507;0,525037692607233;-0,31311145930347;29417,5420383404
"Gamma4[4, 2]";1,00004502732487;-0,245844565249393;-2,42345383493476;1,24321356184043;-0,944552830098501;-0,525037692607239;0,313111459303464;29417,5420383406
"Gamma4[5, 1]";1,00010267967658;-1,41919596854923;1,08184533620673;-1,38328836365783;-1,20792801395121;1,48074202826129;-0,83812502649832;29933,9361356605
"Gamma4[5, 2]";1,00010267967658;1,41919596854925;-1,08184533620673;1,38328836365783;1,20792801395122;-1,48074202826128;0,838125026498342;29933,9361356604
"Gamma4[6, 1]";0,999989495484027;-0,348053364182585;-0,167699411962516;0,965984658848057;-0,187599195253824;0,21245662587497;0,580103733986943;16485,2493212484
"Gamma4[6, 2]";0,999989495484027;0,348053364182615;0,167699411962516;-0,965984658848057;0,187599195253824;-0,21245662587496;-0,580103733986965;16485,2493212481
"Gamma4[7, 1]";0,999974913822756;-0,642945194545035;0,829653518269051;-0,284409048591728;0,806358540336178;-2,58881777338194;-0,123098576337338;13734,7286944231
"Gamma4[7, 2]";0,999974913822756;0,64294519454503;-0,829653518269011;0,284409048591728;-0,806358540336213;2,58881777338193;0,123098576337322;13734,7286944231
"Gamma4[8, 1]";1,00007508345211;-1,43436402920188;-0,135477989639722;-0,276217722669807;0,468392405355083;-0,372852321464645;1,14292704618259;30184,5291378457
"Gamma4[8, 2]";1,00007508345211;1,43436402920188;0,135477989639733;0,276217722669818;-0,468392405355072;0,372852321464608;-1,14292704618259;30184,5291378457
"Gamma4[9, 1]";0,999990176426188;0,564486104075413;0,847881034029657;-0,813041810938435;-0,962928291490338;0,952334658399705;-1,58587091032099;30289,9469995003
"Gamma4[9, 2]";0,999990176426188;-0,564486104075413;-0,847881034029636;0,813041810938445;0,962928291490311;-0,952334658399715;1,58587091032101;30289,9469995003
"Gamma4[10, 1]";1,00004088445444;-2,6950751294283;1,90108894024436;-0,321426185138682;0,569097140132411;2,13548403133996;0,219129058656916;30267,8008440604
"Gamma4[10, 2]";1,00004088445444;2,69507512942832;-1,90108894024438;0,321426185138677;-0,569097140132382;-2,13548403133996;-0,219129058656904;30267,8008440604
"Gamma4[11, 1]";1,00013764839644;-1,38992904665548;-0,385874350053103;0,414675110089066;-1,32817990202209;-0,58172643144702;-0,422327034580491;6910,75283505597
"Gamma4[11, 2]";1,00013764839644;1,38992904665548;0,385874350053116;-0,414675110089079;1,32817990202211;0,58172643144702;0,422327034580478;6910,75283505557
"Gamma4[12, 1]";1,00005792178886;-0,759515870771776;-1,88006971705555;-0,545299975627195;-0,466061374640953;-0,908621740658241;-1,69839700313542;28668,8009163171
"Gamma4[12, 2]";1,00005792178886;0,759515870771776;1,88006971705553;0,545299975627209;0,466061374640953;0,908621740658241;1,69839700313542;28668,8009163171
"Gamma4[13, 1]";1,00000481928838;-1,84674152169772;0,222425593358617;0,400432649958592;-0,782240349234093;-0,606509415509218;-0,849114348503478;30149,7603417278
"Gamma4[13, 2]";1,00000481928838;1,84674152169773;-0,222425593358602;-0,400432649958615;0,782240349234102;0,606509415509218;0,849114348503478;30149,7603417278
"Gamma4[14, 1]";1,0000390336383;-0,0860315389945255;0,170773590440141;-0,290264444630114;0,131181756743783;-0,248562621711771;0,251532956260761;13282,2355769864
"Gamma4[14, 2]";1,0000390336383;0,0860315389945618;-0,170773590440141;0,290264444630103;-0,131181756743804;0,248562621711782;-0,251532956260738;13282,2355769864
"Gamma4[15, 1]";0,999958176297411;0,51895267210673;-2,35777062371958;1,26693283498882;2,14010036901349;0,121151242196093;0,0567519363633201;30880,1923885898
"Gamma4[15, 2]";0,999958176297411;-0,518952672106719;2,35777062371961;-1,26693283498881;-2,14010036901349;-0,121151242196093;-0,0567519363632784;30880,1923885898
"Gamma4[16, 1]";1,00000626579006;-1,06994424849454;-0,35429452166454;0,921665980500855;0,47121181564047;-1,6221082505524;-0,245553881016697;30087,4691651667
"Gamma4[16, 2]";1,00000626579006;1,06994424849456;0,35429452166454;-0,921665980500847;-0,471211815640486;1,62210825055238;0,245553881016721;30087,4691651667
"Gamma4[17, 1]";0,999987920955083;0,15694636772036;0,00215888313775427;0,883533848807137;1,01555817236153;1,54287663626283;-1,3089177780569;30162,0414563002
"Gamma4[17, 2]";0,999987920955083;-0,156946367720393;-0,00215888313775427;-0,883533848807147;-1,01555817236153;-1,54287663626281;1,30891777805687;30162,0414563002
"Gamma4[18, 1]";1,00006564840504;-0,478729359155367;0,825996926480351;-0,225815729208393;-1,55551529211822;-1,04878655355172;1,63018252883882;17530,1334216293
"Gamma4[18, 2]";1,00006564840504;0,47872935915536;-0,82599692648033;0,225815729208435;1,5555152921182;1,04878655355169;-1,63018252883877;17530,1334216293
"Gamma4[19, 1]";1,00009997772116;-0,703553446797081;1,23563436782745;-0,67034761704985;-0,455474205066548;0,569547792291686;1,44457164677085;14136,5382723308
"Gamma4[19, 2]";1,00009997772116;0,703553446797059;-1,23563436782746;0,67034761704985;0,455474205066548;-0,569547792291654;-1,44457164677084;14136,5382723308
"Gamma4[20, 1]";1,00017445045253;-0,0334619310725907;0,417632736811599;0,240581989509153;0,872950532809882;0,427877833197406;0,280582692061707;30489,081751607
"Gamma4[20, 2]";1,00017445045253;0,0334619310726267;-0,417632736811575;-0,240581989509206;-0,872950532809869;-0,427877833197431;-0,2805826920617;30489,081751607
"Gamma4[21, 1]";1,00007281516245;0,967636698019423;0,352008546813495;-0,0417393979256317;-0,0695466193500498;1,23829980164919;0,504821772944238;30335,3023034529
"Gamma4[21, 2]";1,00007281516245;-0,96763669801937;-0,352008546813488;0,0417393979256317;0,0695466193500498;-1,2382998016492;-0,504821772944238;30335,3023034529
"Gamma4[22, 1]";1,00002744914897;-0,63191211974728;-0,992996537255112;1,36145049190598;0,816009964901973;-1,82300765418039;-1,63177083739224;30325,4976377924
"Gamma4[22, 2]";1,00002744914897;0,631912119747259;0,992996537255132;-1,36145049190599;-0,816009964901963;1,82300765418039;1,63177083739224;30325,4976377924
"Gamma4[23, 1]";0,999980178697071;2,81142468702491;0,849375341379583;1,4171861292522;-0,615750158050722;0,410542904001182;-0,640282758219378;4423,5950262976
"Gamma4[23, 2]";0,999980178697071;-2,81142468702492;-0,849375341379593;-1,41718612925222;0,615750158050731;-0,410542904001192;0,640282758219378;4423,5950262976
"Gamma4[24, 1]";1,00000644597743;-2,5604241580939;0,725680971040792;0,15603998995442;1,4588329865566;0,701561012101261;0,408311922900994;30221,7259196685
"Gamma4[24, 2]";1,00000644597743;2,56042415809392;-0,725680971040792;-0,156039989954428;-1,45883298655661;-0,701561012101268;-0,408311922900975;30221,7259196685
"Mu_Alpha1";1,0000161860271;0,204938459138671;-1,33903140009479;-0,633260578330292;0,172633797347709;-1,03722642739507;1,76223609580499;30217,5103273028
"Mu_Alpha2[1]";1,00000379311314;0,784768815603527;-2,67695687883719;1,82744812302484;0,745232340411764;0,294030052992654;1,40075505031984;30057,2346944958
"Mu_Alpha2[2]";1,00020369726508;-2,27532395975873;2,14613070779081;-1,18849384121812;1,65973082086416;1,75608919020318;-0,678423677810584;30320,9400531573
"Mu_L1[1]";1,00013985467151;-1,84997217589128;-0,707344968839434;2,13988645960155;-0,635156676284311;-2,57921835109756;0,707190173161008;12832,6523195456
"Mu_L1[2]";0,99996577480669;0,0682286894577726;0,120106376878737;0,631620184887876;-0,807465204157959;-1,94703779840373;0,718780931404096;30119,6192558675
"Mu_L1[3]";0,999985708052547;0,832623322942957;0,926472726647472;0,3261819425902;-2,24333683704723;-0,979468821113489;0,23564537738943;30304,821272082
"Mu_L1[4]";0,999955001818702;-0,392523570349147;0,781320514763188;-0,31228278111582;-0,0892982967033069;-0,36301695245887;-0,421297168827259;14641,1077010255
"Mu_L1[5]";1,00003615619938;0,623228926276768;0,542175017410002;0,355719129719324;0,427677705841302;-0,70232292357343;0,0189618551706688;30067,8160079444
"Mu_L1[6]";0,999971605945035;-0,986531901821073;-0,651666592393601;-0,436367497447541;0,293162829545046;-0,45320435141277;-0,317100915648485;30441,1627599905
"Mu_L1[7]";1,00006333829299;0,732923920830206;-0,7805194491659;0,427783412339076;0,886805816078364;-0,0699704844409298;-0,205091533944397;23371,1448155888
"Mu_L1[8]";1,00018538003508;-0,398698057558612;1,56413101874173;0,711146026650397;0,605969945007547;-0,157770039690569;1,43968554508595;31157,2068251658
"Mu_L1[9]";1,00005523577837;-0,197482942249641;1,17139339789342;-0,382508742117533;-0,906409833347814;1,24346244511936;-0,691937862309857;30071,0741525678
"Mu_L1[10]";1,00004613719118;-0,643088605016503;1,54198424516398;0,314115335238863;0,0341426716327044;1,45435116637443;1,04941993346303;30460,6187340401
"Mu_L1[11]";1,00022773760897;0,328704741053432;0,109675574472402;0,086913508044122;0,676642674981548;0,237589566235375;-1,28495586902077;30076,824582068
"Mu_L1[12]";1,00007654261706;0,395076749864517;1,70057081385844;0,0172911074292823;-0,305540886227047;-0,765854063785848;1,1971502072578;20643,3442979638
"Mu_L1[13]";1,0001089302874;-0,554037550520243;0,958329438843908;-0,146829617504325;0,0302976792674136;-0,523293998227879;-1,31909782613373;8800,30963944693
"Mu_L1[14]";1,00009970181798;-1,34564540630949;-0,113763060280633;-1,02473111492248;0,0142859495870825;-0,470474952028279;1,16495156210714;30064,3695858426
"Mu_L1[15]";1,00008419475078;-0,396076292468747;0,974743909040647;-0,637266355825008;-0,912924174594207;-0,251880210903082;1,45855166347735;8615,42981009438
"Mu_L1[16]";1,00015928933145;-0,57797948001388;-1,96091625961958;0,152309833894366;-0,192334606737168;-1,89446136989457;1,35870408908205;30305,9505209184
"Mu_L1[17]";1,00013863071539;-2,19459018559406;0,778532441939841;0,146524500766435;-1,04649359754592;1,10818107169427;0,399648920272473;30142,5946729999
"Mu_L1[18]";1,00006734894322;1,54244632524385;-2,0627040113628;-0,671511281108462;0,105619815730684;-1,29159048492844;0,4336513112455;9460,89882861892
"Mu_L1[19]";1,00030003380424;0,366822496871851;0,242659878126131;-0,74307826374496;0,673994241237354;0,628660276199968;-0,802908916787735;23408,5803364939
"Mu_L1[20]";1,00008949907116;-1,39798437497731;0,349181850859773;-0,0272605435311151;-0,546730903953375;-0,596561934269892;-0,529034711019473;30285,6164606006
"Mu_L1[21]";1,00005612061561;0,156664713456625;-0,769990755418248;-0,727147553847704;0,967207403740058;0,285020815380523;1,35785531129531;29663,4251582543
"Mu_L1[22]";1,00005978582274;-0,723136446713818;-0,142087495547497;1,09558389622175;0,0530726715883895;-1,25971685117227;1,27539456543042;3412,23848478934
"Mu_L1[23]";1,00000502758758;1,92108221340479;-1,25230248968878;-1,86021887799573;0,362177978984701;0,722166472225307;0,0497427952825205;30414,9622847265
"Mu_L1[24]";0,999995367707586;1,77125083139922;0,991559237159734;-0,425028296954956;-1,47683639870771;-1,8716619875245;-0,25069136121366;27618,7904422766
"Mu_L1surv[1]";1,0001392485966;-1,85198027537756;-0,709988231761211;2,1429973955057;-0,635493311728209;-2,57779197988218;0,702169659920547;12750,6248181563
"Mu_L1surv[2]";0,999965511599824;0,0739485412969114;0,122544975700713;0,627146076781809;-0,822027344432356;-1,94810323980936;0,706735415906604;30119,4713383576
"Mu_L1surv[3]";0,999985186447776;0,841353905117724;0,915334291992355;0,314966213492597;-2,24906576085486;-0,971543906716959;0,246788241915108;30304,1518100337
"Mu_L1surv[4]";0,999954412302183;-0,38987966275463;0,777818899957287;-0,311178845557008;-0,0861202238831534;-0,366924318514301;-0,418798763875269;14705,8016536767
"Mu_L1surv[5]";1,00003593204618;0,646135030368265;0,543540135520001;0,36055410715231;0,428781397462435;-0,708724916914616;0,0321691971390331;30072,8449784829
"Mu_L1surv[6]";0,999972184025063;-0,97550850100443;-0,652115688406958;-0,433889060523927;0,309819400175221;-0,467195174401591;-0,33471905341449;30449,3255997283
"Mu_L1surv[7]";1,00006390927296;0,730873182907626;-0,78050158797849;0,428501581131015;0,888727942990109;-0,0696547000590329;-0,207589850607823;23258,3549494909
"Mu_L1surv[8]";1,0001860590738;-0,394256229878522;1,55955884375998;0,708600536998273;0,606020586243785;-0,159682064950462;1,4425712573335;31157,3196140675
"Mu_L1surv[9]";1,00005277570367;-0,19551599282799;1,19303509146374;-0,352048039055674;-0,902537933379203;1,24169822421051;-0,691057569568932;30073,255532446
"Mu_L1surv[10]";1,0000463321065;-0,652434938971997;1,52945049064742;0,320411701346354;0,0404019706696145;1,46186101383809;1,03867207659006;30461,2643424391
"Mu_L1surv[11]";1,00023247345712;0,317449104732622;0,148684730245591;0,135635403303438;0,695797895528873;0,191378572804148;-1,29704185970869;30080,492259628
"Mu_L1surv[12]";1,00007626632168;0,396324960787559;1,70763605837692;0,0170165537587351;-0,311690086370876;-0,764837609835255;1,20078351684366;20790,2827923252
"Mu_L1surv[13]";1,0001078091733;-0,535329325585892;0,967670072033991;-0,141714470829198;0,018497199329756;-0,536593250632375;-1,30597021277587;8533,88694129946
"Mu_L1surv[14]";1,00010071878079;-1,3438772146224;-0,114240066269349;-1,01945763772616;0,0137699269485636;-0,4761529865831;1,16948632134036;30067,5499630156
"Mu_L1surv[15]";1,00008844699332;-0,387869884992773;0,976204176462622;-0,620022768315956;-0,919914956317269;-0,262389924247239;1,44717697457604;9255,47083215375
"Mu_L1surv[16]";1,00015619617529;-0,578211676057579;-1,97089649298494;0,159381053317326;-0,173017561647053;-1,89093431430947;1,36223438083318;30306,6388608732
"Mu_L1surv[17]";1,00013957377946;-2,18190278234365;0,782509249837661;0,174814199391499;-1,06286685240075;1,09325801309641;0,435881800257968;30133,6538228314
"Mu_L1surv[18]";1,0000692809028;1,5482984501526;-2,06728588743692;-0,685318550632257;0,10192088387432;-1,30135320782172;0,421328303829349;9656,48989841489
"Mu_L1surv[19]";1,0002993257316;0,361829478956796;0,247305435177471;-0,742911161599359;0,66897308439074;0,622626435949151;-0,796473284548215;23559,1837083966
"Mu_L1surv[20]";1,00008878434822;-1,39465406148834;0,344610020247798;-0,0300663558823;-0,548857562494143;-0,607459156160805;-0,523516987420956;30283,3764708008
"Mu_L1surv[21]";1,0000539431307;0,161852177935509;-0,776021830824762;-0,721140937456313;0,968012451913907;0,300369207714148;1,357739057288;29656,1912271512
"Mu_L1surv[22]";1,00005966266335;-0,694756525344148;-0,115178351810354;1,08656072060894;0,0648598716047614;-1,24633460825838;1,28220894700141;3408,85306969113
"Mu_L1surv[23]";1,00000525638591;1,93584579711818;-1,21022819476868;-1,9183749574907;0,358748798051821;0,705880332893087;0,0683476505034832;30435,1366979535
"Mu_L1surv[24]";0,999993258170103;1,76881129414039;1,01087517613805;-0,432179218734708;-1,48417777666623;-1,90249949160211;-0,252616270111415;27765,8889416009
"Mu_L2[1]";1,00002887185635;-0,187512961555842;-0,73624149110708;-0,81828412105841;-0,708251627940039;-0,921668763872372;-0,527155048219599;9319,45559817334
"Mu_L2[2]";1,0001854312498;-1,00788830605161;-0,0621958775697813;-0,581801865601697;0,975212638285367;1,59752142879767;-1,11814702444931;24183,7013571865
"Mu_L2[3]";1,00002078343983;-0,902572183123166;0,871230171908583;-1,31007261192156;0,214730990668904;0,189481836114074;-0,309360033433499;30145,3340334379
"Mu_L2[4]";1,00001681520335;-0,770506258769481;0,12417929839247;-1,36400413069389;-1,6741042745338;0,17349863720397;0,540171799038235;14301,6574442139
"Mu_L2[5]";1,00011940575198;-0,259643714983438;-1,09772888589172;1,44245301135217;1,15070580856776;-0,453806958859526;0,34181863115506;19008,9475021599
"Mu_L2[6]";1,00011280037138;-0,252345728727031;0,789340690079626;-1,16812585160698;-0,669570981564812;0,276700081807345;0,0712639492798733;15887,4371830606
"Mu_L2[7]";0,999965507840823;0,924668344251317;0,343583600000784;-1,32769006958046;-0,24139803108022;0,947021297302;-1,138034524964;30127,9888142667
"Mu_L2[8]";0,999935407599705;2,22532860293198;0,240576546383668;-1,59052351965038;-2,30769058246053;-0,624996132091959;-0,0281509144465948;30061,6149501068
"Mu_L2[9]";1,00003380183133;-0,99371731117674;0,383674608665516;-1,36642460511655;-0,915789148266471;1,10233098068043;-0,197249019444683;9252,06178831864
"Mu_L2[10]";1,00008755354171;1,1775032211885;-1,50009487368387;-0,71240747323104;-0,358365300286318;-0,329147440096321;-0,189175218988606;30254,1154007494
"Mu_L2[11]";0,999978139583715;0,468314306377302;-0,973819079638399;-0,730752762052837;-0,723079436406943;0,118859925681974;-0,0411448631903173;10907,6289083536
"Mu_L2[12]";1,00006178977014;1,49951552732717;-1,35756939047466;0,191928772726606;0,0173662567000938;1,25081338856321;0,0574444222909128;30147,1965317016
"Mu_L2[13]";0,999999220903072;0,582646803195315;-1,19018599507778;-0,366312775848021;-0,350269698343227;-1,71809205759799;0,025212851326143;9634,71978507782
"Mu_L2[14]";1,00001494003224;0,727813040500952;2,15993924990117;-0,270091325432222;-0,455029806564589;-0,679381704936073;0,0490447185082752;30078,4247447083
"Mu_L2[15]";0,999993172292713;-2,14024034925653;2,00946888776282;-0,339447916702433;-0,272946094667327;-0,705314893330733;-1,43552788621317;30759,9428093228
"Mu_L2[16]";1,0000653379526;1,09567951007379;1,38276569869771;0,0253477409905986;-0,502935814748175;-0,482176616443325;-0,291150482671009;27438,8148593167
"Mu_L2[17]";1,00001806817067;-0,250651392572696;-0,0978421494855134;-0,615805968846766;-0,624876547303274;0,560316223792713;0,916559278716254;25150,6746819335
"Mu_L2[18]";0,999958903146272;0,376203570129097;-0,220921020684305;1,51868100176723;0,927770564260993;-1,77059377630947;-0,305923963411634;30065,243593966
"Mu_L2[19]";0,999953841224963;0,530874694003695;-0,819711209310918;-0,290314640158067;1,79316276202527;0,297789078530711;-1,78823139333448;30605,461254428
"Mu_L2[20]";1,00005793441004;-1,06024083360542;1,37751877572494;1,00133336015122;1,69949511258222;-0,782358934678401;1,01244546888692;30205,1292239536
"Mu_L2[21]";0,999946792137796;-0,327713300052977;0,697794180772604;1,00319114832871;-0,709498745616235;-0,395105637055738;0,143216334429951;15545,194776366
"Mu_L2[22]";1,00011198964602;-0,717011060751316;0,32014658893595;-0,803888254619818;0,57316471537937;-0,399240740538044;-0,489637324144132;30142,586092551
"Mu_L2[23]";1,000247942911;1,10323978382098;-1,04683756869864;1,34784542516114;1,60787641799643;-2,07785460503949;0,247508037043757;27548,0791986915
"Mu_L2[24]";1,00001067496714;1,02268291035546;0,73911932778725;0,548333016560013;1,4132015771691;-1,40494245120247;0,946886964435692;30395,6780316101
"Mu_L2m[1]";1,00003271354846;-0,148961066204758;-0,684124409661949;-0,923911720803361;-0,666819395180133;-0,838259323237122;-0,527628135615316;9965,43049281655
"Mu_L2m[2]";1,00018663613788;-1,00959168929912;-0,0510535568302259;-0,608855729349634;0,967459412179617;1,60772846573774;-1,11814822020543;24108,5394406929
"Mu_L2m[3]";1,00002125679281;-0,911454587377011;0,870614630619286;-1,30595516862013;0,202719944342428;0,195554719708804;-0,302498081883489;30153,2340056029
"Mu_L2m[4]";1,0000102410077;-0,801961724360736;0,119873703688391;-1,40722393302196;-1,61590662211644;0,144044253091798;0,517573254089038;14874,1076816064
"Mu_L2m[5]";1,00011339726006;-0,253335460660046;-1,07806242011628;1,44623810001604;1,13217554435123;-0,427879594182302;0,300182954833073;18538,5100262286
"Mu_L2m[6]";1,00011037681139;-0,259055526046897;0,780511317137818;-1,14781866912992;-0,66211440871701;0,289085271539464;0,072406930525578;15833,8952745809
"Mu_L2m[7]";0,999964984888136;0,925517989953733;0,341962585138238;-1,37371602568391;-0,272740003084091;0,940371085471132;-1,1020812207521;30127,4724513903
"Mu_L2m[8]";0,999935723410442;2,22429078312704;0,233916950897821;-1,58841986422565;-2,30559615428809;-0,617449393497418;-0,0191170892745897;30062,7089552423
"Mu_L2m[9]";1,00003022743355;-1,01710036155622;0,353307439668385;-1,37147464564163;-0,920616486329889;1,10051784100363;-0,19978679993828;9065,16677244151
"Mu_L2m[10]";1,00008935286868;1,17337634752415;-1,39001501766025;-0,704253110738794;-0,359282758672515;-0,30923610526449;-0,159295975607886;30244,2367583582
"Mu_L2m[11]";0,999978416487077;0,478238163682059;-0,972374060012987;-0,729814942651684;-0,723925219150606;0,11327594293024;-0,0436241598233425;10910,5078782006
"Mu_L2m[12]";1,00006019513211;1,49392287634177;-1,37015529290048;0,195836172664559;0,0312887207854929;1,27185732486442;0,0467226334634013;30153,2659291329
"Mu_L2m[13]";0,999998416373036;0,557059644914555;-1,14704712534247;-0,367977517719857;-0,343119744549723;-1,7588223578656;0,0308314833766157;10176,5457870069
"Mu_L2m[14]";1,00001493748388;0,728596026040532;2,15946780076516;-0,269624511134296;-0,455793817227128;-0,679563075073481;0,0492308109943591;30078,5491524171
"Mu_L2m[15]";0,999990199700175;-2,13273834358856;2,02172859725966;-0,344982022408101;-0,293145388463172;-0,701789733913174;-1,46454009066729;30754,4841726632
"Mu_L2m[16]";1,00006771290748;1,09129551829863;1,39239322980525;0,0235261270544787;-0,505869469259929;-0,495106423616856;-0,293430237568985;27306,3742627031
"Mu_L2m[17]";1,00001965724833;-0,280856752070074;-0,122053709450528;-0,531254997141561;-0,622070309833206;0,549538196641332;0,917567446069151;25557,1526334112
"Mu_L2m[18]";0,999959287349708;0,319009953726863;-0,239410918409695;1,49632350186653;0,91204910882027;-2,08645485625469;-0,313701423796468;30074,278260655
"Mu_L2m[19]";0,999953426162713;0,532225268686824;-0,833012348409048;-0,295296506469484;1,78200811577632;0,32727730916466;-1,79364117173668;30613,2909024478
"Mu_L2m[20]";1,00005878625405;-1,06467793781363;1,3725745199319;1,00949327653836;1,70513165203193;-0,775329425558124;1,00392515453414;30203,9477150889
"Mu_L2m[21]";0,999947080894622;-0,329516962796377;0,694636262327069;0,996472272736939;-0,706953983988022;-0,394212388157365;0,14372945709755;15531,6845273054
"Mu_L2m[22]";1,0001117762344;-0,711561018223036;0,32371694939932;-0,797644096504167;0,568473742319478;-0,396388904491341;-0,494385342781077;30139,5217734166
"Mu_L2m[23]";1,00024687908347;1,09325029521482;-1,04503136020059;1,3483641097293;1,59968622160582;-2,05685436767242;0,251207942612586;27491,0027741598
"Mu_L2m[24]";1,00001161048448;1,03792951236814;0,737029626777958;0,54983559058628;1,41716648815078;-1,38707402530121;0,914350160418761;30396,8333098248
"Mu_L2nm[1]";1,00003271354846;-0,148961066204758;-0,68412440966195;-0,923911720803362;-0,666819395180134;-0,838259323237121;-0,527628135615316;9965,43049281625
"Mu_L2nm[2]";1,00018663613788;-1,00959168929912;-0,0510535568302259;-0,608855729349634;0,967459412179615;1,60772846573774;-1,11814822020543;24108,539440692
"Mu_L2nm[3]";1,00002125679281;-0,911454587377346;0,87061463061961;-1,30595516862013;0,202719944342428;0,195554719708804;-0,302498081883489;30153,2340056028
"Mu_L2nm[4]";1,0000102410077;-0,801961724360736;0,119873703688172;-1,40722393302196;-1,61590662211644;0,144044253091798;0,517573254089037;14874,1076816058
"Mu_L2nm[5]";1,00011339726006;-0,253335460659816;-1,07806242011628;1,44623810001604;1,13217554435123;-0,427879594182302;0,300182954833073;18538,5100262299
"Mu_L2nm[6]";1,00011037681139;-0,259055526046897;0,780511317138084;-1,14781866912992;-0,66211440871701;0,289085271539464;0,0724069305255781;15833,8952745819
"Mu_L2nm[7]";0,999964984888136;0,925517989953733;0,341962585138239;-1,37371602568391;-0,272740003084092;0,940371085471131;-1,1020812207518;30127,4724513904
"Mu_L2nm[8]";0,999935723410442;2,22429078312667;0,233916950897821;-1,58841986422565;-2,3055961542881;-0,617449393497418;-0,0191170892745896;30062,7089552423
"Mu_L2nm[9]";1,00003022743355;-1,01710036155622;0,353307439668385;-1,37147464564163;-0,92061648632989;1,10051784100363;-0,19978679993828;9065,16677244169
"Mu_L2nm[10]";1,00008935286868;1,17337634752415;-1,39001501766;-0,704253110738794;-0,359282758672515;-0,309236105264489;-0,159295975607617;30244,2367583582
"Mu_L2nm[11]";0,999978416487077;0,478238163682058;-0,972374060012987;-0,729814942651684;-0,723925219150604;0,11327594293024;-0,0436241598233425;10910,5078782009
"Mu_L2nm[12]";1,00006019513211;1,49392287634177;-1,37015529290015;0,19583617266456;0,0312887207851625;1,27185732486442;0,0467226334634013;30153,265929133
"Mu_L2nm[13]";0,999998416373035;0,557059644914845;-1,14704712534247;-0,367977517719562;-0,343119744549722;-1,7588223578656;0,0308314833766157;10176,5457870067
"Mu_L2nm[14]";1,00001493748388;0,728596026040534;2,15946780076517;-0,269624511134666;-0,455793817227129;-0,679563075073482;0,0492308109943592;30078,5491524172
"Mu_L2nm[15]";0,999990199700175;-2,13273834358856;2,02172859725966;-0,344982022408101;-0,293145388463522;-0,701789733913171;-1,46454009066729;30754,4841726632
"Mu_L2nm[16]";1,00006771290748;1,09129551829864;1,39239322980525;0,0235261270544787;-0,50586946925993;-0,495106423616858;-0,293430237568986;27306,3742627035
"Mu_L2nm[17]";1,00001965724833;-0,280856752070075;-0,122053709450528;-0,531254997141561;-0,622070309833526;0,54953819664166;0,91756744606948;25557,1526334108
"Mu_L2nm[18]";0,999959287349707;0,319009953726864;-0,239410918409695;1,49632350186653;0,912049108820269;-2,08645485625469;-0,313701423796821;30074,278260655
"Mu_L2nm[19]";0,999953426162713;0,532225268686104;-0,833012348409389;-0,295296506469483;1,78200811577632;0,32727730916466;-1,79364117173668;30613,2909024478
"Mu_L2nm[20]";1,00005878625405;-1,06467793781363;1,3725745199319;1,00949327653836;1,70513165203193;-0,775329425558123;1,00392515453414;30203,9477150889
"Mu_L2nm[21]";0,999947080894622;-0,329516962796377;0,694636262327068;0,996472272736934;-0,706953983988021;-0,394212388157367;0,14372945709755;15531,6845273043
"Mu_L2nm[22]";1,0001117762344;-0,711561018223036;0,323716949399321;-0,797644096504166;0,568473742319476;-0,396388904491341;-0,494385342780697;30139,5217734166
"Mu_L2nm[23]";1,00024687908347;1,09325029521482;-1,04503136020059;1,3483641097293;1,5996862216055;-2,05685436767241;0,251207942612586;27491,002774159
"Mu_L2nm[24]";1,00001161048448;1,03792951236814;0,737029626777956;0,549835590586278;1,41716648815078;-1,38707402530121;0,914350160418757;30396,8333098248
"Mu_Mu_L1";1,00019152870183;-1,73431163434072;-0,183905196714463;-0,258278099566648;-0,784839875812029;-2,25835938004057;1,17802986203134;30204,2758666572
"Mu_Mu_L1surv";1,00005116005885;-0,503681553885194;0,943614546731366;-0,161541161492678;-0,695272507096142;-2,32669310789856;1,40571853468753;25572,0599077751
"Mu_Mu_L2";1,00014734980126;-1,92842201932621;0,0658585841537651;1,05057660051355;-0,252005706664814;0,571302459776481;-1,37322959788794;30175,1427219916
"Mu_Mu_L2m";1,00015748566611;0,512178698225544;0,129546845828804;-1,51440419164969;-0,107762469930787;-1,01618913880324;-0,599969319837623;16240,6075574864
"Mu_Mu_L2nm";1,00015748566611;0,512178698225542;0,129546845828804;-1,51440419164969;-0,107762469930787;-1,01618913880324;-0,59996931983762;16240,6075574885
"Mu_N1[1]";1,00005449501514;-1,39643219310525;0,43890678212787;1,80490334432156;0,27103387056152;0,989239506331437;0,787209789751926;16443,549419142
"Mu_N1[2]";0,99995499374777;0,116926219046789;0,668053402211879;0,160993316782401;0,220119177981029;0,750806564201678;-0,801675085975706;30009,7813371409
"Mu_N1[3]";1,00001931974305;-1,03790370063034;0,585628270348077;0,536988863928542;0,626529870008416;-0,115772220098082;0,351791873825837;23186,7263161279
"Mu_N1[4]";1,00000511036181;0,397280413292425;-0,135745716867681;0,308488356654368;1,2861842641957;-0,63898977293308;-0,733424437557406;30105,6774968502
"Mu_N1[5]";1,00025574688004;-1,6269799755445;1,5290593609823;0,0251546744491464;0,680144717242999;0,0566638910543453;-1,1777300295847;3510,77548139899
"Mu_N1[6]";1,00016553370335;0,358789597414357;-0,227244142701606;0,430844393726983;0,387276534188173;0,293731765940938;-1,42472087629232;29278,6052545746
"Mu_N1[7]";0,99999278316269;0,854231339363216;-0,607872748847533;0,661653491025321;-0,623076290056184;-0,726597482372735;0,340128185884946;30495,1371325442
"Mu_N1[8]";1,00029685484107;-0,375540624060514;-0,773750888026592;-1,75736901783952;-0,097052371065622;-1,23177409790641;0,379688184977007;20825,6407092122
"Mu_N1[9]";0,999967831788243;0,498473209459762;1,53902252955375;-0,8653611369328;-0,13269891709449;-0,6327225268604;-0,344900624570159;30060,7824392208
"Mu_N1[10]";1,00012195790714;-0,0731986482110179;0,683991757442483;0,234202710031594;-1,19009543726437;0,617076010345325;0,545881400013896;15415,7741016075
"Mu_N1[11]";1,00006373909422;-0,901704460848482;1,31180491249596;-0,074437316355374;1,75728269164486;0,532180978361125;0,910889771751282;30071,997738426
"Mu_N1[12]";1,00008477339174;0,690971159404923;-0,509325730864203;-1,37071959148051;0,400736390840829;-0,647712788961704;-0,768190223086982;30290,741756126
"Mu_N1[13]";1,00000217680151;0,101591736333869;1,45013122968483;-0,0279654383406154;0,759799168850906;-0,847979148827067;-1,06986604927255;15410,2593425497
"Mu_N1[14]";1,00001454224632;0,300320901005076;-0,00658274064576914;-0,360682967078149;1,13389578027162;2,00893074441472;0,547818261502179;12571,6784593316
"Mu_N1[15]";0,999984268514135;0,702866531060996;-0,240546518276273;0,459543937757285;0,913803245608958;1,09850156358445;0,0794944053592964;11369,4692421371
"Mu_N1[16]";1,00024082656147;-0,743740977376607;1,0225987704699;-0,407175864092704;-1,71787403957989;0,434851940488046;1,89658283309363;12131,0841398426
"Mu_N1[17]";0,999979489252884;-1,03059522986163;0,0920887071657332;2,5111820340948;0,826517851770122;-0,0268362588786489;1,08530181307903;30215,8232859947
"Mu_N1[18]";1,00012294842881;-0,139933460860994;0,861511336819397;-1,52764428577537;-2,11735038663465;0,765561280601333;-0,398925718948953;28454,5202805504
"Mu_N1[19]";1,00004854288512;-0,362151714855249;-1,30636682971365;0,722924264500461;1,03203730784345;-0,340903275382011;-0,44420420445992;14882,5942810314
"Mu_N1[20]";0,999988732910795;-0,40535615999825;-0,509270521168088;-0,0823379297061668;0,418213447983761;1,69630530179634;-1,65618030490666;29105,480507758
"Mu_N1[21]";1,00001790602714;0,959639728281256;0,981123625252666;0,517609396519604;-0,0300774469681063;-0,824246463187126;1,18646834016737;8502,03740046252
"Mu_N1[22]";0,999981094607247;0,35598123948447;0,349582533501421;-0,409718365412516;-1,33437918209298;-0,853699166035449;-0,630560885513504;30211,7642551072
"Mu_N1[23]";1,00003372095131;0,228817395388111;0,29187936757929;0,480569351087303;0,670720163549606;2,82813060610884;1,6576396135298;30212,6889078373
"Mu_N1[24]";0,999985784203004;0,987606343103754;0,226962764419898;-0,826226787965955;-0,169476974836478;0,739722524778802;-0,538630868509051;26922,3055329146
"Mu_N2[1, 1]";0,999994253889628;0,0278054119109382;-0,700274831195003;-0,131980871742435;-3,03648544162298;-0,771223695093099;-2,55342153234955;30227,4939625626
"Mu_N2[1, 2]";0,999969556507271;-0,157805341117486;-0,319783545270379;-0,329087527123414;-0,0970088717599324;0,0230020734667548;0,155521664673472;30343,8944690008
"Mu_N2[2, 1]";1,00003546198631;-1,4139099872721;-0,845079483949474;0,795437104695516;1,52920305190385;-0,985362774011851;-0,705420647969193;29622,0671227309
"Mu_N2[2, 2]";1,00002204851824;0,56012313641436;0,840887852936038;-0,799951972887702;-0,189841902070423;-0,30859441633458;0,621354380538206;30411,8546431073
"Mu_N2[3, 1]";1,00011076883307;0,359084304150766;0,150292804360121;0,0721807272040563;1,42192188097594;0,0909558017256616;1,10590169804968;27618,7555024505
"Mu_N2[3, 2]";0,999994575704296;0,421195201555301;-1,32690265667426;-0,176206027150323;-0,498195023857471;-1,8933977354193;1,50003029229291;30319,3877592246
"Mu_N2[4, 1]";0,999968526622711;1,16051820898835;0,108680610888727;-0,458062053791922;0,058072687666901;2,29400458689636;-0,679301205141066;15877,8001624927
"Mu_N2[4, 2]";0,999980914107926;0,06283685582296;0,596761554822714;-2,0065999970147;-1,28780737583684;0,985664981092743;0,740222876837173;30329,43397405
"Mu_N2[5, 1]";0,999997325491164;0,233342072478332;0,0672044651271834;-0,429026705396078;-1,90776018209514;-0,538729976178164;0,0858030775875157;30223,1601807149
"Mu_N2[5, 2]";1,00000908573921;0,639443592479449;0,460504145363005;1,41493766961754;2,48090031081175;-0,741474763686599;0,0132977588436262;30035,0259219287
"Mu_N2[6, 1]";0,999992654789466;1,19025458045507;-0,104903294488505;-1,11421928690754;0,73481049381056;0,177436869713331;1,69046472597526;30203,7996033414
"Mu_N2[6, 2]";1,00003199684026;-1,26787249055904;-1,79348735677918;-0,353659550065015;1,20037527604293;-1,24452976787056;-0,811934454955004;16744,9215107882
"Mu_N2[7, 1]";1,00005419202735;1,25911493593698;0,27495989734607;0,875523853984803;-1,27508988173802;-0,66449677528367;-0,116653546784093;30201,7793341499
"Mu_N2[7, 2]";1,00000372398781;0,217723881579772;-0,61174932334281;-0,343408592058575;-1,43206624217601;0,282641447210687;-0,1121259267208;5687,71351271187
"Mu_N2[8, 1]";0,999962787583936;-0,346448957060602;0,207474920323021;-1,30129860003467;0,656191050622723;-0,145061685216872;0,957544556308238;28388,4268226348
"Mu_N2[8, 2]";1,00000298135691;2,0124209965965;1,97430107311449;2,52310913430652;-1,8424887731107;0,262676431132974;-1,32471143846239;30041,953953596
"Mu_N2[9, 1]";0,999943458907152;1,84470097246344;1,29367266673484;-1,59077555109985;-1,50320532823793;0,989238534020013;-1,56724364053007;25805,7749191117
"Mu_N2[9, 2]";1,00007021029263;-0,516934435651455;0,0199042361200861;0,493100215040341;-0,926600155229073;-0,535006860768367;1,15104283809742;30355,497849231
"Mu_N2[10, 1]";1,00001616133825;-1,37449312993586;1,69254306956345;1,48041608604589;0,87233884403395;-0,219603760595942;-1,82978829002067;30096,3973667147
"Mu_N2[10, 2]";1,0000007410217;1,2031137310669;-1,08628646385857;0,886341994955185;-0,904230208138013;0,413946737783522;-0,605730421899876;19825,4933881349
"Mu_N2[11, 1]";0,999947896777892;0,698747761265823;0,494867765226066;-0,654096985866643;-0,866735465934376;-0,532493141221121;-1,15624368632738;30094,9499137944
"Mu_N2[11, 2]";1,00001318579223;0,211388645337596;-1,17352623493825;1,27615022543558;0,313677400052919;-0,0904272580081422;1,48689094448386;30225,0646657972
"Mu_N2[12, 1]";1,00004649099501;0,57097131804768;-1,71710503657729;-0,657595095604084;-1,9556029044665;-2,53520560350983;-0,0617060735541386;5295,65442618782
"Mu_N2[12, 2]";0,999958743583884;-0,0104248131782875;2,14476814716652;1,3662538214496;-0,17103305530479;-0,444903333154219;0,26070785900341;30473,0241199828
"Mu_N2[13, 1]";1,00000913680846;-1,27054682756794;-1,40297241743921;0,720007084222148;0,734555883614308;1,36815479726513;0,0569361590131326;19954,4934050672
"Mu_N2[13, 2]";0,99996052843907;-0,81984388210207;-0,382253687058712;-2,32247798441391;-0,616698085957763;-0,526917877879139;-0,528384027404113;30088,9993129052
"Mu_N2[14, 1]";0,999976189154195;-0,574223398516113;0,708937829027906;-1,38366884791488;-0,774083918173628;0,881102535366533;0,818623980978631;30125,9422201793
"Mu_N2[14, 2]";1,00000822999615;-0,253499294772354;-0,580065080472289;0,862906046830042;1,77707883478118;0,289924631737384;0,497301411396529;9489,66883740982
"Mu_N2[15, 1]";0,999961321419542;-1,13122254846654;-1,64206901724915;-0,171875010142655;1,9697316307751;0,798310103234852;0,448863138607344;30306,6031249711
"Mu_N2[15, 2]";0,999965495392007;-0,324693483164273;-0,320952905841883;-3,14137830225469;-2,26403249768036;-0,0301593263379384;-2,59865224972764;30677,4289344213
"Mu_N2[16, 1]";1,00022917055102;-1,45588217309245;0,221531304672727;1,93703983580057;1,16850639128143;-1,88331993220481;-0,344921312779313;21730,5389495324
"Mu_N2[16, 2]";1,00006857525737;-0,294158023045909;-0,036262677415357;-0,0763523059944113;1,01658187233088;1,22711677328452;0,478468371448159;30091,0753212217
"Mu_N2[17, 1]";1,00000996191287;-0,0960702869111104;-1,98492163422299;0,177880455594089;-1,42897590590987;0,751316471430736;-1,83539360451996;30432,0972680781
"Mu_N2[17, 2]";1,00003247283389;1,32474973678584;1,28435395114271;1,60313250998009;-1,29429538788846;-0,616087250513252;1,51396030618153;18436,8535683576
"Mu_N2[18, 1]";1,00003977252234;-0,474465134149848;-0,545532305688093;0,223707859321944;0,00697506594867754;0,811598954375423;0,979723455393095;30414,2124501951
"Mu_N2[18, 2]";1,00012191433134;0,965324003371288;0,449249150992463;-0,307693435226427;-0,1977954788173;-0,189166962043862;-1,38932823750312;30068,5152564402
"Mu_N2[19, 1]";0,999996748950357;-2,64460612397659;1,02727852922241;-0,138223693412507;1,27540497589572;-0,501138823856383;-0,34016304174956;30198,2105731618
"Mu_N2[19, 2]";0,999997811948306;-0,10151848999587;-0,840055914064842;-0,5186409400894;0,595300602564735;-0,615566537562975;-0,508427397612736;29341,1821632554
"Mu_N2[20, 1]";0,999967973832367;0,563131212424645;-0,159920404876385;0,219919627363243;-0,858617899331837;0,865444755696501;2,37640316368494;30305,7922418275
"Mu_N2[20, 2]";0,999986489021562;-1,48251685569214;-0,428018607899092;-0,584753715496833;-0,520900997358043;-0,746227704147488;-1,64010736001562;30293,8288054651
"Mu_N2[21, 1]";1,00000096758578;-0,639297817952898;0,226068097993369;-0,222073688912724;-0,889861614856219;-0,0712382631357856;0,23779134423284;30472,9477507712
"Mu_N2[21, 2]";0,999960454003599;0,592621351842621;-0,171750340065444;-0,257515532448202;1,55403912828207;-0,58307314856459;0,235283318491644;30103,9140566499
"Mu_N2[22, 1]";1,00004013035264;-1,09777946226631;-0,669797250308104;1,66033595798694;-0,24807666001262;0,252905201218592;-0,441777046602664;30058,6436780207
"Mu_N2[22, 2]";1,0000252699466;0,112628069872111;-1,43484252176365;0,368055947919291;0,206704694745301;1,51356794282942;-0,484531972724837;30287,9932559408
"Mu_N2[23, 1]";1,00014994607967;1,59023138473023;0,451269993959838;-1,51884652284333;0,842510585764068;-2,3769481469201;-0,674727227264022;23932,2352530442
"Mu_N2[23, 2]";1,00006166029489;0,359206783964308;0,752624375755542;-0,782783592953173;-0,6406959766338;2,35561028770002;-0,762182995327395;30487,0803826272
"Mu_N2[24, 1]";1,00006573571161;-0,404992427171069;2,09412488111337;0,677427759369278;-1,41365028445426;-0,590877570565538;0,19309099624114;30053,4426420518
"Mu_N2[24, 2]";1,00002754961291;1,27454128331346;-1,05205054764686;-0,383616170205453;1,47662771241629;-0,111032731080869;-0,190417194836898;30307,2862691339
"Mu_N2m[1, 1]";0,999984832619996;0,511174492409016;-0,515115660444057;0,0918778731281616;-2,12501565004528;-1,07729619395378;-2,1576374621528;30637,9174662165
"Mu_N2m[1, 2]";0,999981326980658;-0,354679726095042;-0,345285065370914;-0,433603067359675;0,00757216214467712;0,225843564081238;0,237858784955533;30420,1690862354
"Mu_N2m[2, 1]";1,0000287208304;-0,548026585885997;-1,66393544275732;0,898838730741489;1,59217270350733;-0,907356227952545;-0,656925823770721;27372,7566752889
"Mu_N2m[2, 2]";1,00003122653485;0,329766927225099;1,05945490928474;-0,629240124284874;-0,562863502623399;-0,217475594410711;1,01083777212976;30287,7767719812
"Mu_N2m[3, 1]";1,00012366502363;0,0053916620886062;-1,0733487365509;0,793690835690297;2,45789727967895;0,0821420754916523;0,752618370709334;28722,2476776984
"Mu_N2m[3, 2]";0,999994211698702;0,677665643181713;-0,663184076979791;-0,0552512360814937;-0,546086251865956;-1,75434128575644;2,18366519363119;30291,7771589081
"Mu_N2m[4, 1]";0,999975875877198;1,20349672475045;-0,199880520299899;0,00770826468594992;0,0306394255485304;1,68767011507449;-0,978145854542669;23118,3081050414
"Mu_N2m[4, 2]";0,999989621825733;0,0793416710861868;1,23071731326017;-2,42060601060346;-1,11135300778516;1,04108673640383;0,639568542391478;30286,1175288737
"Mu_N2m[5, 1]";0,999978519294719;0,49842967318534;-0,534429513716197;-0,0964636754472321;-1,37397483024276;-0,472649756898931;0,339396194350138;29967,0693666799
"Mu_N2m[5, 2]";1,00001242729947;0,399818931507529;0,633039303045745;1,28728435293107;2,45121374954794;-0,469236408021823;-0,0908484493616808;30168,0930261292
"Mu_N2m[6, 1]";1,00000994525078;0,658480994619952;0,572707887601757;-1,42543723118998;0,59948085052683;0,0487111110163342;1,07071922247882;28807,8189211254
"Mu_N2m[6, 2]";1,00004207549482;-1,39545125243912;-1,74662389377158;-0,12531889545282;1,18557374436924;-1,24700915307348;-0,682809254748686;16302,225540702
"Mu_N2m[7, 1]";1,00007343145496;1,05362978503397;0,150116736119618;0,766515623938915;-1,52101663016066;0,428197582364656;-0,51888968241718;29393,0684758067
"Mu_N2m[7, 2]";1,00000362706436;-0,0798156560261178;-0,367055021443795;-0,527841700585185;-1,24730065449594;-0,359846108836931;-0,146890957712675;8349,96151666147
"Mu_N2m[8, 1]";0,999967017754484;-0,117939392409324;-0,184222333750446;-1,45259522538226;1,1503578293743;-0,602080631909299;0,149758939632633;30031,725895573
"Mu_N2m[8, 2]";1,00001493973249;1,77476052771646;1,88730825587908;2,51899907501932;-1,68576469654287;0,142377304772574;-1,28484895070873;30051,3849108637
"Mu_N2m[9, 1]";1,00000607010325;0,136677462050588;1,55318884707089;-1,07434042633171;-0,607649181367107;0,336558621969901;-1,49292712726857;30042,6506263656
"Mu_N2m[9, 2]";1,00012596529149;-0,704233012611084;0,317984340034562;0,296994302737741;-1,2755272607629;-0,160768651401876;0,570576943365941;30413,6159065558
"Mu_N2m[10, 1]";1,00000284838476;-1,01350037272995;1,31337490680844;1,13374690968969;0,511696923967387;0,0460399606507356;-1,09697265981029;30292,8977121383
"Mu_N2m[10, 2]";1,00000719438406;0,863836192535484;-0,921748458414528;0,907465500224519;-0,877016418419805;0,91686001056777;-0,466798232129109;24995,9771522588
"Mu_N2m[11, 1]";1,00000119474733;1,19887608207983;0,267902468077857;-1,22394420670556;-0,717105565490944;0,245487796648808;-0,979613829781141;30457,7835882402
"Mu_N2m[11, 2]";1,00003762768679;-0,52189399595351;-1,44603087937948;1,96130350729771;-0,434617321959175;-0,125296750761014;1,37772591908414;30080,4950300254
"Mu_N2m[12, 1]";1,00010671200056;0,476928884056576;-0,791910739240352;0,38526849644052;-1,00514650191518;-1,36652745180383;2,34412035626316;19650,6552727302
"Mu_N2m[12, 2]";0,999977023284066;-0,564139598530117;1,40213161118796;1,56197341114387;0,026558686812208;-0,535982540679899;-0,262246836869852;30435,8551270657
"Mu_N2m[13, 1]";1,00001407738719;-0,47251131772315;-1,54760874969785;0,420515508950324;1,52401046574511;3,63303074773581;0,596996566265437;30045,8971668028
"Mu_N2m[13, 2]";0,999976197803774;-1,33279152262518;-0,304875540638553;-2,35144416381057;-0,828977787787394;-0,54368702122284;-0,87105167227998;26213,9867373584
"Mu_N2m[14, 1]";1,0000218311083;-0,0512129720401886;0,568656415685973;-1,17355615795991;-0,906254538300279;1,73303399875585;0,575460402306463;30130,9207474464
"Mu_N2m[14, 2]";0,999991838585697;-0,185469816349583;-0,634431609235272;0,96040133641918;2,00755933960195;0,353806950856669;0,577464846323949;8817,36017004139
"Mu_N2m[15, 1]";0,999957008352883;-1,98842146285555;0,262647534405659;1,1403001004789;1,19237785324854;0,151997405741639;1,38311742339193;30278,7112814371
"Mu_N2m[15, 2]";0,999986114240002;-0,0622238041520032;-1,21614218881341;-1,47673749732545;-1,59009172519759;-0,110894075642894;-2,76251799762813;30369,0703611474
"Mu_N2m[16, 1]";1,00014939688068;-0,844755764074834;0,273619608668308;1,90700769224816;1,14054055613144;-1,33077686390362;-0,533721320305736;23703,0200724592
"Mu_N2m[16, 2]";1,0000233199093;-0,633743787899646;-0,276175044898478;0,293320727313288;1,28026077096204;0,811459629947497;0,433174726176081;30418,5956234021
"Mu_N2m[17, 1]";1,0001341017324;0,403931998088171;-1,87755485472215;0,188862173414702;-1,72824085983076;0,24017249471656;-1,32122138692116;30367,2037330625
"Mu_N2m[17, 2]";0,99999723840892;1,51713710358518;1,33476660133849;2,08934902039047;-1,11531528288987;-0,186615053251367;1,27541275507728;21770,2613063163
"Mu_N2m[18, 1]";0,999971674338614;-1,48288918049777;-1,57905940635355;0,272684350416132;-1,28634217833125;0,634222599636033;0,448346736996408;30098,6613539187
"Mu_N2m[18, 2]";1,00017600765842;0,822027579026756;0,538122675596579;-0,367689276208505;-0,820740844313997;-0,549707210483165;-1,09286419000818;30157,4802741309
"Mu_N2m[19, 1]";0,9999915983123;-1,30178278589352;1,05849455070308;0,183329422509344;1,11758477719465;-0,416365392152611;-0,00964925129618142;30290,7311690854
"Mu_N2m[19, 2]";1,00002173540611;-0,127350947444114;-0,663068305529968;-0,634521305419052;0,440911664222651;-0,477672746144221;-0,119974756256073;30023,4119163335
"Mu_N2m[20, 1]";0,999968539636121;0,0259272393493179;-0,809091841098853;0,422836875811481;-0,732479470335665;1,09200913053414;2,54680912716081;18838,6666984313
"Mu_N2m[20, 2]";1,00004154314252;-1,59577793060629;-0,36259042709522;-0,557610649867814;-0,229668794582479;-0,609975476751271;-1,58134988340495;30194,0605638517
"Mu_N2m[21, 1]";0,999971786732815;-0,69808116320075;-0,426796348278168;-0,384656129207799;-1,19003487941228;-0,403462623427366;0,309114297292148;30469,5775798968
"Mu_N2m[21, 2]";0,999956061313192;0,788908454819109;-0,195132625373624;-0,255028927670714;1,53558379036954;-0,372376900068176;0,378924309040455;29630,5252609302
"Mu_N2m[22, 1]";1,00004737088078;-0,680113362362729;-0,167847532924129;0,904211310208343;-0,334664281498823;0,473305364435204;-0,441927623428425;30127,5728264716
"Mu_N2m[22, 2]";1,00000824136273;0,153149325765519;-1,41287727335915;0,537233714118931;0,610702874358805;0,804145751059502;-1,22262341387168;25470,011751247
"Mu_N2m[23, 1]";1,00008206483914;0,700676863316842;-0,14499391519531;-1,42988224915911;0,978076406478967;-2,09356233777342;-0,870126042856186;30059,4012788549
"Mu_N2m[23, 2]";1,00001684752373;1,57977862708229;1,17002957207613;0,100182375487322;-0,983172763048896;2,59177898539824;-1,2579079722214;30235,216196412
"Mu_N2m[24, 1]";1,00019812459019;0,0954149100478481;0,970103066380057;0,402362667459527;-1,55374960171973;-1,21430036598698;-0,25112539190809;29942,3326892779
"Mu_N2m[24, 2]";0,999997409315971;0,594316978071309;-1,06777312745334;-0,390649243630458;1,93468598965749;-0,0969502836655867;-0,141676319113495;30057,9159411199
"Mu_N2nm[1, 1]";1,0000042444149;-1,27887371360197;-0,639298054499746;-0,724977805250184;-2,56404068520108;1,07183387851131;-1,58636719429802;10657,6763832493
"Mu_N2nm[1, 2]";1,0000004912159;1,52975078823931;0,287292148759377;0,429226841454765;-0,643126418285362;-1,16102139028639;-0,594270847298082;24633,4853766517
"Mu_N2nm[2, 1]";1,00007206083021;-1,66453779595442;0,92725327580446;0,0936821770023375;0,793666917137731;-0,253036012039355;-0,266178873421656;30191,0174407885
"Mu_N2nm[2, 2]";1,00014733650126;1,0550981748393;-0,745935069512834;-0,982995355218567;1,17823061689811;-0,337818310481593;-1,38493918816137;30249,3722362156
"Mu_N2nm[3, 1]";1,00002688949984;0,606882010984535;1,39552143347293;-0,991024397672018;-1,1356010588329;0,0335302586964275;0,800076759748928;30256,2081411923
"Mu_N2nm[3, 2]";1,00005414040079;-0,772463767072034;-2,13354235333107;-0,373704852677541;0,0880106148484818;-0,631674376368412;-1,86135007315182;30191,9488779438
"Mu_N2nm[4, 1]";1,00011836030937;0,200171333722199;0,809839271899064;-1,17776357502881;0,152137431551432;1,67872671268314;0,511377226223387;30330,6949834402
"Mu_N2nm[4, 2]";1,00005317691626;-0,0514264358229497;-2,38892382873487;1,0584104696965;-0,945304004537285;0,0245951217320793;0,483070513559728;24622,5921717947
"Mu_N2nm[5, 1]";1,00017352010707;-0,639586240498716;1,36234790369807;-0,929427495906086;-1,7828421102847;-0,219434626668557;-0,505387992945085;30231,5212480203
"Mu_N2nm[5, 2]";1,00009317082585;1,4245669790104;-0,689717526378113;0,902731988894523;0,717557064258512;-1,43766937204919;0,433443638247791;14963,7392483186
"Mu_N2nm[6, 1]";1,00005938066828;1,17538225597689;-1,55561132433875;0,637894150748877;0,319068518981876;0,363290069268292;1,11262157219155;30091,2581431673
"Mu_N2nm[6, 2]";1,00003906654293;0,607470304039111;-0,530096595495862;-1,07207570046149;0,257654520461916;-0,122270904254447;-0,0469700406076065;13525,448142144
"Mu_N2nm[7, 1]";1,00000461105376;0,723214683174999;0,278981389016386;0,331851485916412;-0,0697664318471292;-1,90038064084149;0,615472346804691;13835,1505816588
"Mu_N2nm[7, 2]";1,00003193257932;0,954310713450422;-0,991948444888601;0,516113237941867;-1,0918247824053;2,17510314079036;0,130209179345918;11952,9664892859
"Mu_N2nm[8, 1]";0,999944625127787;-0,686180420590336;1,0983463215959;0,159042050059322;-0,719668613444264;1,07464976358149;2,16105160581892;29523,424630486
"Mu_N2nm[8, 2]";1,00010897449917;1,2972247196569;0,475514191185867;0,406139997889085;-0,887662209984312;0,713886472739545;-0,551369360261694;30384,5961789991
"Mu_N2nm[9, 1]";1,00002002121283;2,51065875283565;0,321573929511016;-1,16790800665108;-1,52311012422817;0,986993169307921;-0,529046381401503;18062,4507504128
"Mu_N2nm[9, 2]";1,00001731686156;0,378466513812425;-0,781431947935614;0,537993065032643;0,670456076956408;-0,815341938414748;1,57303582711682;30302,4576910628
"Mu_N2nm[10, 1]";1,00004571982869;-1,09118024516572;1,39858682913784;1,10806243529276;0,988998146518719;-0,553807847222165;-1,63962721028077;12259,4605619151
"Mu_N2nm[10, 2]";1,00005302332725;2,15709547508629;-1,24081177157145;0,560070665024759;-0,217311108120518;-2,80037433701698;-0,783342726486515;30258,3716213186
"Mu_N2nm[11, 1]";0,999995621419135;-0,365281536114266;0,472668009339014;0,696446343322788;-0,432382429707782;-1,34658500466068;-0,530525009550305;26134,4748695938
"Mu_N2nm[11, 2]";1,00017480941784;1,56631720082854;0,7162916502923;-0,329706946365949;1,65206030454315;0,0517484799038066;0,26000311527261;8044,6172221838
"Mu_N2nm[12, 1]";1,00019202533897;0,267223261753042;-1,84087399300125;-1,37413377592184;-1,68312664814325;-2,2154155175251;-2,86733902858052;10770,5060831647
"Mu_N2nm[12, 2]";1,00005412923551;0,808072270833446;1,58610791897438;-0,0673398759874638;-0,326351756928463;0,0838023858675478;0,88147469917637;30244,9234970811
"Mu_N2nm[13, 1]";1,00007242808993;-1,47156169037709;-0,0222787353012943;0,529396226214361;-0,62838879165892;-2,20044032108375;-0,700964672125226;10958,0964226101
"Mu_N2nm[13, 2]";1,00003445186008;1,46293920633612;-0,306440335108937;-0,171968734504762;0,533773797998323;0,00728678613622528;0,797672094696586;30219,5608327914
"Mu_N2nm[14, 1]";1,00013650613157;-0,952771129776494;0,474344476088102;-1,1106064504907;-0,043678265070425;-1,10183137724277;0,551250923975825;30342,8316174175
"Mu_N2nm[14, 2]";1,00001312049244;-0,182193435449557;0,0495670790103034;-0,0844845738223933;-0,0939756050087817;-0,117344482458118;-0,156131700662744;15762,0381096281
"Mu_N2nm[15, 1]";0,999966796227695;0,13369968150553;-2,1730070617249;-1,10369324535222;1,61418705890648;0,744272295965205;-0,428180603231883;30229,4388132655
"Mu_N2nm[15, 2]";0,999959460025073;-0,566935757356544;1,58412821099205;-2,06559872290294;-1,68333464553219;0,151678229845052;-0,20151731750929;30500,0408673606
"Mu_N2nm[16, 1]";1,00008802194303;-1,23075369275032;-0,0259549611620201;0,516030114179993;0,343219324462474;-1,31953972378935;0,183162389771915;24355,0430619366
"Mu_N2nm[16, 2]";1,00002010310688;0,810766022495966;0,595773234368813;-0,95464928146296;-0,425303985792433;1,33934418313905;0,191213842016884;23777,4031103967
"Mu_N2nm[17, 1]";1,00000665416799;-0,969165350141058;-0,521709221749262;-0,0568442579463147;0,332581261806926;0,860945283212098;-1,46435706177648;30062,5928741394
"Mu_N2nm[17, 2]";1,00005146251162;-0,385870638571995;-0,292426056727493;-1,24398205579685;-0,964021682059944;-1,47540600739443;0,869422660248984;30481,6321803288
"Mu_N2nm[18, 1]";1,00016962446371;1,16806792330629;1,30857027567083;0,0453078371020074;1,98236777398166;0,573216968292308;1,14049199526894;30377,778663581
"Mu_N2nm[18, 2]";0,999999482410405;0,841987319322497;-0,471848171299936;0,228421352260662;2,5209006975981;1,3757166597062;-1,36203582548894;19903,8573906524
"Mu_N2nm[19, 1]";1,00005606024925;-2,02198374852713;0,144082620312836;-0,63575110408254;0,325810523250017;-0,308191922471333;-0,676974663940962;28563,459496002
"Mu_N2nm[19, 2]";1,00010098358818;0,090888460689968;-1,17724139108942;0,494441347128657;0,697928653645645;-0,655706898168056;-1,77207724172684;18298,0654153176
"Mu_N2nm[20, 1]";1,00001718803771;1,38885887475559;1,1484115066213;-0,348228191749922;-0,423148280965171;-0,293338740050005;-0,216937992259856;20312,7288971265
"Mu_N2nm[20, 2]";1,00013386885462;0,25307945550641;-0,307210069419256;-0,238267897345756;-1,00363643035609;-0,40678439784986;-0,308833757503505;30412,7249938561
"Mu_N2nm[21, 1]";0,999997136288418;-0,187736221382361;0,894745425878785;0,150667656881223;0,17767657579536;0,381988298796253;-0,0263496733104476;30424,9578728695
"Mu_N2nm[21, 2]";1,00008698051608;-0,663672435521318;0,092817692109865;-0,0465807617497292;0,155586721494227;-1,11810964920907;-0,742220341772757;30241,3536918305
"Mu_N2nm[22, 1]";1,00000710552355;-1,05347746752346;-1,39395742672114;2,10516235438472;0,102838802956856;-0,375950661161145;-0,183995503521368;30396,7351773422
"Mu_N2nm[22, 2]";1,00003603057052;-0,0932623552935059;0,385831232230439;-0,477433350261062;-1,11857978056911;2,15013749436923;1,97704325278378;30167,9411596821
"Mu_N2nm[23, 1]";0,999985235227407;1,37046158666716;0,772450514987074;-0,526981215065272;0,0379218239752029;-0,0125627852095522;0,104502947687916;5566,6694453017
"Mu_N2nm[23, 2]";1,00000535983535;-2,22895679546961;-0,737763108971483;-1,83801899240208;0,545193795871555;-0,207926605932713;0,956033828188951;12017,1457349124
"Mu_N2nm[24, 1]";1,00011082617355;-1,187984319403;1,91044415944724;0,734774720327604;0,388721714224009;1,3554965078669;1,05002685865686;30237,5162027274
"Mu_N2nm[24, 2]";1,0000054921765;2,09442118391736;0,00173646693539327;-0,0173586164687006;-2,35949150151051;-0,0917392664232203;-0,149291860262479;30012,2387430137
"Mu_N3[1]";0,999986328897356;0,139922892016165;-0,791728073245077;-0,324596652041323;-2,08292896999252;-0,803058945081619;-1,66062669154024;30088,8657658818
"Mu_N3[2]";1,00007327618317;-0,169484491536326;-0,388062739191033;0,18368728771706;0,682332826631403;-1,27786674208617;0,42717279325985;30166,642843212
"Mu_N3[3]";1,00004227480869;0,489411760453954;-1,25343631936732;0,691189905245465;1,49369420081665;-1,10000745467659;2,0210003028132;30008,2912458065
"Mu_N3[4]";0,999953464367499;0,971721472378039;0,510326735736055;-1,34030959009189;-0,557622465262057;1,88684189552959;-0,350757464588296;20305,272619641
"Mu_N3[5]";0,99995477281445;1,05426348414686;0,155086772795418;1,33896165719941;1,28305744207204;-1,01452595957941;0,207298886114474;28928,2965895867
"Mu_N3[6]";0,999994991736503;-0,5018606253411;-0,834039856917984;-1,18220452269475;1,38763138170136;-0,904011271457478;0,255431083265571;30359,4328737491
"Mu_N3[7]";1,00011412594113;0,87810565527065;-0,179620890635002;0,298355730099162;-2,19446004874327;0,080908983559379;-0,555251989020799;30048,7091736268
"Mu_N3[8]";1,00009614175212;2,00502343053815;2,13013459513691;1,47206583937238;-0,485391970652626;-0,496952695807607;-1,51756475283568;29747,9232159048
"Mu_N3[9]";1,00013977668302;-0,580161567849195;1,6870663157312;-0,751507618011223;-2,01730555056609;0,140514069857271;-0,812337169793936;30511,7941451135
"Mu_N3[10]";1,00005986778706;-0,159171945386186;0,311562419735341;1,85165836518111;-0,378637874961213;0,950522250647066;-1,28666204657708;28903,2995943452
"Mu_N3[11]";0,999945777048583;0,633439181376552;-1,01756513766912;0,343400163731517;-1,00745557208784;0,0927572989005512;0,338848521102789;30796,1144926157
"Mu_N3[12]";1,00011490977089;-0,0338659881461455;0,479917789934812;1,51468065800882;-0,805820767217673;-1,51762185841317;1,73906718923421;30068,2562424132
"Mu_N3[13]";0,999996150291749;-1,43081814679888;-1,48421979597298;-1,33759229751176;0,538781259244599;2,04273304664227;-0,241459057223734;30049,3562907964
"Mu_N3[14]";0,999992357163182;-0,270356194046794;-0,0508527120921141;-0,354244398311359;1,17459026285651;2,4268399143574;1,31695857581364;25343,2750100085
"Mu_N3[15]";0,999954395785857;-1,87261893445928;-1,00494570689782;-0,428955901930105;-0,605162351960418;0,0355336704223897;-1,84651526531374;28401,6281212403
"Mu_N3[16]";1,00028254312246;-1,01679018069402;-0,00123268973641644;1,6562249136914;1,8780377141806;-0,377483427316393;-0,0521812111124947;27390,4999707247
"Mu_N3[17]";1,00005748225699;1,68456420417164;-0,32734094487195;1,92871717042276;-2,56461922959942;0,0571505004597182;-0,160269894094952;30200,6737799955
"Mu_N3[18]";1,00011210932212;-0,445426185239442;-0,854838345852204;-0,0872651807719688;-1,90470632569609;0,0571915056780349;-0,621508230735986;23776,4216732663
"Mu_N3[19]";0,99998969629952;-1,22669847879716;0,46273648328316;-0,381510704103217;1,37805854009429;-0,700675994741756;-0,10980518519671;30249,1356765667
"Mu_N3[20]";1,00017806006038;-1,58528213160726;-1,16404433274951;-0,149392427527218;-1,29232641563234;0,474171934116654;1,11370479043279;30259,1119183871
"Mu_N3[21]";0,999994068225229;0,132437181446276;-0,954937894694424;-0,925723065372125;0,507200012228925;-1,12752295443797;1,03482752155107;17731,8989274461
"Mu_N3[22]";0,999987531075072;-0,3894184364207;-1,33143949625863;1,0820611114625;0,270574080895041;1,03291978083048;-1,50439677529337;30025,0168182886
"Mu_N3[23]";1,00010805782093;1,78572253416271;0,828945389197376;-1,06137770993154;-0,00109864985300945;0,414126557606945;-1,71739414609709;30097,0318436143
"Mu_N3[24]";1,00007184552133;0,578762778422198;-0,377986032732454;-0,0843785752738471;0,871876431742209;-0,904483368236805;-0,306590235619076;28671,9108188398
"Mu_N4[1]";0,999968113777626;-0,663562424238204;-0,501882272564831;-0,522359316995439;-2,58007955066213;0,398253972940434;-1,6743771972901;14122,9793889203
"Mu_N4[2]";1,00013153902753;-1,25149392411631;0,583888904489813;-0,22618812273018;1,42811190971544;-0,385303744236038;-0,789566491108593;30022,3261589053
"Mu_N4[3]";1,00004596067668;0,291809491463786;0,646202279758833;-1,07570981468262;-1,04109085350047;-0,217681587335452;0,078362360588568;30286,4727540424
"Mu_N4[4]";1,00010464720132;0,166867687156051;-0,272320507594109;-0,682729234544141;-0,274774855649212;1,70515259810158;0,729979667700762;30262,7080072161
"Mu_N4[5]";1,00010990198804;0,0260829938729972;0,978245509329916;-0,558311477134748;-1,39498618681422;-0,792657091588352;-0,300410098696453;26790,9476471686
"Mu_N4[6]";1,00005178216286;1,41672956078674;-2,10823420830709;0,207009718381845;0,392468552665849;0,300673877069875;1,06924039459137;26135,2209937456
"Mu_N4[7]";1,00004777927079;0,999171545807492;-0,0850562767976701;0,565342542498672;-0,546019848632873;-0,984195675873919;0,726539586870313;15679,7778498066
"Mu_N4[8]";1,00004753010505;0,0412850338982384;1,40525018041523;0,370935672864586;-1,19227711522045;1,40492148403761;1,99883760567796;30270,1505307677
"Mu_N4[9]";1,00006756473221;2,67949604713338;-0,08477559406892;-0,843649480443985;-1,17620689848429;0,595492972843796;0,249389412574124;26718,7458161642
"Mu_N4[10]";1,00004282827158;-0,190923010545631;0,904525068638335;1,32305547892696;0,950633343184794;-1,56126603160202;-1,82395723153916;10939,6474077807
"Mu_N4[11]";1,00004952795835;0,616852279086179;0,939624169856301;0,455041942087903;0,869381541425932;-1,28395225115672;-0,338403614247293;30192,9334094722
"Mu_N4[12]";1,00014598746865;0,700602699091722;-0,465538795881047;-1,2578092223574;-1,79451758181432;-1,8764711608639;-1,97605695375256;26797,1222389628
"Mu_N4[13]";1,00005097593422;-0,848657291085026;-0,184033372293369;0,38823221567471;-0,536832374083893;-2,16022635005365;-0,352778461211856;11190,7864319695
"Mu_N4[14]";1,00008484099619;-1,03059267618217;0,48265521889961;-1,17640158136056;-0,103375408161448;-1,16357647689652;0,468892730121418;30386,777444925
"Mu_N4[15]";0,999982212840842;-0,0458029730250189;-1,26450507111951;-2,09568452170259;0,835151794706348;0,817645746572597;-0,452024989409783;23127,1886918003
"Mu_N4[16]";1,00009781939177;-0,652017904327719;0,318861576916558;0,0231137596712955;0,064880966787992;-0,742253292961616;0,276557717423812;10790,718651492
"Mu_N4[17]";1,00012044798519;-1,09951681878934;-0,685016914638267;-0,742322308682368;-0,248558117527373;0,0562120701418118;-0,977708705328203;30706,05003762
"Mu_N4[18]";1,00010765896326;1,33921629489201;1,08222265389336;0,128521375063722;2,88830891180138;1,06479365748536;0,526122792942609;30438,5475875974
"Mu_N4[19]";1,00005766896874;-1,91074913730585;-0,329877999215625;-0,399376627767725;0,541294349760764;-0,585060971754336;-1,16186024143875;28777,7329706112
"Mu_N4[20]";1,00002567831138;1,5454934280332;1,06118794307393;-0,475756926503067;-1,05005076280982;-0,50098342291378;-0,378834127592773;10973,4756795241
"Mu_N4[21]";1,00000853991829;-0,34868185034195;0,912153817564892;0,131364260711766;0,21401414248121;0,092431432993758;-0,236715469312131;30346,4474549244
"Mu_N4[22]";0,999948816800741;-1,06911245930727;-1,00878576939927;1,63712206963126;-0,716557558683256;1,30946604396648;1,44775727689556;30217,5030238142
"Mu_N4[23]";1,00002246618763;-0,0768694306227141;0,318176623648329;-1,44590525611931;0,397860940560624;-0,129088774546763;0,612672013174034;13767,5239138219
"Mu_N4[24]";1,00017797740492;0,76655908739246;1,82845403124547;0,706103931179689;-1,34571237581664;1,27259798477753;0,895546516914896;30010,701056836
"Mu_Sd_L1";1,00018751502342;0,945185442534821;1,57129218358155;-0,125589608228128;-0,256832916268753;-1,40745236490971;0,0990836728195033;28954,3838078051
"Mu_Sd_L1surv";1,00004176825437;-0,0874339014642372;2,74850611165923;-0,0907116282013394;-0,553096055853373;-2,06013905357153;0,0930764941456907;30122,9231906693
"Mu_Sd_L2";1,0000506541328;0,617648210477037;-0,499741477318538;0,782823369182846;0,261724821030402;1,67831511534157;-1,35154705006166;6780,30530159112
"Mu_Sd_L2m";1,00006108948798;-0,159674688072945;0,00993080152651829;0,0902452650309161;-0,101643137976886;-0,503573190590028;-2,01381039707169;21151,2324355597
"Mu_Sd_L2nm";1,00006108948798;-0,159674688072945;0,00993080152651829;0,090245265030916;-0,101643137976886;-0,503573190590028;-2,01381039707169;21151,2324355597
"Sd_Alpha1";1,00004759265658;-0,705857830684856;-1,13308640577632;-2,85578914130481;-0,442790459878719;0,59262161965939;0,364390491587069;28220,7126632772
"Sd_Alpha2[1]";1,00011800813897;1,55667312862463;-1,08821402970236;-0,720507344707176;1,23326370122353;-0,0493180306778992;-1,89325904253013;28981,5091417491
"Sd_Alpha2[2]";1,00002291023271;-2,81042091012567;0,0694376089286018;-0,196667772665308;-0,409564012307156;0,34210158054892;1,19163185792597;13743,4436901041
"Sd_L1[1]";0,999995279774652;0,34820153859928;2,17005821487985;0,290655913975044;0,441775623870034;-1,01291124265586;-2,21380314228479;30231,5921812361
"Sd_L1[2]";1,00006367241232;-0,390084744329005;2,17012495671591;-2,46954918289633;0,284732487948889;-1,11708735696061;0,658993214553619;17514,6295508979
"Sd_L1[3]";0,999950496844101;1,86382823461588;0,0610955421028276;-0,781879670531297;-0,32184750771034;-0,0973205303409146;0,947306297876909;25592,4757783992
"Sd_L1[4]";1,00002932342814;-0,43445134564465;0,422258514406449;0,841863491777484;-0,146182841381157;-1,25156901080659;-0,326972004301372;9402,59298178295
"Sd_L1[5]";1,00002964451561;0,904544520847691;0,480422113002734;0,245331710951552;0,812830564231567;0,658774140374115;0,478913209434836;25755,6538871845
"Sd_L1[6]";1,00005130541672;0,512226679415319;0,202935203468161;0,77920297415538;0,656728907252307;-1,20044304132368;-0,706586017398323;11666,0640240244
"Sd_L1[7]";0,999980533226575;-0,947578069803896;-1,16259189385937;-0,0959847347073656;-1,2776215634769;-0,246613386327652;-0,69525741325253;30340,0217147258
"Sd_L1[8]";1,00015370968022;-0,921826027239439;1,34554419192972;0,856510329146729;-0,0422867420973397;-1,43504631473408;-0,194487067621913;25099,0390332223
"Sd_L1[9]";1,00015890142636;0,124252652681916;1,85172686873664;1,52138576882427;-0,835445682597208;-1,12688467076097;0,817372885841728;28288,2160427062
"Sd_L1[10]";1,00002445679264;-2,2602690572224;0,980348029730053;1,0950759483776;-0,692499823311246;1,59831003370011;-1,82939537301319;26944,9687793798
"Sd_L1[11]";0,999988285951663;-0,690126455366488;1,47179903091606;1,47568519548355;0,742671374156126;-2,20353138384655;-0,202052382315355;30419,7872203035
"Sd_L1[12]";1,00007300803056;-1,96157586203463;0,358949845636927;0,904162122704983;-1,30936148161564;0,488420258151036;-0,812897764441886;30285,3147174247
"Sd_L1[13]";1,00008111368167;0,355544840719256;1,2664296388456;-0,658146117354776;-0,932296921732364;-0,854632567863814;1,10650823635955;28870,0823003071
"Sd_L1[14]";0,999957781322338;0,264127101793695;0,0324476997867351;0,912063961433632;-1,23675867342892;-0,452095611213745;-0,0545698617673219;18897,098857077
"Sd_L1[15]";1,00017093115761;0,583776662045475;0,619342261022409;1,16482771870144;0,0986643360752145;-0,405451894833948;-0,531425258264013;5386,1296674069
"Sd_L1[16]";1,00009141340455;-1,25181263596661;0,344273951020545;-0,048625846255685;0,327425381008415;-0,363771503856217;0,050372642684436;9927,19191668489
"Sd_L1[17]";1,00007764550642;0,503158111594133;0,581921662404694;2,11656470299539;-1,0820973313769;-0,158332618837306;1,12121966978025;17299,6465881804
"Sd_L1[18]";0,99997568940614;0,415781388840515;-0,520224850247092;-1,4491412414071;-0,257784250099209;-1,24380770578073;-0,889898371814449;30107,0845820972
"Sd_L1[19]";1,00004116179638;0,218857973902355;-0,0776553107552321;-0,799458934470251;0,45410026486941;-0,434527987904699;1,53960475467817;30688,2385257706
"Sd_L1[20]";1,00014685559802;0,188521506062185;-1,57899168395158;-1,57604051426423;0,584582008589738;-1,60439382758619;0,86513791857353;30076,5700086268
"Sd_L1[21]";0,999937581959121;-0,765503941148328;-0,304694379963432;-0,0420377234696027;-0,458827677604336;1,25446186134166;-0,0166755986546237;29665,825675958
"Sd_L1[22]";1,00006569056667;2,68859971455299;1,9530100352394;-0,497867882731812;1,31978537220345;1,17423535105341;-0,177680881240159;30224,0072462797
"Sd_L1[23]";0,999927104812675;0,667876759172278;1,90254579570604;-2,73200595249952;-0,114572551404881;-0,563462107415527;1,33494088274729;30430,3515939816
"Sd_L1[24]";0,999979855798596;-0,158025477846969;1,62381167150694;-1,55807727447071;-0,760504693521824;-1,82968105205625;0,499658796732731;30093,9671785129
"Sd_L1surv[1]";0,999995321614723;0,343133997597933;2,17919679319357;0,282493874873216;0,444547007236418;-1,03082288003776;-2,22029421651089;30230,3731554775
"Sd_L1surv[2]";1,00005912214772;-0,380301689956269;2,137176629746;-2,4495103760168;0,308232473113107;-1,13178749189708;0,636109144481518;19047,0466375565
"Sd_L1surv[3]";0,999949405168063;1,87778152215495;0,0835485099130582;-0,774858669013506;-0,340030103678764;-0,10225099635829;0,933713205579753;25676,9677128181
"Sd_L1surv[4]";1,00002693735371;-0,44855886610074;0,451297211528756;0,841326539113408;-0,167046625327926;-1,25063955110121;-0,340041707255046;9676,07922854939
"Sd_L1surv[5]";1,00002703745706;0,879923706491019;0,497534977999727;0,222161638627044;0,807231808697869;0,699190194652088;0,474167755194702;25137,4503066366
"Sd_L1surv[6]";1,00004976268131;0,493097663224058;0,193008321506017;0,825791000227513;0,658124338530811;-1,20797853557513;-0,699573388218538;11872,6781357219
"Sd_L1surv[7]";0,999978822395955;-0,963093109986556;-1,17854188872068;-0,100630455329516;-1,28231706992931;-0,244366044254462;-0,692799461571104;30341,1096749603
"Sd_L1surv[8]";1,00015441880374;-0,907692089156392;1,33730005882686;0,861221022031948;-0,050153645839751;-1,43934597083364;-0,185985208285036;24705,5446293891
"Sd_L1surv[9]";1,0001502935844;0,110933551431145;1,87838127030688;1,47816084361468;-0,854083842406659;-1,1351966446435;0,820286177049413;28012,2084759674
"Sd_L1surv[10]";1,00001627885924;-2,22699880623334;1,03437640947879;1,01152421513528;-0,738349657050627;1,65315514473037;-1,80285932584919;27762,5774309229
"Sd_L1surv[11]";0,999992323520673;-0,695218970048555;1,45212869345511;1,41329010746908;0,758760485423673;-2,17670903866408;-0,201037670598515;30396,1930440485
"Sd_L1surv[12]";1,00007127805236;-1,96772888111016;0,37152872571904;0,890366478650429;-1,30483690255726;0,485260061334054;-0,83192173184485;30288,5980018808
"Sd_L1surv[13]";1,00007945240298;0,351094797823167;1,27871511146451;-0,646379746287878;-0,908963231587649;-0,817268524513792;1,06020452741342;28146,5990980732
"Sd_L1surv[14]";0,999957810567082;0,257606395668556;0,0333234567918599;0,901345302340358;-1,24721446711357;-0,442786360319082;-0,0577107273700867;18933,9212132893
"Sd_L1surv[15]";1,0001747557579;0,580091130523128;0,652178345447666;1,15976228787851;0,102802284049765;-0,398699477135942;-0,497215416551479;5458,28598800325
"Sd_L1surv[16]";1,0000823244078;-1,2746491538761;0,342154431527226;-0,0534427198502516;0,272422224264112;-0,397934172077824;0,0164660843920372;9773,1368111976
"Sd_L1surv[17]";1,00007986756157;0,460684241404152;0,601671732393614;2,13526485313367;-1,10463176153756;-0,108019079176966;1,08195931179799;17386,502122066
"Sd_L1surv[18]";0,999975323252439;0,422454070120096;-0,531596982758062;-1,45619550499488;-0,253056591901171;-1,25871849793288;-0,874287380746191;30108,6837843644
"Sd_L1surv[19]";1,00003812971512;0,23894874432147;-0,0915500021909875;-0,814293817098589;0,461073860709627;-0,417444146548577;1,52994103859291;30684,1235604365
"Sd_L1surv[20]";1,0001441419604;0,18099595880782;-1,59041020242539;-1,59359405246254;0,596127169566115;-1,60953611318912;0,861092018821504;30077,7001617044
"Sd_L1surv[21]";0,999936731347522;-0,802234120547673;-0,305588352385666;-0,0648139623142727;-0,466422437897241;1,25019275628821;-0,015370997606052;29478,904137615
"Sd_L1surv[22]";1,00006427887057;2,67976688016559;1,93767208106072;-0,481020714027252;1,31997088237294;1,15693825326375;-0,18111055954591;30222,7847208821
"Sd_L1surv[23]";0,999926308095828;0,705419070202914;1,84641616445848;-2,71572390989939;-0,0968240430760992;-0,543506304232292;1,33863576953134;30437,8395712714
"Sd_L1surv[24]";0,999979606199377;-0,13603829928651;1,63680700482962;-1,59480319306385;-0,788268914429924;-1,82906843703718;0,51171782496354;30088,8316075307
"Sd_L2[1]";0,999960628956794;-0,51144559899631;-0,693079043946273;1,11547478381471;-0,775604637188708;-1,30149505240822;-0,231418465305922;30054,7829872036
"Sd_L2[2]";0,999937619218494;-0,147188009011914;-0,202982274029693;1,1942365859435;0,547224355299154;-0,653666080870064;-0,43150303541326;23532,1358585453
"Sd_L2[3]";0,999990643542009;1,38345606763542;-0,337148579230904;-0,318882163412442;1,46661068853291;-0,831998783152049;-0,425469487513881;7920,92073204519
"Sd_L2[4]";1,00013864345011;0,603087860357953;-0,206518676109256;0,663870168245907;-0,757688416202558;0,11314555368329;0,176463121988046;14389,4655706587
"Sd_L2[5]";1,00007722973663;0,543740206436636;-1,1791098591775;-0,212836200810233;-0,569602118728642;-1,74058623333619;1,2961433492429;16594,587319218
"Sd_L2[6]";1,000163190083;1,3595230580192;0,780832041744052;-0,931578669548692;-0,681064905836684;0,0210625428637361;-0,271566164982869;14409,7003433525
"Sd_L2[7]";0,999970935539542;-0,784878966530031;0,503770875474985;1,34777059085991;0,858260041306334;0,209206381281461;-1,31836000675262;30169,4174594223
"Sd_L2[8]";1,00001013595302;0,329693856461437;1,12177000510919;0,412713147428791;-0,0326707311652406;-1,21202980387864;-1,87205170398465;13189,4476228557
"Sd_L2[9]";1,00001847649826;2,20269819813111;1,25007110371144;-0,31203416691104;0,186153620251414;0,239953081268197;-0,271415822863279;9546,71100552225
"Sd_L2[10]";1,00000518167606;-0,0191218666824005;0,723999840031803;-0,343904214080799;0,26069865270857;-0,978556020687343;-1,75044998821421;27261,6542008975
"Sd_L2[11]";0,999971174004698;0,0722175434278625;-0,95955356266337;-1,21124394692403;-0,395573070231866;0,281282962387211;1,29180986946381;30028,1279551375
"Sd_L2[12]";1,00014315880099;0,0152082695234514;-1,31436637258262;0,330013351087706;1,12453683899408;1,22597176533836;-0,102839191392763;18930,6090754299
"Sd_L2[13]";0,999988823226667;-1,25528908927238;2,67433840415325;-0,454131973763407;0,922227884473381;-1,56413837443847;0,505511547582785;29997,1324588904
"Sd_L2[14]";1,00001440160671;-1,85744976191646;-0,107571634292266;-0,0653312905316416;0,275657143715044;0,478693388711645;-1,6516734973398;23756,7034100616
"Sd_L2[15]";1,00002408981595;-0,216541558690902;0,773336963632098;-0,936820952582822;-0,991652575689851;-0,41091199189146;-1,163216303224;30692,1392278319
"Sd_L2[16]";1,00004734488678;-0,301291229053943;-0,0358572252721997;-0,0380225056189654;-0,272536031164385;-1,50215950596517;-0,120858891832508;6950,74017413587
"Sd_L2[17]";1,00008560503388;-0,275536804905318;-1,42799337308525;1,30527667168711;-0,19631720808223;-0,562372039133774;-0,623962349156941;21850,2441280803
"Sd_L2[18]";1,00005266869003;-1,91394409329131;-1,1053313823948;-0,41625596088544;-0,809125177730313;0,013613570771396;-0,380396253862904;30430,6499065841
"Sd_L2[19]";0,999999157175639;-0,339365007955932;-1,62338495377162;-0,797367245319127;-1,16514469583026;3,03968586023852;0,0480329354543723;30158,5880269108
"Sd_L2[20]";0,99996736335408;-0,806110465997874;-0,719094612363254;0,362082074312205;1,06495606662424;0,243748062558783;-1,06159913793404;30443,6797419612
"Sd_L2[21]";1,00001957176713;0,47389679872175;0,25103407833849;-1,32507645154306;0,8200034438537;0,778434782957544;0,168457275800793;30241,4670666854
"Sd_L2[22]";0,999999597378687;-0,121215000425374;1,49394389748209;0,27145736240795;-1,16523207633983;0,706628085435706;-1,18707972490554;30304,6731192447
"Sd_L2[23]";1,00007561894068;-0,563467256287102;0,653352774701209;0,0141855250323104;-1,42113806579773;1,0578723297673;-0,0728444923046117;30166,4240729562
"Sd_L2[24]";1,00002150393448;0,304763682944743;-0,181939426149199;0,534281174844963;1,30888668667974;0,743760611000398;-2,55833812029704;30683,0128597732
"Sd_L2m[1]";0,999961803723087;-0,519234094590396;-0,70016415933234;1,053879817345;-0,699946957689569;-1,20925335919897;-0,227810060853041;30089,388759432
"Sd_L2m[2]";0,999936962205697;-0,131029764926316;-0,184334212358497;1,18933253801595;0,53941301071775;-0,678987431236553;-0,410794332524043;23788,0067869734
"Sd_L2m[3]";0,999991638756224;1,40384492546663;-0,351443742532211;-0,301490336769165;1,46187450062763;-0,836831622770805;-0,419004657687152;8165,57301610132
"Sd_L2m[4]";1,00011720174941;0,624814546479084;-0,237963019743247;0,697972269940169;-0,608107091634725;0,0651129315264364;0,117317214445099;14375,0268050165
"Sd_L2m[5]";1,00008388958305;0,566114052074071;-1,21551616187087;-0,285460287878231;-0,669760613741032;-1,66961573192549;1,29132392928817;14683,7573714871
"Sd_L2m[6]";1,00015495385571;1,37344925470906;0,794028589572478;-0,897619604864281;-0,659944840844396;0,0430186005954811;-0,276804530152845;15216,4188114212
"Sd_L2m[7]";0,999969986887551;-0,828838165531005;0,526055124642214;1,39303321323785;0,849451989889564;0,195547942813343;-1,24391957313861;30157,031281315
"Sd_L2m[8]";1,00000964202292;0,32353986814429;1,11891792869967;0,427866950973351;-0,0158893090704369;-1,20466510048951;-1,86392179140732;13114,2719963669
"Sd_L2m[9]";1,00001050375206;2,23972772060143;1,22245211337745;-0,312445052739252;0,202360815728486;0,231093341527462;-0,286947683824423;9552,89637340479
"Sd_L2m[10]";1,00000972958368;-0,052717718094856;0,693403195190645;-0,316018739386875;0,275456655783219;-0,971068211682137;-2,08349065505468;26688,299503077
"Sd_L2m[11]";0,999968625411933;0,0464953625426111;-0,968941417725101;-1,22207103529894;-0,383520827884315;0,269266690739304;1,31023252415489;30032,0993454485
"Sd_L2m[12]";1,00014596689261;0,0324595747304158;-1,32110913916786;0,328125830621447;1,11723785537109;1,21821855494222;-0,0778449937652509;19286,92581523
"Sd_L2m[13]";0,999992598321685;-1,24580275893168;2,66955367813406;-0,477153094091284;0,939386776577511;-1,5837035644771;0,51659992241974;30010,3795063141
"Sd_L2m[14]";1,00001445310242;-1,86257800397529;-0,1105305484208;-0,0642803494787142;0,276662511091058;0,476624019803915;-1,65445983668297;23726,5886492281
"Sd_L2m[15]";1,00002234784655;-0,278203016664846;0,801389291338402;-0,964090338176413;-0,987616334725069;-0,443228247402762;-1,16386219979385;30684,27529506
"Sd_L2m[16]";1,00004697997189;-0,292772297614687;-0,0469567546937229;-0,0408556325063655;-0,276736426432789;-1,5142427363877;-0,120772489242382;6947,81822486621
"Sd_L2m[17]";1,00008346318008;-0,225896889462019;-1,42909492493271;1,27478640375156;-0,217405519599029;-0,521552954012153;-0,632306317907584;22561,9893514581
"Sd_L2m[18]";1,0000551114017;-1,88431092341834;-1,13559714421608;-0,365152776808188;-0,794250322372487;-0,0383359230780472;-0,398158969590505;30436,3732917221
"Sd_L2m[19]";1,00000101559311;-0,342795775349722;-1,6249986736022;-0,804079940186763;-1,14543251744643;3,02926722362901;0,0450998217847598;30162,8962986874
"Sd_L2m[20]";0,999967359291873;-0,808279396095678;-0,708775657177896;0,359089669729617;1,0787656896264;0,226646098400555;-1,05423886326696;30443,858532373
"Sd_L2m[21]";1,00001847294906;0,484360280922399;0,265509480443207;-1,32080034402522;0,820367934868537;0,785350818012184;0,167034084363975;30239,8655793454
"Sd_L2m[22]";0,999999188487503;-0,143209718739242;1,50091012756897;0,256056068461037;-1,15987757304726;0,703912990472421;-1,18860149170435;30303,926309894
"Sd_L2m[23]";1,00007310146117;-0,54835962763381;0,65964475130562;0,0243996888344536;-1,41745708293522;1,01838436247052;-0,0834013736409417;30160,2376199584
"Sd_L2m[24]";1,00001955990328;0,287439949385432;-0,173656014435315;0,551185708166621;1,33559580830828;0,708282016710146;-2,50589209695052;30694,8805195376
"Sd_L2nm[1]";0,999961803723087;-0,519234094590397;-0,70016415933234;1,053879817345;-0,699946957689569;-1,20925335919897;-0,227810060853041;30089,388759432
"Sd_L2nm[2]";0,999936962205697;-0,131029764926316;-0,184334212358496;1,18933253801595;0,53941301071775;-0,678987431236552;-0,410794332524043;23788,0067869734
"Sd_L2nm[3]";0,999991638756224;1,40384492546663;-0,351443742532211;-0,301490336769165;1,46187450062763;-0,836831622770804;-0,419004657687152;8165,57301610132
"Sd_L2nm[4]";1,00011720174941;0,624814546479084;-0,237963019743247;0,697972269940169;-0,608107091634664;0,0651129315264364;0,117317214445099;14375,0268050165
"Sd_L2nm[5]";1,00008388958305;0,566114052074072;-1,21551616187087;-0,285460287878231;-0,669760613741032;-1,66961573192549;1,29132392928817;14683,7573714871
"Sd_L2nm[6]";1,00015495385571;1,37344925470906;0,794028589572478;-0,897619604864281;-0,659944840844396;0,0430186005954811;-0,276804530152845;15216,4188114212
"Sd_L2nm[7]";0,999969986887551;-0,828838165531005;0,526055124642214;1,39303321323785;0,849451989889496;0,195547942813343;-1,24391957313861;30157,031281315
"Sd_L2nm[8]";1,00000964202292;0,32353986814429;1,11891792869967;0,427866950973274;-0,0158893090704369;-1,20466510048951;-1,86392179140732;13114,2719963671
"Sd_L2nm[9]";1,00001050375206;2,23972772060143;1,22245211337745;-0,312445052739252;0,202360815728486;0,231093341527462;-0,286947683824423;9552,89637340479
"Sd_L2nm[10]";1,00000972958368;-0,0527177180948561;0,693403195190645;-0,316018739386875;0,275456655783219;-0,971068211682137;-2,08349065505468;26688,299503077
"Sd_L2nm[11]";0,999968625411933;0,0464953625426111;-0,968941417725101;-1,22207103529894;-0,383520827884256;0,269266690739305;1,31023252415489;30032,0993454485
"Sd_L2nm[12]";1,00014596689261;0,0324595747304158;-1,32110913916786;0,328125830621447;1,11723785537109;1,21821855494229;-0,0778449937652509;19286,92581523
"Sd_L2nm[13]";0,999992598321685;-1,24580275893168;2,66955367813406;-0,477153094091284;0,939386776577511;-1,5837035644771;0,51659992241974;30010,3795063141
"Sd_L2nm[14]";1,00001445310242;-1,86257800397529;-0,1105305484208;-0,0642803494787142;0,276662511091058;0,476624019803915;-1,65445983668301;23726,5886492281
"Sd_L2nm[15]";1,00002234784655;-0,278203016664915;0,801389291338401;-0,964090338176413;-0,987616334725069;-0,443228247402762;-1,16386219979385;30684,27529506
"Sd_L2nm[16]";1,00004697997189;-0,292772297614687;-0,0469567546937229;-0,0408556325063655;-0,276736426432788;-1,5142427363877;-0,120772489242448;6947,81822486621
"Sd_L2nm[17]";1,00008346318008;-0,225896889462019;-1,42909492493271;1,27478640375156;-0,217405519599029;-0,521552954012153;-0,632306317907584;22561,9893514581
"Sd_L2nm[18]";1,0000551114017;-1,88431092341834;-1,13559714421608;-0,365152776808188;-0,794250322372487;-0,0383359230780472;-0,398158969590505;30436,3732917221
"Sd_L2nm[19]";1,00000101559311;-0,342795775349722;-1,6249986736022;-0,804079940186763;-1,14543251744643;3,02926722362901;0,04509982178469;30162,8962986874
"Sd_L2nm[20]";0,999967359291873;-0,808279396095677;-0,708775657177897;0,359089669729617;1,0787656896264;0,226646098400555;-1,05423886326696;30443,858532373
"Sd_L2nm[21]";1,00001847294906;0,484360280922399;0,265509480443207;-1,32080034402522;0,820367934868537;0,785350818012184;0,167034084363976;30239,8655793454
"Sd_L2nm[22]";0,999999188487503;-0,143209718739242;1,50091012756897;0,256056068461037;-1,15987757304726;0,703912990472421;-1,18860149170435;30303,926309894
"Sd_L2nm[23]";1,00007310146117;-0,54835962763381;0,65964475130562;0,0243996888344536;-1,41745708293522;1,01838436247052;-0,0834013736409417;30160,2376199584
"Sd_L2nm[24]";1,00001955990328;0,287439949385432;-0,173656014435315;0,551185708166621;1,33559580830828;0,708282016710086;-2,50589209695052;30694,8805195376
