"Parameter";"Mean";"SD";"Naive SE";"Time-series SE";"2.5%";"25%";"50%";"75%";"97.5%"
"Alpha1";-2,11943458064422;0,0277038430809657;0,000159948212603827;0,000159093692472946;-2,17269343136363;-2,13836874796505;-2,1196440432585;-2,10100617924882;-2,06430784037175
"Alpha2[1, 1]";1,34232748720189;0,267168394564907;0,00154249744521009;0,00155608191517923;0,826579731372947;1,16380091878945;1,33658006400136;1,51918689523934;1,8798485307983
"Alpha2[2, 1]";0,18166148140474;0,233314119819869;0,00134703969883742;0,00135378913633832;-0,289397046886296;0,0254232078282533;0,18690086608546;0,341601391523522;0,628576226809056
"Alpha2[3, 1]";0,594713379991998;0,259990617865396;0,00150105653211364;0,00149422570350939;0,0812343634457783;0,424349376858873;0,596750479034344;0,767784258328963;1,10148146204327
"Alpha2[4, 1]";0,911726095345345;0,267462804984186;0,00154419722455832;0,00154183059487383;0,398196896700111;0,731169709814785;0,908694583200201;1,08699716656619;1,45211783659101
"Alpha2[5, 1]";1,25292085113647;0,292842534219218;0,00169072715961637;0,00170432725694895;0,693766311864117;1,05359163405092;1,24914545302411;1,44593961835606;1,84451969712372
"Alpha2[6, 1]";1,26145509182174;0,21377414743494;0,00123422561567346;0,00125627795045679;0,845879951759069;1,1182688566986;1,26060066957996;1,405012953413;1,68119623493207
"Alpha2[7, 1]";0,261167348715215;0,194582830153168;0,00112342449368611;0,00112344707805618;-0,124836797388829;0,132175111881815;0,262463272977044;0,39339584579245;0,638236068976098
"Alpha2[8, 1]";0,927074986161051;0,158606010954968;0,000915712231199435;0,000907932407357709;0,617688669426942;0,820755378890678;0,92688804034994;1,03330701550265;1,23811063325096
"Alpha2[9, 1]";0,0904895784967547;0,210922400131854;0,00121776104494248;0,00122384090174448;-0,327408792999926;-0,0488031193692918;0,0913140484198273;0,232607155920206;0,495448752608305
"Alpha2[10, 1]";0,912465035883709;0,183689020031489;0,00106052905162359;0,00105659114334658;0,550862293857298;0,790261989672138;0,913088307503997;1,03630319006158;1,26996488656201
"Alpha2[11, 1]";0,953074086219274;0,235477001146959;0,00135952710000163;0,00138632224866023;0,506914279098244;0,794601304979046;0,947029423432869;1,10531966013165;1,43301929505982
"Alpha2[12, 1]";0,444137049437917;0,222397023375825;0,00128400981313004;0,00130415415519399;0,00694693862190131;0,296071132598858;0,444119325573823;0,594392807610595;0,872980652590451
"Alpha2[13, 1]";0,675277209885586;0,253673086519415;0,00146458224788147;0,00149058730480778;0,171111965969369;0,506925239346647;0,676760853197366;0,845874461709896;1,16714146547799
"Alpha2[14, 1]";0,420555120603376;0,166743450277996;0,000962693759036079;0,000954013234546887;0,0890347088071589;0,310433571180054;0,422351339677965;0,533531708039952;0,748091383128661
"Alpha2[15, 1]";0,185736584259145;0,231702605654481;0,00133773561746552;0,00133971231385998;-0,273929247462707;0,0306353016160196;0,187511876684779;0,344097326754818;0,630367409111855
"Alpha2[16, 1]";0,778049638006941;0,244231153915535;0,00141006922457627;0,00141279762616297;0,295941852133666;0,614808952074604;0,778814464345863;0,941505926295826;1,25494857493562
"Alpha2[17, 1]";1,06199279326317;0,184580559001091;0,00106567635426451;0,0010675105109879;0,70004322252651;0,938897987795535;1,06065579558801;1,18534730156941;1,42808501343864
"Alpha2[18, 1]";0,889247844664779;0,183082186784388;0,00105702549823792;0,0010586653717356;0,529308333292777;0,767606238004837;0,889486159214488;1,0114859279057;1,24917801293521
"Alpha2[19, 1]";1,32989292125927;0,195231820134413;0,00112717143908984;0,00112112161050335;0,949566994528847;1,19716296161453;1,33006197327764;1,45980295485329;1,71956369336271
"Alpha2[20, 1]";0,801448198761929;0,168503616016353;0,000972856080664669;0,000980622262340644;0,46814932081636;0,690435216810755;0,801682400599874;0,914199415248892;1,1288463537606
"Alpha2[21, 1]";1,10861539988265;0,195513323940121;0,00112879670206988;0,00113218025184292;0,727800250739887;0,977365560210039;1,10879958858754;1,23986374265157;1,49235524843475
"Alpha2[22, 1]";1,2000933756413;0,291240490610156;0,00168147775652692;0,00167896579790917;0,652795104922842;1,0004203898683;1,19371974203628;1,38712416358869;1,79638495521383
"Alpha2[23, 1]";0,934392614917048;0,353641168325091;0,00204174823729025;0,00201496287603855;0,251969955907094;0,699614654126605;0,927844895141567;1,16744452279089;1,64894233654684
"Alpha2[24, 1]";1,35147773805637;0,338454621089933;0,00195406866594746;0,00196000745047766;0,727262129117587;1,12106199115623;1,33853575784805;1,56571076450153;2,05614415641433
"Alpha2[1, 2]";3,38639551436923;0,542152406392528;0,00313011837772529;0,00315890298650423;2,44801545220588;3,0076631904043;3,33885726948503;3,71506192262091;4,57692844511702
"Alpha2[2, 2]";3,08550848880727;0,556794986002706;0,00321465735052096;0,00318723977881857;2,10089885023908;2,70161348033873;3,04431224781611;3,42421764159684;4,3030372670818
"Alpha2[3, 2]";2,45958266315289;0,562068624130118;0,00324510471444566;0,00327562643920036;1,39219518577139;2,07791986836685;2,44931931421359;2,8237378240419;3,59943871801917
"Alpha2[4, 2]";2,58478515676466;0,643994647626409;0,00371810483163785;0,0036960107595163;1,36047273532462;2,15712748667623;2,57139976114891;2,99184979974454;3,9011329912449
"Alpha2[5, 2]";3,51838771706874;0,624286633385014;0,00360432055836323;0,00363897357303432;2,47165463524657;3,08510254304795;3,45663677612195;3,88455539268248;4,91467201579385
"Alpha2[6, 2]";3,14958193776794;0,488161186239392;0,0028183999228324;0,00285973645341522;2,28336673571304;2,81299405398203;3,11747955082088;3,4533786806931;4,1972616209623
"Alpha2[7, 2]";2,41433662844379;0,559759726288564;0,00323177428654214;0,00329103320952868;1,35609142897019;2,03154297599749;2,40246888847311;2,77687807104331;3,55012598241316
"Alpha2[8, 2]";3,15816319604021;0,43243147516719;0,00249664428593844;0,00250000695112471;2,39048102147277;2,85913920686475;3,12670538284998;3,4298727532774;4,08496908093029
"Alpha2[9, 2]";2,42001928753875;0,444634433419264;0,00256709809825589;0,00257783391312904;1,59014805561037;2,11568481155385;2,40303883359386;2,70882764765424;3,34080871808621
"Alpha2[10, 2]";3,26854846703285;0,436649283334046;0,00252099581274369;0,00252089589944266;2,49488424493494;2,96488413690955;3,24042726475397;3,5396782500511;4,20962773912208
"Alpha2[11, 2]";2,08677421047501;0,422517599227223;0,00243940649651191;0,00243550891435159;1,3054924282919;1,79176948410526;2,07030675005191;2,36147738951152;2,96102295505036
"Alpha2[12, 2]";1,46516498730046;0,379632333582039;0,00219180829986676;0,00221989778901862;0,742582965220444;1,20622531985829;1,4564349325475;1,7155044393138;2,22842239293934
"Alpha2[13, 2]";2,83084121465313;0,510806576760414;0,00294914314596456;0,00293204856204874;1,90039130875261;2,47711122918038;2,80819377984791;3,15791107375661;3,91623292761007
"Alpha2[14, 2]";2,05974087192118;0,347096697066998;0,00200396371486461;0,00200209426458256;1,41289016345748;1,81858521475388;2,04705809131395;2,28935738048039;2,76352256544414
"Alpha2[15, 2]";2,49819270216958;0,383112721406557;0,00221190232834046;0,00228938122660831;1,78393292522606;2,23579031862782;2,48679947866859;2,74420656942687;3,29402000853165
"Alpha2[16, 2]";2,21377228670763;0,3893360311946;0,00224783262415423;0,00223593218977784;1,47278291939164;1,94543586467328;2,20615307008268;2,47016273454322;3,00236054156371
"Alpha2[17, 2]";2,754557020845;0,395788662488934;0,00228508690830188;0,00229644658341305;2,0262529740819;2,48104101246807;2,73923166085376;3,00587313255756;3,59376802812543
"Alpha2[18, 2]";3,18083172879418;0,372160854606929;0,00214867169589151;0,00215195160676611;2,5009671077214;2,92536001320551;3,16198486529249;3,41958997824236;3,96046137545115
"Alpha2[19, 2]";3,14335108657326;0,390110407592768;0,00225230348837359;0,0022556435362594;2,4254298680195;2,8744187256579;3,12565660920261;3,39298268572751;3,95898326070998
"Alpha2[20, 2]";3,1239299837768;0,407936650554011;0,00235522335009673;0,00240524524124429;2,39239296690866;2,84216522924074;3,0977651874151;3,38380789805013;3,99210936915683
"Alpha2[21, 2]";3,55494760090553;0,441394336525822;0,0025483913901196;0,00259134288697169;2,77798728192298;3,24631349093662;3,52694312003403;3,82986922058576;4,50517121735916
"Alpha2[22, 2]";2,35701340457099;0,435489035258433;0,00251429711735587;0,0025191310228871;1,54989647190915;2,05773720899241;2,34116391917854;2,6370830054009;3,25488018708828
"Alpha2[23, 2]";2,27243900224157;0,551112009441153;0,00318184667004485;0,00318032861538069;1,23343406207252;1,8976742742472;2,25984970771899;2,63652731986527;3,38553832274051
"Alpha2[24, 2]";2,95868381307325;0,510999602123251;0,0029502575784165;0,00295319254735363;2,07983305649521;2,60348679405155;2,91695753260044;3,26709425268074;4,07378804131976
"Beta1";3,95643367909025;0,247322082915843;0,00142791471148001;0,00146979875811342;3,47753975366048;3,78969717608963;3,95566461053988;4,12119213271932;4,44478795395006
"Beta2";2,09568883955992;0,232095286530875;0,00134000276156244;0,00132657861843361;1,64701670319933;1,93747593004822;2,09463691011212;2,25074646663183;2,55931793053069
"Gamma1[1, 1]";0,511899662486485;0,049022514708699;0,000283031620634197;0,000281603408058404;0,416288895859095;0,47867193400148;0,51165052532694;0,544659907703387;0,608926322380001
"Gamma1[2, 1]";0,480142282911434;0,0403396272898777;0,000232900946748201;0,000235412464586698;0,402110383712343;0,452663057362352;0,480127284266309;0,507499894183523;0,559833130404399
"Gamma1[3, 1]";0,620466757362785;0,0346464681269943;0,000200031476995899;0,000194705200994467;0,551382088970702;0,597417463976788;0,620986302591134;0,643946777114276;0,687690118678728
"Gamma1[4, 1]";0,664750375598369;0,0448767196636602;0,000259095861781616;0,000256177293503791;0,573975885467798;0,635118579217511;0,665571253946031;0,695663778283702;0,749952483973199
"Gamma1[5, 1]";0,46182846327979;0,0539328034777249;0,000311381186060156;0,00030879791824271;0,358509701450469;0,425038038927909;0,461061491659824;0,498559816290975;0,568165040776123
"Gamma1[6, 1]";0,578942838373342;0,0303394109682708;0,000175164670895858;0,00017281327313789;0,519490579389584;0,558630394387678;0,578882613807849;0,599321680753009;0,638061636114163
"Gamma1[7, 1]";0,666935895042153;0,0427919112434251;0,000247059214755301;0,000249930576069134;0,581450160667667;0,638041309702999;0,667955440690932;0,696408252967165;0,748069000076249
"Gamma1[8, 1]";0,521424868867118;0,0323532957729416;0,000186791840236794;0,00019140590938608;0,457969314853369;0,499472393773767;0,521491832587536;0,543450766159301;0,584241933639776
"Gamma1[9, 1]";0,507316059415007;0,0328435571640744;0,000189622365698232;0,000187145828366571;0,443230910595675;0,485173895982939;0,507520971858906;0,529489784194147;0,571425663665456
"Gamma1[10, 1]";0,51856134377083;0,0315277304744278;0,000182025436763489;0,000181137517490994;0,457076635389289;0,4971369236831;0,518519029207442;0,539833296727954;0,580149638098686
"Gamma1[11, 1]";0,54414796986522;0,0389113934818238;0,000224655035012745;0,000221304879272821;0,467645768668234;0,517601062647935;0,544323116504872;0,570380256172798;0,619965648686701
"Gamma1[12, 1]";0,604176630784422;0,0383069151437498;0,000221165077700681;0,000219901380770637;0,528417251633907;0,578507806274346;0,604606397158682;0,630166908520666;0,67858388883331
"Gamma1[13, 1]";0,57168183148439;0,0425068764615921;0,000245413565675104;0,000246037762688456;0,486963626354095;0,543088404806988;0,572334940502137;0,600592077607619;0,653858504721262
"Gamma1[14, 1]";0,598191838545278;0,0361052321789821;0,000208453655176893;0,000206920709708978;0,526760889637575;0,57402070540547;0,598316712830327;0,622772538735194;0,668528861957559
"Gamma1[15, 1]";0,544609992166187;0,037466458553227;0,000216312699312876;0,00021543084570443;0,470741439556566;0,51911997032039;0,544865900957678;0,57021272955753;0,617260869468753
"Gamma1[16, 1]";0,551624832070593;0,0441320190256604;0,000254796330643467;0,000254807492507252;0,464667556178125;0,522075016646289;0,551490988660399;0,581525474824683;0,637814921723789
"Gamma1[17, 1]";0,575798331913285;0,0345274949181375;0,000199344584854301;0,00020055308917838;0,507716539836482;0,552532861160867;0,57578957780827;0,599268036374182;0,642350897514585
"Gamma1[18, 1]";0,557016141775914;0,0372634353962903;0,000215140544569784;0,000214537817470921;0,483823823266645;0,531898297607566;0,55703415699921;0,582280839425171;0,629852254015425
"Gamma1[19, 1]";0,570264310798552;0,0324090299008581;0,00018711362137435;0,000186323121712531;0,505805634779286;0,548415922985439;0,570598997777744;0,592235399802325;0,633386187857314
"Gamma1[20, 1]";0,546178744829017;0,0371618913408056;0,000214554279692097;0,000212640906378212;0,473022339558852;0,520956123370556;0,54619951365606;0,571096578446855;0,619330957113969
"Gamma1[21, 1]";0,52365524758435;0,0383264525141447;0,000221277876761248;0,000223120230951041;0,448806114680673;0,497671893194002;0,523905393467875;0,549751344176687;0,598929122177297
"Gamma1[22, 1]";0,458453929148159;0,0500778879358991;0,000289124820802393;0,000289132409171456;0,361840563362805;0,424023629085733;0,457749165634965;0,492749291320903;0,55767073850067
"Gamma1[23, 1]";0,514819215167172;0,0424797686468181;0,000245257058633534;0,000245663903851419;0,431165132992105;0,48615604339654;0,515025225343607;0,543723670654285;0,597577154363609
"Gamma1[24, 1]";0,354259780530583;0,0421707894766482;0,000243473166562819;0,000239091475096836;0,274413941250257;0,325128881189678;0,35348598904503;0,382452554851065;0,439578106281759
"Gamma1[1, 2]";0,488100337513515;0,049022514708699;0,000283031620634197;0,000281603408058404;0,391073677619999;0,455340092296613;0,48834947467306;0,52132806599852;0,583711104140906
"Gamma1[2, 2]";0,519857717088566;0,0403396272898777;0,000232900946748201;0,000235412464586698;0,440166869595601;0,492500105816477;0,519872715733691;0,547336942637648;0,597889616287657
"Gamma1[3, 2]";0,379533242637215;0,0346464681269943;0,000200031476995899;0,000194705200994467;0,312309881321272;0,356053222885724;0,379013697408866;0,402582536023212;0,448617911029298
"Gamma1[4, 2]";0,335249624401631;0,0448767196636602;0,000259095861781616;0,000256177293503791;0,250047516026801;0,304336221716298;0,334428746053969;0,364881420782489;0,426024114532202
"Gamma1[5, 2]";0,53817153672021;0,0539328034777249;0,000311381186060156;0,00030879791824271;0,431834959223877;0,501440183709025;0,538938508340176;0,574961961072091;0,64149029854953
"Gamma1[6, 2]";0,421057161626658;0,0303394109682708;0,000175164670895858;0,00017281327313789;0,361938363885837;0,400678319246991;0,421117386192151;0,441369605612322;0,480509420610416
"Gamma1[7, 2]";0,333064104957847;0,0427919112434251;0,000247059214755301;0,000249930576069134;0,251930999923751;0,303591747032835;0,332044559309068;0,361958690297001;0,418549839332333
"Gamma1[8, 2]";0,478575131132882;0,0323532957729416;0,000186791840236794;0,00019140590938608;0,415758066360224;0,456549233840699;0,478508167412465;0,500527606226233;0,542030685146631
"Gamma1[9, 2]";0,492683940584993;0,0328435571640744;0,000189622365698232;0,000187145828366571;0,428574336334544;0,470510215805853;0,492479028141094;0,514826104017061;0,556769089404324
"Gamma1[10, 2]";0,48143865622917;0,0315277304744278;0,000182025436763489;0,000181137517490994;0,419850361901314;0,460166703272046;0,481480970792558;0,5028630763169;0,542923364610711
"Gamma1[11, 2]";0,45585203013478;0,0389113934818238;0,000224655035012745;0,000221304879272821;0,380034351313299;0,429619743827202;0,455676883495128;0,482398937352065;0,532354231331766
"Gamma1[12, 2]";0,395823369215578;0,0383069151437498;0,000221165077700681;0,000219901380770637;0,32141611116669;0,369833091479334;0,395393602841318;0,421492193725654;0,471582748366092
"Gamma1[13, 2]";0,42831816851561;0,0425068764615921;0,000245413565675104;0,000246037762688456;0,346141495278738;0,399407922392381;0,427665059497863;0,456911595193012;0,513036373645905
"Gamma1[14, 2]";0,401808161454722;0,0361052321789821;0,000208453655176893;0,000206920709708978;0,331471138042441;0,377227461264806;0,401683287169673;0,42597929459453;0,473239110362425
"Gamma1[15, 2]";0,455390007833813;0,037466458553227;0,000216312699312876;0,00021543084570443;0,382739130531247;0,42978727044247;0,455134099042322;0,48088002967961;0,529258560443434
"Gamma1[16, 2]";0,448375167929407;0,0441320190256604;0,000254796330643467;0,000254807492507252;0,362185078276211;0,418474525175317;0,448509011339601;0,477924983353711;0,535332443821875
"Gamma1[17, 2]";0,424201668086715;0,0345274949181375;0,000199344584854301;0,00020055308917838;0,357649102485415;0,400731963625818;0,42421042219173;0,447467138839133;0,492283460163518
"Gamma1[18, 2]";0,442983858224086;0,0372634353962903;0,000215140544569784;0,000214537817470921;0,370147745984574;0,417719160574829;0,44296584300079;0,468101702392434;0,516176176733355
"Gamma1[19, 2]";0,429735689201448;0,0324090299008581;0,00018711362137435;0,000186323121712531;0,366613812142686;0,407764600197675;0,429401002222256;0,451584077014561;0,494194365220714
"Gamma1[20, 2]";0,453821255170983;0,0371618913408056;0,000214554279692097;0,000212640906378212;0,380669042886031;0,428903421553145;0,45380048634394;0,479043876629444;0,526977660441148
"Gamma1[21, 2]";0,47634475241565;0,0383264525141447;0,000221277876761248;0,000223120230951041;0,401070877822703;0,450248655823313;0,476094606532125;0,502328106805998;0,551193885319327
"Gamma1[22, 2]";0,541546070851841;0,0500778879358991;0,000289124820802393;0,000289132409171456;0,44232926149933;0,507250708679097;0,542250834365035;0,575976370914267;0,638159436637195
"Gamma1[23, 2]";0,485180784832828;0,0424797686468181;0,000245257058633534;0,000245663903851419;0,402422845636391;0,456276329345715;0,484974774656393;0,51384395660346;0,568834867007895
"Gamma1[24, 2]";0,645740219469417;0,0421707894766482;0,000243473166562819;0,000239091475096836;0,560421893718241;0,617547445148935;0,64651401095497;0,674871118810321;0,725586058749743
"Gamma1_F[1]";0,511899662486485;0,049022514708699;0,000283031620634197;0,000281603408058404;0,416288895859095;0,47867193400148;0,51165052532694;0,544659907703387;0,608926322380001
"Gamma1_F[2]";0,480142282911434;0,0403396272898777;0,000232900946748201;0,000235412464586698;0,402110383712343;0,452663057362352;0,480127284266309;0,507499894183523;0,559833130404399
"Gamma1_F[3]";0,620466757362785;0,0346464681269943;0,000200031476995899;0,000194705200994467;0,551382088970702;0,597417463976788;0,620986302591134;0,643946777114276;0,687690118678728
"Gamma1_F[4]";0,664750375598369;0,0448767196636602;0,000259095861781616;0,000256177293503791;0,573975885467798;0,635118579217511;0,665571253946031;0,695663778283702;0,749952483973199
"Gamma1_F[5]";0,46182846327979;0,0539328034777249;0,000311381186060156;0,00030879791824271;0,358509701450469;0,425038038927909;0,461061491659824;0,498559816290975;0,568165040776123
"Gamma1_F[6]";0,578942838373342;0,0303394109682708;0,000175164670895858;0,00017281327313789;0,519490579389584;0,558630394387678;0,578882613807849;0,599321680753009;0,638061636114163
"Gamma1_F[7]";0,666935895042153;0,0427919112434251;0,000247059214755301;0,000249930576069134;0,581450160667667;0,638041309702999;0,667955440690932;0,696408252967165;0,748069000076249
"Gamma1_F[8]";0,521424868867118;0,0323532957729416;0,000186791840236794;0,00019140590938608;0,457969314853369;0,499472393773767;0,521491832587536;0,543450766159301;0,584241933639776
"Gamma1_F[9]";0,507316059415007;0,0328435571640744;0,000189622365698232;0,000187145828366571;0,443230910595675;0,485173895982939;0,507520971858906;0,529489784194147;0,571425663665456
"Gamma1_F[10]";0,51856134377083;0,0315277304744278;0,000182025436763489;0,000181137517490994;0,457076635389289;0,4971369236831;0,518519029207442;0,539833296727954;0,580149638098686
"Gamma1_F[11]";0,54414796986522;0,0389113934818238;0,000224655035012745;0,000221304879272821;0,467645768668234;0,517601062647935;0,544323116504872;0,570380256172798;0,619965648686701
"Gamma1_F[12]";0,604176630784422;0,0383069151437498;0,000221165077700681;0,000219901380770637;0,528417251633907;0,578507806274346;0,604606397158682;0,630166908520666;0,67858388883331
"Gamma1_F[13]";0,57168183148439;0,0425068764615921;0,000245413565675104;0,000246037762688456;0,486963626354095;0,543088404806988;0,572334940502137;0,600592077607619;0,653858504721262
"Gamma1_F[14]";0,598191838545278;0,0361052321789821;0,000208453655176893;0,000206920709708978;0,526760889637575;0,57402070540547;0,598316712830327;0,622772538735194;0,668528861957559
"Gamma1_F[15]";0,544609992166187;0,037466458553227;0,000216312699312876;0,00021543084570443;0,470741439556566;0,51911997032039;0,544865900957678;0,57021272955753;0,617260869468753
"Gamma1_F[16]";0,551624832070593;0,0441320190256604;0,000254796330643467;0,000254807492507252;0,464667556178125;0,522075016646289;0,551490988660399;0,581525474824683;0,637814921723789
"Gamma1_F[17]";0,575798331913285;0,0345274949181375;0,000199344584854301;0,00020055308917838;0,507716539836482;0,552532861160867;0,57578957780827;0,599268036374182;0,642350897514585
"Gamma1_F[18]";0,557016141775914;0,0372634353962903;0,000215140544569784;0,000214537817470921;0,483823823266645;0,531898297607566;0,55703415699921;0,582280839425171;0,629852254015425
"Gamma1_F[19]";0,570264310798552;0,0324090299008581;0,00018711362137435;0,000186323121712531;0,505805634779286;0,548415922985439;0,570598997777744;0,592235399802325;0,633386187857314
"Gamma1_F[20]";0,546178744829017;0,0371618913408056;0,000214554279692097;0,000212640906378212;0,473022339558852;0,520956123370556;0,54619951365606;0,571096578446855;0,619330957113969
"Gamma1_F[21]";0,52365524758435;0,0383264525141447;0,000221277876761248;0,000223120230951041;0,448806114680673;0,497671893194002;0,523905393467875;0,549751344176687;0,598929122177297
"Gamma1_F[22]";0,458453929148159;0,0500778879358991;0,000289124820802393;0,000289132409171456;0,361840563362805;0,424023629085733;0,457749165634965;0,492749291320903;0,55767073850067
"Gamma1_F[23]";0,514819215167172;0,0424797686468181;0,000245257058633534;0,000245663903851419;0,431165132992105;0,48615604339654;0,515025225343607;0,543723670654285;0,597577154363609
"Gamma1_F[24]";0,354259780530583;0,0421707894766482;0,000243473166562819;0,000239091475096836;0,274413941250257;0,325128881189678;0,35348598904503;0,382452554851065;0,439578106281759
"Gamma3[1, 1]";0,475574449027391;0,0525347590235632;0,000303309572640663;0,000301020759625715;0,37397078237156;0,440230266488746;0,475228088490329;0,510705572741907;0,579951387442142
"Gamma3[2, 1]";0,37620469327461;0,0448881161461281;0,000259161659403823;0,000266063220270335;0,290401512865057;0,345424243545118;0,375568374455891;0,406445793733642;0,465185657982528
"Gamma3[3, 1]";0,554593600996673;0,0427427122900245;0,000246775164465404;0,000245883102535335;0,46920021929528;0,525958031782947;0,555376886403724;0,583605601149077;0,636752898209929
"Gamma3[4, 1]";0,62154506151013;0,0504991450112361;0,000291556949660831;0,00029683908713224;0,521475991590336;0,58775201220473;0,622381873171896;0,656011328687361;0,717903065265097
"Gamma3[5, 1]";0,412737547635889;0,0580778198985991;0,000335312449524028;0,000333151063384149;0,301316739548186;0,372924215291155;0,411587649927172;0,451995486461994;0,528495920798798
"Gamma3[6, 1]";0,536242655736604;0,0347617936264321;0,000200697309077348;0,000198959563926812;0,467921704982265;0,513028732701231;0,536440692701438;0,559968098104896;0,603443266301004
"Gamma3[7, 1]";0,579036592987989;0,0531916880097668;0,000307102353910895;0,000308472716004319;0,473436309887346;0,543326740554676;0,580276723015069;0,615680476158175;0,681186771128968
"Gamma3[8, 1]";0,467043217219148;0,0359463399614823;0,000207536290531436;0,000212460378014349;0,396706838324461;0,442494662219888;0,466973098010082;0,491338798697327;0,537431625941485
"Gamma3[9, 1]";0,403065848844023;0,0381885389739104;0,000220481632565457;0,000219074844656433;0,328658046911747;0,377087422959604;0,402985012551418;0,428629183949898;0,477994688900508
"Gamma3[10, 1]";0,463416900383747;0,0346898664124394;0,000200282037113741;0,000200281317417346;0,396485937325457;0,439963863012313;0,463277123896322;0,486995580867125;0,531725451197639
"Gamma3[11, 1]";0,497934434858792;0,0426800443875246;0,000246413351161625;0,000244911100290358;0,414055385603948;0,469186475117837;0,497822125418679;0,527009954767233;0,580875077748958
"Gamma3[12, 1]";0,531549764005775;0,0481181456598879;0,000277810243496419;0,000273279563804334;0,436402368169082;0,499307898002209;0,531464804242927;0,564262735134553;0,626418945638076
"Gamma3[13, 1]";0,470396462240606;0,0499838961663241;0,000288582159067735;0,000288597130278956;0,37300070639446;0,436610351153801;0,470522598844692;0,504443949653808;0,56840203030552
"Gamma3[14, 1]";0,512568048159764;0,0462553511100055;0,000267055394148223;0,000266016584577063;0,421652649628812;0,481232338368449;0,512629490971981;0,544194819788416;0,602229916038982
"Gamma3[15, 1]";0,376228019291849;0,0476783887790396;0,000275271305961062;0,00027601201577004;0,284711438966091;0,343872556751254;0,375610513025408;0,408364417274354;0,470302873044282
"Gamma3[16, 1]";0,475454143986911;0,053311916205146;0,000307796491720558;0,000305427232901131;0,370687972990593;0,439482198555815;0,475456346129996;0,511580204207056;0,580342783172257
"Gamma3[17, 1]";0,499882260225272;0,0430686756585161;0,000248657114850849;0,000247602913356208;0,415864981404888;0,471036913252064;0,499678192794619;0,529323287661738;0,583638759643038
"Gamma3[18, 1]";0,449647672864956;0,0459584956334844;0,000265341498255425;0,000263509702163779;0,360300916176694;0,418584867331987;0,449005829666005;0,480586883565103;0,541047902423047
"Gamma3[19, 1]";0,509360812324532;0,0372987011633437;0,000215344151570799;0,000218127011324312;0,436509049068153;0,484226026227942;0,509415214423973;0,534539425687595;0,582245888053874
"Gamma3[20, 1]";0,445375698433459;0,04592659655946;0,000265157328865676;0,000263051415396509;0,355781037497049;0,41416874085004;0,4450169694362;0,476470858483924;0,536039473542474
"Gamma3[21, 1]";0,4524543479436;0,0437184946752044;0,000252408846692945;0,000253417126172517;0,367810111202032;0,422258803749791;0,452437150623093;0,482119004892862;0,53920321946372
"Gamma3[22, 1]";0,413512895009868;0,0554905090342849;0,000320374603284138;0,000320393329454813;0,308882185545156;0,375205260221549;0,412174830745783;0,450898183963017;0,524984775539284
"Gamma3[23, 1]";0,447921702328312;0,0553948822206536;0,000319822501618219;0,000314005214530508;0,339902753360101;0,410457345146615;0,447756139568758;0,48532529797451;0,556626337203989
"Gamma3[24, 1]";0,310406006345158;0,0463929447744424;0,000267849791540238;0,000262883301771708;0,222661593536896;0,278267499038685;0,309228405077984;0,34146656568095;0,404914954749736
"Gamma3[1, 2]";0,524425550972609;0,0525347590235632;0,000303309572640663;0,000301020759625715;0,420048612557858;0,489294427258093;0,524771911509671;0,559769733511254;0,62602921762844
"Gamma3[2, 2]";0,62379530672539;0,0448881161461281;0,000259161659403823;0,000266063220270335;0,534814342017471;0,593554206266358;0,624431625544109;0,654575756454882;0,709598487134943
"Gamma3[3, 2]";0,445406399003327;0,0427427122900245;0,000246775164465404;0,000245883102535335;0,363247101790071;0,416394398850923;0,444623113596277;0,474041968217053;0,53079978070472
"Gamma3[4, 2]";0,37845493848987;0,0504991450112361;0,000291556949660831;0,00029683908713224;0,282096934734902;0,343988671312639;0,377618126828104;0,41224798779527;0,478524008409664
"Gamma3[5, 2]";0,587262452364111;0,0580778198985991;0,000335312449524028;0,000333151063384149;0,471504079201201;0,548004513538006;0,588412350072828;0,627075784708845;0,698683260451814
"Gamma3[6, 2]";0,463757344263396;0,0347617936264321;0,000200697309077348;0,000198959563926812;0,396556733698996;0,440031901895104;0,463559307298562;0,486971267298769;0,532078295017735
"Gamma3[7, 2]";0,420963407012011;0,0531916880097668;0,000307102353910895;0,000308472716004319;0,318813228871032;0,384319523841825;0,419723276984931;0,456673259445324;0,526563690112654
"Gamma3[8, 2]";0,532956782780852;0,0359463399614823;0,000207536290531436;0,000212460378014349;0,462568374058515;0,508661201302673;0,533026901989918;0,557505337780112;0,603293161675539
"Gamma3[9, 2]";0,596934151155977;0,0381885389739104;0,000220481632565457;0,000219074844656433;0,522005311099492;0,571370816050102;0,597014987448582;0,622912577040396;0,671341953088253
"Gamma3[10, 2]";0,536583099616253;0,0346898664124394;0,000200282037113741;0,000200281317417346;0,468274548802361;0,513004419132875;0,536722876103678;0,560036136987687;0,603514062674543
"Gamma3[11, 2]";0,502065565141208;0,0426800443875246;0,000246413351161625;0,000244911100290358;0,419124922251042;0,472990045232767;0,502177874581321;0,530813524882163;0,585944614396052
"Gamma3[12, 2]";0,468450235994225;0,0481181456598879;0,000277810243496419;0,000273279563804334;0,373581054361924;0,435737264865447;0,468535195757073;0,500692101997791;0,563597631830917
"Gamma3[13, 2]";0,529603537759394;0,0499838961663241;0,000288582159067735;0,000288597130278956;0,43159796969448;0,495556050346192;0,529477401155308;0,5633896488462;0,62699929360554
"Gamma3[14, 2]";0,487431951840236;0,0462553511100055;0,000267055394148223;0,000266016584577063;0,397770083961017;0,455805180211584;0,487370509028019;0,518767661631551;0,578347350371188
"Gamma3[15, 2]";0,623771980708151;0,0476783887790396;0,000275271305961062;0,00027601201577004;0,529697126955718;0,591635582725646;0,624389486974592;0,656127443248746;0,715288561033909
"Gamma3[16, 2]";0,524545856013089;0,053311916205146;0,000307796491720558;0,000305427232901131;0,419657216827743;0,488419795792944;0,524543653870004;0,560517801444185;0,629312027009407
"Gamma3[17, 2]";0,500117739774728;0,0430686756585161;0,000248657114850849;0,000247602913356208;0,416361240356962;0,470676712338262;0,500321807205381;0,528963086747936;0,584135018595112
"Gamma3[18, 2]";0,550352327135044;0,0459584956334844;0,000265341498255425;0,000263509702163779;0,458952097576953;0,519413116434897;0,550994170333995;0,581415132668013;0,639699083823306
"Gamma3[19, 2]";0,490639187675468;0,0372987011633437;0,000215344151570799;0,000218127011324312;0,417754111946126;0,465460574312405;0,490584785576027;0,515773973772058;0,563490950931847
"Gamma3[20, 2]";0,554624301566541;0,04592659655946;0,000265157328865676;0,000263051415396509;0,463960526457526;0,523529141516076;0,5549830305638;0,58583125914996;0,644218962502951
"Gamma3[21, 2]";0,5475456520564;0,0437184946752044;0,000252408846692945;0,000253417126172517;0,46079678053628;0,517880995107138;0,547562849376907;0,577741196250209;0,632189888797968
"Gamma3[22, 2]";0,586487104990132;0,0554905090342849;0,000320374603284138;0,000320393329454813;0,475015224460716;0,549101816036983;0,587825169254217;0,624794739778451;0,691117814454844
"Gamma3[23, 2]";0,552078297671688;0,0553948822206536;0,000319822501618219;0,000314005214530508;0,443373662796011;0,51467470202549;0,552243860431242;0,589542654853385;0,660097246639899
"Gamma3[24, 2]";0,689593993654842;0,0463929447744424;0,000267849791540238;0,000262883301771708;0,595085045250264;0,65853343431905;0,690771594922016;0,721732500961315;0,777338406463104
"Gamma4[1, 1]";0,853143738981706;0,0671803161095467;0,00038786573590091;0,000387848002109383;0,700100614555759;0,813619448689846;0,86168020917673;0,9025234096221;0,957375389314634
"Gamma4[2, 1]";0,893997672005503;0,0525248953667103;0,000303252624791271;0,000299616842831072;0,767653566145751;0,86501921162308;0,902531616370537;0,93213372530582;0,971062044788144
"Gamma4[3, 1]";0,868910572335797;0,0636593400348909;0,000367537371055782;0,000366080728293805;0,714057776698702;0,83406060662804;0,879950485984048;0,915425349061459;0,960192281108486
"Gamma4[4, 1]";0,872425547998177;0,077283378304712;0,000446195792681092;0,000438262911026371;0,676906303938037;0,836462764383177;0,88999949621507;0,92773944017048;0,970916630605528
"Gamma4[5, 1]";0,841130808278821;0,0820474382430199;0,000473701105559267;0,000482248944267468;0,650501587865335;0,793571312776802;0,853325407603379;0,901511026825719;0,964376313996704
"Gamma4[6, 1]";0,866750919826498;0,0565359651839725;0,000326410547178618;0,000329219507033036;0,736683254723756;0,833241935326231;0,873879498417173;0,908155135569943;0,954975412005338
"Gamma4[7, 1]";0,901454569249173;0,0507248853804258;0,000292860262290018;0,000306844910625101;0,776468985177532;0,875345518447892;0,911193337401448;0,938247643235005;0,971225963832102
"Gamma4[8, 1]";0,876734487589965;0,048316445609606;0,000278955128789919;0,000278946101396992;0,765894754248685;0,847953744088867;0,882177781486077;0,911969118578131;0,953901586311502
"Gamma4[9, 1]";0,850950583449339;0,0574675253458169;0,00033178891228069;0,00033274383711653;0,720363856689243;0,816257637047226;0,85821722930565;0,893168582052972;0,941372846044508
"Gamma4[10, 1]";0,886305924658202;0,0444818948842027;0,00025681633985459;0,000255807369221712;0,784994354674823;0,860165938203731;0,891722804999727;0,918400601374842;0,957499325711967
"Gamma4[11, 1]";0,733661884445348;0,0916439840080742;0,000529106788366714;0,000529069264014044;0,529520479939618;0,675606825060833;0,742270317110106;0,800882433042191;0,886304504703981
"Gamma4[12, 1]";0,740703980844679;0,0685685489445574;0,000395880701910822;0,000397694589972963;0,595809794823969;0,695901844084751;0,744977751500449;0,789756247851922;0,861983958558389
"Gamma4[13, 1]";0,860874409669304;0,0603383406703417;0,000348363572284771;0,000346220504198772;0,720738075574763;0,826053501999872;0,868893739575723;0,904905935632911;0,95398319818999
"Gamma4[14, 1]";0,8288065486773;0,0504274196322794;0,000291142842992347;0,000291138378049677;0,718485577208128;0,797138525736032;0,833094914866876;0,865311147290441;0,913339976980833
"Gamma4[15, 1]";0,836330494083164;0,0526702455506296;0,000304091804469397;0,000304085982269442;0,718851584168937;0,803846495538417;0,841606225481927;0,874492299845825;0,923645819910678
"Gamma4[16, 1]";0,771351138740029;0,0686005209069369;0,000396065292121686;0,000396071919680393;0,623254701702916;0,728279748519443;0,77729406496736;0,820944862348229;0,888731084037561
"Gamma4[17, 1]";0,827025436002467;0,0562896889206717;0,000324988670509501;0,000327042404006779;0,703014167876986;0,792530097964918;0,832301404290767;0,867422957961116;0,922383922486892
"Gamma4[18, 1]";0,873783166586712;0,0397100187947138;0,000229265900406531;0,000230384822632757;0,785910558559391;0,849310967223667;0,877459129937583;0,902599836327854;0,940049344271967
"Gamma4[19, 1]";0,850118992057063;0,0497874966613276;0,000287448245996951;0,000283176944541687;0,739516578671936;0,819319022858294;0,855152917079563;0,885960670054314;0,933048750477823
"Gamma4[20, 1]";0,875180654175914;0,0447681565742682;0,000258469072492771;0,000264709146693683;0,774144291394633;0,847969978331922;0,880045994305211;0,907630551627476;0,948369018354668
"Gamma4[21, 1]";0,89095043507382;0,0417178519071754;0,000240858130286207;0,000244726885554812;0,796885574390091;0,865451534328866;0,895655682431484;0,921411421572462;0,958264361918319
"Gamma4[22, 1]";0,670887422055147;0,107080061416855;0,000618227022838629;0,000617626980659014;0,443001859315747;0,600316145661263;0,678391595170241;0,748822949584878;0,857224985204472
"Gamma4[23, 1]";0,727909662948982;0,106871303741155;0,000617021759836021;0,000613316119433563;0,490747308297052;0,660914217569696;0,739504436029892;0,807080628523269;0,901826083846231
"Gamma4[24, 1]";0,66237098364989;0,128531405015801;0,000742076412851936;0,000750224165240663;0,392445472841413;0,576753931444094;0,670359763739339;0,757412194489528;0,884870264141928
"Gamma4[1, 2]";0,146856261018294;0,0671803161095467;0,00038786573590091;0,000387848002109383;0,0426246106853663;0,0974765903779004;0,13831979082327;0,186380551310154;0,299899385444241
"Gamma4[2, 2]";0,106002327994497;0,0525248953667103;0,000303252624791271;0,000299616842831072;0,028937955211856;0,0678662746941798;0,0974683836294634;0,13498078837692;0,232346433854249
"Gamma4[3, 2]";0,131089427664203;0,0636593400348909;0,000367537371055782;0,000366080728293805;0,0398077188915144;0,084574650938541;0,120049514015952;0,16593939337196;0,285942223301298
"Gamma4[4, 2]";0,127574452001824;0,077283378304712;0,000446195792681092;0,000438262911026371;0,0290833693944717;0,0722605598295201;0,11000050378493;0,163537235616823;0,323093696061963
"Gamma4[5, 2]";0,158869191721179;0,0820474382430199;0,000473701105559267;0,000482248944267468;0,0356236860032955;0,0984889731742808;0,146674592396621;0,206428687223198;0,349498412134665
"Gamma4[6, 2]";0,133249080173502;0,0565359651839725;0,000326410547178618;0,000329219507033036;0,0450245879946617;0,0918448644300568;0,126120501582827;0,166758064673769;0,263316745276244
"Gamma4[7, 2]";0,0985454307508268;0,0507248853804258;0,000292860262290018;0,000306844910625101;0,0287740361678974;0,0617523567649948;0,0888066625985517;0,124654481552108;0,223531014822468
"Gamma4[8, 2]";0,123265512410035;0,048316445609606;0,000278955128789919;0,000278946101396992;0,0460984136884979;0,0880308814218688;0,117822218513923;0,152046255911133;0,234105245751315
"Gamma4[9, 2]";0,149049416550661;0,0574675253458169;0,00033178891228069;0,00033274383711653;0,0586271539554919;0,106831417947028;0,14178277069435;0,183742362952774;0,279636143310757
"Gamma4[10, 2]";0,113694075341798;0,0444818948842027;0,00025681633985459;0,000255807369221712;0,0425006742880328;0,0815993986251578;0,108277195000273;0,139834061796269;0,215005645325177
"Gamma4[11, 2]";0,266338115554652;0,0916439840080742;0,000529106788366714;0,000529069264014044;0,113695495296018;0,199117566957809;0,257729682889894;0,324393174939167;0,470479520060382
"Gamma4[12, 2]";0,259296019155321;0,0685685489445574;0,000395880701910822;0,000397694589972963;0,13801604144161;0,210243752148078;0,255022248499551;0,304098155915249;0,404190205176031
"Gamma4[13, 2]";0,139125590330696;0,0603383406703417;0,000348363572284771;0,000346220504198772;0,0460168018100101;0,0950940643670886;0,131106260424277;0,173946498000128;0,279261924425237
"Gamma4[14, 2]";0,1711934513227;0,0504274196322794;0,000291142842992347;0,000291138378049677;0,0866600230191668;0,134688852709559;0,166905085133124;0,202861474263968;0,281514422791872
"Gamma4[15, 2]";0,163669505916836;0,0526702455506296;0,000304091804469397;0,000304085982269442;0,0763541800893217;0,125507700154175;0,158393774518073;0,196153504461583;0,281148415831063
"Gamma4[16, 2]";0,228648861259971;0,0686005209069369;0,000396065292121686;0,000396071919680393;0,111268915962439;0,179055137651771;0,22270593503264;0,271720251480557;0,376745298297084
"Gamma4[17, 2]";0,172974563997533;0,0562896889206717;0,000324988670509501;0,000327042404006779;0,0776160775131076;0,132577042038883;0,167698595709233;0,207469902035082;0,296985832123014
"Gamma4[18, 2]";0,126216833413288;0,0397100187947138;0,000229265900406531;0,000230384822632757;0,0599506557280332;0,0974001636721459;0,122540870062417;0,150689032776333;0,214089441440609
"Gamma4[19, 2]";0,149881007942937;0,0497874966613276;0,000287448245996951;0,000283176944541687;0,0669512495221774;0,114039329945686;0,144847082920437;0,180680977141706;0,260483421328064
"Gamma4[20, 2]";0,124819345824086;0,0447681565742682;0,000258469072492771;0,000264709146693683;0,0516309816453322;0,0923694483725239;0,119954005694789;0,152030021668078;0,225855708605367
"Gamma4[21, 2]";0,10904956492618;0,0417178519071754;0,000240858130286207;0,000244726885554812;0,041735638081681;0,0785885784275379;0,104344317568516;0,134548465671134;0,203114425609909
"Gamma4[22, 2]";0,329112577944853;0,107080061416855;0,000618227022838629;0,000617626980659014;0,142775014795528;0,251177050415122;0,321608404829759;0,399683854338737;0,556998140684253
"Gamma4[23, 2]";0,272090337051018;0,106871303741155;0,000617021759836021;0,000613316119433563;0,098173916153769;0,192919371476731;0,260495563970108;0,339085782430304;0,509252691702948
"Gamma4[24, 2]";0,33762901635011;0,128531405015801;0,000742076412851936;0,000750224165240663;0,115129735858072;0,242587805510472;0,329640236260661;0,423246068555906;0,607554527158587
"Mu_Alpha2[1]";0,82804713882831;0,113710640346775;0,000656508688139352;0,000653667322057058;0,607353625321312;0,752465285158529;0,826826851555551;0,901728175251234;1,05626217264549
"Mu_Alpha2[2]";2,74550055908381;0,199272644926365;0,00115050115190366;0,00112804290186903;2,3653972583491;2,61225890474522;2,74059929350971;2,87285000418135;3,15418442597655
"Mu_L1[1]";1,1226939956124;0,0215076204528147;0,000124174304580609;0,000125096857444346;1,0797812351858;1,1083524479875;1,12295553458385;1,13731487057681;1,16402412190552
"Mu_L1[2]";0,969025792567876;0,0222618296887983;0,000128528733634813;0,000128028862094239;0,924092088466373;0,954342651374842;0,969402419110532;0,984104642393452;1,01159985166033
"Mu_L1[3]";1,00219706477404;0,0237937772827872;0,000137373437192552;0,000137962236846228;0,954389367573561;0,986603668970325;1,00269475660977;1,0184592384423;1,0471633475921
"Mu_L1[4]";1,07635671649556;0,0208350602153458;0,00012029127623912;0,000120704236330861;1,03437637651788;1,06258827556982;1,07676524674659;1,09066812368958;1,11586790178708
"Mu_L1[5]";1,04575445363433;0,0208526485755811;0,000120392822684284;0,000120393648363198;1,00433691177492;1,03189004366497;1,04592009120786;1,05993045468628;1,0857729506049
"Mu_L1[6]";0,935298033602371;0,0246148834800821;0,000142114096032967;0,000144182118286987;0,885999209763533;0,918978229224971;0,935796771072335;0,952309236554412;0,981799051437935
"Mu_L1[7]";1,14593166853045;0,0171483168244607;9,90058533475135e-05;9,84349029726072e-05;1,11195163767736;1,13438638166594;1,14592320740807;1,15755542049312;1,17961777098907
"Mu_L1[8]";1,12404470175945;0,0153183329639775;8,84404366028872e-05;8,8965991811373e-05;1,09353837132881;1,11376774955578;1,12421898196166;1,13432153069453;1,1537983816498
"Mu_L1[9]";0,976566687993806;0,0179589660381566;0,00010368613876497;0,000103529779332551;0,940382621892216;0,964787366614357;0,97675384689687;0,988649047005493;1,01131211462687
"Mu_L1[10]";1,02851564548258;0,0186822939094484;0,000107862274176997;0,000107867627253995;0,991396869950052;1,01618248115147;1,02863627691947;1,04112691066366;1,06483744433567
"Mu_L1[11]";0,985804678688541;0,0199036545756407;0,000114913803271035;0,000114490700213376;0,945257808084566;0,972684393897459;0,986316815556027;0,999319512470171;1,02391586912556
"Mu_L1[12]";0,967659611263259;0,0233864054703301;0,000135021474936728;0,000134028472884796;0,920244699987353;0,952114258301964;0,968205147439646;0,983628844807378;1,01219890141542
"Mu_L1[13]";0,877018741297569;0,031854386505562;0,000183911386238566;0,000182782274451219;0,811475337808399;0,856033255294736;0,878064347434424;0,898910913575357;0,936441261066445
"Mu_L1[14]";1,00000676052844;0,016016324832013;9,24702945319117e-05;9,24688667695235e-05;0,96757449049648;0,989534662160951;1,000267747491;1,01099424168905;1,03044069440476
"Mu_L1[15]";0,922075189993638;0,0178591155897095;0,000103109651932074;0,000103474349790271;0,886170907201173;0,910212955161526;0,922388347331155;0,934228375055308;0,956109091820053
"Mu_L1[16]";0,97552417900075;0,025980667060898;0,000149999451213355;0,00015152843228994;0,922325199780085;0,958432896941451;0,976353709847565;0,993272919018212;1,02455675973114
"Mu_L1[17]";0,967426431993105;0,017424953456019;0,000100603015684493;0,000100124770664489;0,932855155341248;0,955766204331509;0,967560504213136;0,979201068989942;1,00121906582691
"Mu_L1[18]";0,958218041270671;0,0167120481761765;9,64870551322547e-05;9,67984758965421e-05;0,924352259115733;0,947371406956427;0,958648518953824;0,969577391646886;0,990001189375122
"Mu_L1[19]";0,989248665619677;0,0193939481113446;0,000111971011627344;0,000112055809702831;0,949839801012979;0,976568233203576;0,989618701482988;1,00245170781913;1,02626251419168
"Mu_L1[20]";1,02713711674618;0,015512194573041;8,95596971246707e-05;8,95649732428691e-05;0,996357179779307;1,01664019153927;1,02725811354585;1,03777522654108;1,05735556576368
"Mu_L1[21]";1,06076603059136;0,014470727704153;8,35467853536249e-05;8,34891701333081e-05;1,03236131515654;1,05111378506885;1,06083195442403;1,07045336741108;1,08917356192196
"Mu_L1[22]";0,966622324946415;0,021093435803321;0,000121783008391815;0,000122679948174985;0,92416436986985;0,952715224034263;0,967098104581012;0,980921914791367;1,00677000454136
"Mu_L1[23]";0,945190044449652;0,0212183928727639;0,000122504448368615;0,000122503297439899;0,902320564293698;0,931149180859041;0,945531524982724;0,95978008064993;0,985299295809954
"Mu_L1[24]";1,00062677897656;0,0181305207195962;0,00010467661018007;0,000104680287804336;0,964266437275464;0,988583994932553;1,00084684733651;1,01285442441994;1,03557683683874
"Mu_L1surv[1]";1,2471991644968;0,0211539678193769;0,000122132490149459;0,000123102589512582;1,2069051742055;1,23295284079811;1,24679511425346;1,2611275000127;1,28985700182999
"Mu_L1surv[2]";1,15410276427054;0,0160200635610267;9,24918800939369e-05;9,28642959155281e-05;1,12352102239736;1,14314001816879;1,15375840074404;1,16461783253061;1,18624879978074
"Mu_L1surv[3]";1,15217355717224;0,0180169061167983;0,000104020655964977;0,000103832636022369;1,11745282489587;1,13991036384363;1,15199856807022;1,16416807102961;1,18819208290162
"Mu_L1surv[4]";1,19955859254362;0,019634674462919;0,000113360845866169;0,000112950281524591;1,16195952056135;1,18623056423041;1,19916354369445;1,21264076301422;1,23936414475351
"Mu_L1surv[5]";1,18773061492525;0,0199621027005534;0,000115251253677554;0,000115126091938915;1,14971770134361;1,17403065783042;1,18745115765472;1,20087544717143;1,22785286862266
"Mu_L1surv[6]";1,11851037822336;0,0178361142497363;0,000102976853633822;0,000102635118582149;1,08399311907532;1,10647395029811;1,11837322380365;1,13031766791095;1,15444600437925
"Mu_L1surv[7]";1,2553814645861;0,0194281236223487;0,000112168324032123;0,000111594288693879;1,21853891746234;1,2420155471698;1,25489842642218;1,26832963277217;1,29459108022365
"Mu_L1surv[8]";1,2345323660459;0,0140850746489657;8,13202164013632e-05;8,10422814630611e-05;1,20783751927547;1,22492140474816;1,23424291187931;1,24374912382059;1,26336305929447
"Mu_L1surv[9]";1,12935245352613;0,014959764226844;8,63702390338174e-05;8,53762693351794e-05;1,10091713344225;1,11916185647668;1,12905134955236;1,13917065239675;1,15952495022194
"Mu_L1surv[10]";1,19613337378069;0,0155907041197073;9,0012972203688e-05;9,11416016591175e-05;1,16658090737212;1,18543637775278;1,19572036722363;1,2063953278945;1,22775468911715
"Mu_L1surv[11]";1,13977677255113;0,0177931388504237;0,000102728735050205;0,00010331807769511;1,1056439957225;1,12753016804243;1,13952623805963;1,15169846708676;1,17515976298839
"Mu_L1surv[12]";1,12152316816732;0,0162611649693306;9,38838797237994e-05;9,58831555511344e-05;1,08998449984804;1,11049170658152;1,12129509262261;1,13236071974839;1,15380023535878
"Mu_L1surv[13]";1,0878248116408;0,0186844522039882;0,000107874735096333;0,000108252894313467;1,0516177705501;1,07520972070396;1,08772743895988;1,10025379676837;1,12504803050989
"Mu_L1surv[14]";1,10448188713065;0,0138738689596183;8,01008197853719e-05;7,97038994499916e-05;1,07786610349465;1,09496328522497;1,10430190722795;1,11369468886291;1,13242520641882
"Mu_L1surv[15]";1,04491699662184;0,0154281280918617;8,90743390692838e-05;9,03626261285952e-05;1,01552614223291;1,03434031189737;1,04460194304842;1,05522109152425;1,07566865203242
"Mu_L1surv[16]";1,15207966283265;0,0190514871114527;0,000109993812122599;0,000110940489294876;1,1155043682973;1,1390883679723;1,15185409649053;1,16476681935735;1,19004387055849
"Mu_L1surv[17]";1,08315058728884;0,0181196480675156;0,000104613836894014;0,00010538204484535;1,04860771454382;1,07070295485469;1,08273544126629;1,09530663572554;1,11942077393726
"Mu_L1surv[18]";1,05093819280448;0,0170336892119364;9,83440505180392e-05;9,7805107046281e-05;1,01856362370501;1,03939457766133;1,05061879702736;1,06224746926547;1,08502885226979
"Mu_L1surv[19]";1,11721180818798;0,0154672674923633;8,93003105034391e-05;9,09182441837289e-05;1,08744809576632;1,10674370405719;1,11703465493328;1,12733387815718;1,14786126350939
"Mu_L1surv[20]";1,12935622031015;0,0169065682026251;9,76101170285835e-05;9,76083677417498e-05;1,0972597318586;1,11776809426318;1,12895817973494;1,14052708692823;1,1635712986939
"Mu_L1surv[21]";1,18148918060957;0,0164221219801859;9,48131654592521e-05;9,5084807258435e-05;1,15002713324933;1,17037919001587;1,18121091623123;1,19221860863704;1,21472670456367
"Mu_L1surv[22]";1,0963064716078;0,0168422421028594;9,72387301184273e-05;9,77202576601862e-05;1,06382379262711;1,08479079702142;1,09619873350358;1,10757941738597;1,12980532137507
"Mu_L1surv[23]";1,06814480239728;0,0190471730468349;0,000109968904858915;0,000110043025581923;1,03150890607833;1,05514607710055;1,06797902116824;1,08075802504815;1,10623662342819
"Mu_L1surv[24]";1,11744953918539;0,0189575380469778;0,000109451396945952;0,000110048284729444;1,081294673491;1,10448989845683;1,1170227264997;1,13008089740919;1,15598465125932
"Mu_L2[1]";2,99473909675552;0,0392755170946012;0,000226757303671297;0,000229635623133137;2,91873938556364;2,96829121475096;2,99433119889745;3,0209502019231;3,07183407367019
"Mu_L2[2]";2,9397542253093;0,0299287003435094;0,000172793431998208;0,000173977464425418;2,88119308058681;2,9196686384912;2,93992507671449;2,95998948664337;2,99832804218163
"Mu_L2[3]";2,93192524357244;0,0275728887231413;0,000159192147266412;0,000159195690236879;2,87858398701083;2,91336407573017;2,93165670388336;2,95063382742453;2,98610567623837
"Mu_L2[4]";2,978405059593;0,0371198106919507;0,000214311326952657;0,000214601483995753;2,9060864764959;2,95346436605414;2,97826643787662;3,00341952333929;3,05161124146575
"Mu_L2[5]";2,8671636270756;0,0397973430031869;0,000229770066959218;0,00022855222305985;2,7907364641829;2,84012799190111;2,86680579887776;2,89367636462752;2,94631128419992
"Mu_L2[6]";2,90022299133003;0,0328832403900785;0,00018985147691039;0,000189592540807699;2,83695094248439;2,8781465441199;2,89991260898898;2,92185318929247;2,96609711474819
"Mu_L2[7]";2,91695024446296;0,0308419910159243;0,000178066318153879;0,000177497975285849;2,85659966197519;2,8963383008281;2,91683531412151;2,93751936114413;2,97774171452819
"Mu_L2[8]";2,94670953365473;0,0246899617644182;0,000142547560709684;0,000141937592002394;2,89901224388057;2,93010949155392;2,94642838166644;2,96305293831687;2,99612981328227
"Mu_L2[9]";2,94525806665885;0,0333890072390938;0,000192771523174652;0,000195131048454198;2,87997284020769;2,92304227491022;2,94502986900405;2,96762174523974;3,01115149592196
"Mu_L2[10]";2,96659295823311;0,0330238189217257;0,000190663107441278;0,000187924773429945;2,90242724693724;2,94426580048907;2,96678389626877;2,98854438284701;3,03182859811024
"Mu_L2[11]";2,83527108844849;0,0312819377340706;0,000180606351715388;0,000179395140380847;2,7742469484722;2,81422823288178;2,83527868578;2,85612531018416;2,89749324270421
"Mu_L2[12]";2,69758021294654;0,027444801694271;0,000158452636460433;0,000159272109817165;2,64394831241652;2,67904696322908;2,69746502086496;2,71588597001377;2,75190498412194
"Mu_L2[13]";2,66775876306839;0,0307413887902585;0,000177485490933187;0,000180378976605684;2,60773181811297;2,64671340942577;2,66746715974847;2,68847870241506;2,72850637286493
"Mu_L2[14]";2,81424577460395;0,0233051301535247;0,000134552231676368;0,000133987623732791;2,76898178899189;2,79849148261481;2,8140944850155;2,82982208588863;2,8604545856568
"Mu_L2[15]";2,53929088015175;0,0250274554212095;0,000144496081245667;0,000144412516656682;2,49069195010485;2,52241622352968;2,53905604895798;2,55602763067763;2,58907430675829
"Mu_L2[16]";2,6828989997621;0,0273069453611614;0,000157656722550129;0,000161505808567861;2,6297897766855;2,6645009325656;2,68285249073189;2,70104769548952;2,73664104193401
"Mu_L2[17]";2,60393933674604;0,0291198306045848;0,000168123420383133;0,00016689060198805;2,54734042173405;2,58411333715148;2,60376253831519;2,623312855841;2,66179743651851
"Mu_L2[18]";2,5441140794449;0,026247670561075;0,000151540996640373;0,000151524140035705;2,49316749035054;2,52626130383938;2,54392327446461;2,56147707707623;2,59639199697183
"Mu_L2[19]";2,63837881714913;0,0253758376931405;0,000146507467230469;0,000146688297203509;2,58961763861489;2,62128767637726;2,63821188962843;2,65528886746457;2,68847649227357
"Mu_L2[20]";2,63038338221472;0,0238200798198247;0,000137525294960941;0,000137052375889073;2,58371665832499;2,61433946528582;2,63025953198776;2,6462659604151;2,67729997429833
"Mu_L2[21]";2,71978661501845;0,0239811292445877;0,000138455114248339;0,000138444085136233;2,67340128077702;2,70364834695262;2,71940708875866;2,73565235910925;2,7675805753275
"Mu_L2[22]";2,7315047150384;0,0243634937896828;0,000140662696978731;0,000139306275511817;2,68413798373652;2,71516990339643;2,73122998505117;2,74784442958584;2,77919277944123
"Mu_L2[23]";2,66427511546;0,0293149513279158;0,00016924995040453;0,000168325189257454;2,60663286614818;2,64458588290244;2,66411233223753;2,68388675057582;2,72225182811719
"Mu_L2[24]";2,73036254079966;0,0298882794554025;0,000172560061891914;0,000170472160788833;2,67162223918056;2,71015756298167;2,73021630083193;2,75043575214543;2,78859629312746
"Mu_L2m[1]";3,01063634366039;0,0375212337186314;0,000216628943877787;0,000219402919035114;2,93736577598177;2,98542727662893;3,01066126446132;3,03582833515883;3,08373991522425
"Mu_L2m[2]";2,96766600115963;0,0300412843757212;0,000173443436211248;0,000174136470249759;2,90904331436738;2,947311445517;2,9675560467033;2,98799785335245;3,02680185800738
"Mu_L2m[3]";2,961422152124;0,0278230012391751;0,00016063617255101;0,000160639295199879;2,90765659860961;2,94256031945336;2,96101530806067;2,98022473620067;3,01604177898402
"Mu_L2m[4]";3,00905636344594;0,0361584118526905;0,000208760688166202;0,000208968284390341;2,93841094828538;2,98461528594472;3,00913403458583;3,03358398200084;3,08014566961506
"Mu_L2m[5]";2,88961471193798;0,0391343827749219;0,00022594246429671;0,000225056423508533;2,81444047514198;2,86306259736021;2,88917150598477;2,91590104639874;2,96701540266125
"Mu_L2m[6]";2,92234712960064;0,0331434960536449;0,000191354063684572;0,000190839672987042;2,85835039810617;2,8999358886369;2,92193049877088;2,94418657828416;2,98868276448339
"Mu_L2m[7]";2,96452629222056;0,0310812812610423;0,000179447861028212;0,000178547016935776;2,90414234942979;2,94353108262033;2,96439440386856;2,98534936781465;3,02608078609724
"Mu_L2m[8]";2,96264211582736;0,0250546492837;0,000144653085083959;0,000144167925081536;2,91449383595478;2,94577858583754;2,96222320390972;2,97912185054793;3,01280668271655
"Mu_L2m[9]";2,97682940589377;0,0336032427363962;0,000194008412395027;0,000196079009857466;2,91138631670551;2,95442414064911;2,97642572934257;2,9995693493086;3,04319098946657
"Mu_L2m[10]";2,98571391881052;0,03299341717807;0,000190487582892444;0,000189122914880195;2,92177137009238;2,9635578047914;2,98570370777984;3,0077406893194;3,0510075275158
"Mu_L2m[11]";2,86705393686733;0,0319697753159733;0,000184577583846091;0,000183768943105973;2,80546165615721;2,84520295869484;2,8667593839987;2,88820976963507;2,93061402196933
"Mu_L2m[12]";2,74915851734505;0,0286012230746447;0,000165129238412987;0,000165135575565908;2,69446804091806;2,72958745022293;2,74876393704649;2,76823197845876;2,80645958149096
"Mu_L2m[13]";2,70712016010143;0,0314990281195346;0,000181859723640249;0,000186615970737388;2,64667455879533;2,68556668138518;2,70656239896253;2,72814933891304;2,77012990691871
"Mu_L2m[14]";2,84434002302897;0,024130600147743;0,000139318084910066;0,000138530490342392;2,79762899116464;2,82800564158551;2,84398956692759;2,86036757625112;2,89264759148337
"Mu_L2m[15]";2,57703011572896;0,0261114863709395;0,000150754736852031;0,000150741096727234;2,52666718969257;2,55930973928765;2,57656683072009;2,59429658957094;2,62943783094461
"Mu_L2m[16]";2,71961215970097;0,0279665562986366;0,000161464988073247;0,000165068571570689;2,66553654430441;2,70070564372041;2,7190793020227;2,73804155728354;2,7749309534421
"Mu_L2m[17]";2,63407047987649;0,0304749896386179;0,000175947434714071;0,000174959991773739;2,5756177479051;2,61311029144548;2,63364456687713;2,65420487859713;2,69516482243938
"Mu_L2m[18]";2,57588043159517;0,0272390155291501;0,000157264529482152;0,000157447841658162;2,52397169411095;2,55722943203015;2,57548924784016;2,59387721486818;2,63075876846306
"Mu_L2m[19]";2,65999594087866;0,0261318923335003;0,000150872550731807;0,000150843982007596;2,61003544399752;2,64217093028185;2,65970197441766;2,67730803814022;2,71226234895833
"Mu_L2m[20]";2,6560617437756;0,0246417635470866;0,000142269288172176;0,000141785518896061;2,60823484679831;2,63930555758432;2,65582953584472;2,67233224340079;2,7052392485682
"Mu_L2m[21]";2,74023766276065;0,024546702691737;0,000141720454067921;0,000141949709293196;2,69321150030828;2,72365891615168;2,7399530428814;2,75641156760633;2,78954286042435
"Mu_L2m[22]";2,75492894937999;0,0250086826729212;0,00014438769673289;0,000142446696521187;2,70686175800469;2,73788047873096;2,7544676496332;2,77178474988451;2,80480806081257
"Mu_L2m[23]";2,69946385809607;0,0295354512587525;0,000170523007348778;0,00016954445236549;2,64312095784567;2,67937224977331;2,69906560611549;2,71906137236339;2,75845336495717
"Mu_L2m[24]";2,74983308964653;0,0301614538036473;0,000174137234726862;0,000172373535527898;2,69110576280162;2,72929604875588;2,7494891425291;2,77014472552656;2,80936526054095
"Mu_L2nm[1]";2,79480963434894;0,0456843901629812;0,000263758949583611;0,000268158248824259;2,70088760437087;2,76518557224067;2,79610634198324;2,8258404126429;2,88153085628885
"Mu_L2nm[2]";2,82378078104138;0,0333585524850664;0,000192595692570294;0,000191751243456729;2,75628180680012;2,80188045897335;2,82468530633258;2,84647959766813;2,88731897933285
"Mu_L2nm[3]";2,8179294686398;0,0306598136848025;0,000177014516842245;0,000177320856941062;2,75639171939159;2,79774772319735;2,81827280742875;2,83907291569124;2,87626293516362
"Mu_L2nm[4]";2,8127546826785;0,0422143477938978;0,000243724650624714;0,000239538946186724;2,72643520749009;2,7850616807359;2,81388975417174;2,84172854189243;2,89174339639157
"Mu_L2nm[5]";2,68154592172827;0,0447026910405384;0,000258091107057555;0,000258464797459363;2,59063429772767;2,65238250046766;2,68214730165311;2,71203456380164;2,76675376166584
"Mu_L2nm[6]";2,74425162513018;0,0356885863339468;0,000206048149269014;0,000205761275801189;2,67160022633349;2,72098503636777;2,74500449504351;2,7682010858735;2,81209990393522
"Mu_L2nm[7]";2,78466641098436;0,0354710039113154;0,000204791936566242;0,000202654811413145;2,71310005409629;2,76130451898704;2,78525428700976;2,80900676259995;2,85260362581158
"Mu_L2nm[8]";2,84133934223799;0,0274225135933374;0,000158323956049695;0,000157515170661086;2,78625681116202;2,82334148708807;2,84180451484718;2,86015863589703;2,89360318091173
"Mu_L2nm[9]";2,83812361472418;0,0368136342958737;0,000212543616705711;0,000212636527041621;2,76340288883389;2,81382257548742;2,83885529690468;2,86299535860393;2,90843746736614
"Mu_L2nm[10]";2,83191813855464;0,0366555314527748;0,000211630809515483;0,000209625416520214;2,75853585461535;2,807664433362;2,8329587563053;2,8569030489263;2,90099412523219
"Mu_L2nm[11]";2,70414448050705;0,0346316338971369;0,000199945831529886;0,000199934593866155;2,63381782844901;2,68138029358166;2,70481174042167;2,7279635625934;2,77022128215531
"Mu_L2nm[12]";2,60193584731821;0,0300469941038994;0,000173476401342254;0,000176972346151287;2,54170191359244;2,58207383629751;2,6022363430803;2,62243540352839;2,6597364691694
"Mu_L2nm[13]";2,5576107861412;0,0327708572214292;0,00018920263238367;0,000190021365456479;2,49137933278863;2,53610594422099;2,55822971486414;2,57997480827077;2,62012966556501
"Mu_L2nm[14]";2,73306990189773;0,0256384585263251;0,000148023709317808;0,000147482107948199;2,68168477257837;2,71602926917879;2,73346338061942;2,75039331108831;2,78225082937418
"Mu_L2nm[15]";2,47520985324047;0,0261471805933991;0,000150960817541487;0,000150739604263457;2,42340847454049;2,45764786001943;2,47542775256048;2,49296693884521;2,52601063028882
"Mu_L2nm[16]";2,57802876656175;0,0303723868946602;0,000175355057495635;0,000176090008387872;2,51677436829824;2,55799612384126;2,57870066364842;2,59877434575451;2,63593851642214
"Mu_L2nm[17]";2,50602568657902;0,0295485382535851;0,000170598565148673;0,000170196583592339;2,44687008814917;2,48640875031768;2,50641221444958;2,52615081145556;2,56299982185619
"Mu_L2nm[18]";2,45413873918109;0,0270202241392315;0,000156001336803493;0,000154245222705116;2,40032676224611;2,43621371384079;2,45428154167203;2,47225295567044;2,50725411674158
"Mu_L2nm[19]";2,53969629417488;0,0269490699285192;0,000155590527776406;0,000156836319199;2,48587431245542;2,52173301075302;2,54020987521662;2,55814296614337;2,5911540685894
"Mu_L2nm[20]";2,54715155406953;0,0253515646503978;0,000146367326752854;0,000145391816470757;2,49608199994205;2,53031634338301;2,54745636599098;2,56464248154585;2,59552739639431
"Mu_L2nm[21]";2,61457891753494;0,0260255984280982;0,000150258862582836;0,00015078360492257;2,56213307359291;2,59745445387739;2,61481585739614;2,63212770730752;2,66410665636615
"Mu_L2nm[22]";2,62191523289074;0,0269727801011004;0,000155727418521629;0,000155731599009945;2,56735906247823;2,60428197398869;2,62239605542227;2,64024172285801;2,67327008756283
"Mu_L2nm[23]";2,55407205246413;0,0327515248863377;0,000189091017094978;0,000188391743314891;2,48776857533508;2,53246301921984;2,55488796903783;2,57643193865071;2,61634551557177
"Mu_L2nm[24]";2,59615275465334;0,0342481336066472;0,0001977316915704;0,000196426294286161;2,52693053914808;2,57328629708124;2,59695619089645;2,61946009698507;2,66197010377804
"Mu_Mu_L1";1,00365253721054;0,0167406726821507;9,66523187945513e-05;9,72047837802996e-05;0,971046688257852;0,992507225657921;1,00344122689529;1,01472503324093;1,03716098932961
"Mu_Mu_L1surv";1,14038853462111;0,00496575510327572;2,86698004560599e-05;2,86680970148228e-05;1,13069325716398;1,13701604294077;1,14038732254996;1,14376432349956;1,15016730009466
"Mu_Mu_L2";2,78764885103293;0,0339863158152725;0,000196220085847112;0,000196255995003036;2,72180616913451;2,76524082992816;2,78690730520755;2,80945033588294;2,85649730200297
"Mu_Mu_L2m";2,81605172931094;0,00807160139080368;4,66014123577186e-05;4,6036803715126e-05;2,80017148117844;2,81060531991319;2,81606947213052;2,82150726834364;2,83188507643954
"Mu_Mu_L2nm";2,66895210363676;0,0111550243232227;6,44035629582947e-05;6,38282792188036e-05;2,64716932069381;2,6614171695449;2,66890806221776;2,67644311577452;2,69082790177697
"Mu_N1[1]";3725,30065759696;307,450089314331;1,77506391828003;1,75503162946865;3158,1712186525;3513,04334146207;3710,94936472717;3923,68986289844;4364,79829906711
"Mu_N1[2]";9852,65756942188;260,140082173052;1,50191946469623;1,51766441363167;9352,6913109287;9674,19973312739;9850,77179909194;10025,653679738;10372,0382739767
"Mu_N1[3]";4565,52385480932;277,164976484032;1,60021273782992;1,5954367388407;4050,98794614999;4372,16068724647;4556,77915957172;4745,53598960973;5138,59356204258
"Mu_N1[4]";3024,95178843967;208,954941508748;1,20640191728578;1,2063827670536;2633,20553142974;2881,70546037232;3018,2166633932;3160,8702899669;3455,3769851124
"Mu_N1[5]";3534,91673649348;223,160773692831;1,28841932764121;1,28383156033349;3120,67772707836;3380,94799282998;3527,39364480324;3681,70907555218;3992,14204374875
"Mu_N1[6]";10802,6980512213;572,009277169275;3,30249710152644;3,30258162366564;9720,44609312364;10413,1064374656;10783,4469967571;11178,3205836926;11975,1168308135
"Mu_N1[7]";1738,43693581239;95,1076352657524;0,549104188226709;0,549142780331544;1558,83468089275;1673,19347489459;1735,55854596527;1800,65407065143;1933,0735084097
"Mu_N1[8]";10398,4463879868;209,461935377391;1,20932904775117;1,20278798240181;9996,83645674976;10256,5479419021;10396,6822538454;10539,21174224;10814,3285888256
"Mu_N1[9]";7917,78091371757;163,401765523668;0,943400533111497;0,938795732571492;7601,90349060567;7806,4649215702;7916,00733354966;8028,25771142865;8242,90394868515
"Mu_N1[10]";10892,6882266674;245,600209539954;1,41797347090921;1,41805757049672;10422,1213584648;10724,8139914999;10892,5374463214;11056,5593319531;11379,8257107016
"Mu_N1[11]";7509,47671506423;373,485509508476;2,15631959453143;2,12610589107605;6801,68287878673;7253,03119710652;7497,62845195723;7756,40352516066;8266,88659525502
"Mu_N1[12]";7307,13372237665;257,95455959054;1,4893013441829;1,50065751736916;6814,13479960357;7129,85081120542;7303,1219078781;7478,32302832864;7829,12934974121
"Mu_N1[13]";8763,41197558859;485,969681226056;2,8057472627386;2,78972576458324;7854,97534381565;8428,03373117005;8748,02650981809;9083,53475442148;9752,47094390455
"Mu_N1[14]";13758,6528243453;542,385416933291;3,13146366470963;3,10875514642303;12727,3793429915;13387,7310112162;13746,5196841531;14122,8618762919;14848,2038636212
"Mu_N1[15]";10479,531786711;414,253435225342;2,39169332340078;2,37191711069133;9687,37295651368;10196,4789358078;10469,8949058574;10756,3424026216;11313,7722669154
"Mu_N1[16]";8063,65032980791;518,164471259249;2,99162396966028;3,01802411276712;7091,61876527189;7706,15814409987;8047,70452866433;8398,24157510516;9137,83645243476
"Mu_N1[17]";10680,2835891389;689,423168394388;3,98038651858065;3,94468414558955;9385,17690472729;10211,6153051822;10656,6449610967;11133,5556473538;12097,4074277383
"Mu_N1[18]";13345,586021677;963,501641441106;5,56277932050669;5,57821780400138;11564,3172910717;12677,8453945909;13309,3843195516;13966,8933135034;15341,3059210291
"Mu_N1[19]";9911,93801893682;460,065562351293;2,65618976268396;2,656214998215;9039,07236869329;9599,29835148444;9900,42742619788;10215,4613005053;10842,6720799616
"Mu_N1[20]";8751,16944783776;481,878528209327;2,78212697978355;2,77831737732377;7843,27275567283;8417,77325074081;8738,98416961024;9066,0307780048;9734,29608723781
"Mu_N1[21]";10922,3628123533;378,956058375673;2,18790382314234;2,16030726966622;10193,1428580749;10666,4439533665;10916,2843361813;11173,9179584497;11680,2212136215
"Mu_N1[22]";5923,34042514196;347,386166694135;2,00563496853611;2,02633214582072;5269,23756655202;5683,10876969509;5914,45362008561;6152,51645155004;6625,19310605749
"Mu_N1[23]";5068,72358703371;380,358119333447;2,19599862585625;2,20530698413949;4365,18923847391;4805,35032498368;5055,72748070868;5314,7368378539;5855,19982866393
"Mu_N1[24]";5733,47543309301;271,568149888989;1,56789944441736;1,57520096627908;5222,25344164055;5547,11546775978;5728,67118977118;5913,38277320398;6283,73755737885
"Mu_N2[1, 1]";308,147411396789;35,5064953363742;0,204996846404358;0,203243446679195;241,817046142388;283,673394606897;307,000311772144;331,16268775824;381,765600191021
"Mu_N2[2, 1]";503,762368470038;50,3613388321891;0,290761325315143;0,290726272633593;409,355666653002;469,46513205472;502,127620441853;536,852776268024;606,840774378077
"Mu_N2[3, 1]";319,954574725172;27,4455455876332;0,158456931330762;0,158440946555545;268,675281190831;301,01122358631;318,969242968078;338,040518145766;376,09504950138
"Mu_N2[4, 1]";279,936470440387;28,5733682146837;0,164968418304019;0,165989059177121;227,136008347559;260,263525471193;278,907873704068;298,630046396982;339,004821364554
"Mu_N2[5, 1]";210,811371697259;27,4960074066657;0,158748272778784;0,157992200325068;159,299688090177;191,722068943985;210,083640929276;229,087520831676;266,604616730288
"Mu_N2[6, 1]";590,571702459704;43,6526496447514;0,252028690232376;0,24920937497434;508,607193489875;560,636932737998;589,283797884126;619,29516852303;678,936275027161
"Mu_N2[7, 1]";198,075328442644;17,2871608078309;0,0998074694592554;0,0991264824549148;165,443750584869;186,30177234919;197,627747863222;209,470678554615;232,844464559307
"Mu_N2[8, 1]";865,035314709824;60,3111639454547;0,348206667390479;0,350720112368435;748,401621759647;824,083590391443;864,300236689234;905,459166335538;984,521556437793
"Mu_N2[9, 1]";417,896587134798;33,3670691337787;0,19264486346456;0,191789248037749;354,259069589554;395,095636253668;417,105102959493;440,057573860728;485,123218648056
"Mu_N2[10, 1]";715,224644909144;51,6590703431391;0,298253781686972;0,298256185096924;616,345866745546;679,884665136341;714,542994962095;749,357034543776;819,85850668013
"Mu_N2[11, 1]";439,171526450416;38,3715736363511;0,221538383681769;0,220816339779111;366,59799728897;412,815791533928;437,966228621657;464,641684546969;517,233689190293
"Mu_N2[12, 1]";446,099842021481;38,5794583155478;0,222738606436715;0,217625331926628;373,310488351482;420,006174584129;444,915484811654;471,263254315414;524,298116325198
"Mu_N2[13, 1]";402,586346117368;40,7017036112003;0,234991395364028;0,226036546748092;326,618596128983;374,76831764796;401,274298825489;429,040903951247;485,922482104404
"Mu_N2[14, 1]";861,312322804024;61,319875217877;0,354030464637156;0,351256716676858;743,201614469315;819,516907122985;860,480097748223;902,982270813166;982,987637255972
"Mu_N2[15, 1]";468,245771275843;43,5911183248191;0,251673438991111;0,250211517792052;387,142018606623;438,131317756743;466,767576262971;496,901982158123;557,387711818867
"Mu_N2[16, 1]";477,491027540346;49,6204613061212;0,286483866924025;0,287494638147456;384,930213012277;443,474471518117;475,6301419209;510,081131551768;578,928113438561
"Mu_N2[17, 1]";584,343312059344;44,8354409153317;0,258857538817023;0,259925722508968;499,198833324417;553,543027798901;583,392199361648;614,083888863195;673,793222975977
"Mu_N2[18, 1]";659,042643331543;56,2662611686485;0,32485341032013;0,323219361808178;553,336467967673;620,610350916376;657,618870792513;696,195855344666;773,470921780755
"Mu_N2[19, 1]";590,827813209474;43,7520326575645;0,252602478324381;0,25682890254068;508,022653703378;560,719765227778;589,64113422904;619,645075474805;679,977740729276
"Mu_N2[20, 1]";546,97476908014;43,6344778605388;0,251923775387309;0,255686863108076;464,410997952142;516,944109813749;545,564640122625;576,101117865555;635,073881456152
"Mu_N2[21, 1]";753,533713512722;63,384860514168;0,365952662804018;0,366297585710216;632,592094862743;709,834146405016;752,714709940362;796,105310517186;880,528714048784
"Mu_N2[22, 1]";263,182273661728;33,141593405034;0,191343078737695;0,190573122775306;201,583677703886;240,045533713194;261,989157951485;284,995194445938;331,800860693293
"Mu_N2[23, 1]";232,175993278292;26,652279706224;0,153877008629056;0,153326589487931;183,219463694185;213,560105013929;231,071274782075;249,512615209658;287,219976826548
"Mu_N2[24, 1]";217,23052974239;28,7968496806073;0,166258689149118;0,162315879613036;163,951007431077;197,364756766163;216,13345351321;236,040240689508;276,645737393981
"Mu_N2[1, 2]";293,747294568985;34,372597896621;0,198450286483609;0,200709772218994;228,542794906084;270,542817351625;292,77045505368;316,188348747266;363,808220903444
"Mu_N2[2, 2]";544,925989066342;45,8986559833678;0,264996013874395;0,265245579574963;457,222941837159;513,50776052218;544,279399558545;575,61192127439;636,7550334826
"Mu_N2[3, 2]";195,673375740584;21,6255892578468;0,124855397794021;0,123068930993522;155,644146535991;180,668013785905;194,825409312201;209,57388842197;240,524719576634
"Mu_N2[4, 2]";141,230823928298;22,1383781515125;0,127815985851974;0,12495425431722;100,867799750165;125,861807945625;140,219085892143;155,458174989337;187,421853860629
"Mu_N2[5, 2]";245,578253223406;27,7069701311151;0,159966266636282;0,159099830147697;192,407259233678;226,657432439972;245,46806199305;263,880204303686;301,174619720337
"Mu_N2[6, 2]";429,52998290916;38,3779700556218;0,221575313425647;0,222293568422109;357,55444130759;403,06367346074;428,670145397378;455,030780666;507,294696100332
"Mu_N2[7, 2]";98,9260450148256;14,0740403085337;0,0812565096071757;0,0831105490988647;73,1694224939377;89,1113584070563;98,3915340804305;108,093900696161;128,009999515441
"Mu_N2[8, 2]";793,922458185449;58,9585007716076;0,340397062915044;0,345635667031957;680,580824976918;753,435997632272;793,139218004748;833,5442526135;911,108186851948
"Mu_N2[9, 2]";405,628564150178;30,2583533178153;0,174696684332754;0,171754489504892;347,808863977904;384,891419711845;405,164398117658;425,805175287027;466,210410992349
"Mu_N2[10, 2]";663,93547267469;49,438634479388;0,285434089250422;0,281385606329066;568,902705399408;630,320725358686;662,932989137704;696,970183864399;763,526610054493
"Mu_N2[11, 2]";367,913903280484;36,5039793204869;0,210755822871757;0,209650851402203;298,970870634299;342,74872017048;366,856836828978;391,735170434936;442,335338133519
"Mu_N2[12, 2]";292,178854660974;32,3879882900578;0,186992137577753;0,189862403438272;231,612788985741;269,729845612742;291,013196101145;313,759985972815;358,058877041559
"Mu_N2[13, 2]";301,597167569153;36,1261855587562;0,208574629571422;0,207055682920401;234,464510097596;276,672331020088;300,242642721841;325,356015231841;376,221515194147
"Mu_N2[14, 2]";578,476557425765;55,6749519219899;0,321439484792804;0,318923851601766;472,476039364103;540,284599010774;577,168744651798;615,435778621103;690,604780628959
"Mu_N2[15, 2]";390,982696321793;34,6691432067341;0,200162391629816;0,199079058368063;325,074915058704;367,287611984133;390,22833114056;414,184043147953;461,107398634911
"Mu_N2[16, 2]";388,172748122112;46,5472127062336;0,268740457859707;0,268181359577854;301,260875641911;355,819709406367;386,791773616549;419,054561762546;483,546151096724
"Mu_N2[17, 2]";430,498092765239;40,6997958591297;0,234980380952313;0,234804538543642;353,665923736285;402,605666182672;429,457265079913;457,167708585789;513,326598909834
"Mu_N2[18, 2]";524,008893045213;50,9748692427972;0,294303544792349;0,291430510414623;428,436139901828;489,059417526585;522,640865150275;557,667652042834;627,287313642655
"Mu_N2[19, 2]";445,141887649402;38,6371991321831;0,223071973196991;0,223085688868243;372,383201467658;418,712838289578;444,331830700176;470,636112463114;523,110919388086
"Mu_N2[20, 2]";454,52534970203;42,2240229720572;0,243780510291862;0,242822468479205;373,608723571104;425,913164284645;453,561309795531;482,545546916194;540,144225581193
"Mu_N2[21, 2]";685,038246177687;57,2046863031686;0,330271410360425;0,33653665765035;574,081470771858;645,843091974635;684,519984065575;723,991147978724;797,575231185843
"Mu_N2[22, 2]";310,912931976632;34,9774280041997;0,201942274737854;0,200876845512767;244,990819571491;286,672902669409;310,068412983098;334,118268144759;381,613665293981
"Mu_N2[23, 2]";218,68152116996;24,7881526010843;0,143114465769495;0,142102976895966;173,061823137567;201,488697721399;217,77311474225;234,909591455616;269,872971050356
"Mu_N2[24, 2]";395,98307271388;34,8153057369476;0,201006261391458;0,201012966841868;329,87227820639;372,334671308168;395,013780656487;418,881327238016;466,456877030156
"Mu_N2m[1, 1]";257,453604212612;33,0187481195893;0,190633831151493;0,18819001555203;195,409008951265;234,661305137713;256,434483220662;278,969530902535;325,009802197611
"Mu_N2m[2, 1]";314,944058972511;40,1475342639687;0,23179189714602;0,239578904764932;239,536397374882;286,97379661247;314,199023060963;341,811770717157;395,731844002722
"Mu_N2m[3, 1]";226,18102693304;24,4947639424217;0,141420585558935;0,138972243221017;179,71103137459;209,505819523336;225,53206198918;242,331141216816;275,535023100253
"Mu_N2m[4, 1]";216,456781019943;26,2730964608667;0,151687793141264;0,152815863960949;168,153631531754;198,231609337692;215,330982752089;233,644578269307;270,808104740705
"Mu_N2m[5, 1]";166,421188278178;25,1695476811964;0,145316451291199;0,144392908435054;119,496559955107;148,993316660952;165,60817548785;183,041811417053;217,750930663056
"Mu_N2m[6, 1]";476,31993929477;42,4224547737326;0,244926156832992;0,243267954203464;395,927524750907;447,216368670353;475,361394356457;504,334973375859;562,546437973225
"Mu_N2m[7, 1]";124,961762605329;14,6123896579901;0,0843646710254426;0,084292173618529;97,6639522790526;114,788716774146;124,610229357229;134,672267604024;154,728924214531
"Mu_N2m[8, 1]";671,879862052155;56,3229822259295;0,325180889497029;0,329953077988196;563,169946441052;633,741993232706;671,047668063747;709,784004484327;784,422485758849
"Mu_N2m[9, 1]";254,443324594388;26,6109114744937;0,153638169031803;0,152699529256165;203,929082305392;236,371199707453;253,962262653279;272,166244257845;307,948305143783
"Mu_N2m[10, 1]";555,327167673271;47,2045418972003;0,272535549713215;0,270763538772692;465,105623612837;522,684874664065;554,514396605051;586,625185141804;650,612267646331
"Mu_N2m[11, 1]";322,922452137278;32,8715073110528;0,189783735947051;0,189021637433227;260,579934772741;300,481802161422;322,015441498316;344,465843037661;389,479597797752
"Mu_N2m[12, 1]";255,417151440207;29,2941785475371;0,169130018701095;0,165662578430034;200,245770872374;235,299696798952;254,510671134204;274,766153892243;315,383205552321
"Mu_N2m[13, 1]";245,270002022886;33,1102859683575;0,191162325167767;0,191174263411101;184,450528211816;222,387620389257;244,017006104332;266,809419205471;314,525294942263
"Mu_N2m[14, 1]";538,229399998218;53,8918619543025;0,311144810064467;0,308899898591886;434,627378638364;501,243401135662;537,793110642851;574,670509373707;644,985796557745
"Mu_N2m[15, 1]";204,790985347202;28,476128532473;0,164407004737017;0,161474199994579;151,18978320172;185,169248387335;204,032835868183;223,703470178327;261,960201306928
"Mu_N2m[16, 1]";305,645300115635;42,9256361179519;0,247831275678355;0,2476400963794;226,500595779938;275,643163428862;304,173314379901;333,567944183154;394,155663559216
"Mu_N2m[17, 1]";389,485608841595;40,1580192588331;0,231852432292095;0,231850541120955;313,275276041435;361,709762507924;388,444251143414;416,081982145846;469,907499020652
"Mu_N2m[18, 1]";396,834976506325;46,4301178820804;0,268064410577252;0,264791172873431;309,455069259991;365,114365558828;395,034395429299;427,217571771713;491,840363610616
"Mu_N2m[19, 1]";433,399107715;38,8134623180075;0,22408962917483;0,229081417157788;359,893594634332;406,664091811308;432,416973725212;459,372199899808;511,786668394186
"Mu_N2m[20, 1]";341,443482207033;39,1904075672308;0,226265923585918;0,226256233445875;267,508228388286;314,358156664895;340,389738870376;367,262751491528;420,971704328909
"Mu_N2m[21, 1]";544,987739919306;55,1954611629462;0,318671143604725;0,319235392334063;438,901268553052;507,059657253915;544,288484414886;581,881887217044;654,642988082069
"Mu_N2m[22, 1]";195,64680088317;29,6480814011033;0,171173277778829;0,173077605926107;141,229022771704;174,734432923417;194,294022288129;215,078639380455;257,421809129217
"Mu_N2m[23, 1]";153,400803252145;23,0596879351589;0,133135170367928;0,130654314822275;110,04912163544;137,580316223909;152,707852176018;168,617370086989;200,561952763149
"Mu_N2m[24, 1]";166,431258820451;27,0280711088815;0,156046641303891;0,152579137760592;116,223799600633;147,636021329008;165,151239256826;184,04568244795;222,437186505583
"Mu_N2m[1, 2]";283,870906026582;33,6654189776508;0,194367387091283;0,196512775886137;220,44554026063;261,063520270831;282,882404337596;305,810892864204;352,424148062994
"Mu_N2m[2, 2]";522,198302449305;44,0440656871475;0,254288531806802;0,254294221160163;437,322952937909;492,23173216176;521,854219079218;551,529710984649;610,001003325408
"Mu_N2m[3, 2]";181,496093356193;20,9717268486866;0,121080321414605;0,12062591518577;142,540694247925;167,127985106271;180,662546848756;195,075330330563;225,060100478521
"Mu_N2m[4, 2]";131,764078486034;21,0297688381913;0,121415426997254;0,118903035477533;93,4987120040936;117,179026384888;130,772456151053;145,358611776332;175,583079665932
"Mu_N2m[5, 2]";236,815054416562;27,0146098995748;0,155968922975723;0,155266972078658;185,096672112178;218,423076888163;236,626324560532;254,769046047041;291,087062931723
"Mu_N2m[6, 2]";411,749797018785;37,8491963843508;0,21852243721116;0,21968021202038;340,702364874833;385,685670586732;410,695906973323;436,92662275101;488,229726860128
"Mu_N2m[7, 2]";90,8319886659756;13,1340336615925;0,0758293787006603;0,0759424139758968;66,6566243841289;81,73480735547;90,2805731222563;99,4248174908854;118,109853824435
"Mu_N2m[8, 2]";766,702109465967;57,6393733625878;0,332781077268114;0,338956240695003;655,883137309517;727,334149906353;766,023568184653;805,019196644202;881,152251920074
"Mu_N2m[9, 2]";376,762726789389;28,4554427961509;0,164287575582677;0,164320269706439;322,039125375573;357,437128987454;376,302916101551;395,739268442432;433,572948613708
"Mu_N2m[10, 2]";642,969378013873;48,5167112393126;0,280111362942125;0,276305924681157;549,463627762102;610,007466596063;641,949049598504;675,456002596443;741,113643357497
"Mu_N2m[11, 2]";325,632849650331;33,2781339164605;0,192131395747969;0,192929807634239;263,277929199279;302,76472038877;324,592939980476;347,559161920051;393,138667384978
"Mu_N2m[12, 2]";225,129990705451;28,3125279470782;0,163462456316844;0,164275516109736;171,798389493852;205,534808506265;224,277337089005;243,82326011682;282,706388532511
"Mu_N2m[13, 2]";276,069940521547;34,1724691539492;0,197294842649068;0,197077165212647;213,211818013354;252,290956531875;274,708037343963;298,617815399862;346,055802378692
"Mu_N2m[14, 2]";511,744849917242;52,5294247517928;0,303278775208238;0,301676448533451;411,719372182395;475,734033976158;510,673050410769;546,84720816387;618,35361946966
"Mu_N2m[15, 2]";339,360728674381;30,5003878702889;0,176094071472993;0,175074520792227;280,828210567519;318,680646717165;338,7999521743;359,504024936845;400,865418666817
"Mu_N2m[16, 2]";337,143951421488;44,1011137801902;0,254617899125551;0,256144853599149;255,689589786719;306,464988132026;335,404723820506;365,76984152033;428,294618256428
"Mu_N2m[17, 2]";389,579072072929;39,3014653601261;0,226907116052155;0,225985828780561;315,035263239244;362,62254489086;388,465670617792;415,292624596068;469,001772429387
"Mu_N2m[18, 2]";485,710534784891;49,0812193914126;0,283370552277871;0,281231535996502;393,558990628751;451,998134467432;484,681029052606;517,972843759214;586,247085290591
"Mu_N2m[19, 2]";417,3966503797;37,5339503718789;0,216702363509543;0,216715611808524;346,661358705154;391,666404419925;416,465835209768;442,212688125948;493,639764287782
"Mu_N2m[20, 2]";425,169025498996;40,894293846055;0,236103315603395;0,235398192591501;347,289961769471;397,131694938824;424,37369256411;452,128627469607;508,187513636991
"Mu_N2m[21, 2]";659,50691629971;56,0792073319372;0,323773454490348;0,327372000011113;550,721005173683;621,326141514266;658,994859993154;697,737930078873;769,443378550017
"Mu_N2m[22, 2]";277,589135277863;33,5087692138478;0,193462969258281;0,191696567762419;214,634311104288;254,397914945033;276,746405769782;299,959585799544;345,373701535042
"Mu_N2m[23, 2]";188,893510499717;23,5286609691939;0,135842787442356;0,136133607723518;144,753611074806;172,711844440186;188,274148242392;204,429065832312;236,609200146753
"Mu_N2m[24, 2]";369,758389349382;34,3167475510915;0,198127834363351;0,196191650148667;304,837854496542;346,248723026038;368,88290543603;392,194786437898;439,737985978282
"Mu_N2nm[1, 1]";49,1477911568959;10,7661153438192;0,0621581959188057;0,0622170175695113;30,7820429857398;41,5815494918958;48,2583185119915;55,7187171625075;72,8439711591775
"Mu_N2nm[2, 1]";188,361678552426;31,225188448648;0,180278709563237;0,177495088743424;133,89020570601;166,39266958707;186,096330877435;207,672219575938;256,446230580136
"Mu_N2nm[3, 1]";93,6495084328507;18,5218309540025;0,106935840871781;0,106361995767265;61,5471941883791;80,501102595805;92,0818936093046;105,287805837303;133,951246820811
"Mu_N2nm[4, 1]";62,643965381207;12,7658998394551;0,0737039570875721;0,0737648229126368;39,8102350491769;53,7975075029191;61,8441972433816;70,7199599518962;89,6784790017815
"Mu_N2nm[5, 1]";43,9445305477139;10,0052637415308;0,0577654171448603;0,0573544336825391;26,6693557265452;36,8613401544879;43,1330919388903;50,1393182680822;65,6423514445617
"Mu_N2nm[6, 1]";113,728364894625;18,496766632797;0,106791131945831;0,106487375572204;81,0137656725232;100,795370343029;112,521537823417;125,311067672855;153,714533046
"Mu_N2nm[7, 1]";72,8055420635029;9,05569736553795;0,0522830931169312;0,0527038954050417;55,9131935405764;66,5715717032437;72,457238744427;78,7507294177618;91,1816448115606
"Mu_N2nm[8, 1]";193,025623185571;21,9954384793437;0,126990723269929;0,128458954474592;152,206970164986;177,839983257386;192,160576845293;207,117875771731;238,947382856332
"Mu_N2nm[9, 1]";163,172696347966;23,1754376460404;0,133803451635288;0,132812665777669;121,139907500583;146,927001650008;162,080454076846;178,004764538516;212,012890730027
"Mu_N2nm[10, 1]";159,240683974002;21,8614496381905;0,126217138334847;0,125133124235067;119,734760413383;143,917298767308;158,133266444006;173,090282810429;205,075261397517
"Mu_N2nm[11, 1]";116,11415630706;21,4556133747636;0,123874041575483;0,124325617590118;77,0140356998434;101,123751340264;115,130615786229;129,914519022722;160,656369789877
"Mu_N2nm[12, 1]";190,552166706477;29,5537935445981;0,170628906585483;0,170635367940131;138,03454977108;169,730292271156;188,829493178712;209,228573272104;253,388608032689
"Mu_N2nm[13, 1]";157,012635161516;27,9909353476908;0,161605740578587;0,161597244265011;108,584674983541;137,426791808925;154,626973676952;174,419329210822;217,912811141699
"Mu_N2nm[14, 1]";323,066797039019;34,3060671927706;0,198066171285835;0,196271475697009;258,695658163857;299,437500719202;322,005549557454;345,83790326724;392,479945100797
"Mu_N2nm[15, 1]";263,15734836633;37,6411843780027;0,217321479332562;0,216184876362997;194,920888677661;236,772001106508;260,985379420921;287,459942713704;342,036265075311
"Mu_N2nm[16, 1]";171,700465710436;28,7074486921925;0,165742532301847;0,16574559542036;120,73855695126;151,508916295748;169,784136815685;189,982529480925;232,92839636585
"Mu_N2nm[17, 1]";194,5923906559;23,7100969640849;0,136890308647266;0,137459438065646;150,857443751786;178,293747703037;193,803833112828;209,986454566563;243,947757756233
"Mu_N2nm[18, 1]";261,513191734639;30,7940032054102;0,177789260400698;0,17959304835344;205,392076938754;240,007652297986;260,246198396127;281,302457655034;325,866602018786
"Mu_N2nm[19, 1]";157,330470642405;23,6208029286634;0,136374769293389;0,135856826658622;115,060156316155;140,710013296167;155,893056418225;172,390641618822;208,092531113597
"Mu_N2nm[20, 1]";205,443810330033;20,2412424872569;0,116862867987502;0,118330172547573;167,391214951006;191,603078752637;204,858070143423;218,781632872834;246,639270358721
"Mu_N2nm[21, 1]";208,472208772435;31,7205557645016;0,183138714094795;0,18515413243341;152,067313013646;186,204097179283;206,484822374676;228,368967777779;276,139256833698
"Mu_N2nm[22, 1]";67,5145670991455;15,1536673952845;0,0874897394987758;0,0869309706179602;40,6940225525766;56,8570638173623;66,579034512713;77,1976916080175;99,8716362383376
"Mu_N2nm[23, 1]";78,6722153092008;20,1863036854956;0,116545678667644;0,117484063747538;43,7883654938061;64,3451535809382;76,9894250293488;91,2248466380412;122,909116740379
"Mu_N2nm[24, 1]";50,7368921198739;12,5503239530337;0,0724593291270101;0,072807417688287;27,9844878697244;42,0660238102641;50,0942833114851;58,8865337737525;77,0329721512827
"Mu_N2nm[1, 2]";8,40094527871426;4,13661838905006;0,0238827774045281;0,0240873769869422;2,31785005574117;5,38380176715245;7,75530187405186;10,697100406739;18,1346716985238
"Mu_N2nm[2, 2]";22,2338936782364;11,4835343524324;0,0663002164962517;0,0657493372221821;5,88740183832712;13,943231622443;20,2848227595348;28,265383889653;50,1720096656492
"Mu_N2nm[3, 2]";14,1014458154225;7,47008316984053;0,0431285452897632;0,0434212040924938;4,14217188537609;8,76718401149926;12,5951445973537;17,762958556057;32,6840787411961
"Mu_N2nm[4, 2]";9,04561516841163;5,63939264769176;0,0325590486321083;0,0325607626382057;2,05726417906046;5,08908368635605;7,72748853198864;11,5460860084355;23,4795224982939
"Mu_N2nm[5, 2]";8,24353955973101;4,54272417105403;0,0262274302301226;0,0267410817995047;1,7701478169143;4,92731961332104;7,46209885204206;10,6918646201672;19,2284913595663
"Mu_N2nm[6, 2]";17,4000857276082;7,70692577366442;0,0444959567004962;0,0454190986184185;5,77851335238028;11,8145300426613;16,2921006583223;21,7646579863703;35,3851043868045
"Mu_N2nm[7, 2]";7,94048711701466;4,18089383091283;0,0241384017873077;0,025114463314768;2,3003905974597;4,92801446187464;7,08273654130221;10,0395223949034;18,5144454453891
"Mu_N2nm[8, 2]";27,1012499954164;10,9171200998979;0,0630300222845151;0,0634242227707203;9,95818219343159;19,1593052078856;25,7075795598121;33,3997384771484;52,2422304032227
"Mu_N2nm[9, 2]";28,5931850100793;11,7571956954673;0,0678802009969316;0,0682922988706618;10,9120483621235;20,0287065815361;26,840739328694;35,1979702647461;56,4599678621171
"Mu_N2nm[10, 2]";20,357232643535;8,25355983213906;0,0476519499085817;0,0476427904917267;7,47466817661443;14,3902362584381;19,2851493902553;25,1273240585652;39,4787556058558
"Mu_N2nm[11, 2]";42,1681903554129;15,8114707007153;0,0912875686534186;0,0911542728150204;17,2306246037095;30,6447243029111;40,1308196353929;51,630133596185;78,5727900174103
"Mu_N2nm[12, 2]";66,9633674756413;20,5943881505604;0,118901755425217;0,119823310186186;33,1197129099818;52,1207643254082;64,9526582294108;79,6535076740014;113,109244621721
"Mu_N2nm[13, 2]";25,2997459271081;11,7001287557919;0,0675507248670975;0,0671125190871654;7,96397512385776;16,8365720639983;23,3785663115415;31,8193413269325;52,9417589723184
"Mu_N2nm[14, 2]";66,7208906981932;20,5513596512167;0,118653330268428;0,118393508974203;33,1490426179759;51,8276942099654;64,5573452946254;79,3479712199245;112,313294608283
"Mu_N2nm[15, 2]";51,3738171935357;17,5472627216514;0,101309168558865;0,105415928300976;23,2179914777647;38,7786689421885;49,3523214807619;61,7387331470704;91,349376184707
"Mu_N2nm[16, 2]";50,9107089349994;17,1100401739973;0,0987848630030268;0,098372249898701;23,4712774214023;38,5743198930502;48,7606070677516;61,1457836777338;90,2076490683078
"Mu_N2nm[17, 2]";40,7235637710917;14,0279361984505;0,080990327403503;0,0812439725675705;17,7795348212144;30,7028302393555;39,1924609340289;49,0528457768568;72,6173175845323
"Mu_N2nm[18, 2]";37,7460244682907;12,5235591293439;0,0723048023453892;0,0725715570006775;17,2900824833834;28,6803074203696;36,4235055404972;45,2587673534703;65,439897048678
"Mu_N2nm[19, 2]";27,6712048694732;9,83266551251489;0,0567689208050202;0,056468023612811;11,9255497518813;20,5944514343195;26,4111319842118;33,5030923738653;50,1857889495772
"Mu_N2nm[20, 2]";29,2835097492871;10,7771482279754;0,0622218943051809;0,0642367884832899;11,9006192690085;21,479777178662;28,0133075010421;35,7617457546859;53,739312935488
"Mu_N2nm[21, 2]";25,4640950036191;10,343950524965;0,0597208262007269;0,060543833398094;9,29480734269016;18,000247098407;24,0754441361892;31,4889139681613;49,0668883608433
"Mu_N2nm[22, 2]";33,2991032621449;12,7190058832206;0,0734332147050184;0,0738316487702414;13,2808502400508;24,0401770212682;31,6707307802609;40,7567769163836;62,9086623347888
"Mu_N2nm[23, 2]";29,6910370126048;14,2355786260493;0,0821891515181965;0,0826228379538568;9,45507350172524;19,3586168371314;27,1283267228569;37,3260432462562;64,0577790842404
"Mu_N2nm[24, 2]";26,1110850613056;11,4334634221531;0,0660111318454983;0,0665922024843973;8,14852088524404;17,7066624682298;24,7132473758215;32,9611658480998;51,8937458112501
"Mu_N3[1]";413,236030898541;26,3934503876454;0,152382656861501;0,152035676970607;364,23834809764;395,139712020623;412,279420360815;430,228192907794;467,634544350052
"Mu_N3[2]";639,057312550145;28,2911861708827;0,163339239514529;0,164820873044712;585,098779720466;619,539516146269;638,518527790476;657,934679420576;696,514039881172
"Mu_N3[3]";311,212353939099;22,0970742948803;0,127577517924523;0,126181704687778;269,545705280749;296,202247081298;310,635580568072;325,623498891966;356,186065678221
"Mu_N3[4]";265,824663647217;23,6332493101199;0,136446628510233;0,135120220821105;222,584037415286;249,390839091047;264,813319489863;281,063999883747;315,024808902133
"Mu_N3[5]";307,822279046603;17,2203373642474;0,0994216641278438;0,0973970041534474;275,766060779907;296,08412917876;307,382992269077;319,196207483054;342,811278711593
"Mu_N3[6]";677,934226242904;38,9903426584112;0,225110848296294;0,22577090559014;603,65414136417;651,31476457488;677,166750946821;703,596315355919;757,566354107658
"Mu_N3[7]";164,732524726541;11,7072027491218;0,0675915665866299;0,0668615500812343;142,875977099375;156,60083596172;164,421127671135;172,417255262868;188,865259033057
"Mu_N3[8]";1098,18397797962;36,4234918590804;0,210291128296662;0,211311327373855;1028,48769226808;1073,35969993314;1097,54169619626;1122,36180181188;1171,21836051716
"Mu_N3[9]";481,849756327709;20,127842922986;0,116208155297925;0,116062339167615;443,750421631378;468,092450774039;481,477573926497;495,187104963833;522,599855076809
"Mu_N3[10]";914,755011112249;36,1346611286224;0,20862356329686;0,207901457100059;846,361727050685;889,832070075887;914,121909077883;938,75975428452;987,270447009718
"Mu_N3[11]";495,09381832811;27,5223542499569;0,158900386349449;0,158534094746917;443,113387665974;476,262621706744;494,317711785685;513,143315124019;551,525074294443
"Mu_N3[12]";366,839834376172;26,1630019554436;0,151052162217841;0,153269945054263;317,709665634771;348,79109118551;366,224363872329;383,9358320018;420,343167320307
"Mu_N3[13]";397,980221717174;32,3212716981228;0,186606949154622;0,187459610423919;338,156159416766;375,663955303801;396,908317623114;419,208098751581;464,446183705591
"Mu_N3[14]";801,52881196718;33,0306777220629;0,190702706743488;0,191680812592663;738,651905619123;778,895931644804;800,958186649168;823,637594996086;867,794818330195
"Mu_N3[15]";415,394260292328;21,2167941144974;0,122495217933459;0,122935007097554;375,4724102589;400,730299039185;414,947840962784;429,268969120813;458,659175481462
"Mu_N3[16]";490,692133803573;40,6706309034415;0,234811997002138;0,237633492646761;415,36602392458;462,245860149664;489,618701557918;517,202974917826;573,697757847216
"Mu_N3[17]";594,722002172231;32,4138007139881;0,187141165676799;0,186377436704702;534,030450101537;572,319531669674;593,634434093283;616,41480587608;660,522130498434
"Mu_N3[18]";673,717146138748;38,1833488688981;0,220451667480197;0,223532499682892;601,792442320109;647,375237502412;672,497797069787;698,893869187308;751,336686196745
"Mu_N3[19]";649,480035598272;32,2869198094429;0,186408618432857;0,184811572205441;588,260432350532;627,518665032895;648,803841398378;670,853518754483;715,017305031108
"Mu_N3[20]";585,216268484935;28,8387750053147;0,166500745124175;0,164754736630084;530,830342152238;565,353888336718;584,326905625738;604,366782525813;643,604792808586
"Mu_N3[21]";919,486521595914;27,2421317081784;0,15728252075016;0,158339997373749;867,188653291334;900,892635058116;919,208632554428;937,784675061627;973,082585378388
"Mu_N3[22]";361,258609648637;26,2266583403182;0,151419682527271;0,152075630433316;311,97574102761;343,296995187938;360,511908233494;378,385535265103;415,0318750744
"Mu_N3[23]";261,300460146276;20,7296425073805;0,119682646818408;0,116359403142358;222,731459205342;246,971247664688;260,533229353994;274,977462849029;303,387115634519
"Mu_N3[24]";409,316182488542;26,0131662721974;0,150187085497276;0,150193972443205;360,649005746;391,246830251325;408,467411384884;426,188795267122;462,654374696615
"Mu_N4[1]";34,5577617958163;6,88327703688982;0,0397406185015511;0,039907170089974;22,8524094721648;29,63896440275;33,9708667591195;38,7451464278049;49,8148809439393
"Mu_N4[2]";126,461710041952;19,1587172988967;0,11061290589846;0,109035972323714;93,0413424930942;112,940495409242;125,075389981575;138,246376207388;168,238584589097
"Mu_N4[3]";64,7039716388908;11,7682532556999;0,0679440418507001;0,0684485577205647;44,6089060603593;56,3015072167801;63,7348429785897;72,0506928430761;90,2965664654659
"Mu_N4[4]";43,0492761669518;7,51321556884511;0,0433775703115241;0,0435894121246735;30,0290209011241;37,7290553517234;42,4427718057112;47,7008743759763;59,3727534425772
"Mu_N4[5]";31,3387053662653;6,26614595901835;0,0361776105622073;0,0358012458882512;20,6404288368181;26,8764158173281;30,8299498262786;35,219620130857;44,9402534719835
"Mu_N4[6]";78,7420548551538;11,3729288912923;0,0656616355686207;0,0667229293188642;58,8068679829228;70,7954399764712;77,9060830553116;85,8288712757761;103,473011701478
"Mu_N4[7]";48,487633529547;5,27311073987778;0,0304443190513514;0,0309624417837886;38,9116361161051;44,8041276054778;48,1543807221291;51,8972057947356;59,4891637559512
"Mu_N4[8]";132,185214122951;12,9423541567667;0,0747227165635671;0,074641049706818;108,849165159196;123,120007003299;131,5541620887;140,512343238018;159,502429815174
"Mu_N4[9]";115,154563922544;14,3896890466183;0,0830789084462006;0,0834188529838505;89,0412287734543;105,111829215271;114,464764297845;124,317213964313;145,749932101941
"Mu_N4[10]";107,847754892725;13,4384080035635;0,0775866847833742;0,0773517012803731;83,8421941487581;98,4158156944789;107,05618092815;116,342981166961;136,441638852684
"Mu_N4[11]";95,0478493748456;12,8892931718022;0,0744163688240402;0,0743227489587316;72,2455767351172;85,9010107210636;94,2531311807901;103,22480914971;122,50249589977
"Mu_N4[12]";154,636939751841;20,3362285465546;0,11741127025655;0,117414520465275;118,172786630102;140,428949542385;153,419652595761;167,492596989498;197,679636141603
"Mu_N4[13]";109,477778806456;17,6124783200901;0,101685690992005;0,101680717662844;79,2906919374648;97,1087024974569;108,005258672001;120,328052351291;147,913217392807
"Mu_N4[14]";234,065783161652;20,286094236108;0,117121819680231;0,11675690592966;197,036465760552;219,886366051554;233,157757579191;247,209129992994;276,280739477027
"Mu_N4[15]";188,874574317368;23,6184427020801;0,136361142518857;0,139470565931991;145,914880471324;172,482772386015;187,621069224279;204,030113837034;238,733587675487
"Mu_N4[16]";133,677026168789;18,8911946945824;0,109068363422308;0,109460587228745;100,409763062832;120,395058190714;132,358405933101;145,601846361831;174,377793320715
"Mu_N4[17]";141,306190257397;14,3880998473839;0,083069733200143;0,0843140605818704;115,249871874247;131,325555331539;140,564349237006;150,432571918525;171,580578542584
"Mu_N4[18]";179,703836248683;19,3586807725554;0,111767395551909;0,112085494781118;144,410359115806;166,216306090383;178,784429279975;192,009965385514;220,557472426013
"Mu_N4[19]";111,092688217744;15,0478332645758;0,0868787058602342;0,0870081326187921;84,3059793615656;100,588810095757;110,081856384826;120,642848461277;143,372120539603
"Mu_N4[20]";140,952717934083;11,736277372748;0,0677594290044018;0,0678126422130382;119,413537600496;132,776415119954;140,461055553032;148,582689076711;165,396380807167
"Mu_N4[21]";140,477716141204;20,1008778186663;0,116052472195548;0,116079962015209;104,674405279944;126,287442657771;139,342585697689;153,182210763745;183,510468369468
"Mu_N4[22]";60,5381633357921;10,0624004100148;0,0580952958541587;0,0580994844130375;43,0296909485123;53,4469869655336;59,7851353096069;66,7664998880334;82,5520489080278
"Mu_N4[23]";65,0716539249623;14,3723453531665;0,0829787745853692;0,0836324311287657;40,8481833611977;54,8665243735505;63,7528647747931;73,9443201746488;96,7691814964955
"Mu_N4[24]";46,1468705379642;7,85942717554763;0,0453764239547868;0,0455386997532947;32,4248183858096;40,5990322818271;45,5752005258734;51,0683383543669;63,2375913795672
"Mu_Sd_L1";0,204390274557818;0,00667539204148758;3,85403939209914e-05;3,88095885997885e-05;0,192106023306763;0,199902091422849;0,204114684718365;0,208540985599816;0,218379517109083
"Mu_Sd_L1surv";0,19448803143717;0,00302367351920609;1,74571872025518e-05;1,74775527604228e-05;0,188654699079832;0,192431216570582;0,19447252671926;0,196502138025022;0,200490318971264
"Mu_Sd_L2";0,286843766959122;0,00856259195664957;4,94361477113255e-05;4,94389122714712e-05;0,270791285225335;0,281116557729884;0,286511870157933;0,292223181694043;0,304797714128034
"Mu_Sd_L2m";0,279234746519131;0,00420380646310399;2,42706879309418e-05;2,42480345610442e-05;0,271127430006856;0,276385065597418;0,279189674437628;0,282028769023093;0,287638800463017
"Mu_Sd_L2nm";0,275757796237634;0,00438688877009355;2,53277141231846e-05;2,5241356023918e-05;0,267306265538004;0,272814134422107;0,275708212365472;0,278686365176716;0,284509667470615
"Sd_Alpha2[1]";0,476873533588491;0,0987532979369588;0,000570152431472665;0,00056649357975568;0,312920688998328;0,40706810218817;0,467357569084573;0,535508564240515;0,698284003714964
"Sd_Alpha2[2]";0,722241395130025;0,180825296066794;0,00104399533360457;0,00104624200207176;0,414878616654121;0,596819571438891;0,704837736336583;0,8279946187482;1,12734159948137
"Sd_L1[1]";0,202440005036454;0,0139284013340655;8,04156625960388e-05;7,95917202589266e-05;0,177266213615134;0,192776203742354;0,201667627586898;0,211213618004364;0,2319997002996
"Sd_L1[2]";0,239143586982802;0,0160182558678967;9,24814433727847e-05;9,2484444970607e-05;0,210459538953348;0,228030471174659;0,238179408018535;0,249249826719647;0,273032704080553
"Sd_L1[3]";0,214521742109998;0,0140143982564843;8,09121660591182e-05;8,09469869846334e-05;0,189247060996777;0,204788773765208;0,21373565840336;0,223376292803859;0,244165804621903
"Sd_L1[4]";0,197354272110145;0,0132116702475764;7,62776137388282e-05;7,63436086832271e-05;0,17334483920677;0,188226999087425;0,196662141068662;0,205751259739715;0,225108366109936
"Sd_L1[5]";0,211349778305445;0,0140760214330727;8,12679476350347e-05;8,10069587391837e-05;0,18571219219962;0,201538929322703;0,21054240738999;0,220245115731633;0,241019036948118
"Sd_L1[6]";0,234963225439856;0,0151969441228762;8,77395978020228e-05;8,8061971001178e-05;0,207653732701538;0,22421915340854;0,234143583970831;0,244732555470608;0,266946622981492
"Sd_L1[7]";0,190131199693621;0,0129111925398561;7,45428048844498e-05;7,42210606991522e-05;0,166453996014019;0,18114856599059;0,18956192939749;0,198485501024861;0,21718097246388
"Sd_L1[8]";0,189202780778354;0,0127041613148008;7,33475095492866e-05;7,35203598046433e-05;0,166261866692099;0,180361923622614;0,188535493388132;0,197348165255729;0,215700707973533
"Sd_L1[9]";0,214983353059765;0,0135911269376381;7,84684079603574e-05;7,87514424979374e-05;0,190342375224855;0,205611332556521;0,214293068981862;0,223673726743918;0,243653357300882
"Sd_L1[10]";0,231020608002991;0,0148711157702797;8,58584269312109e-05;8,53736525762757e-05;0,204409584471551;0,220703905771694;0,230159754140008;0,240455546432095;0,262572300773249
"Sd_L1[11]";0,216623106544252;0,0134624649507273;7,7725577632583e-05;7,72633520391601e-05;0,192315351186285;0,207188514552469;0,215954467671945;0,225273480086965;0,244859651510036
"Sd_L1[12]";0,215120948267696;0,0141945928100975;8,19525197994691e-05;8,21343741327611e-05;0,18949176932158;0,205253613055624;0,214349012680967;0,224245834175224;0,244964975098052
"Sd_L1[13]";0,249514500094492;0,017734190045881;0,000102388393968494;0,000102025147764815;0,218028416945335;0,237237519149983;0,248385887677046;0,26080597802499;0,287287764393897
"Sd_L1[14]";0,17575916881497;0,0118841483923997;6,8613162734414e-05;6,86143697171823e-05;0,154228737408159;0,16746135122217;0,1752573012552;0,183527871187515;0,200621735616714
"Sd_L1[15]";0,18790018247822;0,0119785275976704;6,91580613301039e-05;6,79331776937228e-05;0,165947755166799;0,179590650645971;0,187379584141157;0,195676480587067;0,212464463960001
"Sd_L1[16]";0,233256292632617;0,0151610075995159;8,75321181876645e-05;8,78476518981819e-05;0,206247394872495;0,222665642655038;0,232340286647765;0,242929889134076;0,26543668209236
"Sd_L1[17]";0,184133081149341;0,0118935101436106;6,86672128302313e-05;6,8956350980928e-05;0,162508183219692;0,175804800293765;0,18362316290138;0,191870498892821;0,208792622213096
"Sd_L1[18]";0,163171903179643;0,0114074804446461;6,58611190549183e-05;6,52489075395531e-05;0,142242284743714;0,155208744792088;0,162718362996336;0,170621234616531;0,186772457144669
"Sd_L1[19]";0,195602617049709;0,012786155550405;7,38209034892676e-05;7,41874276359388e-05;0,171984787375251;0,186755337907219;0,195144993144284;0,203879426825703;0,222277308351359
"Sd_L1[20]";0,175147509160734;0,0116219799723785;6,70995326556916e-05;6,750042477557e-05;0,153701204743749;0,167037244414611;0,174751200975161;0,182746630883972;0,199329311967006
"Sd_L1[21]";0,194036045381222;0,0126046766196891;7,27731343942569e-05;7,25047796962918e-05;0,170971349209876;0,185271037031222;0,193531074371793;0,202114032979341;0,220467632405132
"Sd_L1[22]";0,195742782473484;0,0126332122560316;7,29378849674953e-05;7,32723095458423e-05;0,172690581252429;0,186951889274433;0,19513964541582;0,203930691079962;0,221774311998827
"Sd_L1[23]";0,189054214813971;0,0129104112886749;7,45382943286521e-05;7,47498444692386e-05;0,165357464537935;0,180147936512016;0,188550245579771;0,197341004560604;0,215810451066557
"Sd_L1[24]";0,186770520843498;0,0131402752211938;7,58654143618198e-05;7,69424951241781e-05;0,162740050612191;0,177659880600871;0,186227169841147;0,195311793569902;0,213959071529271
"Sd_L1surv[1]";0,191966500417449;0,0115231095190515;6,6528703827259e-05;6,59472604020063e-05;0,170435132870262;0,184037066146097;0,191546907674829;0,19944953234286;0,215793946976468
"Sd_L1surv[2]";0,224306333170852;0,0124105958392467;7,16526084859275e-05;7,16553080903519e-05;0,201098993752373;0,215786509400562;0,223887937428337;0,23240295397225;0,249553037032395
"Sd_L1surv[3]";0,204221086081968;0,011742904286822;6,7797689510647e-05;6,78528450942268e-05;0,182437126581003;0,196161595748799;0,203771156505628;0,211794195348124;0,228451113476321
"Sd_L1surv[4]";0,188614018639674;0,0113500843617413;6,55297426157632e-05;6,56451639871588e-05;0,167481506437325;0,180838910052044;0,188150995078974;0,195997427030583;0,212130306132278
"Sd_L1surv[5]";0,20081674521414;0,0117266334981332;6,7703750068353e-05;6,75711456080922e-05;0,178912258190224;0,192675673289962;0,200331862858025;0,208449726172428;0,22491299423667
"Sd_L1surv[6]";0,221655343010124;0,0121003168550521;6,98612119354407e-05;6,97672030261109e-05;0,199178637034288;0,213258623445625;0,221333219387638;0,229625484900112;0,246286667123503
"Sd_L1surv[7]";0,181330933554296;0,0109628742425343;6,32941839501919e-05;6,30653144614934e-05;0,160715971805753;0,173775097581257;0,181008893109057;0,188582479744276;0,203768669577703
"Sd_L1surv[8]";0,180931251474833;0,0109587856424673;6,32705784066989e-05;6,35311839749587e-05;0,160755568533519;0,173344995858224;0,180518893299374;0,188065133609873;0,203429136429743
"Sd_L1surv[9]";0,205018965641095;0,0114283415937703;6,59815609555427e-05;6,63117579351875e-05;0,183771872409932;0,197135016589179;0,204594690275502;0,212436369490402;0,228360479019626
"Sd_L1surv[10]";0,21681788832458;0,0116376792102301;6,71901722476884e-05;6,69651221640459e-05;0,195104570753078;0,208762945031873;0,216396061930799;0,224539048470569;0,240548224126435
"Sd_L1surv[11]";0,206240427049194;0,0112932638712389;6,52016893608924e-05;6,48475813591778e-05;0,185339376185918;0,198383194390013;0,205879922674859;0,213651521867688;0,229486491533227
"Sd_L1surv[12]";0,205234413480989;0,011935796614784;6,89113538853817e-05;6,91116826975798e-05;0,183010777194602;0,196901613103706;0,204816697746639;0,213088788076186;0,229766018610195
"Sd_L1surv[13]";0,233213919452353;0,0133643775816155;7,71592699429752e-05;7,62035072896268e-05;0,208360522133899;0,224023418426386;0,232721247464346;0,242078984329442;0,260470934824873
"Sd_L1surv[14]";0,170679187083315;0,0108244083705915;6,24947508657947e-05;6,24960756475303e-05;0,150798091993579;0,163134414126287;0,170279783693365;0,177798291418016;0,192972191638041
"Sd_L1surv[15]";0,182279320933382;0,0107509740118509;6,20707773979281e-05;6,09621201264189e-05;0,162172497105221;0,17484829631886;0,181919765712136;0,189332541711503;0,204029543610119
"Sd_L1surv[16]";0,219681037835041;0,0120402474724777;6,95144011934472e-05;6,95186452420261e-05;0,197418358110124;0,211366638272993;0,219243988347579;0,227620917776228;0,244404228119533
"Sd_L1surv[17]";0,178527054261278;0,0107161568048183;6,18697601594009e-05;6,2549324036856e-05;0,15875339523691;0,171054901600199;0,1782065911417;0,185603509482907;0,200410678104273
"Sd_L1surv[18]";0,159545466509788;0,0106118162193025;6,12673495080514e-05;6,07092512657921e-05;0,139879517475172;0,152149986678349;0,159168441445534;0,166556497384502;0,181359220012833
"Sd_L1surv[19]";0,188385419078946;0,0112588461549546;6,50029785832763e-05;6,52311365278059e-05;0,167237253854761;0,180609006108493;0,1880707221131;0,195799973328963;0,211339840836565
"Sd_L1surv[20]";0,169842736832774;0,0105396211571103;6,08505311221433e-05;6,12380565037252e-05;0,15016267137152;0,162524298249393;0,169577527978086;0,176771361255429;0,191493948472929
"Sd_L1surv[21]";0,186047684676602;0,01098478321468;6,34206754598519e-05;6,34190432840836e-05;0,16553459258773;0,178448039535461;0,185788024786447;0,193219367015641;0,208720324065555
"Sd_L1surv[22]";0,188773995579662;0,0111495787601709;6,4372122985356e-05;6,46516938507402e-05;0,167870286045381;0,181049062757062;0,188388885260401;0,196116814424457;0,211345436515578
"Sd_L1surv[23]";0,183095703719492;0,0115408552438082;6,66311588169116e-05;6,68081841815589e-05;0,161534397532948;0,175167298984655;0,182796240529122;0,190683288092664;0,206563853630985
"Sd_L1surv[24]";0,180487322470257;0,011721045691224;6,7671488850121e-05;6,86241555778451e-05;0,158720201600403;0,172400539314259;0,180074255179102;0,188162592941992;0,204457664399872
"Sd_L2[1]";0,343831623761163;0,0230980484018285;0,000133356644625507;0,000133944136276328;0,303154182711281;0,327603997209437;0,342371088484373;0,358431621202962;0,3931657810404
"Sd_L2[2]";0,300400604640038;0,0186047176899706;0,000107414387665015;0,000107407762703642;0,266703167288545;0,287605663081311;0,29939350271643;0,312146913077959;0,339873644778187
"Sd_L2[3]";0,28066145753484;0,0171796368593442;9,91866796532242e-05;9,95671721964347e-05;0,249440350278864;0,268814874190774;0,279780586117091;0,291784657274595;0,316726447160745
"Sd_L2[4]";0,327205442946354;0,022353643939979;0,000129058823461159;0,000126681164668579;0,287646241401507;0,311702487655338;0,325669519904275;0,341176112411786;0,375687300756587
"Sd_L2[5]";0,342905965870443;0,0239926589843995;0,00013852168123218;0,000137806081084679;0,300759120704817;0,326082730764964;0,341151093061895;0,357620611921128;0,394931284106776
"Sd_L2[6]";0,309154265989313;0,0198048901053098;0,000114343586335716;0,000113876299074596;0,273628263587155;0,295455349936963;0,307843961026886;0,32175189910459;0,351689308534668
"Sd_L2[7]";0,323920109332962;0,0195215553097761;0,000112707752130994;0,000114574681859185;0,288888248104649;0,310320211503982;0,322879942265417;0,336376525465979;0,365625594840956
"Sd_L2[8]";0,256342242549564;0,0158248210441437;9,13646468971402e-05;9,19935639684219e-05;0,227210713385506;0,245359137047332;0,255723787419052;0,266666632391771;0,289079659255696
"Sd_L2[9]";0,288826600349168;0,0201526019542129;0,000116351101631362;0,000116582571395249;0,252503030184026;0,274974190065313;0,287776750861307;0,301599224834344;0,331600376349058
"Sd_L2[10]";0,291591943783018;0,0194166806851774;0,000112102258203562;0,000112057468464301;0,256578838168978;0,278197474189756;0,290466790430273;0,303805678427384;0,332503072591504
"Sd_L2[11]";0,294146398318895;0,0189833830031399;0,000109600612869926;0,000109691510560003;0,259698624808304;0,281024701932473;0,293054231678074;0,30626711123482;0,334641617055314
"Sd_L2[12]";0,282147187794489;0,0172754937912018;9,97401099073405e-05;9,89917625586256e-05;0,250418669785805;0,27034590051011;0,281348910528951;0,293108974937213;0,318437306593535
"Sd_L2[13]";0,297398139788189;0,0193496407378572;0,000111715202887244;0,000111962558695213;0,262787757889594;0,28396173246047;0,296137422345307;0,309565634968908;0,338785167496729
"Sd_L2[14]";0,247403716127402;0,0157535729661432;9,09532959270116e-05;9,03600696273011e-05;0,218122936416516;0,236569522876021;0,24670344173721;0,257701280655213;0,279988695681584
"Sd_L2[15]";0,25480525943668;0,0167296313925408;9,65885718792663e-05;9,6063264319025e-05;0,224337545873994;0,243146279071765;0,254097119556756;0,265673515205314;0,289564830660665
"Sd_L2[16]";0,279292187522034;0,0173575909796935;0,000100214098246095;9,95509285629348e-05;0,247565513165164;0,267342482455958;0,278366113949581;0,290406963265778;0,315817877706388
"Sd_L2[17]";0,266135644171152;0,0182820253842046;0,000105551322769021;0,000104108936924997;0,232528743149181;0,253542371849272;0,265393646283927;0,277901969956054;0,303907088093386
"Sd_L2[18]";0,269746045632931;0,0169725677328815;9,79911654941829e-05;9,85595035867546e-05;0,238321175408928;0,257910464569482;0,26898764664937;0,28081802327478;0,304946057404627
"Sd_L2[19]";0,254952963708754;0,016611946713185;9,59091190662108e-05;9,6946807324904e-05;0,224376864980608;0,243329184035807;0,254202877101829;0,265804401112985;0,289262532894717
"Sd_L2[20]";0,25240137450345;0,0158648399259399;9,15956960189173e-05;9,1594919436137e-05;0,22313222327163;0,241426605115416;0,25188215516616;0,26288704780366;0,285042235945181
"Sd_L2[21]";0,266309902479677;0,0152270733071279;8,79135487284048e-05;8,92172575894017e-05;0,238114061147723;0,255726183460661;0,265746244927914;0,276200459455682;0,298018677412544
"Sd_L2[22]";0,264470418145947;0,0155942828286465;9,00336338893823e-05;9,06361455481984e-05;0,235730990380961;0,253819183180595;0,263873118540203;0,274607621209537;0,296639864524644
"Sd_L2[23]";0,28259428319754;0,0181391162936344;0,000104726236749918;0,000104476466556356;0,249877240835572;0,269952349912702;0,281630083266327;0,294199446102498;0,320970637705702
"Sd_L2[24]";0,288274172394186;0,0184744191861525;0,000106662108902471;0,000105454922308851;0,254642284696157;0,275495618837095;0,287376114670686;0,300005055169355;0,327628510877064
"Sd_L2m[1]";0,331085949435456;0,0187759155972079;0,000108402799243297;0,000109687029138452;0,2966762740597;0,317970338464881;0,330404421703969;0,343359374815736;0,36969552920792
"Sd_L2m[2]";0,294170799260569;0,0168642305088062;9,73656802393518e-05;9,73601038215222e-05;0,263015981396924;0,282535540847274;0,293487620170116;0,305067230627917;0,329186616118972
"Sd_L2m[3]";0,274172323334189;0,0157716684268153;9,10577701179131e-05;9,14372880067144e-05;0,245093228789839;0,263234630630712;0,273545733347169;0,284541172736873;0,306619742839816
"Sd_L2m[4]";0,31445007028832;0,0184611571578526;0,000106585540546382;0,000104217115756634;0,280709382143125;0,301634330465306;0,31362392615114;0,326355342268573;0,353155278604985
"Sd_L2m[5]";0,333369946734417;0,0206457570340368;0,000119198333812248;0,000118509447581154;0,295817308073651;0,318937234617457;0,332423262261437;0,346462928649617;0,376733566978066
"Sd_L2m[6]";0,302011906967515;0,0178232049654856;0,00010290232184645;0,000102508634557444;0,269208820209506;0,289683064882409;0,301150915986503;0,313671226865542;0,339448805665663
"Sd_L2m[7]";0,311920068984796;0,0166460249452858;9,61058698309798e-05;9,77438012353309e-05;0,281141411123996;0,300455573681523;0,31130280883277;0,322851826044363;0,346531261871413
"Sd_L2m[8]";0,252831293623996;0,0150994350429102;8,71766288663547e-05;8,72260356456987e-05;0,224711485592718;0,242295174550527;0,252314613303076;0,26277292338052;0,283769884246078
"Sd_L2m[9]";0,28229216275822;0,0183027255790205;0,000105670835399513;0,000105881153381792;0,248489340229191;0,269717017125515;0,281622288118866;0,294162605333584;0,320354497722917
"Sd_L2m[10]";0,285706783665392;0,0176435752758367;0,000101865229349717;0,000101779452127526;0,253163820480526;0,273513646670243;0,284938949316386;0,297009246209061;0,322023296608653
"Sd_L2m[11]";0,286564405465349;0,0174066319466135;0,00010049723640062;0,000100601419483242;0,254575440359812;0,274594529107058;0,285764185301952;0,297837774032266;0,322975303859969
"Sd_L2m[12]";0,273187315192609;0,0157752976982065;9,107872372606e-05;9,18427891025012e-05;0,243862478424752;0,262444509332613;0,272579429919448;0,283330425289639;0,306175089952861
"Sd_L2m[13]";0,290136391899221;0,0177903798663784;0,000102712806048393;0,000102870962879801;0,25790731928884;0,277759505379485;0,289223520554272;0,301579474037137;0,32756305170887
"Sd_L2m[14]";0,242581114155762;0,0149490861873324;8,63085893439528e-05;8,57450517854267e-05;0,214752704873652;0,232308983122755;0,241986527369909;0,252429479897796;0,273330140928695
"Sd_L2m[15]";0,250116816828041;0,0157159136303868;9,07358696506475e-05;9,02490618418583e-05;0,221128791525285;0,239135990450936;0,249589190706748;0,260410924179519;0,282374070406163
"Sd_L2m[16]";0,27234847703745;0,0160987738919895;9,29463144016304e-05;9,09016438852863e-05;0,242558729602832;0,261265065807802;0,271629767063117;0,282737638919913;0,305901380733396
"Sd_L2m[17]";0,260422358936826;0,0170674580126545;9,85390147798871e-05;9,71893680594734e-05;0,228674812629718;0,248722831248712;0,259858616832434;0,271508868093526;0,295479510899892
"Sd_L2m[18]";0,264139436217076;0,0157276460617286;9,08036068745816e-05;9,13133037357867e-05;0,234604406557653;0,253190505168723;0,263549873160758;0,274487922067412;0,296366083541302
"Sd_L2m[19]";0,250713647030803;0,0158252923931886;9,13673682321197e-05;9,29111713064515e-05;0,221457702148312;0,239650567334969;0,2500565877443;0,261131608258524;0,283219501510835
"Sd_L2m[20]";0,2484136148283;0,0151599682083455;8,75261172599445e-05;8,75257239349177e-05;0,220357111363921;0,237873214102978;0,247906696567359;0,258446048964816;0,279374400500079
"Sd_L2m[21]";0,262448303224082;0,0146020276916064;8,43048461846331e-05;8,63061524580558e-05;0,235229581543746;0,252269562236771;0,261942422604099;0,271935834880699;0,292796205844532
"Sd_L2m[22]";0,25953064799625;0,0148164186636673;8,55426330389453e-05;8,60704936425005e-05;0,232024890775484;0,24941484582577;0,259010577254509;0,269246557950314;0,28996661818733
"Sd_L2m[23]";0,275570549145649;0,016803940549243;9,70175959955191e-05;9,6055507690345e-05;0,24500030741453;0,263876473905286;0,274762339133373;0,286480752720209;0,310614108972881
"Sd_L2m[24]";0,28344953344885;0,0174417546181628;0,000100700017239357;9,95197158664661e-05;0,251401128181243;0,271355873392913;0,282725857220569;0,294625547892026;0,320308301777416
"Sd_L2nm[1]";0,329624376108466;0,0193885026436071;0,000111939572204703;0,000112311973861847;0,294223544224313;0,316015364528355;0,328868527050101;0,342252469461356;0,369717312032901
"Sd_L2nm[2]";0,288772510480565;0,016510052760036;9,53208340534169e-05;9,53165512528197e-05;0,258346359964983;0,27738536993212;0,288019379802637;0,299456933013096;0,32328664104143
"Sd_L2nm[3]";0,271552535296914;0,0156043565711879;9,00917946690622e-05;8,98758082440821e-05;0,24294981134323;0,260707783103533;0,270918978685349;0,281718400096331;0,303871973460676
"Sd_L2nm[4]";0,313153474540723;0,0190892551563211;0,000110211866031314;0,000108028746190038;0,278405608834863;0,299921823260493;0,312146909191221;0,325340560158644;0,353248231820273
"Sd_L2nm[5]";0,326525745816403;0,0193592041289071;0,000111770417151214;0,000111107804576147;0,290832266853961;0,313110698017378;0,325708832688936;0,3389986940142;0,366839782623496
"Sd_L2nm[6]";0,298598362336809;0,0174975597844426;0,000101022208517095;0,000100626482050601;0,266556265143641;0,286481448949336;0,297723185741778;0,309946523681298;0,335251257703881
"Sd_L2nm[7]";0,308439280510526;0,0166526957372991;9,6144383666626e-05;9,77701082954249e-05;0,277931923369845;0,297043861478525;0,307744679527373;0,319353550072705;0,343107798139179
"Sd_L2nm[8]";0,250231423312301;0,0147787069348714;8,53249042712257e-05;8,53868575570818e-05;0,222810626392468;0,239946119154671;0,249717118201747;0,25998343081478;0,280665989193206
"Sd_L2nm[9]";0,278606204778248;0,0180845458636168;0,000104411174225313;0,00010370107993643;0,245638220456556;0,266151259215511;0,277764638163253;0,290263273768147;0,316649343217542
"Sd_L2nm[10]";0,282423682715954;0,0175312242884984;0,000101216570621882;0,000101019873825488;0,250466627289447;0,270262284603158;0,281578648772887;0,293581804704021;0,318707521622478
"Sd_L2nm[11]";0,283941017090475;0,0168629511100577;9,73582936272331e-05;9,70870534755798e-05;0,25280410567211;0,272305400106216;0,283239468999056;0,294833345062794;0,319037762172586
"Sd_L2nm[12]";0,271052586729629;0,0150410018644675;8,68392647533198e-05;8,70136080395787e-05;0,242824354328458;0,260790009492499;0,27060107843931;0,280786576421415;0,301962338090811
"Sd_L2nm[13]";0,284032341779927;0,016064036055143;9,27457554070867e-05;9,28721054313296e-05;0,254368416027824;0,272944038942486;0,283422228518434;0,294575977104458;0,317305500187502
"Sd_L2nm[14]";0,240697833618757;0,0146034493783377;8,43130542968035e-05;8,37893802086361e-05;0,213400264078281;0,23067885938726;0,240105095017195;0,250359620247358;0,270752950988079
"Sd_L2nm[15]";0,246570450250585;0,0146366338669488;8,45046450311288e-05;8,40228988443019e-05;0,219116396637532;0,236428787918964;0,24622017806499;0,256334755075815;0,276253706252369
"Sd_L2nm[16]";0,269101855253797;0,0151012933342083;8,71873577161667e-05;8,51423302805919e-05;0,240765212346386;0,258763134812738;0,268577717792224;0,278969444417333;0,300136861420238
"Sd_L2nm[17]";0,256735122799006;0,0158157645320791;9,13123591003558e-05;8,94614731216522e-05;0,226756002988438;0,24588841937588;0,256391839932304;0,267117979154289;0,288691247687617
"Sd_L2nm[18]";0,258552366140775;0,0141281796158195;8,15690830435276e-05;8,13172647962377e-05;0,231493840460573;0,248766607544503;0,258264130526475;0,268025323934324;0,28700472544186
"Sd_L2nm[19]";0,247802595679955;0,0149733204861592;8,64485061334658e-05;8,80216528807011e-05;0,219666251186691;0,237366706492261;0,24731495526239;0,257715511209792;0,278150996621128
"Sd_L2nm[20]";0,244851528480692;0,0143170043765424;8,2659263307858e-05;8,26589222601336e-05;0,218049712706508;0,234939399054475;0,244486335041844;0,254422589441922;0,273834963484261
"Sd_L2nm[21]";0,258422340385365;0,0137938265928724;7,9638694965499e-05;8,14288565775083e-05;0,232557573913131;0,248853215495861;0,258049696867596;0,267433233667108;0,286693533768809
"Sd_L2nm[22]";0,257364413019281;0,0142476615826882;8,22589125008773e-05;8,27766768537655e-05;0,230674009308007;0,247664640229075;0,256945050789355;0,266778917854979;0,286421561794603
"Sd_L2nm[23]";0,271855873448776;0,0155281024359694;8,96515412141101e-05;8,87951830982975e-05;0,243061903533643;0,261076195969096;0,271338791026951;0,282101461939275;0,303773014359727
"Sd_L2nm[24]";0,279279189129279;0,01619721136473;9,35146434154813e-05;9,21316562471178e-05;0,249031992683691;0,268162876161249;0,278770299392522;0,289828402052443;0,312892252371743
