"Parameter";"Rhat";"zchain1";"zchain2";"zchain3";"zchain4";"zchain5";"zchain6";"Effective"
"Alpha1";0,999932304009142;-1,52305250647811;0,710088471855007;1,31245736315445;0,50420432183688;0,0751664136367114;0,228399544981216;30479,711125245
"Alpha2[1, 1]";1,00013658881905;0,052015985414478;0,137304019918086;-1,45979205876283;0,459013247285258;1,30138468824587;-0,0133614956507255;18903,4445134379
"Alpha2[1, 2]";1,00015529628957;-2,17321579444108;-0,221895778080849;0,312438381512019;-1,75594133874176;1,00919023834599;-1,19080522189706;6929,35018307476
"Alpha2[2, 1]";1,00001603094465;-0,387958179044176;0,68098611111725;-0,156932844713335;0,0872816219358;1,48403132938216;-0,343433224896352;7173,30366665047
"Alpha2[2, 2]";1,00008721646752;1,61291743225505;-0,300137965606363;0,333560197047041;1,4071897166129;0,171087196889008;0,123698297281131;30511,42065457
"Alpha2[3, 1]";1,0000710939054;-1,46139178466729;1,46879303427345;0,243740195275941;0,484450811665322;2,36184122959171;-1,1152144136353;30262,6670336726
"Alpha2[3, 2]";1,00023140826035;-0,577795066450964;1,42422621307395;-0,947562622908231;-0,962182982810805;-1,00933568835569;-1,03737196466384;30348,18456038
"Alpha2[4, 1]";0,999977361571244;0,299189866269298;0,904637432555408;0,898868711851134;-0,356362933600415;-0,56811502062685;0,617785434791672;18347,233442325
"Alpha2[4, 2]";1,00004954274139;0,486424812087254;-1,40087588402869;-0,979034438999768;1,30105223228633;0,953625878689374;0,198696408838572;30082,7972795129
"Alpha2[5, 1]";1,0000816324912;1,22343320204743;1,5091630522118;0,983595895550722;0,459195429025523;-1,1613453488623;-0,450455128924818;11944,6242151637
"Alpha2[5, 2]";1,00007497418396;-0,963240878646529;0,511869962161823;0,144226987048857;1,89205896204748;-0,211680656773088;0,229724301269603;18898,8452179405
"Alpha2[6, 1]";0,999946808010975;0,993801659234071;-0,965464920497424;-2,5485417802173;-0,54285437720916;-1,26726755991609;-1,13791021820735;17196,533515961
"Alpha2[6, 2]";1,00002196474107;-0,499949502349577;0,882786061689752;0,542394973217924;0,75684949572479;0,692496947718791;0,271644766650909;3521,88828602592
"Alpha2[7, 1]";1,00002647926915;1,65630246127548;-1,28396983752067;0,618381737433631;0,657179145047497;-1,42785368791462;-1,3233799792628;23471,4598029046
"Alpha2[7, 2]";1,00023381780417;0,223164608380905;0,827205540713471;0,677916430555036;-0,223698865857031;-0,819034996597142;2,30923409127629;3705,88086967728
"Alpha2[8, 1]";0,999954553581732;-1,48743917276916;0,634517040404759;0,545883811011908;-0,60278077031054;-0,852028738024266;0,179015913562196;30333,8159345999
"Alpha2[8, 2]";1,00005943973213;-2,84232466157283;-1,65589738476528;0,040777937313499;-1,07490606199421;-0,215469582430924;-0,478379185225211;24702,0645892629
"Alpha2[9, 1]";1,00003270031875;0,752356684863093;-1,28420634622707;0,662867727317212;-0,373294505245592;0,268987444377916;1,89009030200168;29996,4248231583
"Alpha2[9, 2]";1,00013710181447;1,01573559213891;0,631930135401969;-1,16129024067155;0,0420691558418585;2,34799240977769;1,7463481493353;18652,8106524732
"Alpha2[10, 1]";0,999951891113159;-0,241870387557085;0,730957582709692;0,412290861124269;-0,174826382162152;0,250365635086001;-0,125004495299651;30749,9283019212
"Alpha2[10, 2]";1,0001029759097;2,01139925083487;0,0814048786944116;2,10328927617491;0,889875238826834;0,56380228503789;-0,00413453572931916;30370,3664810917
"Alpha2[11, 1]";1,0001560811313;0,412710745920881;0,946643354517595;0,233265470734124;-0,325413735115448;-0,466258843763556;-0,263618719348321;25601,3016727381
"Alpha2[11, 2]";1,00015682034594;0,0545722143530311;1,24246205399194;-0,453734999408662;-1,26937893433461;0,62140553904784;0,0504862579836565;29141,0833925874
"Alpha2[12, 1]";0,999965884627967;-1,32513881214318;0,57583095764433;1,07923110350753;-0,539133077283144;0,184276973906851;0,276622196273671;13775,1759825318
"Alpha2[12, 2]";1,00008878312195;1,36656238197627;-0,861533576277016;-0,108434125294847;0,313490591394609;0,663896145518488;0,37013824788909;6543,91439697282
"Alpha2[13, 1]";1,00009893245505;-1,34212892430768;0,990420103446668;-0,45092973899322;-0,14969897145045;0,300066861971521;-0,0314518629294854;15702,5489108072
"Alpha2[13, 2]";0,999950109787302;-0,290481742114018;0,612173703653343;0,191752460136963;-0,353174545752787;0,280922147171126;0,135263646186113;30165,1390485525
"Alpha2[14, 1]";1,00001683959641;0,883791527026013;0,673421783816633;1,17258915489433;0,801780732897674;0,358982870887715;0,146366010469704;30683,4043554785
"Alpha2[14, 2]";1,00004357151382;0,610768137386403;-0,185739431444866;1,18480218792932;-0,270047576277535;1,14233123698823;-0,0829921129001378;30298,4421671017
"Alpha2[15, 1]";1,0001905862128;0,609417845372901;0,133389107556642;-1,82459643790028;-0,190523719694274;1,16033302400826;0,68154577983237;4872,04587099482
"Alpha2[15, 2]";1,00007372097334;0,586298570367952;0,958230215078046;-1,05056167494427;2,17230759007555;-1,10442232030866;-1,29591943979891;20975,8194604199
"Alpha2[16, 1]";1,00008093081843;-0,381965011655707;0,552746146350536;0,1449715511954;0,49102383055597;1,34294457927438;-1,08292322204936;10931,1171019065
"Alpha2[16, 2]";1,00003076946242;-0,0942802160776273;0,127917604910669;-0,166882166093435;0,401457345229345;-2,35081635727586;2,52270616176078;30483,0543532543
"Alpha2[17, 1]";1,00007394378194;0,362701855565916;-0,694610166964075;0,506886362346978;0,508601742608025;-0,0514626095298948;-0,269599275753607;29899,2309941264
"Alpha2[17, 2]";1,00004699524802;-0,0337729021557241;0,602039045164632;0,691457985808686;-0,185235665072237;1,17281781854241;0,273390937452975;25046,2305730671
"Alpha2[18, 1]";1,0000382348039;0,456755490308148;-1,5893229508258;-0,418473747342686;-0,620540937616814;-0,831318770513017;-0,139251990507306;30478,401430364
"Alpha2[18, 2]";1,00012963258709;-0,0918961438830077;0,504481941738858;0,680266291075743;0,00173714939492112;-1,2013445954555;-1,55284761800486;13823,4718166213
"Alpha2[19, 1]";0,999997814976042;0,252507006995809;-0,907843342836544;0,0297826149740054;1,7389901875907;1,2798732770101;-1,93740981331772;30160,4261178032
"Alpha2[19, 2]";1,00009173570744;0,184586016000707;1,47512183102689;-1,52273122685602;0,562493979713582;-0,246748287126341;-2,14687215690685;30526,9301740399
"Alpha2[20, 1]";0,99996239969905;-1,06696284017581;0,425014086803178;-0,10332298316435;-0,944472966882449;0,894758306168014;0,371738458554946;29004,8031784656
"Alpha2[20, 2]";0,999979885219586;0,236832893131839;0,639990945959843;-1,04037833985166;0,890800820222211;-0,704114219310594;0,403337765070183;14772,6209821675
"Alpha2[21, 1]";0,999963649867684;1,58567730078031;2,45139640642568;0,60608428777772;-1,07507076265184;-0,697392357101723;-1,09989426150211;30152,4648088028
"Alpha2[21, 2]";1,00020412536462;-0,368356349785485;-0,892480560245564;-1,1024457003112;-0,37244295591137;-2,21340447321145;-1,98534450803974;18865,6523635846
"Alpha2[22, 1]";0,999980380454657;0,659337540366146;1,78875741247537;2,08890103857436;1,06478258093821;-1,23211694426617;0,288992170287004;30003,1238626544
"Alpha2[22, 2]";1,00002321105391;-0,162205618945375;-1,96839722205421;0,497761519369201;0,984990223513007;-0,270194567692684;-1,53161204827181;30584,1635576722
"Alpha2[23, 1]";1,00005032868151;0,0592553128919105;-1,25112875177517;-2,56165624309787;-0,499027588905506;0,165469692944134;1,83281956040278;30784,2915859874
"Alpha2[23, 2]";1,00004243010192;-1,65871717815484;-1,44204494999971;-0,504825540023945;-0,985574974620742;0,0453085363136658;-0,139833349716541;30116,3703433634
"Alpha2[24, 1]";1,00010644210144;-0,28523291766792;1,27935839377171;-0,384189554496551;-1,06130767753753;1,52549042280153;-1,13534750340337;30239,6039337935
"Alpha2[24, 2]";1,00014285465826;1,01897368496521;-2,52135521600622;-0,12429354460736;1,11578920349172;0,476498708457792;1,39257654101461;29373,2329840428
"Beta1";1,00004913614109;-0,0249177556927895;-0,666354934351503;0,13707115341709;1,57490567109659;-2,35964758880061;-0,60594644898406;19907,4405080555
"Beta2";1,00005194411778;0,924973804810136;0,993048793502964;-1,18816834171281;2,17621835624117;0,73185103080008;-0,51547726867;30852,7699750305
"Gamma1[1, 1]";1,00020609509098;1,37039749899489;1,17536380244613;0,481832499452341;-0,609113209025548;-0,653338017108261;1,01171144665637;14989,1885330951
"Gamma1[1, 2]";1,00020609509098;-1,37039749899485;-1,17536380244611;-0,481832499452341;0,609113209025548;0,653338017108214;-1,01171144665634;14989,1885330951
"Gamma1[2, 1]";1,00015203759861;0,311093295838656;-0,0434057135168337;-0,578088026878027;-0,768647183610396;0,952090088789184;-0,186534826594751;12149,5868525956
"Gamma1[2, 2]";1,00015203759861;-0,311093295838683;0,0434057135167818;0,578088026878053;0,768647183610396;-0,952090088789184;0,186534826594725;12149,5868525953
"Gamma1[3, 1]";0,999980476570767;-1,04031838454847;-0,351034282377493;-0,439127068658682;-0,457679267354185;1,07413094578158;2,10140483761049;15263,1019084996
"Gamma1[3, 2]";0,999980476570767;1,04031838454847;0,351034282377525;0,439127068658713;0,457679267354221;-1,07413094578161;-2,10140483761052;15263,1019084996
"Gamma1[4, 1]";1,00013198723749;0,153151171944726;-0,220489898814934;-0,0609990699525239;-0,231019148361642;-1,34780658884519;-0,0083371838346623;30659,8786182339
"Gamma1[4, 2]";1,00013198723749;-0,153151171944684;0,220489898814908;0,0609990699525239;0,231019148361642;1,34780658884519;0,0083371838346623;30659,8786182339
"Gamma1[5, 1]";1,00001310229391;-0,831942505330462;1,67602387588711;0,332597372179899;1,18990212917408;-1,49528805773112;-1,80123076457393;30217,9255446837
"Gamma1[5, 2]";1,00001310229391;0,831942505330442;-1,67602387588715;-0,332597372179878;-1,18990212917406;1,49528805773112;1,80123076457393;30217,9255446837
"Gamma1[6, 1]";1,00001979602957;2,35409092540398;-1,25513389857232;-0,170458426293308;0,23245119795328;-0,718236678993585;0,614740243272595;30261,7995289654
"Gamma1[6, 2]";1,00001979602957;-2,35409092540402;1,25513389857236;0,170458426293273;-0,23245119795328;0,718236678993585;-0,614740243272633;30261,7995289654
"Gamma1[7, 1]";1,00004869685935;1,14288227522661;0,941567667234972;0,568814723423364;-0,322583064412202;0,101979495369741;0,677769673615691;18933,6192416491
"Gamma1[7, 2]";1,00004869685935;-1,14288227522659;-0,941567667234945;-0,56881472342339;0,322583064412177;-0,101979495369713;-0,677769673615664;18933,6192416491
"Gamma1[8, 1]";1,00004816096163;-1,75323458985984;0,920772206796051;0,495865123607557;2,09580211530052;1,39490908517508;-1,29363496725503;6988,93231514524
"Gamma1[8, 2]";1,00004816096163;1,7532345898598;-0,920772206796051;-0,495865123607522;-2,09580211530052;-1,39490908517501;1,2936349672551;6988,93231514524
"Gamma1[9, 1]";1,00010825495787;1,06577835653409;-0,48446362481345;0,0820512067472849;-1,32422971811167;0,69832502931368;0,354066366337449;30840,3204474394
"Gamma1[9, 2]";1,00010825495788;-1,06577835653409;0,48446362481345;-0,0820512067473535;1,32422971811171;-0,69832502931368;-0,354066366337378;30840,3204474394
"Gamma1[10, 1]";1,00003138379767;0,791647733394719;0,157003040714451;-0,327701739652418;-0,740469919589804;-0,312110440283964;1,03330284852563;28036,4112351712
"Gamma1[10, 2]";1,00003138379767;-0,79164773339479;-0,157003040714451;0,327701739652487;0,740469919589766;0,312110440283891;-1,03330284852563;28036,4112351712
"Gamma1[11, 1]";1,00010578976675;-0,366988096486999;-1,15582248345172;1,46157973575322;-1,74839052214243;-0,635992922303194;-0,507272569374333;30363,7778579049
"Gamma1[11, 2]";1,00010578976675;0,366988096487028;1,15582248345175;-1,46157973575322;1,74839052214241;0,635992922303248;0,507272569374333;30363,7778579049
"Gamma1[12, 1]";0,999953596213096;1,1856224413603;0,356816759094551;-0,272566045509978;-1,16715000106739;-1,69602215576485;0,772514889470139;29134,3907264529
"Gamma1[12, 2]";0,999953596213096;-1,18562244136027;-0,356816759094551;0,272566045509948;1,16715000106742;1,69602215576485;-0,772514889470169;29134,3907264529
"Gamma1[13, 1]";1,00006285161489;-0,431094210099388;-1,01435445041867;0,559504871430739;0,813956029480551;-1,5164122812318;-0,429042729777525;30205,066372239
"Gamma1[13, 2]";1,00006285161489;0,431094210099361;1,01435445041865;-0,559504871430739;-0,813956029480551;1,5164122812318;0,429042729777525;30205,066372239
"Gamma1[14, 1]";1,00014276274483;-0,443370506597178;-0,890302109418471;0,0460875875259758;-0,56400268418407;-1,66325362726756;0,612968531797271;30560,5998189823
"Gamma1[14, 2]";1,00014276274483;0,443370506597178;0,890302109418502;-0,0460875875259758;0,56400268418404;1,66325362726753;-0,612968531797271;30560,5998189823
"Gamma1[15, 1]";1,00003676933978;0,537861432815231;1,60643283160818;0,664306764726968;0,0479924253306657;1,03247121554374;1,26250107499213;30004,7604170931
"Gamma1[15, 2]";1,00003676933978;-0,537861432815261;-1,60643283160821;-0,664306764726938;-0,0479924253306956;-1,03247121554374;-1,26250107499205;30004,7604170931
"Gamma1[16, 1]";0,999972262625258;-0,197659419082921;1,15853844640878;-2,85024718750688;-0,63602914769091;-0,986200493391076;-1,55582242358941;22577,7314029971
"Gamma1[16, 2]";0,999972262625258;0,197659419082871;-1,15853844640878;2,85024718750686;0,63602914769091;0,986200493391076;1,55582242358941;22577,7314029971
"Gamma1[17, 1]";1,00004597235903;0,294959525180189;0,689956673244089;0,445561766737595;-0,322973342578857;-0,321360051055724;0,872975066418864;30387,52147684
"Gamma1[17, 2]";1,00004597235903;-0,29495952518022;-0,689956673244089;-0,445561766737562;0,322973342578823;0,321360051055724;-0,872975066418831;30387,52147684
"Gamma1[18, 1]";1,00027493100048;0,702536752724627;0,655121134565722;-0,508064988033872;-0,276939429707312;0,462121288602259;1,04386053011323;24400,8910645623
"Gamma1[18, 2]";1,00027493100048;-0,702536752724662;-0,655121134565752;0,508064988033931;0,276939429707343;-0,462121288602226;-1,04386053011323;24400,8910645623
"Gamma1[19, 1]";1,00009087732795;0,464971015144415;0,220009429490518;-0,0491099485210878;-1,1079441873648;-0,0594106269268033;0,0908403965374783;28543,1581469049
"Gamma1[19, 2]";1,00009087732795;-0,464971015144456;-0,220009429490481;0,0491099485210878;1,1079441873648;0,0594106269267663;-0,0908403965374783;28543,1581469044
"Gamma1[20, 1]";1,00001792818492;-0,00116038363196214;-1,23448919951923;-1,63572354509047;-0,191453117696141;0,206366748808127;0,9475784535703;30005,6885453288
"Gamma1[20, 2]";1,00001792818492;0,00116038363202491;1,23448919951926;1,63572354509041;0,191453117696141;-0,206366748808127;-0,94757845357037;30005,6885453288
"Gamma1[21, 1]";1,00016893906415;0,765562775844929;1,77790772941806;-0,703946226774922;-0,679101415367052;-0,752944985377264;1,06749646831684;30092,2547195733
"Gamma1[21, 2]";1,00016893906415;-0,765562775844929;-1,77790772941809;0,703946226774922;0,679101415367052;0,752944985377235;-1,06749646831687;30092,2547195733
"Gamma1[22, 1]";0,999987201004047;-1,03094836493613;-0,845530070738088;0,127323650469987;2,47654133130857;1,48843480734396;0,788721402100812;18068,2938250361
"Gamma1[22, 2]";0,999987201004047;1,03094836493613;0,845530070738088;-0,127323650469987;-2,47654133130857;-1,48843480734399;-0,788721402100834;18068,2938250361
"Gamma1[23, 1]";1,00001449714402;0,537547863778328;0,297622328649057;-0,747056342469591;-1,10760337843171;0,70973739423286;-0,382227840867486;25918,2958291539
"Gamma1[23, 2]";1,00001449714402;-0,537547863778353;-0,297622328649005;0,747056342469562;1,10760337843174;-0,709737394232886;0,382227840867486;25918,2958291539
"Gamma1[24, 1]";0,999948365356346;0,658018708002374;1,16838831752099;0,808785207551071;-1,47953253690649;-1,57170889916522;1,62161888104201;29896,5874144217
"Gamma1[24, 2]";0,999948365356346;-0,65801870800235;-1,16838831752099;-0,808785207551071;1,47953253690649;1,57170889916516;-1,62161888104204;29896,5874144217
"Gamma1_F[1]";1,00020609509098;1,37039749899489;1,17536380244613;0,481832499452341;-0,609113209025548;-0,653338017108261;1,01171144665637;14989,1885330951
"Gamma1_F[2]";1,00015203759861;0,311093295838656;-0,0434057135168337;-0,578088026878027;-0,768647183610396;0,952090088789184;-0,186534826594751;12149,5868525956
"Gamma1_F[3]";0,999980476570767;-1,04031838454847;-0,351034282377493;-0,439127068658682;-0,457679267354185;1,07413094578158;2,10140483761049;15263,1019084996
"Gamma1_F[4]";1,00013198723749;0,153151171944726;-0,220489898814934;-0,0609990699525239;-0,231019148361642;-1,34780658884519;-0,0083371838346623;30659,8786182339
"Gamma1_F[5]";1,00001310229391;-0,831942505330462;1,67602387588711;0,332597372179899;1,18990212917408;-1,49528805773112;-1,80123076457393;30217,9255446837
"Gamma1_F[6]";1,00001979602957;2,35409092540398;-1,25513389857232;-0,170458426293308;0,23245119795328;-0,718236678993585;0,614740243272595;30261,7995289654
"Gamma1_F[7]";1,00004869685935;1,14288227522661;0,941567667234972;0,568814723423364;-0,322583064412202;0,101979495369741;0,677769673615691;18933,6192416491
"Gamma1_F[8]";1,00004816096163;-1,75323458985984;0,920772206796051;0,495865123607557;2,09580211530052;1,39490908517508;-1,29363496725503;6988,93231514524
"Gamma1_F[9]";1,00010825495787;1,06577835653409;-0,48446362481345;0,0820512067472849;-1,32422971811167;0,69832502931368;0,354066366337449;30840,3204474394
"Gamma1_F[10]";1,00003138379767;0,791647733394719;0,157003040714451;-0,327701739652418;-0,740469919589804;-0,312110440283964;1,03330284852563;28036,4112351712
"Gamma1_F[11]";1,00010578976675;-0,366988096486999;-1,15582248345172;1,46157973575322;-1,74839052214243;-0,635992922303194;-0,507272569374333;30363,7778579049
"Gamma1_F[12]";0,999953596213096;1,1856224413603;0,356816759094551;-0,272566045509978;-1,16715000106739;-1,69602215576485;0,772514889470139;29134,3907264529
"Gamma1_F[13]";1,00006285161489;-0,431094210099388;-1,01435445041867;0,559504871430739;0,813956029480551;-1,5164122812318;-0,429042729777525;30205,066372239
"Gamma1_F[14]";1,00014276274483;-0,443370506597178;-0,890302109418471;0,0460875875259758;-0,56400268418407;-1,66325362726756;0,612968531797271;30560,5998189823
"Gamma1_F[15]";1,00003676933978;0,537861432815231;1,60643283160818;0,664306764726968;0,0479924253306657;1,03247121554374;1,26250107499213;30004,7604170931
"Gamma1_F[16]";0,999972262625258;-0,197659419082921;1,15853844640878;-2,85024718750688;-0,63602914769091;-0,986200493391076;-1,55582242358941;22577,7314029971
"Gamma1_F[17]";1,00004597235903;0,294959525180189;0,689956673244089;0,445561766737595;-0,322973342578857;-0,321360051055724;0,872975066418864;30387,52147684
"Gamma1_F[18]";1,00027493100048;0,702536752724627;0,655121134565722;-0,508064988033872;-0,276939429707312;0,462121288602259;1,04386053011323;24400,8910645623
"Gamma1_F[19]";1,00009087732795;0,464971015144415;0,220009429490518;-0,0491099485210878;-1,1079441873648;-0,0594106269268033;0,0908403965374783;28543,1581469049
"Gamma1_F[20]";1,00001792818492;-0,00116038363196214;-1,23448919951923;-1,63572354509047;-0,191453117696141;0,206366748808127;0,9475784535703;30005,6885453288
"Gamma1_F[21]";1,00016893906415;0,765562775844929;1,77790772941806;-0,703946226774922;-0,679101415367052;-0,752944985377264;1,06749646831684;30092,2547195733
"Gamma1_F[22]";0,999987201004047;-1,03094836493613;-0,845530070738088;0,127323650469987;2,47654133130857;1,48843480734396;0,788721402100812;18068,2938250361
"Gamma1_F[23]";1,00001449714402;0,537547863778328;0,297622328649057;-0,747056342469591;-1,10760337843171;0,70973739423286;-0,382227840867486;25918,2958291539
"Gamma1_F[24]";0,999948365356346;0,658018708002374;1,16838831752099;0,808785207551071;-1,47953253690649;-1,57170889916522;1,62161888104201;29896,5874144217
"Gamma3[1, 1]";1,00018609990312;1,5710748840091;1,20688195378429;0,17951899160702;-0,341922250379012;-0,456381755222634;0,946813117422094;18986,5049418091
"Gamma3[1, 2]";1,00018609990312;-1,5710748840091;-1,20688195378431;-0,179518991607041;0,341922250379031;0,456381755222612;-0,946813117422118;18986,5049418091
"Gamma3[2, 1]";1,00008693265018;0,143505254004959;0,335974110850449;-0,664680751086181;-0,623795816651474;1,4225523215925;-0,20547187027187;4691,24917152392
"Gamma3[2, 2]";1,00008693265018;-0,143505254004959;-0,335974110850402;0,664680751086181;0,62379581665145;-1,42255232159253;0,20547187027187;4691,24917152392
"Gamma3[3, 1]";1,00002302983855;-1,37715606508726;0,228016259130408;-0,0630579537111335;0,0358309520186066;1,82819723311273;1,51028703008023;14580,5724028823
"Gamma3[3, 2]";1,00002302983855;1,37715606508723;-0,228016259130408;0,0630579537111335;-0,0358309520186332;-1,82819723311268;-1,51028703008026;14580,5724028823
"Gamma3[4, 1]";1,00016647645768;0,0712301475813077;0,296331246257479;0,330254209664574;-0,615358954449229;-1,49500126037906;0,0494407957622881;30231,5020937314
"Gamma3[4, 2]";1,00016647645768;-0,0712301475812881;-0,296331246257433;-0,330254209664574;0,615358954449229;1,49500126037904;-0,0494407957622881;30231,5020937314
"Gamma3[5, 1]";1,00002124250972;-0,458428338137658;1,8288559927748;0,53486164773333;0,929856094671307;-1,55819334719548;-1,79824474047287;29368,9437124646
"Gamma3[5, 2]";1,00002124250972;0,45842833813762;-1,8288559927748;-0,534861647733311;-0,929856094671307;1,55819334719552;1,79824474047287;29368,9437124643
"Gamma3[6, 1]";0,999986277232017;2,49501403547954;-1,56515800030812;-0,88094328977813;-0,0784939541498467;-1,10722977399019;0,0400527669381454;26380,3368822359
"Gamma3[6, 2]";0,999986277232017;-2,49501403547957;1,56515800030816;0,880943289778068;0,0784939541498467;1,10722977399019;-0,0400527669381126;26380,3368822359
"Gamma3[7, 1]";0,999973395550023;1,67133505610487;0,224242694600376;0,393585439728873;0,0708542739602799;-0,0651644023166051;-0,409959056826442;17822,5782704285
"Gamma3[7, 2]";0,999973395550023;-1,67133505610489;-0,224242694600398;-0,393585439728894;-0,0708542739602799;0,0651644023166266;0,40995905682642;17822,5782704285
"Gamma3[8, 1]";0,999999732704026;-1,53781082523147;1,10135763310731;0,51612294379401;1,91359453238731;0,947781342818432;-1,03925676525666;6699,83984493984
"Gamma3[8, 2]";0,999999732704026;1,53781082523144;-1,10135763310731;-0,51612294379401;-1,91359453238734;-0,947781342818432;1,0392567652567;6699,83984493984
"Gamma3[9, 1]";1,00020345110821;0,868045740569573;-1,24651049978144;0,456023808167245;-1,19939519167897;0,27942653617209;0,695234450222663;30672,3517260495
"Gamma3[9, 2]";1,00020345110821;-0,868045740569574;1,24651049978137;-0,456023808167275;1,19939519167891;-0,279426536172032;-0,695234450222693;30672,3517260495
"Gamma3[10, 1]";1,00003065210957;0,561425206637798;0,490398411731866;-0,412638283549545;-0,598600754656121;-0,265836479210849;0,921866780005492;28017,6030408389
"Gamma3[10, 2]";1,00003065210957;-0,561425206637798;-0,490398411731899;0,412638283549577;0,598600754656157;0,265836479210783;-0,921866780005492;28017,6030408383
"Gamma3[11, 1]";1,00001843282272;-0,235264913140648;-0,916512160618054;1,52864168914966;-1,3349650285611;-0,816531613678455;-0,561799448285503;30070,909450607
"Gamma3[11, 2]";1,00001843282272;0,235264913140674;0,916512160618054;-1,52864168914966;1,3349650285611;0,81653161367848;0,561799448285476;30070,909450607
"Gamma3[12, 1]";0,999947462089791;-0,163091040568683;0,870865046219076;0,0937626219354328;-1,33400843574792;-1,65716744073074;0,592499826091659;29882,1635658597
"Gamma3[12, 2]";0,999947462089791;0,163091040568655;-0,870865046219118;-0,0937626219354804;1,33400843574794;1,65716744073077;-0,592499826091659;29882,1635658597
"Gamma3[13, 1]";0,999978437275643;-0,871157993861899;-0,622998720848395;0,341772352025404;0,669795739851578;-1,00099382073872;-0,282703472661555;23073,3338705997
"Gamma3[13, 2]";0,999978437275643;0,871157993861877;0,622998720848418;-0,341772352025404;-0,669795739851578;1,00099382073872;0,282703472661577;23073,3338705997
"Gamma3[14, 1]";1,00004340834397;-0,302970764783229;-0,413563726799751;-0,0107313424888493;-0,174725762853823;-1,5442374754004;0,641792062529168;30683,9764785471
"Gamma3[14, 2]";1,00004340834397;0,302970764783178;0,413563726799751;0,0107313424888493;0,174725762853823;1,54423747540038;-0,641792062529168;30683,9764785471
"Gamma3[15, 1]";1,0001750827703;0,598243046107864;0,987274007443243;-0,521100495987471;-1,02749286613924;1,55643272779566;2,05168721003558;6436,29821318853
"Gamma3[15, 2]";1,0001750827703;-0,598243046107888;-0,987274007443268;0,521100495987495;1,02749286613924;-1,55643272779568;-2,05168721003558;6436,29821318853
"Gamma3[16, 1]";1,00005016379406;-0,319663769819486;1,06132395102345;-2,13209476167408;-0,616274989878292;0,217943568550009;-2,46472484637956;12241,9958916488
"Gamma3[16, 2]";1,00005016379406;0,319663769819486;-1,06132395102345;2,13209476167408;0,616274989878292;-0,217943568550009;2,46472484637956;12241,9958916488
"Gamma3[17, 1]";1,0000658527154;0,469612725475943;0,0665981724032471;0,310092886589713;-0,157032944366118;-0,615435037533439;0,524694744196614;30408,8467545174
"Gamma3[17, 2]";1,0000658527154;-0,469612725475969;-0,0665981724032471;-0,310092886589687;0,157032944366118;0,615435037533493;-0,524694744196614;30408,8467545174
"Gamma3[18, 1]";1,00024054032173;0,61826328357582;-0,249797267083759;-0,414737240326857;-0,554742093958031;0,323086137375996;1,05508614146485;30124,2117885186
"Gamma3[18, 2]";1,00024054032173;-0,618263283575846;0,249797267083759;0,414737240326856;0,554742093958031;-0,323086137376022;-1,05508614146485;30124,2117885186
"Gamma3[19, 1]";1,00002211054943;0,357753072720413;-0,335937937506465;0,207251621918913;-0,691250207968786;0,401577268692965;-0,400554750407416;20704,8756467197
"Gamma3[19, 2]";1,00002211054943;-0,357753072720482;0,335937937506465;-0,207251621918884;0,691250207968786;-0,401577268692965;0,400554750407416;20704,8756467191
"Gamma3[20, 1]";0,999981221684;-0,528973528763901;-0,982805359727845;-1,13856425941669;-0,440601054227151;0,365874539228263;0,919600414399386;28786,8904710553
"Gamma3[20, 2]";0,999981221684;0,528973528763901;0,98280535972787;1,13856425941667;0,440601054227109;-0,365874539228263;-0,919600414399414;28786,8904710553
"Gamma3[21, 1]";1,0000675266974;1,06577102344608;2,24511572907319;-0,286333323408685;-0,797963939713993;-0,749803765499387;0,91891521423518;30027,713748066
"Gamma3[21, 2]";1,0000675266974;-1,06577102344608;-2,24511572907319;0,286333323408739;0,797963939713993;0,749803765499387;-0,918915214235154;30027,713748066
"Gamma3[22, 1]";0,99994463232664;-0,707335572168857;0,131987921098458;0,611237661860944;2,29772839495241;0,937787154189577;1,13591081060297;26393,6220110722
"Gamma3[22, 2]";0,99994463232664;0,707335572168857;-0,131987921098439;-0,611237661860903;-2,29772839495241;-0,937787154189556;-1,13591081060297;26393,6220110722
"Gamma3[23, 1]";1,00003460967011;1,1742517669448;0,301299643216269;-1,64203124252858;-0,99579492513002;0,57647212767484;0,690875653051537;30128,6843994033
"Gamma3[23, 2]";1,00003460967011;-1,17425176694482;-0,301299643216249;1,64203124252856;0,995794925129995;-0,57647212767484;-0,690875653051558;30128,6843994033
"Gamma3[24, 1]";1,00003541930364;0,400348095007801;1,5750579748406;0,550289450987446;-1,84259183267065;-0,775800508910997;0,874046517071079;30249,3540206413
"Gamma3[24, 2]";1,00003541930364;-0,400348095007801;-1,5750579748406;-0,550289450987471;1,84259183267065;0,775800508910996;-0,874046517071029;30249,3540206413
"Gamma4[1, 1]";1,00017203911878;-1,53547406204961;0,151678149908019;0,988239495281104;-2,00190371871985;0,317755328466496;-0,0765608209903172;10515,6274512482
"Gamma4[1, 2]";1,00017203911878;1,53547406204959;-0,151678149908027;-0,988239495281132;2,00190371871986;-0,317755328466513;0,0765608209903086;10515,6274512478
"Gamma4[2, 1]";1,00012386065272;1,21730694532193;-0,739602651357215;0,155547625630813;1,07744386353335;0,0180442316330323;0,41956677472819;30456,5793260806
"Gamma4[2, 2]";1,00012386065272;-1,21730694532193;0,739602651357195;-0,155547625630813;-1,07744386353336;-0,0180442316330204;-0,41956677472818;30456,5793260806
"Gamma4[3, 1]";1,00024620379961;-0,30920607115229;0,283831098360234;-1,20131478445575;-0,982594697937987;-1,34561460255174;0,104037101676294;30524,3338607749
"Gamma4[3, 2]";1,00024620379961;0,309206071152282;-0,283831098360201;1,20131478445576;0,982594697938005;1,34561460255173;-0,104037101676285;30524,3338607749
"Gamma4[4, 1]";0,999956603025877;0,248387094922564;-1,51319658809722;-0,963381996782692;1,01707703004826;0,796983045300308;0,403001525827198;30173,4865132297
"Gamma4[4, 2]";0,999956603025877;-0,248387094922564;1,51319658809724;0,963381996782692;-1,01707703004823;-0,7969830453003;-0,403001525827221;30173,4865132297
"Gamma4[5, 1]";0,999944493140292;-1,85892732419025;0,0093686044099338;-0,35587522081284;1,61006235802438;-0,68745147855764;-0,246852271058333;27696,8420785692
"Gamma4[5, 2]";0,999944493140292;1,85892732419023;-0,00936860440991419;0,355875220812834;-1,6100623580244;0,687451478557626;0,246852271058326;27696,8420785692
"Gamma4[6, 1]";1,00000507867962;-0,340569599899907;0,67697469406678;1,10924583063099;0,520530165814721;0,752956826616912;0,684678959156452;3585,44628969722
"Gamma4[6, 2]";1,00000507867962;0,340569599899925;-0,676974694066771;-1,10924583063098;-0,520530165814702;-0,752956826616903;-0,684678959156443;3585,44628969722
"Gamma4[7, 1]";1,00015798406666;0,0430217563531343;1,6688228200969;0,819386950260731;-0,4497817784561;-0,170002554270418;2,5414125297807;2260,01068870263
"Gamma4[7, 2]";1,00015798406666;-0,0430217563531449;-1,66882282009689;-0,819386950260765;0,449781778456084;0,170002554270424;-2,54141252978074;2260,01068870263
"Gamma4[8, 1]";1,00011712925342;-2,52676260047706;-0,912800874056042;-0,00301004829636378;-0,0661226415705809;0,448398117732161;-0,635250572591957;30024,8098984266
"Gamma4[8, 2]";1,00011712925342;2,52676260047709;0,912800874056019;0,00301004829635276;0,066122641570569;-0,44839811773219;0,635250572591937;30024,8098984266
"Gamma4[9, 1]";1,00003483268459;0,930048372286944;0,62868952203372;-1,01637307573737;-0,482236698583609;1,83121695063901;1,15746973811123;29205,1781998667
"Gamma4[9, 2]";1,00003483268459;-0,930048372286974;-0,62868952203373;1,0163730757374;0,482236698583619;-1,83121695063901;-1,15746973811125;29205,1781998667
"Gamma4[10, 1]";1,00011396549596;2,2623725929282;-0,076270416037072;1,50826256350104;0,601698785308532;0,454139295658656;0,370640105119892;30557,1668236403
"Gamma4[10, 2]";1,00011396549596;-2,26237259292818;0,0762704160370784;-1,50826256350104;-0,601698785308505;-0,454139295658617;-0,370640105119859;30557,1668236403
"Gamma4[11, 1]";1,00020972539999;-0,0666788501315471;0,0160845347306474;0,508619128837221;-1,12615015043153;0,398373436801098;-0,0583181583309219;30128,163786865
"Gamma4[11, 2]";1,00020972539999;0,0666788501315471;-0,0160845347306474;-0,508619128837194;1,12615015043154;-0,398373436801086;0,0583181583309098;30128,163786865
"Gamma4[12, 1]";1,00009507989793;2,03700306514295;-0,82312898787364;-0,366767677373565;-0,284817782973374;-0,424482162908197;0,230550298378609;6253,52044000518
"Gamma4[12, 2]";1,00009507989793;-2,03700306514293;0,82312898787364;0,366767677373549;0,28481778297339;0,424482162908213;-0,230550298378625;6253,52044000501
"Gamma4[13, 1]";1,00001904364135;-0,0559895785758821;-0,0130140360399306;0,402420797420605;0,203967228311258;-0,933848112593787;-0,3051654871528;30205,1159775958
"Gamma4[13, 2]";1,00001904364135;0,0559895785758821;0,0130140360399146;-0,402420797420615;-0,203967228311297;0,933848112593787;0,305165487152783;30205,1159775958
"Gamma4[14, 1]";1,00008365890583;0,0381017963746034;-0,886037025268811;0,940461670784717;-0,735703798370778;0,0823079105044865;0,00670319397726246;30377,8874998884
"Gamma4[14, 2]";1,00008365890583;-0,0381017963745921;0,886037025268811;-0,940461670784705;0,7357037983708;-0,0823079105044752;-0,00670319397725133;30377,8874998884
"Gamma4[15, 1]";1,00008125610959;0,531821406581745;0,954648091768178;0,148319673688926;1,71991255272135;-0,750383114816722;-0,640649304565315;15756,3360264038
"Gamma4[15, 2]";1,00008125610959;-0,531821406581756;-0,954648091768208;-0,148319673688915;-1,71991255272135;0,750383114816722;0,640649304565325;15756,3360264038
"Gamma4[16, 1]";1,00001042658385;0,0102021391236575;0,565871921375372;-1,64590084299239;-0,306450558476676;-2,67658754314063;1,79755119373581;30341,8067160075
"Gamma4[16, 2]";1,00001042658385;-0,0102021391236324;-0,565871921375347;1,64590084299238;0,306450558476676;2,6765875431406;-1,79755119373584;30341,8067160075
"Gamma4[17, 1]";1,00003731425705;-0,126961862754645;0,900359015499117;0,537090607453685;-0,61812697447281;0,944925992026031;0,6512346132623;20554,5808762518
"Gamma4[17, 2]";1,00003731425705;0,126961862754664;-0,900359015499107;-0,537090607453674;0,618126974472793;-0,944925992026041;-0,6512346132623;20554,5808762518
"Gamma4[18, 1]";1,00026596741913;0,135189661833798;1,33432514659544;0,5275996598382;0,139504480899038;-0,437603698211011;-0,843985445556585;17546,1147386252
"Gamma4[18, 2]";1,00026596741913;-0,135189661833768;-1,33432514659542;-0,527599659838144;-0,139504480899069;0,437603698210996;0,843985445556535;17546,1147386252
"Gamma4[19, 1]";1,00003539439702;0,0526616689887107;1,41111605574324;-1,16031234579871;-0,570131561364785;-0,792474504117864;-0,618326447280517;30614,4733587369
"Gamma4[19, 2]";1,00003539439702;-0,0526616689887332;-1,41111605574321;1,16031234579872;0,570131561364751;0,792474504117887;0,618326447280517;30614,4733587369
"Gamma4[20, 1]";1,00010248908039;0,722368678199532;0,0567042336293018;-1,11506232546102;0,357745275790356;-0,77113950770099;0,564841687257742;22260,4380172339
"Gamma4[20, 2]";1,00010248908039;-0,722368678199526;-0,0567042336293018;1,11506232546097;-0,357745275790403;0,771139507701028;-0,564841687257723;22260,4380172339
"Gamma4[21, 1]";1,00025120533961;-0,791518211531556;-0,634567452373511;-1,18664803950386;-0,526799894609579;-2,0068793290101;-1,29688302151484;20684,1426173342
"Gamma4[21, 2]";1,00025120533961;0,791518211531563;0,634567452373559;1,18664803950386;0,526799894609525;2,00687932901009;1,29688302151486;20684,1426173342
"Gamma4[22, 1]";1,00007980610341;-1,02740633522692;-2,4103609548402;-0,45982752085725;1,5403454966183;0,959018360394543;-0,695525324169418;30279,5101788572
"Gamma4[22, 2]";1,00007980610341;1,02740633522691;2,4103609548402;0,45982752085725;-1,5403454966183;-0,959018360394532;0,695525324169418;30279,5101788572
"Gamma4[23, 1]";1,00013318086913;-1,05572684407022;-0,657492518244198;0,476976893614721;-0,746436037226703;0,100557172543723;-0,577458750786919;30261,9980857653
"Gamma4[23, 2]";1,00013318086913;1,05572684407022;0,657492518244212;-0,476976893614699;0,746436037226693;-0,100557172543734;0,57745875078694;30261,9980857653
"Gamma4[24, 1]";1,00015236059859;0,999245795436896;-1,9331278953499;0,367915997294027;0,89664130036359;-0,815491673576293;1,78685403354623;17007,310999365
"Gamma4[24, 2]";1,00015236059859;-0,999245795436896;1,9331278953499;-0,367915997294035;-0,896641300363599;0,815491673576294;-1,78685403354623;17007,310999365
"Mu_Alpha2[1]";1,00022453412354;-0,125008764604675;1,05136420646223;-0,0687345997667676;0,40675755596623;0,354312690229307;0,418846842106416;29287,3851267445
"Mu_Alpha2[2]";0,999955621902352;2,29481124495332;-1,23359214805205;0,646227567080089;-0,336124803635088;0,383211412047728;-0,79957474229665;30732,9420605511
"Mu_L1[1]";1,0000653267573;0,382839902219704;-0,60100355146943;-0,314301119067411;1,02938270415763;0,315753658594213;0,996668264442871;14828,8513019711
"Mu_L1[2]";1,00011242547208;1,10414867914248;-1,00199561231735;-0,646604505065305;-1,10129823235108;1,06069198737153;-0,240511336623539;30291,9996111475
"Mu_L1[3]";1,0000391426312;-0,923512242970498;1,20717062279816;-0,233433625007917;0,739405834074594;-0,900231827321838;1,05547591962432;28032,5877780165
"Mu_L1[4]";1,00010709225956;0,171743139295699;1,98562642569921;-0,986556843616051;-0,675577049013214;0,0731721593107023;1,21797809220545;20358,1008005738
"Mu_L1[5]";1,00004144657489;-0,0328674531513888;0,172661084392288;-1,44780647999253;-2,09258274042611;-0,960980738230245;1,34894880733538;30063,9014503053
"Mu_L1[6]";1,00003001126723;-0,531487853578606;0,860222964069066;-0,0510683729280515;0,918297769864569;1,24688921114688;-1,86653467639225;30111,7694620238
"Mu_L1[7]";0,999972186225146;0,944467724902106;0,815981567585237;-0,355608203038871;-0,508345002756143;-1,4819139675899;0,333469427395285;11806,5924030098
"Mu_L1[8]";1,00006003605273;-0,217440948703498;-0,0432445810118683;0,596700563192123;-0,153715406121598;0,628244612789279;0,324559057933835;30307,0371019444
"Mu_L1[9]";1,00002829118936;1,48235676654195;-0,43971038631509;-0,0026991124810324;-0,243749708764438;-0,871619003827584;0,660869512282997;30226,7078732535
"Mu_L1[10]";0,999966261856842;0,0432646616869488;2,66530146114967;-0,231566138336392;-1,00798491470035;-0,384784652551827;-0,757170033968159;30233,3262420227
"Mu_L1[11]";1,00003027430966;0,368980445752942;-0,490731459870881;-1,10812101875657;0,860994275538041;-0,219348102076272;-1,70948251837991;30436,0018121654
"Mu_L1[12]";0,999980468319959;0,881328706334285;0,812385564839873;0,0309088128686714;-0,10981739750639;0,985573893169223;-0,88555374013994;30157,516538304
"Mu_L1[13]";0,999934848731511;0,736645823027645;-0,161280311415682;-0,036363340542214;0,195617768042471;0,469725391788222;-0,728116034603667;30644,4783454321
"Mu_L1[14]";1,00005255844073;0,835953547536876;0,821292692141784;-1,59335087106905;-0,207398007276459;1,58383147006547;0,678694373061185;28782,4049834259
"Mu_L1[15]";1,00005221661177;0,0238425340242771;-1,21449285892266;-0,305272502663855;1,26249598969601;1,52423178825859;-1,0218111795095;25729,7905012407
"Mu_L1[16]";1,00000837436113;1,11407296178107;0,0620138632140825;-0,165742617118786;0,560674836544235;-0,103790027637027;-0,964303842904805;30068,716722493
"Mu_L1[17]";1,0000527023822;0,110942787091194;-0,21357695843624;0,0423332477880166;1,19261057884662;-0,565778371416463;1,88979817047354;30637,6988639699
"Mu_L1[18]";1,00012154078449;-2,00218859877298;0,733942549045152;-0,128505759017567;0,233691568869418;0,814437364718162;1,17941318460468;30193,6458403963
"Mu_L1[19]";1,00005300465239;-0,440482549757596;0,221121960526819;-0,956969991879553;-0,836684652651798;0,236485625254265;-0,911467334600921;6955,017476011
"Mu_L1[20]";0,999961868251591;-0,450639596820993;0,38546806146609;-0,907571863135684;1,76966620976805;0,464566306372685;-0,439425563246675;28105,9062513277
"Mu_L1[21]";1,00017515916061;0,598223919599628;0,128192622989957;-1,00602974962799;0,315983968747526;3,07314432849078;0,384113184282136;29992,1168821562
"Mu_L1[22]";1,00006574979071;1,60278891992301;0,411320084600734;1,3413899193057;1,15100167750396;0,76393182254767;0,315373861819914;10805,4720826849
"Mu_L1[23]";1,00005175624458;1,80911452501985;-0,669888188192752;0,596565906955485;-0,200330703866984;0,0970386238729028;-1,26837196755193;26972,866906876
"Mu_L1[24]";1,00008809866514;0,746499404742335;-0,714776323378472;1,87194709648566;0,217508961972863;0,456520809457419;1,07041529356777;30508,4861673059
"Mu_L1surv[1]";1,00002925252513;-1,30363072606541;-1,01716629401278;-0,643934378835499;1,70077898367623;-1,3677699485405;-0,0899973929901367;11006,0822462552
"Mu_L1surv[2]";1,00010840749218;0,147264836794514;0,0122652001342191;-1,04920914716141;0,0910001222230127;-0,498767785762946;-1,48796769055899;30062,4860628198
"Mu_L1surv[3]";1,00021911108283;0,421201068583635;0,0424625655872765;-0,778170931346861;2,49429789693787;0,408145270586446;1,7344915427062;30364,7110156572
"Mu_L1surv[4]";0,999982126358426;-0,233074164459446;1,14919290002089;-0,499452618486689;0,0405217638061682;-0,904850221799166;1,86605651847565;30113,404559553
"Mu_L1surv[5]";1,00013600043679;-1,02013509813231;0,181257933697071;-0,929483519548768;0,15558487967579;-1,78594252980148;0,11423060702907;22316,7116115083
"Mu_L1surv[6]";0,999979324390216;-0,0573290008321811;-0,98514783570151;-0,874878919661611;0,363025158067995;0,165682497590916;0,0853672949651161;30251,9896739198
"Mu_L1surv[7]";0,999972087964991;1,08815392704575;0,204617916600015;-0,584858557349074;-0,430225761851373;-0,964811645897948;-1,05638338293591;22317,8660636419
"Mu_L1surv[8]";1,00000820430034;0,0228290479889103;-0,0357689725055211;0,452981874728925;-1,42768865561066;-1,65306693619377;-0,93099782290239;12943,8432235172
"Mu_L1surv[9]";1,00017491698202;0,326722273348996;-1,18817230839795;-0,944358033733039;0,514391628472069;-1,57085309651332;0,276370483335264;29376,1917285334
"Mu_L1surv[10]";1,00005965726774;0,892110428348253;0,601149708369729;0,367004497031418;-2,0712365922656;-0,951259574629147;0,810274305545179;28747,5751817639
"Mu_L1surv[11]";1,00004158343836;-0,342538832231523;-0,256043396686524;-1,41116443336601;0,289889639998582;-0,05933268603438;-0,919990038250738;30412,2229882847
"Mu_L1surv[12]";1,00013045451045;-0,196315062964123;0,60443640377515;-0,858816553923779;0,605724900854438;-0,375852437109124;0,332128751786303;30008,0186076664
"Mu_L1surv[13]";1,00005335554556;-0,061631785105515;0,512057241666374;1,00302751293844;1,15619083629721;-1,84469062214292;-0,2144284805743;12267,1927793808
"Mu_L1surv[14]";1,00001063720401;1,72782473687853;0,422731406984217;-1,51201404495168;0,932087964808315;0,0481673648516677;0,0836013317751436;30270,522923325
"Mu_L1surv[15]";1,00004099380285;0,833516323611085;-0,0205675714501137;-1,88091442156052;0,585991182834272;-0,618729027929256;-1,6273228726675;7916,57252227035
"Mu_L1surv[16]";0,999962317901992;-0,734311133652002;-0,145738509266866;-0,486043999610675;1,15700963719582;0,546677585627358;-0,853365767670152;30122,0781583966
"Mu_L1surv[17]";1,00010081343598;0,133429272693597;-0,783170929209813;0,149086773552223;0,332962700741349;-1,07514789114338;0,531680478060427;30268,5067081112
"Mu_L1surv[18]";1,00000774279971;-0,79160383175723;-1,09712182809484;-0,708159172734549;0,222130617777815;0,367777299854663;1,18969771374605;30320,9137184917
"Mu_L1surv[19]";0,999993586524416;-2,47438178943895;-0,622554119277479;1,15404274288938;0,324005524676289;-1,5394910666783;-1,56335037539753;30241,3996711838
"Mu_L1surv[20]";1,00005709158063;0,301472198025739;0,182476243972312;-0,205340957964805;2,001945912284;-1,31697552107285;0,118699685038646;30287,7835824406
"Mu_L1surv[21]";1,00030867772851;-0,858450095263035;-1,4581580066337;-0,821162347078514;-0,717510856163681;0,125902809179342;-0,888232350704244;17512,9523463862
"Mu_L1surv[22]";0,999980341570633;1,48845000489881;1,06683408592054;1,55775924503991;0,806114820019548;-0,144878377276121;1,30969722483996;8798,53414246099
"Mu_L1surv[23]";1,00017233577374;0,642876938989139;0,343990600585235;0,941879962563502;-0,224487118314139;-1,45714678801729;-2,35023550025776;29594,7235481485
"Mu_L1surv[24]";1,00002689965787;-0,25527414282651;-2,27471387379688;0,739239150466101;0,934053913236758;-1,09036731951343;1,5935693517863;22398,232354103
"Mu_L2[1]";1,00004394513475;2,19879926770044;0,345270242222178;-0,0787660216570502;-0,267062088402651;-0,436965975528901;0,152038934407963;18776,4455512587
"Mu_L2[2]";0,999988262277049;0,896823826265559;0,10855185547993;-0,584130141932095;-1,16897338507106;0,441295546324745;1,31346864053919;27138,7867519686
"Mu_L2[3]";1,00000088280493;-0,203271340483805;-0,0272882998814128;-0,127993836161348;0,253848317478615;-1,92308075119877;0,800820196231884;24117,1846414354
"Mu_L2[4]";1,00002344272956;-0,681462594154578;0,563394674460222;-0,834840670677049;-2,79862577282194;1,03311768493029;0,250056471292316;13135,8590396241
"Mu_L2[5]";0,999982065273242;-0,918330122356867;-0,979364081616777;-0,334644174116895;1,03125941235606;0,989785681493936;-1,51285605171856;14579,2162327318
"Mu_L2[6]";1,00013839729973;0,795616358855493;-0,0684503764885501;1,42643049388809;0,0279220065933822;0,630431163736515;-0,848790003879324;30502,3659415525
"Mu_L2[7]";1,00002963907121;-0,124092204237608;0,508302534356892;-0,286043558970747;0,691197353865984;1,77702235684016;-0,477539258626523;30292,6296348717
"Mu_L2[8]";1,00001957877897;0,463122985395099;0,0432129288821068;-1,03995715740129;-0,991050531308826;-1,01971708670736;0,800862509008951;30380,9209362941
"Mu_L2[9]";1,00010903118599;-1,01462108822088;0,288167292815607;-0,548464564152994;-0,655707261925418;-1,03122961268651;-0,870123051855649;20709,6848308287
"Mu_L2[10]";0,999991275687902;0,725579807378654;0,970778919797136;0,123846688104186;0,257022460328717;0,0278934478957209;0,553697401317176;30170,609304929
"Mu_L2[11]";1,00019223870737;0,21497515945643;0,0890497314436454;0,565375086647213;-0,00457995208067965;0,585422688417974;0,346108733214855;29962,2408715275
"Mu_L2[12]";1,0000271445112;-0,507955942207747;-0,752186536508917;-0,641898411008782;-0,0528044279374297;-0,788195981708399;-0,470370794039965;17981,4096703045
"Mu_L2[13]";0,999982333479104;0,518228431226867;-0,184151210419589;-0,040947745028288;1,00195029021324;0,0429787733354001;0,0667909906345712;5564,64605022363
"Mu_L2[14]";0,999988766875109;-1,04657924900704;0,594229113210162;-1,43696230615276;-1,28687411913938;-1,62715474695342;0,235874139891489;30310,857552409
"Mu_L2[15]";1,00016459452215;0,169696034123772;-0,00783974539516433;-0,512690002306662;-2,31304649829325;0,191658251842579;0,395425637103075;28116,7584051072
"Mu_L2[16]";0,999959077662376;0,518519063004143;0,154986361625343;0,586606837312872;-1,04612010765613;1,48329808166585;-0,750795836115695;7710,44603429839
"Mu_L2[17]";1,00006478169612;1,67925393409898;-0,832527774764848;-3,25586998732704;-0,313710299503802;-0,720235087869868;-0,602151495507842;17439,8484915015
"Mu_L2[18]";1,00013257457773;0,0629986201972501;-0,0761389153893302;1,71178628837953;0,938508191962747;1,96847919753952;-0,038053516459961;30190,1623348455
"Mu_L2[19]";1,00011660515204;-0,0884804320641109;0,297397922457737;0,125065407703432;-0,896901575412506;-0,715930652175173;0,584173598212205;30225,9741633959
"Mu_L2[20]";1,00001439362947;-1,0951685282714;0,700697567688024;0,28670846039645;1,70824158045217;-1,46448472391812;-0,0587232480657131;30318,0866303677
"Mu_L2[21]";1,00016244973812;-1,38732708743845;1,79689805977706;0,269546407499234;0,368444867570763;-0,89696847555922;0,263746686955724;7563,0544876616
"Mu_L2[22]";0,999966626383153;-0,553247956123997;0,134249892937681;-1,14390517360293;0,709564194685238;0,708321290341474;-0,308212212935395;30573,9286549478
"Mu_L2[23]";1,00017850427973;1,25314402316381;0,33172003608784;-1,52641942954181;-2,29127849367332;-0,695965998587769;1,4201322586399;30229,2836390603
"Mu_L2[24]";1,0001319588299;1,27376617624168;0,619400878351123;-0,173176453809269;-0,205707430160314;1,16400800621889;-0,631872850469974;30045,5097001575
"Mu_L2m[1]";1,00004988591577;2,31389827051552;0,393736030192348;0,0347549537215776;-0,111811950763855;-0,574411183692131;0,160705098906773;18215,896388064
"Mu_L2m[2]";1,00001076617896;1,04696305211812;0,327823378859836;-0,702602931580117;-1,34752664964038;0,587785183759014;1,32305287124093;24422,605384627
"Mu_L2m[3]";1,00000043194696;0,14824735072855;-0,16892755118708;-0,21382608163512;0,399823345433072;-2,01444512020035;1,05084736970292;26608,5241869363
"Mu_L2m[4]";1,00000994306623;-0,702129857694661;0,534330690109848;-0,993112955238092;-2,48155355476492;1,04252879369471;0,0400705075193263;16929,2256720493
"Mu_L2m[5]";0,999981206976895;-0,915741167668907;-0,950745123038025;-0,413231468593717;1,10740773287923;1,06185610196146;-1,5593718438372;10769,3333464432
"Mu_L2m[6]";1,00010143448667;0,852142233935367;0,0428294420658481;1,56314667525071;0,303129439035252;0,715461535471784;-0,744963938381414;30493,4025132481
"Mu_L2m[7]";1,00002166393667;-0,0152243229148948;0,623015314446952;-0,728920705317773;0,962727691195249;2,25410588777303;-0,712460352108153;30323,5868271666
"Mu_L2m[8]";1,0000097246011;0,615513469757079;0,0707879878316726;-1,18672376854729;-0,859082576278384;-0,856679094020846;0,816446031181093;30393,8727834294
"Mu_L2m[9]";1,00014069731269;-0,8410776085012;0,504634478899194;-0,624357356339869;-0,584384742483511;-1,06605228442851;-1,15212799585445;24575,8940553676
"Mu_L2m[10]";0,999985000980243;0,743712825372619;0,960507735169455;0,0578750943899628;0,370318239506091;0,0370072792597664;0,472644004560133;30101,0739404105
"Mu_L2m[11]";1,00016408775161;0,183821759559548;-0,147256669977674;0,123243530507841;0,590785323303603;0,551582890682049;0,468329771470321;30101,9273772936
"Mu_L2m[12]";0,999985289223693;0,319027700925718;-0,538908911225295;-0,912320599703031;0,39283366446877;-0,703163535443651;-0,586056907174172;29043,8319573257
"Mu_L2m[13]";1,00006414420785;1,00137129006716;-0,36652561350455;-0,0327596881514271;1,3977791853534;0,0928655983308993;-0,0869833554776073;7201,20285408149
"Mu_L2m[14]";0,999980516037799;-0,714007687329263;0,733179992703774;-1,51491378534463;-1,32496297656238;-1,76673312487067;0,404864211602237;30385,141416637
"Mu_L2m[15]";1,00018842467483;0,373685045771623;0,634625038999866;-0,510282098056884;-2,23680976651435;0,303236340275466;0,725767192790039;27597,3524151329
"Mu_L2m[16]";1,00000437649308;0,619553210180209;0,472923200047653;0,342274772464542;-0,525919007878318;1,3403141745187;-0,984760881735136;6661,35784143913
"Mu_L2m[17]";1,00008575277419;1,49093605611733;-0,604271693503473;-3,04681411576684;-0,0724605955153741;-0,831767707189802;-0,386872210878121;29568,6823948785
"Mu_L2m[18]";1,00009557805538;0,354188649947517;0,0625711592557397;1,0987031388154;1,16280289385385;1,98824013867778;0,150364079290214;30097,2180407715
"Mu_L2m[19]";1,00012603864978;0,120767487053913;0,241402542424112;0,18625406486478;-1,03120718541853;-0,793103446827894;0,771629745854793;30400,3947024478
"Mu_L2m[20]";1,00000094438627;-0,997038067163295;0,679437875814611;0,0397773707317616;1,93919888845803;-1,21707419181947;-0,126829302887509;30345,088398713
"Mu_L2m[21]";1,00017114825154;-1,26277301191159;1,80834944375556;0,141135594655085;0,55214280587436;-0,783835722761459;0,39051515248535;7128,63186175626
"Mu_L2m[22]";0,999971268372087;-0,447635627837686;0,228281322952672;-1,33126257625577;0,841526399313379;1,06753396135919;-0,358564388468413;30641,7840554465
"Mu_L2m[23]";1,0002000872338;1,68701379737942;1,06203384463725;-1,37155425413018;-1,72840990379368;-0,543187810824632;1,0205652583272;30163,7013451431
"Mu_L2m[24]";1,00011732983676;1,40248251202295;0,842066218736201;-0,177784041883054;-0,116180525538011;1,11908433482724;-0,495042989012909;30100,0501024231
"Mu_L2nm[1]";1,00006046484411;1,32714339292697;0,839597223766162;0,650452999043493;-1,18810830034988;-1,02928062418663;0,42701929027068;9734,88910749738
"Mu_L2nm[2]";0,999977172717871;-0,0522291366409417;-1,04759430518201;0,178837857069559;-0,781204608840027;-0,974861183628831;0,982440086337875;30261,2619292213
"Mu_L2nm[3]";1,00001468365817;-0,493735336919412;-0,773214660667526;0,417146204175005;-0,769073630498528;-2,01654626516768;0,870668800333112;29174,7180566538
"Mu_L2nm[4]";1,00002118629056;-0,731475485400681;0,0174924580357468;-0,0461112483132706;-2,74221753819581;0,317671893461216;0,282545799532145;29964,8292816282
"Mu_L2nm[5]";0,99997044401612;-1,88480447925609;-0,930849802146747;-0,675640640549408;-0,457667575013794;0,675342127995564;-1,302788796128;11846,9204813858
"Mu_L2nm[6]";1,00016490640407;0,157987397347749;-0,986245025673596;1,59855724816129;-1,6093925419512;0,110581625990503;0,0245395128974975;30433,722761677
"Mu_L2nm[7]";1,00002254613956;-0,73740306448329;0,516191482686967;0,604904822871373;-0,72695994949968;0,913254549583033;0,734773302120993;30646,3860400818
"Mu_L2nm[8]";1,00014104745063;0,112180721290877;-0,116424107201484;0,14864124046061;-0,456086531831874;-1,11375916307343;0,184968833553459;30361,733633404
"Mu_L2nm[9]";1,00004946083585;-1,59863037251556;-0,32186098554655;0,0440596398858226;-0,906105566549312;-1,15468033764283;-0,719230070005078;30033,8903078289
"Mu_L2nm[10]";1,00011794267863;0,393053750724034;0,301777283862184;-0,260078836289243;-0,866298370230715;-0,303328434749874;1,28591809221805;30411,6903943868
"Mu_L2nm[11]";1,00012777699155;-0,195035116943264;-0,0187720372896938;1,88429680155097;-1,70065840810906;0,413675457089076;-0,188035157251925;19261,5639141612
"Mu_L2nm[12]";1,00005033310205;-1,47622288153858;-0,461011073694342;-0,548928463197837;-0,67006935907739;-1,15983064920961;-0,341518523900109;21380,411317807
"Mu_L2nm[13]";0,999980190705732;0,141239101930901;-0,310823059995241;0,469879936250087;0,0781895348549744;-0,034454493518929;0,622915701303301;12089,4554959205
"Mu_L2nm[14]";1,00003602011622;-2,00324194658878;-0,273437941578981;-1,26051302678263;-1,23381956693264;-1,40234066647774;-0,150231458873348;30192,3586111557
"Mu_L2nm[15]";1,00013873746515;-0,18595455030922;-0,671827889130748;0,407750395167972;-2,09962258230997;-0,136298480560253;0,0312059047956705;30150,5707619932
"Mu_L2nm[16]";0,999928170449854;0,251794252962695;-0,74369694129597;0,418804135004022;-2,3020283810912;0,965960991101977;-0,307237314751292;25454,661161178
"Mu_L2nm[17]";1,00002674023513;1,46404427125844;-0,886627327515497;-2,4083473488715;-0,830993315046017;-0,483763073002416;-0,861817557012827;11476,8708832998
"Mu_L2nm[18]";1,00015579840723;-0,619344325267999;0,363539242708765;2,44198667330506;0,405289602336967;1,70207931336087;-0,051105853857201;30336,8708074719
"Mu_L2nm[19]";1,00002834231576;-1,19019185756222;0,408794524394386;-0,103421192186206;-1,03441239770023;-0,691287471226314;0,801227504072175;30109,3236792788
"Mu_L2nm[20]";1,00009282541089;-0,688411064767555;0,0959171570659902;0,720333434238902;1,17776349012472;-1,75688288019737;0,0507841295716119;30271,8457504999
"Mu_L2nm[21]";1,00006234310504;-1,85187395078738;0,533063963669544;0,401444808217538;-0,00908846697617386;-0,458711366981208;0,993402461034456;30092,7999581612
"Mu_L2nm[22]";0,999999216132008;-1,26469163000863;-0,736090486763647;-1,90804388959187;-1,35806687992705;0,124578992006616;0,299695732768347;30437,130037061
"Mu_L2nm[23]";1,00008555895335;1,00838279564243;-0,0433434650061428;0,25085801652449;-2,54277937351784;-0,644349340538627;0,573783658883577;30524,9996622435
"Mu_L2nm[24]";1,0000921904372;0,158061787439967;-0,3975225199784;0,425904578849086;-0,867863465857633;-0,499691524740771;-1,03887088264439;8982,12782047829
"Mu_Mu_L1";0,999940038025012;0,0846206258879653;0,0804786557926698;-1,3971037638309;-0,174749661849501;0,680931290817015;1,00393238366157;27626,352006158
"Mu_Mu_L1surv";1,00011490185577;-0,176682843535452;-0,550543241938355;-1,05853891845562;1,44376487460624;-2,73822718729913;-0,159895613795976;26005,2353301713
"Mu_Mu_L2";0,999940448698495;-1,045542557425;-0,259015631719446;-1,39067295910636;0,850958584278376;0,248406980981516;-1,23046385956505;29287,5068788435
"Mu_Mu_L2m";1,00009250343013;1,19704474272419;1,07878859990122;-1,39030243008886;-0,245137794299586;0,277058357059298;0,0209231202016463;30324,771769443
"Mu_Mu_L2nm";1,00002576383642;-1,12850595808334;-0,657274555787799;0,52449259705254;-2,87629855856913;-0,966230105776718;0,335987176673695;30592,8018106388
"Mu_N1[1]";0,999984780379743;0,363858692504823;-0,485952978389316;0,211489686625242;-1,58257523237408;0,794225544345489;-0,0295347522223201;30355,7676174055
"Mu_N1[2]";1,00019256045566;-1,50331051644613;0,677860673296237;-0,0374607935396269;1,82889541977344;-1,62825683426079;0,209140470725656;30015,8672693137
"Mu_N1[3]";1,00017034562716;-0,134887932993058;-2,12098854397066;1,4623408112039;-0,602573394839647;1,41039212168121;-1,74024473873508;30604,687412735
"Mu_N1[4]";1,0000690216549;-0,00066108029225971;-0,261321201777811;-0,299822300729015;-2,27745666514606;0,99933435800872;-0,599375933865644;27753,8163425321
"Mu_N1[5]";0,999950980947821;-0,428361338125617;-0,0617978053135406;-0,581723557235237;-0,382433390657361;0,205538692001469;0,104621797713936;30037,670555763
"Mu_N1[6]";1,00000614067297;0,146714824858818;0,7742194621645;-0,0711869437798188;-0,134574752126361;-0,427610175617162;0,0450722485210344;28679,6962168913
"Mu_N1[7]";0,999944060449537;-1,94919407116668;0,0495705829016385;0,0963644442356202;0,219169928409739;2,23705893585798;0,0220615626618351;30040,9509856004
"Mu_N1[8]";0,999955112400415;-0,897280059716456;0,232561398006818;-0,859352473666477;-0,650897560866853;0,188760407092491;1,05955597856515;30456,1156988233
"Mu_N1[9]";1,00002143231428;-0,235971385181932;0,799438062956725;0,206710845960284;-0,405584609640555;-0,339055809526963;-1,48332627839311;30761,2932300218
"Mu_N1[10]";0,999960369562809;-0,638484772525941;-1,58340940434427;-2,15252572551912;-0,300110804334568;-0,446795645799583;-1,0401903306917;30052,3138017083
"Mu_N1[11]";1,0000327140332;-1,36269463734025;0,614176953982913;-0,428276990423202;-1,87729571219329;1,26225325929297;2,03207564203802;31057,9674751077
"Mu_N1[12]";1,00007551879665;-1,11100512703376;0,848539605434762;0,10318176265644;-0,72568823829043;1,0774114237414;-1,08527530104647;30011,3887861381
"Mu_N1[13]";0,999963608881576;-1,04141511249647;-0,623160143309837;0,406943944133577;-1,08668278073986;-0,850577337924911;-0,0102594617031375;30056,7753694162
"Mu_N1[14]";1,00005318777421;-0,925004277742999;0,592862358702401;0,585462904052352;0,450473180433005;-1,47426338271014;-0,613604427277335;30249,9237533041
"Mu_N1[15]";1,00010739414576;-0,166845359301582;-1,9129741763108;0,735601234795359;-0,935511042119707;-0,2438532754691;0,536086923844736;20488,0332573895
"Mu_N1[16]";1,00008505193078;1,2716595797202;0,50412361660884;0,508388351570709;-1,96672316832399;-1,10897468985837;-0,291414583117939;14926,8607682619
"Mu_N1[17]";0,999968347490888;0,304625464020389;1,10720624750251;-0,686641591323515;-1,79025262027892;1,34689126373052;-0,758380202282567;30357,875241822
"Mu_N1[18]";1,00009603662358;1,16873447207952;-0,366527564235382;1,63459551086817;0,0470887472236719;-0,442170202703633;-3,07225518400913;30011,7179050663
"Mu_N1[19]";1,00006049854509;0,450694142959538;-0,605946356206265;-1,55857649454703;0,0428693031181365;0,519806992932412;0,644155194228344;30017,7423762
"Mu_N1[20]";0,999999420886837;1,25576039505174;-0,480223881148387;0,457234594614724;-0,760778614349889;0,165239175194913;0,321315721956991;30306,7220279015
"Mu_N1[21]";1,00000742478763;0,488710376427064;-0,114624139737999;0,0739922147509038;-0,147066728161412;-0,274236447642443;0,709681282935296;19369,889099136
"Mu_N1[22]";0,999971261173638;0,441081090502478;0,296534083448042;-1,0173447253048;-0,264545360249012;-1,00452020877395;1,17806487098534;16933,9383208711
"Mu_N1[23]";1,00000946279668;0,0674924094986527;2,88766978921003;0,0477325121774627;0,99388955953381;0,699294121774557;-0,344868514047028;30299,680491813
"Mu_N1[24]";1,00011178115928;-0,994450592144024;-0,113718864328047;-1,0044662530498;-0,881415496933069;-0,0411298419039132;-0,668486324282924;30136,0422752816
"Mu_N2[1, 1]";1,00017483283916;1,01341527538442;0,199106109853404;0,712773556901028;-0,564693874474997;-0,65034873161322;0,914714636417796;24656,9700937822
"Mu_N2[1, 2]";1,00012017592549;-1,36651931381283;-2,17172895309802;-0,277156729868493;0,684816332461707;0,378974933947133;-0,589690266986954;20752,5478135854
"Mu_N2[2, 1]";1,00021619513436;0,0698303129882586;-0,080601183337186;-0,562500726186327;-0,495835144442574;0,811758452859927;-0,551817951330117;30037,5878481795
"Mu_N2[2, 2]";1,00010363721625;-0,534522207257932;-0,0795358371134453;0,341706312762064;0,969263363863937;-0,917581705437073;-0,242215416482203;13312,6358272198
"Mu_N2[3, 1]";0,999988657612395;-1,437594315706;-0,862517690141768;0,786935146874007;0,85786032960686;1,20300324053919;1,42904368527649;24637,8062909757
"Mu_N2[3, 2]";0,999944330109204;0,168492047904538;-0,436109943845388;1,20450268590919;1,03533817892881;-0,390417343147693;-1,8455051137115;24573,9932525523
"Mu_N2[4, 1]";1,00011677908922;-0,193315424468312;0,872433796865425;-0,47059170008002;-1,7047343233643;-0,685744117896997;0,396772283608699;10559,6077425072
"Mu_N2[4, 2]";1,00011371894587;-0,304930086299285;0,708531016358414;-0,239572526633432;-0,647920062057495;1,45007115558767;0,283257095324581;30882,3607350721
"Mu_N2[5, 1]";1,00003820368948;-1,48292833455148;1,69918859520009;-0,378247916995363;0,546086906663199;-2,17626964021641;-1,10284224836355;30472,8119164446
"Mu_N2[5, 2]";0,999965511725326;0,0249587386999667;-1,40388218542359;-0,890513502812044;-1,52222862306462;0,457005847482529;1,99083872988411;28771,2326064955
"Mu_N2[6, 1]";0,999981311247838;0,941803153853088;0,0221447892907207;-0,218997677275224;0,633199367271849;0,409543676555828;-0,671439153196417;30016,7712711859
"Mu_N2[6, 2]";1,00002705585268;-2,54274601901625;1,72773769826891;0,177724432649478;0,323094831241827;1,29983162518522;-1,3887317266488;30042,2064262318
"Mu_N2[7, 1]";1,00007174687364;0,16878353500377;1,17542804000588;0,603374226786274;0,213416875108843;-0,11248333622621;0,320536528089148;30273,1335951284
"Mu_N2[7, 2]";1,00007355126037;-1,34969728689675;-0,560657037501067;-0,277325498359613;0,548632835582841;-0,0615998928945929;-0,707949868489713;14692,6448516273
"Mu_N2[8, 1]";1,00005035657848;-2,46505233923705;0,888251461742005;1,12437742091364;1,87955186034832;0,222253142641271;-1,0313789371365;14390,3927615475
"Mu_N2[8, 2]";1,00006668830174;0,833349909979737;-0,833130667996821;0,149130587051736;-1,89812565495701;-2,30537636251645;1,18253452066823;5569,23656290896
"Mu_N2[9, 1]";1,0001038538975;1,03995877150877;-0,491815335668402;0,350884249075458;-1,04431805130761;-0,263388207003473;0,462690661727801;30712,4070005493
"Mu_N2[9, 2]";1,00007709507288;-0,632701905864659;0,198481255004854;0,240344585576233;1,37766071533066;-1,4968612072897;-0,188976224887061;30681,0975429544
"Mu_N2[10, 1]";1,0000285266493;0,303601373871778;1,17826697808146;-0,43679977185243;-1,50515262289998;-1,17825544694182;0,261562270296234;20662,059840994
"Mu_N2[10, 2]";1,00005985858063;-1,09476533275968;0,873938092350328;-0,0642039713781455;-0,264447015189707;-0,676987693834085;-1,22077958077278;30147,3275229169
"Mu_N2[11, 1]";1,00008141225546;-1,23466640515849;-0,586903682844405;0,564000471968326;-1,86485350611872;0,0947609398614605;-0,195617621184527;30368,3153780055
"Mu_N2[11, 2]";1,00004594897089;-0,555312482088227;1,09228046490177;-1,89412167449793;1,10264976637706;1,04994097274119;0,62106204928103;30545,4531079888
"Mu_N2[12, 1]";1,00000422758446;0,452335497027699;1,44978636982548;0,0171586636217882;-0,948706734577056;-0,310222277830654;-0,287007272066454;30226,3188982741
"Mu_N2[12, 2]";0,9999423282583;-1,37097822986051;0,490686858832903;0,464454570551229;1,17692925922179;2,07099511001283;-1,19626330132734;13756,1412290187
"Mu_N2[13, 1]";1,00005342293677;-0,699777422747677;-0,72933832911602;1,40099886753199;0,194543273049705;-1,50845563922494;-0,630791390767868;30373,1716856051
"Mu_N2[13, 2]";1,00006478540252;0,0424112830454607;0,895432571355504;0,36239582204288;-0,979076519716899;1,00176951367297;0,0249622226192477;30404,7765839229
"Mu_N2[14, 1]";1,00005129713514;-0,573561562982597;0,358500236270711;-0,229233471273108;-0,00916058533637212;-1,67669806374144;0,648792081566387;30489,3040474145
"Mu_N2[14, 2]";1,00015152713859;0,267929896628954;1,6751963745862;-0,18343382594103;0,98685434692461;1,4469318068077;-0,543872440527676;30558,3992314782
"Mu_N2[15, 1]";1,00000065163472;0,240336240638576;0,094872592888596;0,673911115362025;0,138779579521223;1,5072691772574;0,35337624891554;30151,75316989
"Mu_N2[15, 2]";1,0001061417106;-0,631246951128022;-2,39104749330748;-0,544374685469176;0,0566667181139017;-0,091264245714332;-1,65034921327279;28029,4105605303
"Mu_N2[16, 1]";1,00009470477643;0,475596793643159;1,30416979451575;-1,78541733644902;-1,10511466465673;-1,23059343886357;-2,07828442863244;11484,2643374973
"Mu_N2[16, 2]";1,00000494576224;0,561749023211703;-0,586072328560961;3,27942009986925;0,123693769939764;0,241412512384461;0,319308991978407;30472,2961946129
"Mu_N2[17, 1]";1,00009783980838;0,189652798438641;1,41162795830445;0,419229143891033;-1,27644570703273;0,5704158482994;1,17590310597026;30061,8459836414
"Mu_N2[17, 2]";1,000103916256;-0,421724059948919;0,113322565800911;-0,469784314009531;-0,723369083083065;0,769393997110102;-0,338571470575964;30441,9770268075
"Mu_N2[18, 1]";1,00017187649898;0,0241552417815045;0,451759987556954;1,10607465978198;-4,3888152495271e-06;0,844290079049724;-0,679851036307712;30239,7697250002
"Mu_N2[18, 2]";1,00015503447794;-0,87709823396192;-0,566333687615133;1,92071744298412;0,328306708068072;0,0954641228803182;-2,10475681885321;29755,4747814023
"Mu_N2[19, 1]";1,00025746018174;-0,819019789520488;-0,0882713043242511;-0,58455700444898;-1,15002240338221;-0,0918358788032738;-0,379692972411538;30202,036026762
"Mu_N2[19, 2]";0,999949851727474;-1,50973195775246;-0,453687255170456;-0,292524419583239;0,926266960394984;0,128676008126686;-0,413712828110773;19713,9927148862
"Mu_N2[20, 1]";0,99995529384056;0,43861813033128;-1,10914986644345;-0,954173852807781;0,633417801136896;-0,157165525847032;0,818974269442803;17370,8971564904
"Mu_N2[20, 2]";1,00005032948446;0,321429268311324;1,07355997641422;1,80265861380366;0,973401630050751;-0,45151743025007;-0,564779581069832;30105,712893078
"Mu_N2[21, 1]";1,00035044801879;0,348076301263059;1,25631378950258;-0,696545507377535;-0,323374988385314;-0,147408965569531;1,16051109018412;29629,0710174632
"Mu_N2[21, 2]";1,00007795364202;-1,12248097076765;-1,57551836693302;0,655528393921062;0,874351943004714;1,19652485255518;-1,00014972237534;30205,7268214777
"Mu_N2[22, 1]";0,999955768928248;-0,0285674329279732;-0,142174787506126;0,753341796595965;2,63061032910319;1,1688983314106;1,89697353797955;19140,7014642299
"Mu_N2[22, 2]";1,00007433755857;1,72034147885767;1,4200061475261;0,614042826495449;-1,65661726838118;-1,46741190790313;0,389128799817178;30025,8830412399
"Mu_N2[23, 1]";1,00006771807805;0,94301376471891;2,5759158524813;0,35306042331859;-0,343501928721852;0,808461655981947;-1,40598061729832;30142,3269813261
"Mu_N2[23, 2]";0,9999430689974;0,207989741749939;1,72683100366244;1,4405594710041;1,23959689649896;-0,0421163487513875;-0,745864026938421;29350,0901886079
"Mu_N2[24, 1]";0,999962438295767;0,224759378252909;0,326316475909178;1,30643258979172;-1,29512551598634;-1,52524851472469;1,8866066701459;30039,661154454
"Mu_N2[24, 2]";1,00000059968071;-1,17968160526111;-1,3961362879917;0,212399423268723;1,14260610063715;0,802411339862179;-0,665689373327326;27270,4045513289
"Mu_N2m[1, 1]";1,0001229556915;1,10882794207805;0,381451018029661;0,233444660622033;-0,371635052903631;-0,126159852323804;0,830445356000525;29879,7536628095
"Mu_N2m[1, 2]";1,0001314923771;-1,62640844601323;-1,89481777746784;-0,234054565497026;0,453807958918188;0,505027817156355;-0,634550122002778;15545,6931334261
"Mu_N2m[2, 1]";1,0001846854755;-0,0131366737350392;0,397967843747151;-0,835144571922702;-0,0781552068937905;1,65342083028758;-0,465809468921008;5014,6244552122
"Mu_N2m[2, 2]";1,00007206232064;-0,268696498343278;-0,31648443778632;0,375966117157757;1,29982998071205;-0,866431983323046;-0,189584585780531;12538,1892273978
"Mu_N2m[3, 1]";1,00005399950759;-2,20366028394454;0,272502112934078;0,75830636931051;0,986758886809361;2,12994914588125;0,443508144239837;29227,085495873
"Mu_N2m[3, 2]";0,999982605459502;-0,102992823219919;-0,163492499555901;0,697972448244151;0,713129687117117;-0,723944385552052;-1,44888305866786;21310,7113829606
"Mu_N2m[4, 1]";1,00010820825838;-0,109463035281661;1,23253834460146;-0,0794879686518949;-1,79440044462856;-0,638872784058746;0,704456292782154;6592,15305444734
"Mu_N2m[4, 2]";1,0001627693325;-0,179075881013663;0,42319841286015;-0,546958538527863;-0,317572454412269;1,54125030272749;0,421764475873799;30774,2608638379
"Mu_N2m[5, 1]";1,00003698683199;-0,945379395206147;1,92197602293365;-0,0146430367018788;0,662369994919912;-2,28084901337962;-1,24676742322594;30187,6771741484
"Mu_N2m[5, 2]";0,999966900793651;-0,214551889213765;-1,39500240988968;-0,952050726224672;-1,20814200284982;0,384317185589754;1,98385379138381;24448,952230596
"Mu_N2m[6, 1]";0,99994004913569;1,33059174221788;-0,431600796268201;-1,44423112883444;0,231434325884274;-0,181579728152689;-1,21253588585551;24016,855360853
"Mu_N2m[6, 2]";1,00003574426253;-2,57287607912129;1,851969337877;0,296258646690626;0,401724362321627;1,44431349414437;-1,31386906813783;29525,6772236906
"Mu_N2m[7, 1]";0,999980548345335;1,0610163320217;0,328626929537543;0,657329881911898;0,732667506232953;-0,582002387380523;-0,622129986805552;30087,7213573006
"Mu_N2m[7, 2]";1,00005753219744;-1,86221795052624;-0,175706259533849;-0,00264329302119073;0,497919347430519;-0,194428096436862;0,120653713775072;23172,392544133
"Mu_N2m[8, 1]";1,00000085669123;-2,45337028608776;1,10535314828722;1,02830380088241;1,43463114135271;-0,25953450976142;-0,807245789264527;13744,2856409697
"Mu_N2m[8, 2]";1,00005522972661;0,298563387669742;-0,961234186021732;0,136319531830075;-2,09647947550628;-2,2509567622299;1,11062829018088;4761,68133204443
"Mu_N2m[9, 1]";1,00016386717274;1,18442205545211;-1,23513175433707;0,49990407813943;-0,92125717923667;-0,0871218273302307;1,42191214150398;30380,4247330397
"Mu_N2m[9, 2]";1,00018905437836;-0,182575588257993;0,38570452648318;-0,271610579528665;1,25577305248538;-0,770372122636437;0,510482361048365;30583,9313901435
"Mu_N2m[10, 1]";1,00001985390025;0,333597164997785;1,55380896739174;-0,319116592016993;-1,19437953490515;-0,924718780102594;0,267040103842735;25276,5855764707
"Mu_N2m[10, 2]";1,00006928606548;-0,713251192320639;0,906201512976333;0,250775534191177;-0,160353592278805;-0,52741353898093;-1,17001935159621;30171,8661379902
"Mu_N2m[11, 1]";0,999987075224234;-0,656391522198147;0,0570823770532561;0,76540731950818;-1,83280112894866;-0,0645243379720741;-0,282283079993599;30334,404894972
"Mu_N2m[11, 2]";1,00007152251042;-0,447376824553435;1,53810460977431;-1,77665097516225;0,443220801412955;1,28211592890343;0,587895182929919;30208,8300499974
"Mu_N2m[12, 1]";0,999975361225704;-0,84694126543398;1,1098743856259;0,633770023855738;-1,24591054535359;-0,274457286365696;-0,0165821155097454;19343,6538422881
"Mu_N2m[12, 2]";0,999983750879176;-0,481430803975566;-0,215036476822171;0,394230540379517;1,01702755602238;1,98386063556037;-0,947304997021876;13358,2211247368
"Mu_N2m[13, 1]";0,999970819201693;-1,26749242384879;-0,0132108579598674;0,631874573995946;0,217103801154762;-0,981675734790112;-0,476548168894185;15479,0879134146
"Mu_N2m[13, 2]";1,0000725180047;-0,250762838660023;1,00831250270363;0,343454136254625;-0,89685420366296;0,73916917098126;-0,0453996691080492;30341,376634271
"Mu_N2m[14, 1]";0,999965612718342;0,022724187876287;0,745067658899288;0,221675791284498;0,385296164665926;-1,29560717842677;0,555276311623855;30499,6900295984
"Mu_N2m[14, 2]";1,00015007663749;0,440926464239318;1,56841754230358;0,279362192737784;0,734243243913228;1,67158076356884;-0,631322090056183;30685,9482620676
"Mu_N2m[15, 1]";1,00014917051461;0,524777366347921;-0,148951517791459;-1,24379425035507;-0,851461151726235;1,86833383458984;0,968727122203241;5502,64774638595
"Mu_N2m[15, 2]";1,00008658680483;-0,437494379552803;-2,03933663166059;-0,882012032713587;0,981788451333533;-0,657272890632412;-1,98347716086591;17724,7435924529
"Mu_N2m[16, 1]";1,00010606712247;0,266404154151269;1,20706258000522;-0,990072504572818;-0,808641730436556;-0,0145658591114857;-2,04313952427865;10057,7177765281
"Mu_N2m[16, 2]";0,999991036708553;0,549168644972258;-0,451130722117484;2,67982057376796;0,106392965928706;-0,459157084094076;1,21469151177157;30541,6040402849
"Mu_N2m[17, 1]";1,00011011866445;0,525510595749954;0,304512942500141;0,24909380097702;-1,04319140006019;0,171585184361387;0,679393197905688;30002,380590799
"Mu_N2m[17, 2]";1,00012511328971;-0,39635754448037;0,209762338291272;-0,329867978144929;-1,05552983668825;1,11142983990494;-0,177900135699071;30537,9750775132
"Mu_N2m[18, 1]";1,00019242458298;0,107185637736712;-0,777435853507038;1,08437691512121;-0,589221479539586;0,401344665230855;-0,483032149459538;30537,0756929735
"Mu_N2m[18, 2]";1,00013770696929;-0,894309284591344;-0,424689660549033;2,15633242194799;0,313199883223629;-0,151785867344136;-2,34658191655935;29215,5655437371
"Mu_N2m[19, 1]";1,00010212095939;-0,776236412644599;-0,752410309130342;-0,361244675490686;-0,410353365673045;0,524447209199562;-1,34221208809833;30060,1635155024
"Mu_N2m[19, 2]";0,99994697167176;-1,47494845529418;-0,0927239958923233;-0,556729806301881;0,95808517355371;-0,00562173818081762;-0,715179966765767;25685,3104259135
"Mu_N2m[20, 1]";0,9999910527358;-0,438205636801076;-0,494199478046708;-0,54053307500558;-0,101152319851288;-0,0350116387593621;0,798394877937766;16188,3480778799
"Mu_N2m[20, 2]";0,99998768713422;0,412222629376633;1,2208315486158;1,57666035619047;0,979480054706433;-0,70288788106509;-0,470033659380328;30124,1183000247
"Mu_N2m[21, 1]";1,00014275330845;0,823103280150465;2,27592966256855;-0,13134951876684;-0,818970471551851;-0,626355432180072;0,568250652032866;29171,9136986893
"Mu_N2m[21, 2]";1,00004993339037;-1,25095054741649;-2,10986888200545;0,482626948945679;0,706953870308214;0,800497089933037;-1,41450146595915;30144,9638180368
"Mu_N2m[22, 1]";0,999942785889097;0,062318033273707;0,726473918081825;1,52183177859122;2,7515614223253;0,37982459513803;1,75061910769302;22343,243531689
"Mu_N2m[22, 2]";1,00003747035288;1,4890659286772;0,727856550902383;0,700049824707303;-0,970048366726893;-1,44101352271167;0,135508679242135;30218,2387020794
"Mu_N2m[23, 1]";1,00002080854739;0,834882791207556;0,962418038465797;-1,81783393120239;-1,20350412696564;0,544313631778208;0,585147432830528;30726,7331375425
"Mu_N2m[23, 2]";0,999995261817868;-0,769834504638162;0,59660896057478;0,947838152359889;0,330874478778723;-0,272704759861914;-0,525809882422828;30025,5850359068
"Mu_N2m[24, 1]";1,00001362630938;0,0961132884093893;0,915296368411068;0,864457824923208;-1,68099216532263;-0,382965211327714;1,56217553866667;30294,0171198967
"Mu_N2m[24, 2]";1,00005052885455;-0,874847508047106;-2,01833409397399;0,140672214850643;1,43837533862434;0,773999079958163;-0,216212493632922;29124,7562226072
"Mu_N2nm[1, 1]";1,00027202193262;-0,166878587236151;-0,401154253470539;1,70908523667643;-0,863526503776478;-1,88761029689342;0,515768731023911;12750,6737117205
"Mu_N2nm[1, 2]";1,00022279319752;1,61098383246056;-0,434642302099563;-0,306853768927263;1,95672844300705;-1,10777484537955;0,230220798384602;6508,98791326128
"Mu_N2nm[2, 1]";1,00008233025358;0,0996521850583207;-0,884948869158125;-0,00604077694687296;-0,716743039032032;-1,07769835068508;-0,31546789797129;30047,8158353748
"Mu_N2nm[2, 2]";1,00017334100884;-1,21445822263338;0,698156258591377;-0,0524877173942846;-1,0661792791065;-0,496225071923255;-0,295985226662648;30708,0716286536
"Mu_N2nm[3, 1]";1,00001279024859;0,650244793672149;-1,99264567844013;0,235772530708354;-0,219712719118462;-1,23115230462368;1,752171610931;30205,7281957953
"Mu_N2nm[3, 2]";1,0002187901818;0,727018687057332;-0,709732081642111;1,46405806620791;0,916300170506416;0,93779639331063;0,310236604476167;30680,8320258678
"Mu_N2nm[4, 1]";0,99998336611776;-0,149245564768039;-0,581843782777925;-0,809260897805837;-0,0328623603342866;-0,257609825411576;-0,643613380423249;24730,0079999285
"Mu_N2nm[4, 2]";0,999987082145603;-0,60337876174299;1,3805831641662;1,16134783632973;-1,4478885176001;-0,938857318553029;-0,558156073630213;30117,2332885657
"Mu_N2nm[5, 1]";1,00003034187298;-1,67128943477679;0,053696337592538;-1,05020474787125;-0,398021466746539;-0,44229041783645;0,0636802721437371;30195,7680047629
"Mu_N2nm[5, 2]";0,999968402926833;1,50144883759636;-0,199936327586071;0,0514049394878898;-2,12089613079437;0,474298982321397;0,196105158157867;9748,78894374255
"Mu_N2nm[6, 1]";1,00008962514639;-0,866993776321922;0,938666000388794;2,06313149257429;1,02024791766352;1,33759452381324;1,18388632939107;28644,5999435162
"Mu_N2nm[6, 2]";1,00005319718045;0,116773566292228;-0,353161565821376;-0,635192780430241;-0,369353286972003;-0,703614300202575;-0,382330333908736;3103,27663313374
"Mu_N2nm[7, 1]";1,00012936591697;-1,4284760679017;1,55365620018266;0,126901973937623;-0,79106254381789;0,606367147934295;1,69508168318155;21269,6639946829
"Mu_N2nm[7, 2]";1,00020356926972;-0,166007988999424;-1,40810655066149;-0,927432370909448;0,280308930620155;0,375592923137782;-2,75563064860611;2625,99254600685
"Mu_N2nm[8, 1]";1,00004338770148;-0,357359688010175;-0,435716679057951;0,533230566115882;1,50443702429841;1,22471623527783;-0,760784213072263;30295,504485446
"Mu_N2nm[8, 2]";1,00009876685281;2,8224907951556;0,649546752903612;0,143872327701628;0,712167564990311;-0,273905584024961;0,429786798847447;27727,5842010905
"Mu_N2nm[9, 1]";0,999980852183207;0,19714709114669;0,603230164383273;0,0343936956252769;-0,413179783068814;-0,285662458141354;-0,977186730022845;21496,41640945
"Mu_N2nm[9, 2]";1,00002454762519;-1,28495657507599;-0,485273952433307;1,32835444860447;0,431323091011429;-2,15395734901702;-1,55840575082258;26356,9700760444
"Mu_N2nm[10, 1]";0,999941800949524;-0,00228742377161283;-0,633936958220028;-0,400413041176553;-1,14397094694984;-0,94540314232388;0,0846951916631117;30516,8684399794
"Mu_N2nm[10, 2]";1,00010944308762;-2,43249307609604;-0,0721383022302094;-1,96446926648498;-0,671283576920829;-0,929896000156656;-0,392470464884134;30243,6836825025
"Mu_N2nm[11, 1]";1,00022252925599;-1,28468768114374;-1,04740062586541;-0,178075698033278;-0,64492199643603;0,258538292990937;0,0853107077924882;22521,7685641645
"Mu_N2nm[11, 2]";1,00014334980671;-0,352090364096981;-0,416170146998659;-0,605308635359533;1,35118615750017;-0,248602253851287;0,215671735710053;30216,438757665
"Mu_N2nm[12, 1]";0,999997465653582;1,40033280188791;0,673944946184903;-0,626597979238548;-0,0263618639426557;-0,156887966741867;-0,354500357607429;27796,7547410807
"Mu_N2nm[12, 2]";1,00008904109175;-1,62711492002412;1,06084812654012;0,184081430548191;0,335413989672854;0,349270388351277;-0,561842509053406;8465,1210266724
"Mu_N2nm[13, 1]";1,00013996618214;0,683989169873584;-1,03749254720504;1,18661445693837;0,00401641570680931;-1,0514428711283;-0,30116494470335;30027,670899967
"Mu_N2nm[13, 2]";0,999960673653536;0,661058423660743;-0,185893768648743;0,117095129984107;-0,0251450611161608;0,869035377073643;0,205615843493235;30259,138271096
"Mu_N2nm[14, 1]";1,00011672278236;-1,01002806799395;-0,594487748008935;-0,852058940438182;-0,652892340093968;-0,989783561188563;0,294029950148232;30673,8341715707
"Mu_N2nm[14, 2]";1,000051979973;-0,413920359135975;0,820146423065643;-1,30745253496976;0,722452001339956;-0,433806010457182;0,129763682936417;30376,3666035904
"Mu_N2nm[15, 1]";0,999979189538947;-0,118937252241486;0,160492969649003;1,75986140427161;0,643576567387092;0,271622878050159;-0,342279314215655;17406,091825533
"Mu_N2nm[15, 2]";1,00015200455228;-0,48485359065835;-0,824701095805842;0,48378496870783;-1,65242120679243;0,989079170560387;0,621215667804785;17070,6582982774
"Mu_N2nm[16, 1]";1,00002856779373;0,404806414635088;0,437024758128253;-1,54115893134284;-0,682577236811203;-2,31139411019191;-0,253731194787843;12189,2879551072
"Mu_N2nm[16, 2]";1,00007367130747;0,105967814235755;-0,416113791644833;1,19206472465668;0,0552247165233858;1,85939783315377;-2,07997641451269;30352,4938448156
"Mu_N2nm[17, 1]";1,00006478920508;-0,525469166853679;2,0768990813036;0,320228253333307;-0,527901304956449;0,738478634670419;0,996245911397134;30086,806688118
"Mu_N2nm[17, 2]";1,00000157704209;-0,101798820491015;-0,273035676390742;-0,480671842758309;0,692802518790402;-0,881740203630664;-0,533856995390818;15893,9655349922
"Mu_N2nm[18, 1]";0,999991800815012;-0,147191350364719;1,99436768020007;0,431466768857153;0,867981281707831;0,927312272999531;-0,515789212143553;21349,3336927628
"Mu_N2nm[18, 2]";1,00027114027508;-0,0367359352748157;-0,653456023578058;-0,499511657048543;0,145629275298474;0,953032860982831;0,705854002601934;29051,6305324163
"Mu_N2nm[19, 1]";1,00014448132992;-0,217725235119265;1,06296919971151;-0,482962132518454;-1,46672646949974;-0,991355896791567;1,50399252954862;30124,5565104203
"Mu_N2nm[19, 2]";1,00006043516107;-0,178449281138563;-1,43201112745729;1,00565745421767;-0,0663399787038495;0,521376111745323;1,18956551793111;30515,4402594185
"Mu_N2nm[20, 1]";0,999976399612405;1,86910578460699;-1,42753014986484;-1,01162776266119;1,58214535464645;-0,276319725321615;0,21030904620065;30028,2386403957
"Mu_N2nm[20, 2]";1,00011790991154;-0,321214716697437;-0,431797468254444;1,0030931043849;0,042331840671719;0,78778731678169;-0,571225368860241;14142,9407850581
"Mu_N2nm[21, 1]";1,00016955859801;-0,716009789747814;-1,68441455727271;-1,14431958541197;0,78482492242449;0,817144507143722;1,49568394403738;30092,0915713155
"Mu_N2nm[21, 2]";1,00013360003667;0,576304233224862;-0,00216879981788561;0,947820607065916;0,964531778584297;2,40262835347048;1,93065712677616;22698,0054774151
"Mu_N2nm[22, 1]";1,00002809605446;-0,173305005236181;-1,78966184330498;-1,37502501356228;0,362316485411327;1,75551228089353;0,78757061970475;26366,4707908428
"Mu_N2nm[22, 2]";1,00000832492478;0,802186931674789;2,12713234604724;-0,225940277544995;-1,83728412436772;-0,329118827772517;1,14127645799517;30463,6072762303
"Mu_N2nm[23, 1]";1,00005802735838;0,267885093633662;2,06449824326164;2,33507449744646;0,782392226853259;0,572113957428037;-2,54995337071281;30227,9585936249
"Mu_N2nm[23, 2]";1,00011671998074;1,56492039418034;1,85993309640433;1,0299900015831;1,53156256210184;0,373921066132115;-0,471535170467607;30087,1333798525
"Mu_N2nm[24, 1]";1,00007546137003;0,292139979961002;-1,22508843219392;0,947161458116218;0,548281037852124;-2,63405629673202;2,27119919522392;30246,3443272773
"Mu_N2nm[24, 2]";1,00012834389492;-1,05023931341453;1,66308769368829;0,203796719250162;-0,790570697317523;0,0437607766953177;-1,29676849222779;18209,9137479786
"Mu_N3[1]";1,00007203027854;-0,475898402636925;-1,42064627959989;0,00107924187359922;0,111433807639547;0,350650025503285;0,108684892427145;30040,7428535716
"Mu_N3[2]";1,00035121681201;-0,334235714323188;0,0919352355350132;-0,404368211433143;1,11752335586717;0,822813818832784;-0,79266663217352;30096,1918716499
"Mu_N3[3]";1,00000966966407;-1,9072999687363;0,148033413551511;1,11290436762513;1,45054030684039;1,41784881758697;-1,07296657355652;30241,8754188401
"Mu_N3[4]";1,0000767645562;-0,235835077319406;1,27516382085814;-0,431856118545386;-1,72225496838735;0,394834229368992;0,948148502743644;27376,3189194934
"Mu_N3[5]";0,999986116892241;-1,24198096200428;0,477177742663698;-1,18830073940414;-0,772577467016943;-1,98030597543972;1,15844929843554;30250,031645183
"Mu_N3[6]";0,999985232457898;-0,893225785044776;1,19506413745141;-0,885621116762627;0,448101681077702;0,841853560818894;-1,97956306412528;26733,4116860945
"Mu_N3[7]";0,999980484349958;-0,569742846551574;0,139861941210608;0,647168038565849;1,11253081608918;-0,721127843784337;-0,487545685209232;30471,7577665932
"Mu_N3[8]";1,0000773844156;-2,63140039909729;0,177645579594715;1,40163764471115;-0,875749222653192;-2,73862724243571;0,414971327467354;15534,2844765055
"Mu_N3[9]";1,00005775233924;0,977638814877424;-0,891489638426959;0,135495038216391;0,363249764868156;-0,96475444583367;2,11352787038355;23191,0913560319
"Mu_N3[10]";1,00006833498534;-0,373999632107729;2,47337829364746;-0,0770331877408011;-1,29582132121946;-1,54389464120923;-0,981152742683853;30201,9626658986
"Mu_N3[11]";1,00000609439037;-1,0913180171147;1,36149366164924;-1,0099659691718;-1,32176006628743;1,14833727632817;0,249650010219676;30728,3879187246
"Mu_N3[12]";0,999992764557892;-1,1383202584217;0,80857531783966;0,857370315804591;-0,106068031970381;1,36415727553276;-0,680548709685725;4260,94842645503
"Mu_N3[13]";1,00008653767618;-1,27266894654032;0,868039325551715;0,812281320489161;-0,546441169213576;-0,140298044514343;-0,405608550366497;30168,0816366543
"Mu_N3[14]";1,00009285932283;0,547037308053515;2,71526974405875;0,671532367227136;1,2822012915464;0,58281209957049;-0,035493598800944;30127,4834970886
"Mu_N3[15]";0,999978621331782;0,0455854889227652;-2,50049292764844;-2,2826191499229;0,183727864523813;1,2065765592197;-1,14172073769949;29974,114398045
"Mu_N3[16]";1,00006603962629;0,676482537163915;0,636167914119144;1,55247716128199;-0,579007186697439;-0,402638680159286;-0,66894090961994;30805,0457778609
"Mu_N3[17]";1,0001762179017;0,165741135055351;0,469230044303672;-0,0810710548454353;-1,8513707135009;1,17661251702922;0,513109242268511;27230,6824956348
"Mu_N3[18]";0,999959357860152;-0,770855402140298;-1,1918979865739;2,86848400047301;-0,245548091180396;0,286538504894018;-2,79319953100322;30594,5320833178
"Mu_N3[19]";1,0000457520666;-1,88327831602601;-0,96526293988296;-0,849591891114958;0,553557945335076;0,439471852993309;-1,79209436410374;30363,200035947
"Mu_N3[20]";0,999997330423171;-0,0167744144596467;0,86719886426652;1,23775552208238;0,92729920251225;-0,794608056290028;0,383328891887859;13432,9212071123
"Mu_N3[21]";1,000430814635;-0,692235646164782;0,559268249543415;0,540425195837949;-0,150152870012768;0,214618647666854;-1,21166340992498;30070,6303600399
"Mu_N3[22]";1,00004308207531;1,40813745936736;1,34991598603854;1,94641383038414;1,34465213445502;-1,0321760209076;1,51862145383021;30302,9334954292
"Mu_N3[23]";1,00000691696022;-0,085660524916439;1,38162195120698;-0,593114278849672;-0,606399687119459;0,226512746536598;0,0579061350905346;31014,3106322905
"Mu_N3[24]";0,999973426785784;-0,980189160505604;-1,29492031405944;0,878690512349507;0,104438290004955;0,53114006502349;0,607389293225717;29535,1190950978
"Mu_N4[1]";1,00027235508996;0,42311069891914;-0,541873797136679;1,46060130162247;-0,0173196399566171;-2,17846642865031;0,566686688160595;9392,6717529188
"Mu_N4[2]";1,00004921928497;-0,32935997147472;-0,431786027931192;-0,0250462364023977;-1,09202073791158;-1,21044924463412;-0,391029402141389;30234,9249285026
"Mu_N4[3]";1,00006410551046;0,802323614892714;-2,2078844672166;0,817992909637933;0,133626414587086;-0,878829631330746;1,75469814220784;30462,0225087111
"Mu_N4[4]";1,00004711441715;-0,491138620732067;0,0115692321773321;-0,310623557911776;-0,643812357104439;-0,676961818996497;-0,790037691975427;11425,2901486838
"Mu_N4[5]";1,00005916473888;-0,980836442018434;-0,0378018109629138;-0,991847225721537;-1,33690993458535;-0,155607327662119;0,150955400780582;30055,9396654699
"Mu_N4[6]";1,00009259716188;-0,802470254139486;0,759386690468804;1,71492765788786;0,85824587626949;1,05235177434975;1,07999707771244;29941,3040462365
"Mu_N4[7]";1,00006691920797;-1,74987274962523;0,965141026876642;-0,307213609162359;-0,923480626476706;0,800975031310526;0,418018576070204;30053,4457025962
"Mu_N4[8]";0,999986538715051;1,16070701579954;-0,136232068313902;0,638937431145494;1,88179368830962;1,05890765698459;-0,549211238566406;30278,7918870884
"Mu_N4[9]";0,999959722801481;-0,455499152902813;0,408793187738543;0,6838428985851;-0,184867089803393;-1,3616785085026;-1,85803933657752;19543,7436213364
"Mu_N4[10]";0,999981062775891;-0,842391115424026;-0,641489578737793;-1,06575354899723;-1,35459812753565;-1,21833313940179;-0,0553896713976144;30177,3018342381
"Mu_N4[11]";1,00013829774235;-1,57222644620856;-1,44660199095569;-0,582239446070764;0,574564844078207;0,0867352989020131;0,23920900439887;30003,7893621104
"Mu_N4[12]";1,00000100847967;0,269220355877549;1,35926755655072;-0,417018521832267;0,183309010975693;0,0697912870599597;-0,671756255309184;30005,6533370017
"Mu_N4[13]";1,0001500054997;0,87364248593414;-1,09186706644205;1,1706305578055;-0,00666179884120463;-0,724749426382131;-0,258551472943183;30043,5641945046
"Mu_N4[14]";1,00007424281085;-1,26449938344094;-0,102189662072242;-1,52189527435482;-0,187908331811284;-1,27287078483721;0,377658872096258;30677,0482005695
"Mu_N4[15]";1,00000629183191;-0,337707027639306;-0,259891148860578;1,90360124101923;0,0473208595579658;0,69100077826772;-0,0238201237949261;14303,3789775315
"Mu_N4[16]";1,00006976044337;0,432177679285202;0,177131316326257;-0,902995255578165;-0,58612333576838;-1,11172074460483;-1,25324280729275;13123,5813053381
"Mu_N4[17]";1,00000583673121;-0,595207753183453;1,89784532624273;0,0802618948756989;-0,219861348927838;0,21958274545937;0,749950032497299;29558,7319379828
"Mu_N4[18]";0,999984203486561;-0,151537014007321;1,98137894346573;0,228602563905399;0,920906587954607;1,20616734103369;-0,209617930076718;30009,9513622157
"Mu_N4[19]";1,00014291044942;-0,273491275959242;0,442946097008189;-0,0618567840930369;-1,40434078778744;-0,704786965156657;1,85712672404741;29315,2038100521
"Mu_N4[20]";0,999992264281072;1,63466244526331;-1,73844399043503;-0,447904458795761;1,73510270172158;0,154823206000523;-0,102974842111239;21302,5066026259
"Mu_N4[21]";1,00008116501076;-0,494225688405859;-1,60785602861364;-0,786080911443954;1,04353215330199;1,54927944625831;1,9383677480206;30172,6240558719
"Mu_N4[22]";0,999941628938889;0,429258578168766;0,0055840677830725;-1,39424124372261;-1,13880818481959;1,4555793847528;1,40755447095425;30207,8185606728
"Mu_N4[23]";0,9999373337453;1,35435316896212;2,6574675085746;2,55900802860004;1,52455479773955;0,690223405753349;-2,46446087739866;29776,9775054841
"Mu_N4[24]";0,999965389198371;-0,61378606092368;0,339005227188459;1,06589533715689;-0,146035648501729;-2,66208971906934;0,846334379735164;30195,2022908751
"Mu_Sd_L1";1,00005775149158;0,422006032707441;-1,56471167421548;1,36094008486277;-0,418878696012479;0,789110279862591;-0,32838609451594;30170,900800971
"Mu_Sd_L1surv";0,999938330202076;-1,68278652695253;-0,699939622139008;-0,360287744640983;-2,28893010125163;0,23610156859926;0,932375480522153;30241,3611786416
"Mu_Sd_L2";0,999992501273279;1,63907154036469;-0,0535049846021507;0,820693148244472;-1,14060977053822;-0,948067048682203;0,461970684480443;29952,232410015
"Mu_Sd_L2m";0,99993845119603;1,6295344167235;-0,226742217968473;0,152982678821329;-0,96204514776384;0,0609235869398912;1,16866782031241;28215,8387340375
"Mu_Sd_L2nm";0,99994824344727;1,33448282743971;-0,383630594249851;0,396286247084879;-1,42264460224325;-0,0121812470539039;1,18543388731888;30030,2184754967
"Sd_Alpha2[1]";1,00020635977753;0,812491358687569;0,16046470222962;0,467569428068495;-0,265979967181703;-1,87033848133422;-0,524176830604957;30457,0699821797
"Sd_Alpha2[2]";1,00007920369591;-0,718806041231263;-0,0285849334377609;1,01859318241964;0,891748751923991;-0,450610153996242;-0,379053849335383;27793,5825010096
"Sd_L1[1]";1,00007383272298;-2,97594508668785;-0,487789746324395;-0,428385428065433;0,485339310852714;-1,51301815525007;-1,30433987516375;30205,0117333674
"Sd_L1[2]";1,00007216869301;-0,947195653148918;1,27027023109067;0,00470454048247924;0,429312473926495;-0,419303884891893;-0,642302503492741;30157,1402314784
"Sd_L1[3]";1,00007756239893;1,70464268297599;-1,12465286192082;-0,584975684989812;0,929014249753511;2,31130742808844;0,897164732719677;6750,68085505509
"Sd_L1[4]";1,00004357434722;-0,58937690213656;-0,861791339470382;0,751457052594044;0,324431137127162;-0,246842587674339;1,19184628223669;26649,9158873852
"Sd_L1[5]";1,00005356640591;-1,11298718275806;0,33643651012178;0,470388791664019;1,74230013277064;-0,054149151294469;-0,93296709379964;26044,2972969002
"Sd_L1[6]";0,999970553933117;0,515811362649333;-1,47111997005353;-0,789117834299097;-1,36996984237266;-0,363713275875901;2,09043547277914;30830,2426400601
"Sd_L1[7]";0,999944323242276;0,501867223205783;-0,331859442910752;-0,496171560699151;-0,571827862294286;1,5080263228619;-1,43889395430116;20891,2669921867
"Sd_L1[8]";1,00001214994245;0,258575797855873;0,210112245313803;-0,146464581567381;-2,08426270880362;-1,41776747614409;-1,06255933276829;7406,9823052304
"Sd_L1[9]";1,00019038812661;-1,19204325506032;-0,330427936379825;-0,686115666160109;-0,13123800495681;0,581165096775207;0,027621853447257;30005,2124452988
"Sd_L1[10]";1,00000538196408;0,612653517175633;-1,44508209918484;0,446859650127327;-1,58826150581302;0,464331564781825;1,58339370940742;30092,842115637
"Sd_L1[11]";1,00016772664608;-0,644403983472026;0,567719638342417;-0,212650158574932;-1,35657099226793;1,40775801108387;1,18846797092131;30606,6467661915
"Sd_L1[12]";0,999936260265337;-1,17343020659335;-0,243384280232474;-0,767118616947988;-0,0503448774217703;-0,470654500537531;1,60416100037491;12279,0036843309
"Sd_L1[13]";1,00001397095325;-0,807416803291809;0,891897654441411;0,857727270226521;-0,0769178487303427;-0,980398280204287;0,826103148877237;29644,2752680902
"Sd_L1[14]";1,00000686673851;0,870204674994429;-0,402220313385671;0,181770658772254;0,415456136101596;-0,683420476500709;-0,376934404453997;23861,6262192715
"Sd_L1[15]";0,999998633908384;0,85009985114046;1,70543712213102;-1,45950490654752;-1,54148020897563;-1,22026348525222;-0,309928910190417;7197,55434297698
"Sd_L1[16]";0,999942223813679;-1,91906675367975;0,0536467303795747;-0,282420917746118;-0,302659162510058;1,80870716638314;0,633869731981241;30169,6422158506
"Sd_L1[17]";0,99999669835301;-0,000492416375967612;-0,404230292781353;0,0411940948340288;-1,7621959703804;0,165356977937529;-1,09778321009279;7869,91199771385
"Sd_L1[18]";0,999960421590124;1,48995171581126;-2,04066348333522;-0,776180330078515;-0,893272812931593;0,743285307176135;0,286041918847365;30353,6982838196
"Sd_L1[19]";1,0000417723236;-2,06593023115416;-0,729333265298606;2,10971745441375;0,655760688490224;-0,56578660800035;-0,188284030945585;30104,4706024296
"Sd_L1[20]";0,999957687993964;0,825354801659748;0,129303966495972;0,636053603971119;-0,113378410751219;-1,20520535497086;0,952108244812391;28770,3856441278
"Sd_L1[21]";1,00012628172878;-1,87079111206524;-1,5173887246876;-0,0451326612729245;-1,83709650225917;-1,77561675640168;-1,19921231580125;30078,3063868525
"Sd_L1[22]";1,00034671424473;-0,297748019358881;0,957724314251181;0,160015431575509;-1,37217705889744;-0,180530514450754;1,31871113151771;9097,39458389908
"Sd_L1[23]";1,00001236135486;-1,40623293159437;1,4874630202218;0,35230384198795;-0,699066342171939;-0,938535611555132;-1,05263777736327;30105,2573885956
"Sd_L1[24]";1,00000135103269;-1,1085735036516;-1,49322619492136;-1,26966078128059;0,235927571384998;-0,960184449350933;0,97093444113288;11158,013951832
"Sd_L1surv[1]";1,00005280204775;-2,92473445088736;-0,420336197343276;-0,441782327129922;0,202704846199144;-1,26519095584702;-1,26364101128674;30207,565150898
"Sd_L1surv[2]";1,00004075580453;-1,00409519759622;1,39761381858605;0,0121429127636454;0,238964805055606;-0,135887705254161;-0,594376674876628;30244,305101805
"Sd_L1surv[3]";1,00006391114022;1,73195259331037;-1,08204410043296;-0,595981427217408;0,667860679067358;2,50935620667481;0,817482410526655;7006,07913457495
"Sd_L1surv[4]";1,00003652456578;-0,614185816083674;-0,889393695207945;0,772059553429794;0,178888959187004;0,0303262650149934;1,23182243143478;28463,0454920631
"Sd_L1surv[5]";1,00006150550779;-1,03808657684237;0,36998681526935;0,438155881646316;1,53184596517447;0,202156159048794;-0,908100681988076;30026,9213764192
"Sd_L1surv[6]";0,999957611421081;0,546916949975098;-1,51519932994867;-0,867518796470308;-1,51378982554019;-0,0963249399226678;2,12580442327486;30857,0949580178
"Sd_L1surv[7]";0,999947717446066;0,439455326900788;-0,258516359481679;-0,536605127045717;-0,745840981151677;1,89573093642327;-1,31954778193108;20352,0755609787
"Sd_L1surv[8]";1,00001289997475;0,279859171398129;0,239139993697562;-0,22327109910589;-2,22143285549667;-1,20436565120162;-0,992579452858543;6002,65295728056
"Sd_L1surv[9]";1,00019211445488;-1,19365747748995;-0,231006558775361;-0,619167790961861;-0,345397561129821;1,00656062261803;0,138519137201894;30016,1705148099
"Sd_L1surv[10]";0,999991085872362;0,587222534164464;-1,42047874319022;0,412353258560361;-2,23849363776241;0,762234098343882;1,62892220286127;30118,5833561283
"Sd_L1surv[11]";1,00018065885321;-0,637487473971206;0,638185903574611;-0,184189105650015;-1,53817963546215;1,70856474174708;1,31543963687168;30551,7329460355
"Sd_L1surv[12]";0,999937204913918;-1,18511063935781;-0,294273142119861;-0,819641417635894;-0,294754190513724;-0,275396409583245;1,70406606883283;11513,3508310371
"Sd_L1surv[13]";1,00002731312332;-0,820847365159107;0,994518568296469;0,794903148577117;-0,314082996089746;-0,821448041685276;0,846417826412527;30066,2728747286
"Sd_L1surv[14]";1,00000183909396;0,88411498585085;-0,40219688500983;0,186889389008002;0,33319520502128;-0,546754526500241;-0,347800181120857;21371,01295729
"Sd_L1surv[15]";1,00000738677856;0,840579888403141;1,74715777143011;-1,42104634626641;-1,6641840934943;-1,07135510139594;-0,296480360490426;8295,16766362428
"Sd_L1surv[16]";0,999940995178474;-2,01036751355626;0,10616442495079;-0,330233029575861;-0,566430333283094;2,12252324627519;0,731332553560269;30121,1904308465
"Sd_L1surv[17]";0,999989744088462;-0,014003361784856;-0,338561992966623;-0,00884549343791817;-1,89768910075968;0,308070092013806;-1,01879770406528;8154,8468432013
"Sd_L1surv[18]";0,999961400480056;1,52012465598284;-2,02654612745087;-0,773951827421454;-0,981146200816366;0,86134432436481;0,288148116543223;30370,6061306118
"Sd_L1surv[19]";1,00005324525503;-1,99624560505518;-0,688587247220584;2,01670241603563;0,535171961454288;-0,340885013668513;-0,142960602152878;30127,3518380751
"Sd_L1surv[20]";0,999944012931758;0,831305565684545;0,18715373828248;0,618036317995364;-0,296572748457893;-1,0337170456304;0,985823490232921;28745,620343811
"Sd_L1surv[21]";1,00010913299392;-1,84203318103243;-1,45232120652705;-0,0420375953760591;-1,9951599526714;-1,37739290365133;-1,15855202043639;30123,1334134084
"Sd_L1surv[22]";1,00033852384356;-0,327758614743647;0,989509416837118;0,147294166523146;-1,53661631996519;-0,0436905553403574;1,30528963026691;8688,46321652
"Sd_L1surv[23]";1,0000147843223;-1,39437459490615;1,50162474748483;0,297487443661471;-0,80086122712512;-0,793365875703706;-1,0117361705363;30109,6843460125
"Sd_L1surv[24]";0,999985954077799;-1,13369985683184;-1,46423414748072;-1,22321430310919;0,0764924344354206;-0,798187212717779;0,964973291608389;11044,1131843291
"Sd_L2[1]";1,00004081174398;-0,138616250857045;-1,92511091923874;0,105570597467221;-0,169700841560435;0,346513950266099;-0,105933171503939;13941,3409588715
"Sd_L2[2]";1,000110771771;1,68614539633569;1,07105002614794;-0,570316102210731;-2,44997894142586;1,8333272848966;0,875172949728431;27788,9738728408
"Sd_L2[3]";1,00006396653345;0,519134781595726;0,0553526114142051;-0,394981308798345;-0,344394230549981;-1,03498378603414;0,918491734875917;29834,7681354355
"Sd_L2[4]";1,00003673075655;-1,07628854824992;-0,255813560945458;-0,930473177987503;-0,0690473243714873;0,73145241399841;0,0400651350033989;30918,9730010772
"Sd_L2[5]";1,00004198677627;0,264050184960107;-0,697721219613941;1,185226093091;0,908922622550105;0,050201575864703;0,458736758667274;16730,3942638979
"Sd_L2[6]";0,999969200107434;-0,25194291251756;1,14184512133036;1,3100086557249;1,43568344479528;0,653076560648319;-0,488430087340502;30166,907870186
"Sd_L2[7]";1,00001251033683;-0,0436007492141008;-0,208943047809587;-1,27093932191771;0,511523930564321;1,47986195363744;-0,598496313598048;4466,90142556555
"Sd_L2[8]";1,00010311835866;-0,120137617768841;-0,921061917695838;-1,50105821800982;-2,53303738588519;-0,0343433614199529;1,25448446012465;30270,1330248131
"Sd_L2[9]";1,00005086588969;1,44051974718757;1,45835336187277;-0,820835729323723;-0,81093731291837;0,439472706693293;-0,35936378390036;30167,4904289035
"Sd_L2[10]";1,00041119502032;0,0532955286728243;0,00123290573890793;1,82071300345389;0,619125157215182;0,189403357301995;-1,19544142201972;30449,4025942322
"Sd_L2[11]";1,00001609980006;-0,133049546582425;-0,881057048977937;-2,56114658930553;1,58313313822555;-0,339466671222255;1,38790027254303;30015,1094446287
"Sd_L2[12]";1,00009637681983;2,68207152661516;-1,13023328996523;-0,159033338937161;0,183055569612411;0,0995764529880901;0,26727278523609;30091,0166690822
"Sd_L2[13]";1,00008846198077;1,27317146545997;-0,916774203380257;0,225068764727702;0,91941949116144;-0,321707002928919;-0,926214802051605;29752,8723527903
"Sd_L2[14]";0,999996125298222;1,93714092315757;0,719998684087986;0,56041205320898;-1,93310732106769;-0,707807296417378;1,34063965640335;29069,763173707
"Sd_L2[15]";1,00008194741017;0,306721443333623;1,93091038199711;-0,419047289915591;-0,749383153655486;-0,864982966383498;1,20547627669125;8808,19891348597
"Sd_L2[16]";1,00001840941923;0,142483209314526;1,19115695070633;0,967957340706158;1,70945398895158;-1,06532130956255;0,135262581566574;30113,0783012469
"Sd_L2[17]";0,999963505517471;-0,558450665562463;0,0223420491886639;1,06406496065054;-0,460678277542946;-1,03905256027765;1,3658257334904;30617,6842228595
"Sd_L2[18]";1,00007879196001;1,2163288635827;-1,03017486059783;-1,64026657501749;-0,169120649347134;0,360648228872737;0,354357786809077;14194,6090819479
"Sd_L2[19]";0,999991706816523;1,84862378783511;-0,836207564933225;1,27156612744213;-1,73530903312466;-1,05560475771205;0,528523557668685;30359,3944226567
"Sd_L2[20]";1,00008449548196;-0,783645539701034;0,374185086783082;-0,407779868692809;0,16447503587415;0,113849505867034;0,128931526635146;30003,2140647624
"Sd_L2[21]";0,999993537854139;-0,109130414260853;0,567511608940795;0,313389170822404;-0,856015285767954;-1,28356716542239;-0,82655936895819;30068,1449746459
"Sd_L2[22]";1,00001620785506;0,320140607321359;-0,505666672856741;1,87204541068819;1,23572137324453;0,738101942748185;-1,01615451029676;30258,5092311847
"Sd_L2[23]";1,00001414301818;-0,798470587510732;1,39610445424409;-1,04646517343458;-0,618718715018406;-0,335589191683756;0,521793652169247;26174,8583984682
"Sd_L2[24]";1,00003197815157;1,42215842549786;-0,0073580504676523;-0,188883911862703;-0,111265552931059;1,89728184336252;2,19705738484212;26150,9019476192
"Sd_L2m[1]";1,00001809120676;-0,54631449875168;-2,04376824147496;0,196114334505274;-0,315955733347991;0,368454387232699;-0,158882127439056;14356,5138426515
"Sd_L2m[2]";1,0001060365469;1,59146316277159;0,992888169651635;-0,521324075574493;-2,37793983740956;1,76216693710963;0,883665596323977;26630,1916950077
"Sd_L2m[3]";1,00003902617113;0,421410475063313;0,0445710298945384;-0,370286303685707;-0,559565784538901;-1,11984280770667;0,908956809692087;28921,3787674974
"Sd_L2m[4]";1,00002228716151;-1,06264081295407;-0,399600290939311;-0,821232681460319;-0,000822369133183867;0,821828804384003;0,145403752118335;30882,3653175136
"Sd_L2m[5]";1,00004159127942;0,167522461831279;-0,694931607886764;1,24720494331524;0,948195620169317;-0,0264913819180572;0,492837662168237;18707,5093024687
"Sd_L2m[6]";0,999980347507184;-0,334481138177819;1,04854855094782;1,31498642899334;1,30748732912551;0,608730158706053;-0,505498705615684;30164,3644850013
"Sd_L2m[7]";1,00002174646558;-0,226499955134814;-0,240614125772639;-1,07414485568019;0,2075149683531;1,30909983847325;-0,344673542518759;3853,82339841528
"Sd_L2m[8]";1,00009428718068;-0,195681964243748;-0,976856579841187;-1,44373841962531;-2,64208768753726;-0,0836397048046883;1,24164004031636;30302,5331332689
"Sd_L2m[9]";1,00003349580338;1,43076012018204;1,44280329468385;-0,758068650384013;-0,940866360097849;0,505521693949004;-0,229745425395255;30157,0322090354
"Sd_L2m[10]";1,00039138549848;0,0153623636756687;-0,0668492861308094;1,95531233778965;0,537122881415936;0,214821464916045;-1,15094150390703;30527,8845832069
"Sd_L2m[11]";1,00001140094338;-0,163805509410414;-0,839633482685406;-2,47602646589479;1,3222944876134;-0,356397159828672;1,44010376626889;30013,543482664
"Sd_L2m[12]";1,00010434547773;2,57885273967916;-1,31848885067085;-0,0576273909069919;-0,0161764574349055;0,0521871176878227;0,38389611762863;30131,3135069262
"Sd_L2m[13]";1,00006950882542;1,19115758013785;-0,938609252455265;0,296611146591474;0,813953485801096;-0,389574902507574;-0,9225207782629;30026,7311776584
"Sd_L2m[14]";0,999987926459945;2,0140428343263;0,668389190635674;0,658747888058708;-2,07397836615521;-0,694787145784032;1,34754453580714;26726,2889702863
"Sd_L2m[15]";1,00010265892717;0,268935610185698;1,89139635738363;-0,239845018975645;-0,779254421919365;-0,992632627061267;1,11755753541955;7047,10736312594
"Sd_L2m[16]";1,00000704004668;0,10471266220549;1,10165772832301;1,1221549363985;1,55073720599855;-1,20477138536044;0,29436176335579;30170,2570877492
"Sd_L2m[17]";0,999961173497508;-0,615279449884786;-0,0394465871867113;1,10867933971354;-0,625611872447002;-1,02050956268085;1,36735836859496;30556,924632616
"Sd_L2m[18]";1,00007724255041;0,998122798484714;-1,09575169372978;-1,48489348606819;-0,265105786855772;0,322055993627313;0,283282280530734;15531,8675084317
"Sd_L2m[19]";0,999994936470761;1,80699815030447;-0,849902098577996;1,31054266943597;-1,82034908692811;-1,09609273176429;0,522048387160145;30352,0238162048
"Sd_L2m[20]";1,00007375213788;-0,794747239080462;0,35168739227055;-0,338646736667979;0,0896115030713096;0,0201038963676946;0,168299484880133;30001,3797889944
"Sd_L2m[21]";0,999992167025227;-0,19312704006176;0,48946097243265;0,364318960732999;-0,976236635411253;-1,37348617352645;-0,866764284181894;30056,2621396502
"Sd_L2m[22]";1,00002144844085;0,253256860626465;-0,678174129131347;1,99410634399558;0,991364569220579;0,654692601748352;-1,01922006753944;30250,0584279843
"Sd_L2m[23]";1,00001097521966;-1,0416210817094;1,18731562672034;-1,00706575570911;-0,902566199964396;-0,420121180423238;0,588911358182435;27355,6395140083
"Sd_L2m[24]";1,00003981661253;1,39282609717427;-0,186003705965361;-0,164680988556316;-0,198813697814879;1,90781209490449;2,25083730441459;27493,943896161
"Sd_L2nm[1]";1,00001425386578;-0,166691852802894;-2,05412200817513;0,181797240349903;-0,434755949554619;0,251813046588106;0,00279429565922838;16844,9587336299
"Sd_L2nm[2]";1,00008977573058;1,41244713252206;0,980896359559675;-0,460139829576505;-2,73486281443034;1,73484239513184;0,910707319277426;25214,5423746354
"Sd_L2nm[3]";1,00004404757054;0,372843708523481;-0,0639777275678793;-0,252183575530723;-0,610639150811435;-1,00939968127688;0,976939549218175;29581,3964081331
"Sd_L2nm[4]";1,00003290196385;-1,14532834188048;-0,272721304938418;-0,738683149813923;-0,338201863481184;0,71050356941222;0,182475087918278;30822,9711107075
"Sd_L2nm[5]";1,00006144994787;0,15364261647005;-0,814919378886304;1,37084927268427;0,687535632769619;-0,0644539917153568;0,391377938334858;19517,6041740579
"Sd_L2nm[6]";0,999986219007196;-0,316592430848068;0,923493021253363;1,30404966664651;1,11625355813462;0,53129267031715;-0,553630309728402;30185,3544995741
"Sd_L2nm[7]";1,00005256190646;-0,265594469223636;-0,339707375689468;-1,02734924241532;0,17538506065884;1,38074731434886;-0,528072922765342;3723,84810031445
"Sd_L2nm[8]";1,00009059660009;-0,187816207449551;-0,985985877248319;-1,37809395190255;-2,70457411472492;-0,117160913113084;1,28354594560212;30268,8247882539
"Sd_L2nm[9]";1,00004469298991;1,34091284640452;1,32795872644695;-0,644641358855069;-1,04462421436434;0,329216367047687;-0,300338897970326;30139,9885325885
"Sd_L2nm[10]";1,00039257569461;-0,0665113584347953;-0,0868384265619551;1,93787704569999;0,35849515408536;0,161206731697029;-1,10511572268603;30647,4853466264
"Sd_L2nm[11]";1,00000948238347;-0,200931830109075;-0,900001494883202;-2,38826676651894;1,24122258679474;-0,43045751366804;1,46455307961975;30086,5072022817
"Sd_L2nm[12]";1,00010100789379;2,51817517026191;-1,35002047594317;-0,0312363650414835;-0,0969912716567128;-0,0269505512761735;0,365651916646205;30168,0777911742
"Sd_L2nm[13]";1,00007297065364;1,07716219777994;-0,976351740499677;0,395459122621737;0,896499016613805;-0,501553825585914;-0,874760323908604;30089,8588818736
"Sd_L2nm[14]";0,999981921968941;1,96963429256008;0,651616088508112;0,685853233579658;-2,13012918085019;-0,74818726401793;1,37618899492956;26997,4144501928
"Sd_L2nm[15]";1,00010770661095;0,213036795548969;1,73944853375306;-0,161569841420658;-0,995622982845133;-0,974911936979676;1,20103318458677;7402,10674264165
"Sd_L2nm[16]";1,00000541178322;0,0864118721192111;1,08942070436873;1,17989894154657;1,41542603437444;-1,10322536818572;0,2070297249288;30167,7677966754
"Sd_L2nm[17]";0,999959292608701;-0,657936489676263;-0,151422802736053;1,09943756602312;-0,719871420642509;-1,0734232919133;1,3506880762146;30498,8133068378
"Sd_L2nm[18]";1,00007988351579;0,970577124508119;-1,24760257090238;-1,3785226709427;-0,371489309664734;0,319727591814329;0,332588738974601;19226,9427995786
"Sd_L2nm[19]";0,999996422448837;1,77424614804175;-0,972609103846372;1,41516611370399;-1,93188855478629;-1,09373273665129;0,544449851105959;30337,2299688948
"Sd_L2nm[20]";1,00007002719457;-0,872971605992979;0,275996233792343;-0,245115920593679;-0,0925849696720807;-0,0189101311145932;0,174510532110237;29994,1786728668
"Sd_L2nm[21]";0,999988116803943;-0,211619413479303;0,536127371034931;0,51196536614797;-1,16976462078301;-1,34382064478542;-0,767008087310697;29981,8437099408
"Sd_L2nm[22]";1,000018009462;0,240958614100722;-0,619190987846648;2,07018485528544;0,927648994384253;0,614596541411582;-0,963013900582556;30271,615880541
"Sd_L2nm[23]";1,00002777624487;-0,942655710639031;1,19575200582286;-0,920426708117903;-1,006335048835;-0,466948321634724;0,657399524982722;26289,6897027417
"Sd_L2nm[24]";1,00004961271609;1,28758023468158;-0,0550407010870151;-0,0885756907486399;-0,45385833011729;1,93790972961556;1,94940737054432;28502,7737318004
