"Parameter";"Mean";"SD";"Naive SE";"Time-series SE";"2.5%";"25%";"50%";"75%";"97.5%"
"Alpha1[1]";-1,13145081245744;0,207389503539165;0,0011973638569544;0,00119215694063659;-1,5236793721632;-1,27328884237835;-1,13549469491378;-0,995913336679164;-0,708614683606471
"Alpha1[2]";-2,43499866552161;0,0785014708031613;0,000453228452999867;0,000453231136795807;-2,59070331616185;-2,48763230859907;-2,43400032794937;-2,38216362982358;-2,28186228630114
"Alpha1[3]";-2,44927734766119;0,122428048421342;0,000706838667124223;0,000699784876888515;-2,6885567777035;-2,53142333723027;-2,45045207096617;-2,36755091195514;-2,20720728384451
"Alpha1[4]";-1,6751451387406;0,165062169932502;0,000952986882435536;0,000953011871941332;-1,98950078341222;-1,78857419054928;-1,67784870366352;-1,56490531034553;-1,34200396330032
"Alpha1[5]";-1,82123680976814;0,127294398012404;0,000734934549587926;0,000744393712468291;-2,07060020006315;-1,90721670964404;-1,82295431187487;-1,73545037718544;-1,56878082197276
"Alpha1[6]";-2,5822421847307;0,101468047436476;0,000585826045015952;0,000585603599143119;-2,78077622116009;-2,65032525546561;-2,58280854833771;-2,51370992508645;-2,38167608963611
"Alpha1[7]";-0,955248553228138;0,146022982364055;0,00084306408175759;0,00084312664328225;-1,23390899805439;-1,05436417948625;-0,957416753020903;-0,860518756800371;-0,660857008789731
"Alpha1[8]";-1,79751510851523;0,0667152683608875;0,000385180781472165;0,000383698754965293;-1,93061142046778;-1,84232908755984;-1,79719810830197;-1,75198273232017;-1,66918607177064
"Alpha1[9]";-2,27765429720455;0,0713488089035933;0,000411932540268487;0,000415967968149999;-2,41776391160777;-2,32509761963278;-2,27818864934116;-2,23012405967542;-2,13684831310721
"Alpha1[10]";-2,09314040857436;0,0731757649535656;0,000422480475940979;0,000431104695941088;-2,23911738728981;-2,14170579697568;-2,09244956324129;-2,04385856542802;-1,95172173806981
"Alpha1[11]";-2,13590901857709;0,101131781976628;0,00058388461547833;0,000577209240776573;-2,33218545701068;-2,2040929204533;-2,13623493398981;-2,06821357727721;-1,9352956481272
"Alpha1[12]";-2,57846788230015;0,0963013160709235;0,000555995907568629;0,000555991714003314;-2,7680840433292;-2,64247940937245;-2,57759518796273;-2,51449555772609;-2,39026123501106
"Alpha1[13]";-3,11859833390598;0,110977295745735;0,000640727715727369;0,000644023192108811;-3,33555904015995;-3,19340933345728;-3,11796545177395;-3,04383223236336;-2,9016081067348
"Alpha1[14]";-2,22048523838368;0,0777099634410198;0,000448658683113887;0,000444496439311994;-2,37172826110548;-2,27330809325856;-2,22069981165328;-2,16807408374363;-2,06786806297793
"Alpha1[15]";-2,44688356421167;0,0903458861781789;0,000521612217051469;0,0005198667008208;-2,62090704566669;-2,50852708256567;-2,44852144459622;-2,38579483367142;-2,2673353217202
"Alpha1[16]";-2,53997957706988;0,128247723475707;0,000740438576716564;0,00073003786064647;-2,79207477978591;-2,625791218792;-2,53904524031382;-2,45385744931331;-2,28789979143826
"Alpha1[17]";-1,87984821399084;0,128906241671697;0,000744240533293771;0,000749555888227381;-2,13083711938958;-1,96663761613875;-1,88052308234848;-1,79380161577287;-1,62622173918028
"Alpha1[18]";-1,75001099432127;0,176629948178178;0,00101977348127621;0,00101457756765312;-2,09339386048527;-1,86959644911873;-1,75132827131337;-1,63232442904192;-1,39755667538075
"Alpha1[19]";-2,34991984448209;0,0913244061868232;0,000527261704955451;0,000525175394415625;-2,52789349906956;-2,41098036312181;-2,350104858259;-2,28868478579665;-2,17081989590097
"Alpha1[20]";-1,66050745607313;0,112230593089793;0,000647963631317034;0,000648834218274834;-1,87705603276482;-1,73674407837895;-1,66129627706161;-1,58514801298962;-1,43729130304764
"Alpha1[21]";-1,67835865154545;0,0772627535382975;0,000446076715536678;0,000449575309000132;-1,82708740486322;-1,7306821713535;-1,67957519341312;-1,62657901431554;-1,52524417517746
"Alpha1[22]";-2,47585991517808;0,119739363284925;0,00069131553625146;0,00068870201286894;-2,71079018946433;-2,55594157551695;-2,47661994011471;-2,39560776487092;-2,24024742295543
"Alpha1[23]";-2,41331373368356;0,145726714198756;0,000841353576707714;0,000837598665678282;-2,6971216724997;-2,51224223733537;-2,41435829031158;-2,31591287023592;-2,12451847996411
"Alpha1[24]";-1,90608633214142;0,113432829246266;0,000654904745002728;0,000660518547245786;-2,12526796289699;-1,98334874482966;-1,90789345201519;-1,8295605351224;-1,68136990159338
"Alpha2[1, 1]";1,28593250422838;0,267125330352398;0,00154224881386324;0,00154788174866681;0,777823608607999;1,10467179537868;1,28041113016123;1,4627798968102;1,82248126806286
"Alpha2[2, 1]";0,312328984540909;0,222740683162745;0,00128599393383492;0,00129414777675513;-0,136688551544147;0,165171251090409;0,316971182572853;0,462734155180789;0,738627292946702
"Alpha2[3, 1]";0,661254990835788;0,239121584203952;0,00138056911009201;0,00138724195132062;0,184512380094729;0,503209272807379;0,662197639975597;0,823271798140451;1,12683901934083
"Alpha2[4, 1]";0,961392822098715;0,263051278606462;0,00151872726514116;0,0015127074289777;0,458035192226929;0,784893544655811;0,957060071192486;1,13297772225519;1,49144592593261
"Alpha2[5, 1]";1,19051404560486;0,290141116051911;0,00167513051455549;0,00169450409047951;0,645434219364473;0,992635658082428;1,18385831193323;1,38088662740778;1,77995483347498
"Alpha2[6, 1]";1,22442669758007;0,205363891978546;0,00118566898315643;0,00118593219979387;0,824263070334149;1,08475055748003;1,22355872682814;1,36184698942095;1,63571059852699
"Alpha2[7, 1]";0,345512332627097;0,201481558775534;0,001163254321958;0,00116359926276767;-0,0570574702860071;0,212528171509168;0,347067424690505;0,479889555076764;0,737889589856448
"Alpha2[8, 1]";0,919525569993266;0,157355167312574;0,000908490482062932;0,000911354591466872;0,611707893108949;0,813705586900678;0,919802306912671;1,02491119899877;1,22753133081679
"Alpha2[9, 1]";0,166309921747547;0,207044783590191;0,00119537361540105;0,00119671929639534;-0,250601515907657;0,0295814327184728;0,168612502848078;0,306868638460872;0,564679392541537
"Alpha2[10, 1]";0,916366520686697;0,180613889662026;0,00104277477815756;0,00103951139884033;0,560716609479723;0,794329254618869;0,917316559410321;1,03998396472526;1,26532493269709
"Alpha2[11, 1]";0,937799878133224;0,227208885540287;0,00131179111228959;0,0013163321058559;0,503187792837081;0,784172617198309;0,932836443054727;1,08549873826684;1,39894686736985
"Alpha2[12, 1]";0,54214233462985;0,205104249132291;0,00118416993448465;0,00118948495686484;0,137939423427021;0,403432063883251;0,544160607897558;0,680515420165075;0,945448474667742
"Alpha2[13, 1]";0,717706591035125;0,224311911503852;0,00129506542489188;0,00129924638358498;0,273211267687276;0,56627884036528;0,718609327209235;0,867801436059407;1,15553980830616
"Alpha2[14, 1]";0,438854860294451;0,162979266794313;0,000940961235560247;0,000945385363185777;0,116897482762323;0,329207079040762;0,440339260765798;0,54920039002456;0,75374313399619
"Alpha2[15, 1]";0,310114028430178;0,227252226273491;0,00131204134012942;0,00133097135894802;-0,14459722416651;0,159003179157038;0,314805206217847;0,464905763107788;0,748966535896554
"Alpha2[16, 1]";0,768052232808969;0,231388528987663;0,00133592229498419;0,0013401786559922;0,315964994677582;0,613271616223926;0,768521950217653;0,923112272782986;1,22115347870508
"Alpha2[17, 1]";1,05275169723952;0,183958088994071;0,00106208252200336;0,00105307636971165;0,694250154655235;0,928879449956155;1,05131838141682;1,17459154881632;1,41570319412956
"Alpha2[18, 1]";0,879162731928903;0,182308474725679;0,00105255846958421;0,00103256231502925;0,518385681819978;0,75674351633402;0,879707003508603;1,00339920802434;1,23410374339858
"Alpha2[19, 1]";1,33025238198699;0,189531308027533;0,00109425951709558;0,0011008226382239;0,965937061583387;1,20063832812831;1,3288432319031;1,45605131028897;1,70757359332674
"Alpha2[20, 1]";0,818473446858503;0,169306830372601;0,000977493440912637;0,000973991161575029;0,485861192136631;0,705037820196699;0,81866920759654;0,93336030899901;1,14706382490635
"Alpha2[21, 1]";0,889990678849007;0,205708810803029;0,00118766037291806;0,00118765930459161;0,481711474620757;0,751859865592709;0,889989296164768;1,0298045674775;1,29214543163059
"Alpha2[22, 1]";1,15984636701054;0,274933264134043;0,00158732794056972;0,00160742200445847;0,64416625351237;0,971995899064175;1,15147434554131;1,33729520532307;1,7244323372678
"Alpha2[23, 1]";0,98210429080668;0,329586961397726;0,00190287120884368;0,00190253785538804;0,350079497617861;0,762158209975439;0,97632479981232;1,19730684174453;1,64521697239076
"Alpha2[24, 1]";1,30908017306159;0,321490588974848;0,0018561267808656;0,00186334702123256;0,720301666274481;1,09023432025914;1,2934672263838;1,51235655965916;1,98627792417753
"Alpha2[1, 2]";3,33010322140128;0,526845520785892;0,00304174403247083;0,0030952864802972;2,4179510455933;2,96270706975641;3,28561705310884;3,65314269111708;4,49107762421716
"Alpha2[2, 2]";3,11996010924113;0,525139324130009;0,00303189330148519;0,00304720918881787;2,19669279075633;2,75752599801823;3,08423660071169;3,43937238735821;4,26935742544859
"Alpha2[3, 2]";2,51316979584395;0,541366877381128;0,00312558312386341;0,00309569033753562;1,47100969754084;2,14942511531268;2,50233540640661;2,85943683824932;3,61141721955117
"Alpha2[4, 2]";2,63399143359661;0,603469410843013;0,00348413226797918;0,00345830671197229;1,46924784865956;2,23404334099761;2,62516646486445;3,01410941841983;3,86647779424513
"Alpha2[5, 2]";3,44104165845859;0,59575794657152;0,00343961010824926;0,00337246337020929;2,43786348120865;3,02632597069062;3,38209475961783;3,79315832784057;4,77561998147729
"Alpha2[6, 2]";3,11777094408352;0,471893429574468;0,00272447798593635;0,00278681183230494;2,28325899037242;2,79227603424681;3,0853063258908;3,40815629333485;4,14407026827729
"Alpha2[7, 2]";2,46757926835057;0,536772547941802;0,00309905775047801;0,00309914573114717;1,4464859363805;2,10440742202894;2,45540285359037;2,81612914139457;3,57064860672048
"Alpha2[8, 2]";3,13608813205127;0,422862265955451;0,00244139643079515;0,00242482525855361;2,39038487469614;2,84294077403023;3,10666479403059;3,39706441254375;4,05467542532527
"Alpha2[9, 2]";2,45919398429443;0,434212750249316;0,00250692848242011;0,00251195803812911;1,64806823218305;2,16353531754074;2,44422599979551;2,73865511414265;3,36214553973516
"Alpha2[10, 2]";3,24550528885891;0,429119864017508;0,00247752469005124;0,00247735497451993;2,48648440014264;2,94602527815352;3,21623410085222;3,5099443466801;4,17329619047931
"Alpha2[11, 2]";2,11821752648067;0,416240947898219;0,00240316823316782;0,00240311544151606;1,34312376163087;1,82857522473126;2,10703089853264;2,39507469034714;2,96172312382822
"Alpha2[12, 2]";1,60196591040626;0,371779363708245;0,00214646915716103;0,00222470800746454;0,893684785625484;1,34957098942303;1,58972613505746;1,84867800387726;2,36189650233864
"Alpha2[13, 2]";2,85159376636953;0,485504914170084;0,00280306392888984;0,0027793661022216;1,96236501835507;2,51990296927572;2,82712944967709;3,15781458557191;3,88045141819029
"Alpha2[14, 2]";2,07850079171886;0,347735682027927;0,00200765289625662;0,00201422040783865;1,41733025317227;1,83932424346585;2,07099531147843;2,31029141372744;2,77461964259134
"Alpha2[15, 2]";2,57066428740402;0,374144548761904;0,00216012455943516;0,0021573047388298;1,86885145046145;2,31447748615388;2,56064007690096;2,81653063050779;3,3293271178305
"Alpha2[16, 2]";2,22117852428537;0,381908154812795;0,00220494775986881;0,00221759541986496;1,49257594444355;1,95985591009864;2,21437126433798;2,47493082442578;2,98759760360349
"Alpha2[17, 2]";2,75413126192236;0,385483758816871;0,00222559151921149;0,00221812360491725;2,04982079673974;2,48994760779573;2,73730998130914;3,00180867604496;3,55797733687025
"Alpha2[18, 2]";3,15104580010098;0,365006879564176;0,00210736820172443;0,00209549906791149;2,48229276756262;2,89988854106091;3,1338243592807;3,38355098399231;3,92171900476087
"Alpha2[19, 2]";3,14429257661635;0,380284918706785;0,00219557600184118;0,00215954687665285;2,4506949436677;2,88478930022224;3,12634082200422;3,3846353704324;3,94681075621611
"Alpha2[20, 2]";3,11923769563395;0,401899978703023;0,00232037060891495;0,00233041944861791;2,39671770280703;2,84047348994438;3,09614215553237;3,36982747379976;3,97448183771717
"Alpha2[21, 2]";3,35872644312828;0,437313935779601;0,00252483318542727;0,00254041815421993;2,57421196857821;3,05570149780032;3,33156157218572;3,63348469238708;4,29800776962556
"Alpha2[22, 2]";2,37395015985047;0,423107577444376;0,00244281273733681;0,00251349081192601;1,57813650623339;2,08458323009065;2,35997354488696;2,65331693050882;3,23506796387294
"Alpha2[23, 2]";2,37372383723135;0,529365952234119;0,00305629575022191;0,00306450472907843;1,36033177862722;2,01411219162959;2,3686646915459;2,72271273496785;3,44851839632416
"Alpha2[24, 2]";2,97361623930936;0,490893782707549;0,00283417657589717;0,00281996880590658;2,12221144284699;2,63691629598766;2,93400757626188;3,26950448125609;4,04052643326347
"Beta1";2,15896647967979;0,277987413651276;0,00160496108102892;0,00160172570118179;1,62094080666208;1,96958433104444;2,15632172268043;2,34358337042581;2,71505795374831
"Beta2";2,09258851856506;0,228567666280899;0,00131963603655322;0,00130647769835687;1,65159400650114;1,93753443859644;2,09080663961284;2,24364473684198;2,55192485128904
"Gamma1[1, 1]";0,511551515873542;0,0491775758493971;0,000283926866547427;0,000283944551988078;0,416304475939653;0,477889721149165;0,511763087302541;0,544530109225964;0,608689241825287
"Gamma1[2, 1]";0,472352706224101;0,0401606550711748;0,000231867650161745;0,000232191140653563;0,394477289248401;0,444932928944983;0,47199087021723;0,499257302138553;0,551258082434616
"Gamma1[3, 1]";0,619116432683244;0,0348561074582862;0,000201241830239441;0,000200514498499065;0,549517670767112;0,595803022283771;0,619541021866205;0,642940495563833;0,686256688181073
"Gamma1[4, 1]";0,662432416645156;0,0454499545689943;0,000262405435050651;0,000265446645585447;0,570032003355557;0,632792160675789;0,663650547513332;0,693669722081766;0,748356931661043
"Gamma1[5, 1]";0,462632163893332;0,05355575089006;0,000309204271930287;0,000310509937766502;0,359651818385427;0,425922174373216;0,461970168192175;0,498742677287676;0,5684115591009
"Gamma1[6, 1]";0,578764675888533;0,0304426044988257;0,000175760459022303;0,000176717335286108;0,518620611047779;0,558376216311291;0,579040365646713;0,59931439555772;0,638168288684292
"Gamma1[7, 1]";0,664147176711515;0,0433038093300318;0,000250014659736301;0,000252524012381074;0,577497424422369;0,635297895611398;0,664800264971584;0,693868546722559;0,747185347436558
"Gamma1[8, 1]";0,521564218255008;0,032550766371231;0,000187931937267588;0,000189845167362459;0,458259012538959;0,499170787865359;0,521480809198596;0,543764973109502;0,585502237544796
"Gamma1[9, 1]";0,505304918738828;0,0330980708416995;0,000191091801101125;0,000187231335139153;0,441003035728269;0,482741576946545;0,505185240395361;0,527700250754157;0,570573129810652
"Gamma1[10, 1]";0,517802468956422;0,0313301830360064;0,000180884896095986;0,000183874235445495;0,456428012348473;0,496693318648371;0,517843101468059;0,53911988522268;0,579025166785485
"Gamma1[11, 1]";0,54459001169017;0,0390603937710862;0,000225515288583894;0,000225590037855981;0,4671321284365;0,518295096615211;0,544726207477028;0,571195828084312;0,619665430859198
"Gamma1[12, 1]";0,60135551341725;0,0378913198897311;0,000218765637382865;0,00021738747266235;0,526072386842358;0,576223857867379;0,601538857306478;0,62702201061392;0,674397781570588
"Gamma1[13, 1]";0,569101741704355;0,0417536362646598;0,000241064731370471;0,000240053878185071;0,48635392779257;0,541174095686266;0,569244160987249;0,597607763732173;0,649156009984353
"Gamma1[14, 1]";0,598370862642707;0,0360303479056974;0,000208021310623502;0,000208029757986399;0,526841203216034;0,57400409330048;0,598547052479579;0,622924898637288;0,668213089364136
"Gamma1[15, 1]";0,537267286646306;0,0375428759829964;0,000216753895549357;0,000216758146514813;0,463241249622899;0,512175418359349;0,537339977662456;0,562704118361214;0,61047607616144
"Gamma1[16, 1]";0,553236962064074;0,0440951865260755;0,000254583678107964;0,00025549573358926;0,466251147041369;0,523553858349399;0,553252629997455;0,583312572271931;0,639121940889622
"Gamma1[17, 1]";0,576059070157102;0,0346420814153911;0,00020000615030465;0,000198631032936209;0,5072429369949;0,553051030797583;0,576151576359827;0,599491412585722;0,643707406268072
"Gamma1[18, 1]";0,558529420093362;0,0373112752018934;0,000215416747816213;0,000214596084997065;0,484454363309912;0,533534700802593;0,558604032508054;0,584123892597624;0,631050487672512
"Gamma1[19, 1]";0,56886728038843;0,0324491483779184;0,000187345245509653;0,000190187654239479;0,50438246418089;0,547142809799601;0,568913331069483;0,590840527031486;0,631774918539731
"Gamma1[20, 1]";0,545982903240322;0,0372256660572068;0,000214922483188915;0,00021491915247319;0,473515592530697;0,520930889170822;0,546001037715962;0,571077693578334;0,61880642735829
"Gamma1[21, 1]";0,53706366229337;0,0378637030172439;0,000218606191295218;0,000219630860122994;0,463333668359492;0,511406193788682;0,537179375086297;0,562710808534072;0,610726450281444
"Gamma1[22, 1]";0,458717013746491;0,049642303951544;0,000286609975496172;0,000283163339242898;0,363734444661248;0,424910981152972;0,458082027510304;0,492347886606512;0,556969178576103
"Gamma1[23, 1]";0,513457042121913;0,0423879138334943;0,000244726734621546;0,000248006003538094;0,430699172107028;0,484708416827077;0,51361079527192;0,542098599986833;0,59623493796884
"Gamma1[24, 1]";0,352694969165309;0,0418158304978533;0,000241423809943233;0,00024141657998937;0,272976962932198;0,32378649486167;0,35201548020363;0,380789110950382;0,435966534044231
"Gamma1[1, 2]";0,488448484126458;0,0491775758493971;0,000283926866547427;0,000283944551988078;0,391310758174713;0,455469890774036;0,488236912697459;0,522110278850835;0,583695524060347
"Gamma1[2, 2]";0,527647293775899;0,0401606550711748;0,000231867650161745;0,000232191140653563;0,448741917565384;0,500742697861447;0,52800912978277;0,555067071055017;0,605522710751599
"Gamma1[3, 2]";0,380883567316756;0,0348561074582862;0,000201241830239441;0,000200514498499065;0,313743311818927;0,357059504436167;0,380458978133795;0,404196977716229;0,450482329232888
"Gamma1[4, 2]";0,337567583354844;0,0454499545689943;0,000262405435050651;0,000265446645585447;0,251643068338957;0,306330277918234;0,336349452486668;0,367207839324211;0,429967996644443
"Gamma1[5, 2]";0,537367836106668;0,05355575089006;0,000309204271930287;0,000310509937766502;0,4315884408991;0,501257322712324;0,538029831807825;0,574077825626784;0,640348181614573
"Gamma1[6, 2]";0,421235324111467;0,0304426044988257;0,000175760459022303;0,000176717335286108;0,361831711315708;0,40068560444228;0,420959634353287;0,441623783688709;0,481379388952221
"Gamma1[7, 2]";0,335852823288485;0,0433038093300318;0,000250014659736301;0,000252524012381074;0,252814652563442;0,306131453277441;0,335199735028416;0,364702104388602;0,422502575577631
"Gamma1[8, 2]";0,478435781744992;0,032550766371231;0,000187931937267588;0,000189845167362459;0,414497762455204;0,456235026890498;0,478519190801404;0,500829212134641;0,541740987461041
"Gamma1[9, 2]";0,494695081261172;0,0330980708416995;0,000191091801101125;0,000187231335139153;0,429426870189348;0,472299749245843;0,494814759604639;0,517258423053455;0,558996964271731
"Gamma1[10, 2]";0,482197531043578;0,0313301830360064;0,000180884896095986;0,000183874235445495;0,420974833214515;0,46088011477732;0,482156898531941;0,503306681351629;0,543571987651527
"Gamma1[11, 2]";0,45540998830983;0,0390603937710862;0,000225515288583894;0,000225590037855981;0,380334569140802;0,428804171915688;0,455273792522972;0,481704903384789;0,5328678715635
"Gamma1[12, 2]";0,39864448658275;0,0378913198897311;0,000218765637382865;0,00021738747266235;0,325602218429412;0,37297798938608;0,398461142693522;0,423776142132621;0,473927613157642
"Gamma1[13, 2]";0,430898258295645;0,0417536362646598;0,000241064731370471;0,000240053878185071;0,350843990015647;0,402392236267827;0,430755839012751;0,458825904313734;0,513646072207431
"Gamma1[14, 2]";0,401629137357293;0,0360303479056974;0,000208021310623502;0,000208029757986399;0,331786910635864;0,377075101362712;0,401452947520421;0,42599590669952;0,473158796783966
"Gamma1[15, 2]";0,462732713353694;0,0375428759829964;0,000216753895549357;0,000216758146514813;0,38952392383856;0,437295881638786;0,462660022337544;0,487824581640651;0,536758750377101
"Gamma1[16, 2]";0,446763037935926;0,0440951865260755;0,000254583678107964;0,00025549573358926;0,360878059110378;0,416687427728069;0,446747370002545;0,476446141650601;0,533748852958631
"Gamma1[17, 2]";0,423940929842898;0,0346420814153911;0,00020000615030465;0,000198631032936209;0,356292593731928;0,400508587414278;0,423848423640173;0,446948969202417;0,4927570630051
"Gamma1[18, 2]";0,441470579906638;0,0373112752018934;0,000215416747816213;0,000214596084997065;0,368949512327487;0,415876107402376;0,441395967491946;0,466465299197407;0,515545636690088
"Gamma1[19, 2]";0,431132719611569;0,0324491483779184;0,000187345245509653;0,000190187654239479;0,368225081460269;0,409159472968514;0,431086668930517;0,452857190200399;0,49561753581911
"Gamma1[20, 2]";0,454017096759678;0,0372256660572068;0,000214922483188915;0,00021491915247319;0,38119357264171;0,428922306421666;0,453998962284038;0,479069110829178;0,526484407469303
"Gamma1[21, 2]";0,46293633770663;0,0378637030172439;0,000218606191295218;0,000219630860122994;0,389273549718556;0,437289191465928;0,462820624913703;0,488593806211318;0,536666331640508
"Gamma1[22, 2]";0,541282986253509;0,049642303951544;0,000286609975496172;0,000283163339242898;0,443030821423898;0,507652113393488;0,541917972489696;0,575089018847027;0,636265555338752
"Gamma1[23, 2]";0,486542957878087;0,0423879138334943;0,000244726734621546;0,000248006003538094;0,40376506203116;0,457901400013167;0,48638920472808;0,515291583172923;0,569300827892972
"Gamma1[24, 2]";0,647305030834691;0,0418158304978533;0,000241423809943233;0,00024141657998937;0,564033465955769;0,619210889049618;0,64798451979637;0,67621350513833;0,727023037067802
"Gamma1_F[1]";0,511551515873542;0,0491775758493971;0,000283926866547427;0,000283944551988078;0,416304475939653;0,477889721149165;0,511763087302541;0,544530109225964;0,608689241825287
"Gamma1_F[2]";0,472352706224101;0,0401606550711748;0,000231867650161745;0,000232191140653563;0,394477289248401;0,444932928944983;0,47199087021723;0,499257302138553;0,551258082434616
"Gamma1_F[3]";0,619116432683244;0,0348561074582862;0,000201241830239441;0,000200514498499065;0,549517670767112;0,595803022283771;0,619541021866205;0,642940495563833;0,686256688181073
"Gamma1_F[4]";0,662432416645156;0,0454499545689943;0,000262405435050651;0,000265446645585447;0,570032003355557;0,632792160675789;0,663650547513332;0,693669722081766;0,748356931661043
"Gamma1_F[5]";0,462632163893332;0,05355575089006;0,000309204271930287;0,000310509937766502;0,359651818385427;0,425922174373216;0,461970168192175;0,498742677287676;0,5684115591009
"Gamma1_F[6]";0,578764675888533;0,0304426044988257;0,000175760459022303;0,000176717335286108;0,518620611047779;0,558376216311291;0,579040365646713;0,59931439555772;0,638168288684292
"Gamma1_F[7]";0,664147176711515;0,0433038093300318;0,000250014659736301;0,000252524012381074;0,577497424422369;0,635297895611398;0,664800264971584;0,693868546722559;0,747185347436558
"Gamma1_F[8]";0,521564218255008;0,032550766371231;0,000187931937267588;0,000189845167362459;0,458259012538959;0,499170787865359;0,521480809198596;0,543764973109502;0,585502237544796
"Gamma1_F[9]";0,505304918738828;0,0330980708416995;0,000191091801101125;0,000187231335139153;0,441003035728269;0,482741576946545;0,505185240395361;0,527700250754157;0,570573129810652
"Gamma1_F[10]";0,517802468956422;0,0313301830360064;0,000180884896095986;0,000183874235445495;0,456428012348473;0,496693318648371;0,517843101468059;0,53911988522268;0,579025166785485
"Gamma1_F[11]";0,54459001169017;0,0390603937710862;0,000225515288583894;0,000225590037855981;0,4671321284365;0,518295096615211;0,544726207477028;0,571195828084312;0,619665430859198
"Gamma1_F[12]";0,60135551341725;0,0378913198897311;0,000218765637382865;0,00021738747266235;0,526072386842358;0,576223857867379;0,601538857306478;0,62702201061392;0,674397781570588
"Gamma1_F[13]";0,569101741704355;0,0417536362646598;0,000241064731370471;0,000240053878185071;0,48635392779257;0,541174095686266;0,569244160987249;0,597607763732173;0,649156009984353
"Gamma1_F[14]";0,598370862642707;0,0360303479056974;0,000208021310623502;0,000208029757986399;0,526841203216034;0,57400409330048;0,598547052479579;0,622924898637288;0,668213089364136
"Gamma1_F[15]";0,537267286646306;0,0375428759829964;0,000216753895549357;0,000216758146514813;0,463241249622899;0,512175418359349;0,537339977662456;0,562704118361214;0,61047607616144
"Gamma1_F[16]";0,553236962064074;0,0440951865260755;0,000254583678107964;0,00025549573358926;0,466251147041369;0,523553858349399;0,553252629997455;0,583312572271931;0,639121940889622
"Gamma1_F[17]";0,576059070157102;0,0346420814153911;0,00020000615030465;0,000198631032936209;0,5072429369949;0,553051030797583;0,576151576359827;0,599491412585722;0,643707406268072
"Gamma1_F[18]";0,558529420093362;0,0373112752018934;0,000215416747816213;0,000214596084997065;0,484454363309912;0,533534700802593;0,558604032508054;0,584123892597624;0,631050487672512
"Gamma1_F[19]";0,56886728038843;0,0324491483779184;0,000187345245509653;0,000190187654239479;0,50438246418089;0,547142809799601;0,568913331069483;0,590840527031486;0,631774918539731
"Gamma1_F[20]";0,545982903240322;0,0372256660572068;0,000214922483188915;0,00021491915247319;0,473515592530697;0,520930889170822;0,546001037715962;0,571077693578334;0,61880642735829
"Gamma1_F[21]";0,53706366229337;0,0378637030172439;0,000218606191295218;0,000219630860122994;0,463333668359492;0,511406193788682;0,537179375086297;0,562710808534072;0,610726450281444
"Gamma1_F[22]";0,458717013746491;0,049642303951544;0,000286609975496172;0,000283163339242898;0,363734444661248;0,424910981152972;0,458082027510304;0,492347886606512;0,556969178576103
"Gamma1_F[23]";0,513457042121913;0,0423879138334943;0,000244726734621546;0,000248006003538094;0,430699172107028;0,484708416827077;0,51361079527192;0,542098599986833;0,59623493796884
"Gamma1_F[24]";0,352694969165309;0,0418158304978533;0,000241423809943233;0,00024141657998937;0,272976962932198;0,32378649486167;0,35201548020363;0,380789110950382;0,435966534044231
"Gamma3[1, 1]";0,473487666510101;0,0525683943473729;0,000303503766273222;0,000298314889906681;0,372336107089448;0,437514279817825;0,473524557593527;0,508694020527115;0,578797356600621
"Gamma3[2, 1]";0,378823145184962;0,0447760634661616;0,000258514722954401;0,000258448787532862;0,293820999086338;0,348012631390497;0,378087837832115;0,409066766978227;0,467611193612978
"Gamma3[3, 1]";0,556821874372796;0,0420375650035003;0,000242703994708473;0,000240882132440479;0,47261217987528;0,528757225087224;0,557484078132314;0,585440578150395;0,637492651978335
"Gamma3[4, 1]";0,620740731492074;0,0505508585944243;0,000291855518172576;0,000296577918421132;0,518580937320116;0,58707138485531;0,62195511731062;0,655431734996583;0,716244099543945
"Gamma3[5, 1]";0,411059224567889;0,0574440744353049;0,000331653518385722;0,000332950472821352;0,302007381116313;0,371280858486579;0,410181279529594;0,449369576115746;0,526501357202184
"Gamma3[6, 1]";0,534681452813627;0,0348551182186749;0,000201236118861882;0,000202061291979562;0,465233189500327;0,511226065099308;0,534787481174951;0,558256219872488;0,602477186781203
"Gamma3[7, 1]";0,581651324542767;0,0525732516932043;0,000303531810172455;0,000310212866046836;0,477612692217236;0,546517985636877;0,58214377726308;0,617580603503477;0,683309162848629
"Gamma3[8, 1]";0,466893331140185;0,0360653363779709;0,000208223316662359;0,00021108924710652;0,397629322180259;0,442286752244087;0,466612084378196;0,491359290581886;0,537745551550826
"Gamma3[9, 1]";0,406803506357724;0,0381333823836306;0,000220163185843001;0,00021926878070637;0,332973861440866;0,380931175445335;0,406700092899202;0,43270176569791;0,482091831101451
"Gamma3[10, 1]";0,463023511346517;0,0344244957433044;0,000198749918841139;0,000201282113845073;0,395969346342424;0,439597383476808;0,463094346545204;0,486160421978153;0,531038167627534
"Gamma3[11, 1]";0,496620309649981;0,0428154578269613;0,000247195161018732;0,00024538583332632;0,413089816588256;0,467749179935409;0,49643538198682;0,525711624066637;0,581244931751192
"Gamma3[12, 1]";0,531230972914914;0,0472738224714441;0,000272935541295108;0,000275339581512837;0,438478619614501;0,499690871840654;0,531284894492487;0,563223494271446;0,62408866211455
"Gamma3[13, 1]";0,471344666975885;0,0493020788531465;0,000284645684974723;0,00028570006284117;0,374315024514765;0,438156345549895;0,471280235923735;0,504683025262275;0,568079562664548
"Gamma3[14, 1]";0,513803832386691;0,0457572123863915;0,0002641793888865;0,000264420388339706;0,424298984420798;0,482584967849342;0,514240126050521;0,544668798837547;0,603387285626855
"Gamma3[15, 1]";0,382364342346814;0,0469252054635479;0,000270922800061579;0,000270650611922931;0,291239103175723;0,350224046435147;0,382101224799665;0,413714843568142;0,475814879157749
"Gamma3[16, 1]";0,47599945470592;0,0529685669731756;0,000305814164005517;0,000305958854685861;0,372899894184012;0,439788284267045;0,475692804796403;0,511769738428216;0,580091839718773
"Gamma3[17, 1]";0,499444685451507;0,0428770009719033;0,000247550480531722;0,000248807239935157;0,415202302035133;0,470508454056351;0,499310000701942;0,52861423549454;0,583563719381747
"Gamma3[18, 1]";0,450723187253999;0,0458585340736689;0,000264764369920744;0,000265554097080314;0,361371315781793;0,419680932503566;0,450484876042452;0,481794520202395;0,540393125515136
"Gamma3[19, 1]";0,508037192299587;0,0373279441352341;0,000215512985947727;0,000216314919888052;0,435067092925809;0,482569646191023;0,508194673517614;0,533325868028991;0,581104461133876
"Gamma3[20, 1]";0,446759909102659;0,0457564906401497;0,00026417522188263;0,000264176871138538;0,358279892912293;0,415605530403446;0,446471359702497;0,477438552377264;0,537271016156966
"Gamma3[21, 1]";0,451984305345394;0,0435587942330867;0,000251486815760481;0,000253338361781767;0,367936976884776;0,422273736222441;0,45212491075434;0,48095461622234;0,538050317477864
"Gamma3[22, 1]";0,411030522901264;0,054883193117756;0,000316868263205227;0,000313794593023185;0,306687056231492;0,373234845366978;0,409816133441458;0,447460539780224;0,520961287496519
"Gamma3[23, 1]";0,447348201129283;0,0534924694996269;0,000308838916652274;0,000310039174117571;0,343135456663067;0,411061481049357;0,447010680870402;0,483400909324533;0,55275523742173
"Gamma3[24, 1]";0,306831291199441;0,0454257762617821;0,000262265841528876;0,000260887062507744;0,221877142145401;0,275486421165029;0,305460099490982;0,336992840652059;0,399818776490964
"Gamma3[1, 2]";0,526512333489898;0,0525683943473729;0,000303503766273222;0,000298314889906681;0,421202643399379;0,491305979472886;0,526475442406473;0,562485720182175;0,627663892910551
"Gamma3[2, 2]";0,621176854815038;0,0447760634661616;0,000258514722954401;0,000258448787532862;0,532388806387022;0,590933233021773;0,621912162167885;0,651987368609503;0,706179000913662
"Gamma3[3, 2]";0,443178125627204;0,0420375650035003;0,000242703994708473;0,000240882132440479;0,362507348021665;0,414559421849605;0,442515921867686;0,471242774912776;0,52738782012472
"Gamma3[4, 2]";0,379259268507926;0,0505508585944243;0,000291855518172576;0,000296577918421132;0,283755900456055;0,344568265003417;0,37804488268938;0,41292861514469;0,481419062679884
"Gamma3[5, 2]";0,588940775432111;0,0574440744353049;0,000331653518385722;0,000332950472821352;0,473498642797816;0,550630423884254;0,589818720470406;0,628719141513421;0,697992618883687
"Gamma3[6, 2]";0,465318547186373;0,0348551182186749;0,000201236118861882;0,000202061291979562;0,397522813218797;0,441743780127512;0,465212518825049;0,488773934900692;0,534766810499673
"Gamma3[7, 2]";0,418348675457233;0,0525732516932043;0,000303531810172455;0,000310212866046836;0,316690837151371;0,382419396496523;0,41785622273692;0,453482014363123;0,522387307782764
"Gamma3[8, 2]";0,533106668859815;0,0360653363779709;0,000208223316662359;0,00021108924710652;0,462254448449174;0,508640709418114;0,533387915621804;0,557713247755913;0,602370677819741
"Gamma3[9, 2]";0,593196493642276;0,0381333823836306;0,000220163185843001;0,00021926878070637;0,517908168898549;0,56729823430209;0,593299907100798;0,619068824554665;0,667026138559134
"Gamma3[10, 2]";0,536976488653483;0,0344244957433044;0,000198749918841139;0,000201282113845073;0,468961832372466;0,513839578021847;0,536905653454796;0,560402616523192;0,604030653657576
"Gamma3[11, 2]";0,503379690350019;0,0428154578269613;0,000247195161018732;0,00024538583332632;0,418755068248808;0,474288375933363;0,50356461801318;0,532250820064591;0,586910183411744
"Gamma3[12, 2]";0,468769027085086;0,0472738224714441;0,000272935541295108;0,000275339581512837;0,37591133788545;0,436776505728554;0,468715105507513;0,500309128159346;0,561521380385499
"Gamma3[13, 2]";0,528655333024115;0,0493020788531465;0,000284645684974723;0,00028570006284117;0,431920437335452;0,495316974737725;0,528719764076266;0,561843654450105;0,625684975485235
"Gamma3[14, 2]";0,486196167613309;0,0457572123863915;0,0002641793888865;0,000264420388339706;0,396612714373145;0,455331201162453;0,485759873949479;0,517415032150658;0,575701015579202
"Gamma3[15, 2]";0,617635657653186;0,0469252054635479;0,000270922800061579;0,000270650611922931;0,52418512084225;0,586285156431858;0,617898775200335;0,649775953564853;0,708760896824277
"Gamma3[16, 2]";0,52400054529408;0,0529685669731756;0,000305814164005517;0,000305958854685861;0,419908160281227;0,488230261571784;0,524307195203597;0,560211715732955;0,627100105815988
"Gamma3[17, 2]";0,500555314548493;0,0428770009719033;0,000247550480531722;0,000248807239935157;0,416436280618253;0,47138576450546;0,500689999298058;0,529491545943649;0,584797697964867
"Gamma3[18, 2]";0,549276812746001;0,0458585340736689;0,000264764369920744;0,000265554097080314;0,459606874484864;0,518205479797605;0,549515123957548;0,580319067496434;0,638628684218207
"Gamma3[19, 2]";0,491962807700413;0,0373279441352341;0,000215512985947727;0,000216314919888052;0,418895538866124;0,466674131971009;0,491805326482386;0,517430353808976;0,564932907074191
"Gamma3[20, 2]";0,553240090897341;0,0457564906401497;0,00026417522188263;0,000264176871138538;0,462728983843035;0,522561447622736;0,553528640297503;0,584394469596554;0,641720107087708
"Gamma3[21, 2]";0,548015694654606;0,0435587942330867;0,000251486815760481;0,000253338361781767;0,461949682522135;0,51904538377766;0,54787508924566;0,577726263777559;0,632063023115224
"Gamma3[22, 2]";0,588969477098735;0,054883193117756;0,000316868263205227;0,000313794593023186;0,479038712503481;0,552539460219776;0,590183866558542;0,626765154633022;0,693312943768508
"Gamma3[23, 2]";0,552651798870717;0,0534924694996269;0,000308838916652274;0,000310039174117571;0,44724476257827;0,516599090675467;0,552989319129598;0,588938518950643;0,656864543336933
"Gamma3[24, 2]";0,693168708800559;0,0454257762617821;0,000262265841528876;0,000260887062507744;0,600181223509036;0,663007159347941;0,694539900509018;0,724513578834971;0,778122857854599
"Gamma4[1, 1]";0,852468135794996;0,0657401064704217;0,000379550681672527;0,000383130664953493;0,700574311545631;0,813234858257093;0,861163352970787;0,900691874516785;0,955336211893952
"Gamma4[2, 1]";0,888089252364766;0,0523260896160725;0,0003021048192548;0,00030134617577679;0,76444542357099;0,858161344763074;0,895689420956894;0,926325612720063;0,966880320191561
"Gamma4[3, 1]";0,869515254084211;0,0617960328427163;0,000356779561965932;0,000354051536500409;0,719854356793498;0,835879027383111;0,880491214120392;0,914252858709027;0,958568473631544
"Gamma4[4, 1]";0,874334316152893;0,0715593726040823;0,000413148230360076;0,000412301775682498;0,693891510442213;0,840264767814196;0,889964774774398;0,92558686022587;0,967769495194568
"Gamma4[5, 1]";0,839475018908134;0,0793388657156549;0,000458063154781329;0,000454112886857685;0,654805032116261;0,792817658231375;0,850287935563393;0,898124786717521;0,96004720311616
"Gamma4[6, 1]";0,86707376425547;0,0545066576664208;0,000314694334763348;0,000320030878782889;0,743608180140707;0,834333872689856;0,873844240491653;0,90662052261854;0,954379087507746
"Gamma4[7, 1]";0,900785474901767;0,0496096691368058;0,000286421558305431;0,000287840252668078;0,776859096670183;0,874873631907762;0,910235055243132;0,936676536714889;0,969897840940881
"Gamma4[8, 1]";0,875513676245949;0,0474963407756548;0,000274220251323465;0,00027399846497867;0,767768003945536;0,846843596943536;0,880681561994773;0,909848093980888;0,952235291372001
"Gamma4[9, 1]";0,84919515377392;0,0577144127488896;0,000333214317366926;0,000337268419533635;0,714639996197306;0,815239260215777;0,857036610598668;0,891045831503771;0,939856498912121
"Gamma4[10, 1]";0,883800973581729;0,044405478663368;0,000256375150597897;0,000256368446527939;0,783806718438145;0,856894383559724;0,88858943069109;0,91619091211602;0,955828425897569
"Gamma4[11, 1]";0,741372090350062;0,088438590957637;0,00051060044296143;0,000510605571187847;0,547152315517682;0,684961765039776;0,750384391461662;0,806515328311762;0,887002894940332
"Gamma4[12, 1]";0,747686187826333;0,067055704454073;0,00038714629017259;0,000387003879621645;0,607245225975612;0,704170449098691;0,751459065475079;0,795909592841573;0,866726499137936
"Gamma4[13, 1]";0,859995496469925;0,0585424291486922;0,00033799487228012;0,000335601042925031;0,725650750510258;0,825520537879408;0,868076733914744;0,902662119843644;0,951345082982863
"Gamma4[14, 1]";0,829603118240705;0,0507047127758707;0,000292743795703316;0,000294748865195528;0,717415514196409;0,798224930828209;0,834476320621918;0,866229628616073;0,913877517224794
"Gamma4[15, 1]";0,833940899611074;0,0526360036198981;0,000303894108590143;0,000303007643313768;0,716862079197768;0,801865317404662;0,839201316429189;0,871946910253352;0,920562856125636
"Gamma4[16, 1]";0,774694493205213;0,0676678619334299;0,000390680583027522;0,000394250377914336;0,626505066355942;0,731988088400727;0,780987885247778;0,823541856125319;0,889000791533744
"Gamma4[17, 1]";0,828235059478611;0,0549162297177224;0,000317059000104064;0,000317064723242872;0,708449870580437;0,793634753147613;0,83356600261323;0,868026109739818;0,920539562864135
"Gamma4[18, 1]";0,872253509148219;0,0395759062951128;0,000228491601529068;0,000228617883348793;0,786191785709489;0,8475066058713;0,875780823888307;0,900915893567753;0,939037578853654
"Gamma4[19, 1]";0,849855152111993;0,0488883588255747;0,000282257071281846;0,000277896744468686;0,741718736633062;0,820046099834012;0,855124388604132;0,884792339555904;0,931480090099235
"Gamma4[20, 1]";0,873827497582964;0,0443618657239356;0,000256123351174682;0,000258478876913841;0,774486049760385;0,846739060984836;0,878262279222757;0,905780415044825;0,947058669899307
"Gamma4[21, 1]";0,89210990991949;0,040838179903478;0,000235779341604874;0,000240792426485209;0,799819632473531;0,86767835814194;0,896799224871945;0,921946368327202;0,957711576527984
"Gamma4[22, 1]";0,680635705062615;0,103140632159858;0,000595482717418822;0,000596165789105989;0,457846648749997;0,613129649290597;0,688673036008187;0,756537449179679;0,857991544471135
"Gamma4[23, 1]";0,738294628318408;0,101060908887205;0,00058347542950576;0,000583117850802098;0,513628109699544;0,674195346470167;0,749442224603879;0,813131584686298;0,903562006073577
"Gamma4[24, 1]";0,671605457914746;0,120369903950287;0,000694955964480275;0,000694991387766648;0,417187219183734;0,592297079586401;0,679829082434566;0,759559473509236;0,882133722645231
"Gamma4[1, 2]";0,147531864205004;0,0657401064704217;0,000379550681672527;0,000383130664953493;0,0446637881060481;0,0993081254832148;0,138836647029213;0,186765141742907;0,299425688454369
"Gamma4[2, 2]";0,111910747635234;0,0523260896160725;0,0003021048192548;0,00030134617577679;0,0331196798084393;0,0736743872799373;0,104310579043106;0,141838655236926;0,23555457642901
"Gamma4[3, 2]";0,130484745915789;0,0617960328427163;0,000356779561965932;0,000354051536500409;0,0414315263684558;0,0857471412909733;0,119508785879608;0,164120972616889;0,280145643206502
"Gamma4[4, 2]";0,125665683847107;0,0715593726040823;0,000413148230360076;0,000412301775682498;0,0322305048054319;0,0744131397741297;0,110035225225602;0,159735232185804;0,306108489557787
"Gamma4[5, 2]";0,160524981091866;0,0793388657156549;0,000458063154781329;0,000454112886857685;0,0399527968838398;0,101875213282479;0,149712064436607;0,207182341768625;0,345194967883739
"Gamma4[6, 2]";0,13292623574453;0,0545066576664208;0,000314694334763348;0,000320030878782889;0,0456209124922535;0,09337947738146;0,126155759508347;0,165666127310144;0,256391819859293
"Gamma4[7, 2]";0,0992145250982328;0,0496096691368058;0,000286421558305431;0,000287840252668078;0,0301021590591191;0,0633234632851105;0,0897649447568677;0,125126368092238;0,223140903329817
"Gamma4[8, 2]";0,124486323754051;0,0474963407756548;0,000274220251323465;0,00027399846497867;0,0477647086279987;0,0901519060191119;0,119318438005227;0,153156403056464;0,232231996054464
"Gamma4[9, 2]";0,15080484622608;0,0577144127488896;0,000333214317366926;0,000337268419533635;0,060143501087879;0,108954168496229;0,142963389401332;0,184760739784223;0,285360003802694
"Gamma4[10, 2]";0,116199026418271;0,044405478663368;0,000256375150597897;0,000256368446527939;0,0441715741024311;0,08380908788398;0,11141056930891;0,143105616440276;0,216193281561855
"Gamma4[11, 2]";0,258627909649938;0,088438590957637;0,00051060044296143;0,000510605571187847;0,112997105059668;0,193484671688238;0,249615608538338;0,315038234960224;0,452847684482318
"Gamma4[12, 2]";0,252313812173667;0,067055704454073;0,00038714629017259;0,000387003879621645;0,133273500862063;0,204090407158427;0,248540934524921;0,295829550901309;0,392754774024388
"Gamma4[13, 2]";0,140004503530075;0,0585424291486922;0,00033799487228012;0,000335601042925031;0,0486549170171373;0,0973378801563557;0,131923266085256;0,174479462120592;0,274349249489742
"Gamma4[14, 2]";0,170396881759295;0,0507047127758707;0,000292743795703316;0,000294748865195528;0,0861224827752056;0,133770371383927;0,165523679378082;0,201775069171791;0,282584485803591
"Gamma4[15, 2]";0,166059100388926;0,0526360036198981;0,000303894108590143;0,000303007643313768;0,0794371438743641;0,128053089746648;0,160798683570811;0,198134682595338;0,283137920802232
"Gamma4[16, 2]";0,225305506794787;0,0676678619334299;0,000390680583027522;0,000394250377914336;0,110999208466256;0,176458143874681;0,219012114752222;0,268011911599273;0,373494933644058
"Gamma4[17, 2]";0,171764940521389;0,0549162297177224;0,000317059000104064;0,000317064723242872;0,0794604371358646;0,131973890260182;0,16643399738677;0,206365246852387;0,291550129419563
"Gamma4[18, 2]";0,127746490851781;0,0395759062951128;0,000228491601529068;0,000228617883348793;0,0609624211463459;0,099084106432247;0,124219176111693;0,1524933941287;0,213808214290511
"Gamma4[19, 2]";0,150144847888007;0,0488883588255747;0,000282257071281846;0,000277896744468686;0,068519909900765;0,115207660444096;0,144875611395868;0,179953900165988;0,258281263366938
"Gamma4[20, 2]";0,126172502417036;0,0443618657239356;0,000256123351174682;0,000258478876913841;0,0529413301006927;0,0942195849551752;0,121737720777243;0,153260939015164;0,225513950239615
"Gamma4[21, 2]";0,10789009008051;0,040838179903478;0,000235779341604874;0,000240792426485209;0,0422884234720156;0,0780536316727982;0,103200775128055;0,13232164185806;0,200180367526469
"Gamma4[22, 2]";0,319364294937385;0,103140632159858;0,000595482717418822;0,000596165789105989;0,142008455528865;0,243462550820321;0,311326963991813;0,386870350709403;0,542153351250003
"Gamma4[23, 2]";0,261705371681592;0,101060908887205;0,00058347542950576;0,000583117850802098;0,0964379939264235;0,186868415313702;0,250557775396121;0,325804653529833;0,486371890300456
"Gamma4[24, 2]";0,328394542085254;0,120369903950287;0,000694955964480275;0,000694991387766648;0,117866277354769;0,240440526490764;0,320170917565434;0,407702920413599;0,582812780816266
"Mu_Alpha1";-2,09886932058734;0,112898144166675;0,000651817739256388;0,00065502584338449;-2,31908341479072;-2,17370270361246;-2,09984449484986;-2,02445883698496;-1,87402880048809
"Mu_Alpha2[1]";0,838372230872017;0,105100944944677;0,00060680058855893;0,000610314269349444;0,634438084582289;0,769172278811197;0,83731394468424;0,906544351710015;1,04923651931174
"Mu_Alpha2[2]";2,75651259275776;0,190204736178503;0,00109814755633801;0,00110001182314317;2,39751443230789;2,62854299930335;2,75106845162115;2,87743806145011;3,14571046035489
"Mu_L1[1]";1,11807577907313;0,0227101490320715;0,00013111710657003;0,000131635411042058;1,07285937956649;1,10304985742707;1,11823821569323;1,13356244865951;1,16173350273627
"Mu_L1[2]";1,09311282366777;0,0240455643259018;0,000138827130363759;0,000138330825425992;1,04486025866163;1,07713706306662;1,0933586407278;1,10949636276722;1,139478060636
"Mu_L1[3]";1,07495505287884;0,0220758712121626;0,000127455101869376;0,000128297112564222;1,0308822042968;1,06005863011984;1,07524650927026;1,0898996447493;1,11770841406486
"Mu_L1[4]";1,08918304168733;0,021388302155357;0,000123485420069044;0,000124116108637337;1,04635307637943;1,07480228257748;1,08949975290352;1,10367208636256;1,13018112120569
"Mu_L1[5]";1,06069875064444;0,0228627331647197;0,000131998051470615;0,000130740183104068;1,01558911475967;1,04533483296214;1,06070297296676;1,07608616767524;1,1050430734957
"Mu_L1[6]";1,04752224615658;0,0231531791389692;0,000133674942084795;0,000135803959361968;1,00141942496634;1,03207215169266;1,04785288336025;1,06326932936501;1,09159049242089
"Mu_L1[7]";1,10629902999936;0,0197699605821808;0,000114141920639904;0,000113988717776403;1,06690051131954;1,09323145803152;1,10644754815828;1,11973684105823;1,14473966788275
"Mu_L1[8]";1,11544039115262;0,0208465402630357;0,00012035755632536;0,000119912407228697;1,07360660741672;1,10155419245859;1,11580148886625;1,12955990538991;1,15566571331797
"Mu_L1[9]";1,04870329265774;0,0218793704054976;0,000126320603933136;0,000126006535846626;1,00498278293003;1,03433697536102;1,04899443414269;1,06347837588766;1,09066830264227
"Mu_L1[10]";1,08132300901827;0,0239293965466809;0,000138156435377715;0,000135991479552972;1,03315523144337;1,06541528927503;1,08155424705778;1,09762824085769;1,12763484334468
"Mu_L1[11]";1,02990957536638;0,0221037262214824;0,000127615922840667;0,000128525611664065;0,986063117532376;1,01520270164607;1,03008097512099;1,04472985198321;1,07285475969437
"Mu_L1[12]";1,07419314594563;0,0215390503096754;0,0001243557649438;0,000123507524136671;1,03140871634955;1,05979308486592;1,0744829460388;1,08876691552261;1,11603983843433
"Mu_L1[13]";1,0661395469113;0,023624570718205;0,00013639652263645;0,000135370368739072;1,0192863580119;1,05046886914413;1,06630710830023;1,08210441271494;1,11210988756064
"Mu_L1[14]";1,04142051945257;0,0187396367329321;0,000108193343122741;0,000107571829401377;1,00385570026536;1,02897246043904;1,04169573093402;1,05407374744084;1,0777608790166
"Mu_L1[15]";0,985443800558791;0,0197500727177487;0,000114027098001069;0,000114345431139671;0,945668426633538;0,972299377794568;0,985719575982577;0,998855935347074;1,02341835804334
"Mu_L1[16]";1,06493992417286;0,023709882110581;0,000136889068189983;0,000136050549835409;1,01779518086894;1,04888059045292;1,06527618834009;1,08102942682194;1,11057132334859
"Mu_L1[17]";0,983368364147916;0,0194698685588117;0,000112409338535166;0,000112434161846264;0,944659751443386;0,970114936998231;0,983584641706911;0,99670839603056;1,02083890276543
"Mu_L1[18]";0,97592297556461;0,0176417136510739;0,000101854481254138;0,000103946524228534;0,940297291247526;0,964335333014473;0,976278196152266;0,987928766783016;1,00985120107316
"Mu_L1[19]";1,05484371376046;0,0202211089729662;0,000116746627088548;0,000117135345360464;1,01433768153955;1,04143458968571;1,05494456627414;1,06859061866824;1,09384686262177
"Mu_L1[20]";1,02075391430493;0,0181235787963051;0,000104636530967261;0,0001055000045581;0,984613657921244;1,0086823649879;1,02085672765584;1,03297217139023;1,05576578486847
"Mu_L1[21]";1,02689873239303;0,019401729231948;0,000112015935948094;0,000111226418903239;0,98821659983209;1,01383582068998;1,02701553180359;1,03991170521667;1,06457790329897
"Mu_L1[22]";1,02999928003143;0,0202175190684321;0,000116725900765057;0,000117384416583999;0,990081872917679;1,01652646161753;1,03016316047117;1,04373534896937;1,06922369016047
"Mu_L1[23]";0,995646446800366;0,0210972487540748;0,000121805022473256;0,00012180513015304;0,953248042540483;0,981553183674834;0,996103522407486;1,01003904988846;1,03677264203208
"Mu_L1[24]";1,0100434617446;0,0210162004017887;0,000121337089593159;0,000121331934823368;0,968343125361354;0,995976984112405;1,01026870109548;1,02428494501463;1,05053150322293
"Mu_L1surv[1]";1,18095100717545;0,021613332325593;0,00012478463236266;0,000124787642081691;1,13920424406758;1,16623774708758;1,18082933539096;1,19544281908674;1,22391679390445
"Mu_L1surv[2]";1,18735647114323;0,022059050022219;0,000127357984683955;0,000127367901048733;1,1446313794179;1,17244404262142;1,18704053510171;1,20220297838032;1,23118297885483
"Mu_L1surv[3]";1,15956729654281;0,0204813359601855;0,000118249048299763;0,000120581503437063;1,12024246539341;1,14568042714354;1,15927883006212;1,17300325707219;1,20038287885471
"Mu_L1surv[4]";1,15848032203696;0,0204842096270198;0,000118265639422966;0,000118272769274252;1,11931042658675;1,14458295866365;1,15834175213446;1,17206194987034;1,19904190059021
"Mu_L1surv[5]";1,14095297424974;0,0220787152034499;0,000127471521660729;0,000127523038763008;1,09851033330248;1,12576856131705;1,14082703708596;1,15578909790824;1,18500979300672
"Mu_L1surv[6]";1,14515088131022;0,0218011092711323;0,000125868763063207;0,000126486878181452;1,10294870718158;1,13046120144499;1,14493886275961;1,15962290175469;1,18871206860359
"Mu_L1surv[7]";1,15888065521947;0,0190520429212213;0,000109997021091794;0,000111170213401068;1,12202897812349;1,14603819077409;1,15860853350417;1,17149583819159;1,19675310181993
"Mu_L1surv[8]";1,18107304010691;0,0194048280724267;0,00011203382711194;0,000113767338307225;1,14319733669592;1,16811819566217;1,18082010932232;1,19405233100014;1,21953305317212
"Mu_L1surv[9]";1,13374714022365;0,0206539305190031;0,000119245523449703;0,000119240873535214;1,0937707812823;1,11970628666822;1,13355646789513;1,14772064675288;1,17466068509836
"Mu_L1surv[10]";1,17631654425771;0,022172662062947;0,00012801392410693;0,000130274285626118;1,133412410501;1,16129603555322;1,1761439337837;1,19114319533673;1,22053352699912
"Mu_L1surv[11]";1,11823243462237;0,0212224470620755;0,000122527855241519;0,000123039967025423;1,07752876428659;1,1038778919963;1,11783906660604;1,13235822105764;1,16105484847653
"Mu_L1surv[12]";1,15510055303061;0,0200978163485153;0,00011603479678939;0,000114878343143871;1,11657429515644;1,14141657384565;1,15485197620578;1,16858225017837;1,19527282875937
"Mu_L1surv[13]";1,16282594783855;0,0217982306627985;0,000125852143410243;0,000125854068132602;1,12111901938648;1,1479469044031;1,16247624137959;1,17730270696216;1,20634895450443
"Mu_L1surv[14]";1,10275003532816;0,0180576841111705;0,000104256087825255;0,000104256297111963;1,06769920638714;1,09059769494776;1,10254468793862;1,11473350625496;1,13853299791681
"Mu_L1surv[15]";1,05602607201755;0,0191359224957938;0,000110481300041384;0,000111720391601184;1,01898187830531;1,04305908734664;1,05592517841509;1,06879712460249;1,09421261571885
"Mu_L1surv[16]";1,16278714992961;0,0218530539681875;0,000126168665911485;0,000126488091785489;1,12079527671431;1,1478430140297;1,16257455936757;1,17732352261499;1,20644457649733
"Mu_L1surv[17]";1,04959490427065;0,0191078995923392;0,000110319509732854;0,000109479860769012;1,0129503765829;1,03651943513587;1,0492768015602;1,06235951144137;1,08809752519015
"Mu_L1surv[18]";1,02915434379972;0,0173460885935529;0,000100147689188749;0,000100615847173375;0,995465265502041;1,01741084168904;1,02894703261045;1,0407138897757;1,06329870257689
"Mu_L1surv[19]";1,12704940601464;0,0190367428614717;0,000109908686155644;0,000110177666921795;1,09031540480526;1,11418945893058;1,12681850400452;1,13963425914934;1,16531756261884
"Mu_L1surv[20]";1,07830420057466;0,0175959830872815;0,000101590455720981;0,000102949672580777;1,04452783077348;1,06658453180007;1,07816356188916;1,08999860607291;1,11363895435954
"Mu_L1surv[21]";1,09314609335294;0,0189033369602426;0,000109138466825783;0,000108298460303621;1,05726511817268;1,08025098300315;1,09304629941101;1,10568389529209;1,13066507014736
"Mu_L1surv[22]";1,10425531303228;0,0192262675287708;0,000111002907332476;0,000111982885041128;1,06712017564525;1,09114332039255;1,10415998738545;1,11699132348236;1,14297096720968
"Mu_L1surv[23]";1,06808199023143;0,0210719593658064;0,000121659014122012;0,000118626103577126;1,02743668825125;1,05398354347197;1,0677701230185;1,08206618169408;1,11017535279129
"Mu_L1surv[24]";1,07714867643094;0,0209200250890895;0,000120781821166395;0,000120671403460261;1,03635417535824;1,06307126958863;1,07691614778027;1,09093922418519;1,11883371995107
"Mu_L2[1]";2,99653669663368;0,039742713261666;0,00022945466199949;0,000229462014396333;2,91921390378716;2,96971706437915;2,99623967975112;3,02296833173268;3,07602685955022
"Mu_L2[2]";2,94124848242095;0,0297543748618389;0,000171786963360517;0,000172228575399517;2,88330229581675;2,92122426453138;2,94109574360047;2,9609442164999;3,00015638179893
"Mu_L2[3]";2,9328186642686;0,0272004095020912;0,000157041637481004;0,000157238008454656;2,87997419981608;2,91444158324075;2,93257025606969;2,95103997227287;2,98635270208594
"Mu_L2[4]";2,98134472806941;0,0370869977344949;0,000214121881254457;0,000211243176318601;2,90938686565497;2,95625951971024;2,98102250061508;3,00597451077222;3,05524445074492
"Mu_L2[5]";2,86716646933946;0,040085886700948;0,000231435974774971;0,000227298412902585;2,78909528351423;2,84012895396328;2,86700532580283;2,89428219947674;2,94577571239376
"Mu_L2[6]";2,90020739485492;0,0330839541337193;0,0001910102982496;0,000188439938275833;2,83655924540908;2,87776044192925;2,9001073683232;2,92226495491388;2,96544441398891
"Mu_L2[7]";2,91872743183458;0,0313187636417866;0,000180818966192718;0,000176659815234667;2,85758941289856;2,89738714984204;2,91850009175695;2,93975718834076;2,98044841913562
"Mu_L2[8]";2,94632848737587;0,024586186781408;0,000141948415565923;0,000142179707130606;2,89807004550318;2,9297502405848;2,94636313137568;2,96278232111121;2,99457395135951
"Mu_L2[9]";2,9448408591663;0,0333087530535088;0,000192308175418141;0,000192199565756817;2,87955566023013;2,92248377014254;2,94454118864513;2,96736217852561;3,0099602039341
"Mu_L2[10]";2,96671506923645;0,0326038000382226;0,000188238127286725;0,000186529136454529;2,90342783947745;2,94449487604447;2,96656793070321;2,98845041641844;3,03119632101309
"Mu_L2[11]";2,83518957043317;0,0312664481785747;0,000180516922725036;0,000180508263960255;2,77451830597749;2,81413675252185;2,834797532019;2,85620175275672;2,8969199123661
"Mu_L2[12]";2,69910778919367;0,0271884694479505;0,000156972701546281;0,000155942849480119;2,64566955665248;2,68091255966685;2,69892407570458;2,71742196215948;2,75280609934528
"Mu_L2[13]";2,66863620402847;0,0306756779813339;0,000177106109400974;0,00017842703101438;2,60792339120927;2,64808358791929;2,66865274878215;2,68917397251658;2,72919500647402
"Mu_L2[14]";2,81387233161725;0,0235053636885506;0,000135708280529847;0,000137325198468012;2,7679186766263;2,79798474080242;2,81386716273278;2,82968997434713;2,85985544699093
"Mu_L2[15]";2,54082034217445;0,0250668965101199;0,000144723794478662;0,000144519449787103;2,49223472370905;2,52376617981103;2,54066329057429;2,55779235979453;2,58991288150316
"Mu_L2[16]";2,68192042900143;0,0272898008407681;0,000157557738615487;0,00015857911914777;2,62861656454706;2,66374109375695;2,68182230688221;2,69994080153117;2,736182204272
"Mu_L2[17]";2,60421434283674;0,0289054058202051;0,000166885438313308;0,000166351212098146;2,54813148804903;2,58468813078246;2,60406407742953;2,62337815965395;2,66159840191908
"Mu_L2[18]";2,54376099318944;0,0259994685946264;0,000150108001918948;0,000150721224607325;2,49357389149484;2,52629808956862;2,54362511268561;2,56097271514572;2,59535829172362
"Mu_L2[19]";2,63909322617101;0,0253273288449438;0,000146227401264825;0,000145276507316815;2,58970739844322;2,62206517164266;2,63903406371443;2,65616094800711;2,68907595696251
"Mu_L2[20]";2,63075239795019;0,0238427393899482;0,000137656120050047;0,000135031368362689;2,58388392201013;2,61474778990977;2,6307009669343;2,64662022333638;2,67773618698747
"Mu_L2[21]";2,71573441664022;0,0238681294269087;0,000137802709496785;0,000138643198337884;2,66900609534894;2,6996287238953;2,71548581394933;2,73176307248758;2,76227004473893
"Mu_L2[22]";2,731198379957;0,0243331131528121;0,000140487294289977;0,000141844956203664;2,68365395767496;2,71472576048008;2,73111031608831;2,74753275872637;2,77992963997496
"Mu_L2[23]";2,66572965078072;0,0295561880375786;0,000170642731197152;0,00016993938226862;2,60841984549668;2,64589847286017;2,66562867564375;2,68557042221765;2,72393710122366
"Mu_L2[24]";2,73100735138266;0,0298455300651505;0,000172313248172217;0,000172319064676244;2,67225916672108;2,71101860242551;2,73081871384869;2,75100431048417;2,79004148092727
"Mu_L2m[1]";3,01314141179225;0,037879164344003;0,000218695457306882;0,000218701944581769;2,93894939535987;2,98768494355202;3,01312504638234;3,03850161797975;3,08787749799458
"Mu_L2m[2]";2,96717464131573;0,0298364604114266;0,000172260884502027;0,00017262302564348;2,90887706491503;2,94697171750059;2,96707823965356;2,9871591912857;3,02637060912736
"Mu_L2m[3]";2,96094109175194;0,0274456767108681;0,000158457688371112;0,000158400132878325;2,90770479664051;2,94221640049903;2,96061782543592;2,97926934758612;3,01558372845677
"Mu_L2m[4]";3,01056482595158;0,036069311603843;0,000208246267639633;0,000206039870563186;2,93980166010275;2,9859671617232;3,01033391660971;3,03479487097091;3,08143615496539
"Mu_L2m[5]";2,89074986872585;0,0394333963098642;0,000227668819745613;0,000223606387568657;2,81395656200266;2,86418166788314;2,89059087715965;2,91731206180551;2,9683466926469
"Mu_L2m[6]";2,92283762876138;0,0333417701875322;0,000192498799930303;0,000189785913927473;2,85832127724404;2,90021698539225;2,92278251676565;2,94502558618714;2,98846260577004
"Mu_L2m[7]";2,96428219323804;0,0314501739153676;0,000181577663760981;0,000177742917863637;2,90337436057211;2,94301377695029;2,96388597777856;2,98530979054302;3,02656552647875
"Mu_L2m[8]";2,96234473258944;0,0249111647127069;0,000143824676527085;0,000144080698800242;2,91386698956594;2,94552224022093;2,96217606701016;2,97883663629656;3,01150297492417
"Mu_L2m[9]";2,97523981973675;0,0334899918716381;0,000193354558222486;0,000191486261999892;2,91023393175799;2,95264047835615;2,97483629305936;2,99785304825274;3,0410223175582
"Mu_L2m[10]";2,98576402367051;0,0325849186311856;0,000188129115432371;0,000186470948804385;2,92254425373679;2,96356037300956;2,9854792826463;3,00756702940438;3,0502786590229
"Mu_L2m[11]";2,86689860828551;0,031866713110493;0,000183982553925317;0,000183307806011708;2,80564032655413;2,84528561333031;2,86654021566684;2,88825273754796;2,93021653610326
"Mu_L2m[12]";2,74716351185799;0,0282274087917331;0,000162971020644327;0,00016024212731165;2,69294946979509;2,72797706005459;2,74675336824;2,76581066076943;2,80379218259038
"Mu_L2m[13]";2,70681097608469;0,031456174517003;0,000181612308250675;0,000182298998238736;2,64579849357876;2,68563054002411;2,70646720733928;2,72785669219162;2,76979616103577
"Mu_L2m[14]";2,8436325259099;0,0242722767099453;0,00014013605492332;0,000142021496953345;2,79676532965524;2,82713827413503;2,84341099818605;2,85977969466315;2,89195199424366
"Mu_L2m[15]";2,57665634477549;0,0261504499424666;0,000150979693137129;0,000152003499065775;2,52711547976353;2,55892627011142;2,57623897925856;2,59405626398846;2,62895555088024
"Mu_L2m[16]";2,71868040113489;0,0279466833634634;0,000161350251628528;0,000162279826745689;2,66481782342423;2,69988178841072;2,71826731573145;2,73709437118432;2,77438418483141
"Mu_L2m[17]";2,63446176097685;0,0301082882350771;0,000173830283173606;0,000173691761102854;2,57710659206635;2,6140006870979;2,63389918114435;2,65435959436432;2,69490941187615
"Mu_L2m[18]";2,57588518418585;0,0270135292204365;0,000155962683671809;0,000156661846056073;2,52438871988622;2,55748264105979;2,5755796390221;2,59366476754423;2,63065955504933
"Mu_L2m[19]";2,66058604944589;0,0261034633767471;0,000150708416073465;0,000149466092206506;2,6100824901335;2,64298817373048;2,66014712748586;2,67803720786306;2,71239284157478
"Mu_L2m[20]";2,65624309312433;0,0246659521972167;0,000142408941408815;0,000139775278550601;2,60820455232164;2,63948588327866;2,65602402788353;2,67248821618394;2,70509058516305
"Mu_L2m[21]";2,7395641183628;0,0243938737711291;0,000140838095883391;0,000142692921295044;2,69202992729314;2,72292770658816;2,73921827168781;2,75572431389329;2,78775936732163
"Mu_L2m[22]";2,75480244312603;0,0249801320262748;0,000144222859497621;0,000144051656698196;2,70613035558242;2,73781116801977;2,75458728545653;2,77135699730323;2,80502095361807
"Mu_L2m[23]";2,69919969664673;0,0297480905176689;0,000171750680682535;0,000172141074779689;2,64221358849386;2,67903598556619;2,69867814944189;2,71908155531398;2,75872104053688
"Mu_L2m[24]";2,75052104132655;0,030127484699104;0,00017394111401034;0,000173948090875514;2,69123479278988;2,73028799849241;2,75021352027909;2,7706185748563;2,8104193657334
"Mu_L2nm[1]";2,79630570805055;0,0454293468498703;0,000262286456328815;0,000264178903272217;2,70340312251158;2,76670717235195;2,79754831379817;2,82734008069746;2,88280533784293
"Mu_L2nm[2]";2,82083377423795;0,0333703572191227;0,000192663847234145;0,000190950980177261;2,75360101361865;2,7988410054082;2,82127099943624;2,84341371954976;2,88483377983161
"Mu_L2nm[3]";2,81719040119902;0,030326787685551;0,000175091790339095;0,000175363800586023;2,75555845021544;2,79699824876452;2,81783183233491;2,83790895308851;2,87433814071988
"Mu_L2nm[4]";2,81321488471167;0,0418424666905698;0,000241577594073584;0,000240741540301773;2,72926734376398;2,78520609474798;2,81413623381049;2,84197310909407;2,89328109661877
"Mu_L2nm[5]";2,68296978476178;0,0445864450552874;0,000257419960548786;0,000257427104282884;2,59200803006431;2,6535144350582;2,68391608433125;2,71365830946059;2,76722708273666
"Mu_L2nm[6]";2,74554125486044;0,0359453122536566;0,000207530357057538;0,000206441508851082;2,67293153550538;2,72200228193629;2,74625762328777;2,76998929542006;2,81370295184879
"Mu_L2nm[7]";2,78192726470762;0,0355056166955783;0,000204991773569358;0,000205053113197994;2,70999437924498;2,75845182550659;2,78249341338247;2,80632540401092;2,84953353104033
"Mu_L2nm[8]";2,84141871695056;0,0274012080235136;0,000158200948284965;0,000158200969573156;2,78600416383942;2,82339730661717;2,84188598525647;2,86017716793806;2,89385095928338
"Mu_L2nm[9]";2,83556672648084;0,0368043062971931;0,000212489761480219;0,000212500727883739;2,7613586598483;2,81106611978475;2,83653212724055;2,86043784721755;2,90677225955961
"Mu_L2nm[10]";2,83236589404752;0,0362894215731039;0,000209517073139673;0,000209524452143219;2,7582596186224;2,80838762940425;2,83306673389493;2,85704274368406;2,90107593806364
"Mu_L2nm[11]";2,70439835018738;0,0347033687916662;0,000200359993136554;0,000202952295185801;2,63410861803839;2,6816847270314;2,70505896071332;2,72793723086898;2,77089822065564
"Mu_L2nm[12]";2,60019722507807;0,0299886555826518;0,00017313958373279;0,000170465604285769;2,5395149572308;2,58048064311774;2,60059422839151;2,62074977839689;2,65765271956512
"Mu_L2nm[13]";2,55738923382481;0,0326286387223698;0,000188381533496512;0,00018878077189268;2,49144972195422;2,53609307627376;2,5579394901626;2,57935195560646;2,62030271644303
"Mu_L2nm[14]";2,73240931495706;0,0258907365895091;0,000149480237394708;0,000153875682971379;2,6804224899624;2,71536307889554;2,73298965559776;2,74993093215892;2,78193262872795
"Mu_L2nm[15]";2,47353525663148;0,0260501526280623;0,000150400626322426;0,000148039454353715;2,42206854355465;2,45618574005736;2,47374500489379;2,49145078741772;2,52324232659827
"Mu_L2nm[16]";2,57761123551771;0,0301805482584967;0,000174247476613336;0,00017462802264766;2,51692189381259;2,55762157625969;2,57817020429782;2,59806551977572;2,63543587670182
"Mu_L2nm[17]";2,50645594693983;0,0296051720805716;0,000170925540701232;0,000168975622734391;2,44728721317064;2,48694472704737;2,5068744539823;2,52652187428486;2,563330773984
"Mu_L2nm[18]";2,4540021091885;0,0267615435107778;0,000154507843498774;0,000155099882329804;2,400780894869;2,4361752908119;2,4542248562408;2,47205327833061;2,50589851091109
"Mu_L2nm[19]";2,54048297260956;0,0266671086780719;0,000153962623737938;0,000155032543484815;2,48697076283276;2,52299445424647;2,54101014621021;2,55855729628846;2,59123135219241
"Mu_L2nm[20]";2,54711439003196;0,0253682623745797;0,000146463731108367;0,000144619993288825;2,49612182369224;2,53022630360331;2,54763154679453;2,56459298968543;2,59449474408524
"Mu_L2nm[21]";2,61651084464036;0,025975788706769;0,000149971286022659;0,000151647287291651;2,5645934344901;2,59948276794094;2,61692070762349;2,63405818289394;2,66615950076254
"Mu_L2nm[22]";2,62246741818725;0,026821504711346;0,000154854029651664;0,00015627552538508;2,56840880603107;2,60474385990488;2,62294264286662;2,64066471583585;2,67386670239644
"Mu_L2nm[23]";2,55397842281033;0,0326909951808406;0,000188741548677351;0,000187897096138879;2,48865004479435;2,53252480387452;2,55436392721501;2,57647653587018;2,61642658332399
"Mu_L2nm[24]";2,59786143499354;0,0339840699159004;0,000196207119141041;0,000195147865589891;2,52867558883493;2,57548750198495;2,5986066232131;2,62099964830376;2,66263832386354
"Mu_Mu_L1";1,05010996838707;0,0125460390029858;7,24345899563739e-05;7,22149488299596e-05;1,02604324882356;1,04167227310615;1,05001256672504;1,0583850530162;1,07506612371718
"Mu_Mu_L1surv";1,12528889386418;0,00538590591335508;3,10955422890555e-05;3,09717497007337e-05;1,1147353928762;1,12167572838535;1,12527961033518;1,12890914115624;1,13589588738645
"Mu_Mu_L2";2,78789931442236;0,033798747151998;0,000195137157664781;0,000195281883116236;2,7227414812515;2,76557623488768;2,78752040678873;2,81000498917339;2,85541382743403
"Mu_Mu_L2m";2,81600608303238;0,00799478790779335;4,61579295067846e-05;4,61563247745435e-05;2,80038389661659;2,81062391788446;2,81601417586237;2,82140003669938;2,8317577445488
"Mu_Mu_L2nm";2,66882285690024;0,0110499608162762;6,37969785181185e-05;6,36574907246211e-05;2,64711873115813;2,66141619137308;2,66880327219724;2,67622270839909;2,69073242964485
"Mu_N1[1]";2423,38575777853;314,515000548684;1,81585320230958;1,81590388959445;1866,06576036962;2206,26150412605;2400,49833247404;2620,55159868161;3102,16098766145
"Mu_N1[2]";10130,8617369087;275,582801237087;1,59107804478263;1,5659066288604;9599,41430835436;9942,78951939962;10126,0657037125;10316,6475593658;10684,7595676318
"Mu_N1[3]";5086,59551678487;364,396622248885;2,10384487947184;2,10652688011262;4402,25988668788;4834,88078547614;5072,64648480147;5323,98625546887;5844,68051442918
"Mu_N1[4]";2792,79878308784;222,526891299091;1,28475960593461;1,28004851587065;2383,14603997981;2637,44394955388;2784,01169937545;2937,44614174005;3253,66568619897
"Mu_N1[5]";3225,59618297864;257,286595504252;1,48544485173262;1,48534678490761;2750,95948331877;3047,49651770744;3215,04625497238;3390,2849289235;3765,47345259549
"Mu_N1[6]";12081,108509445;725,506194439776;4,18871196658545;4,18883387242905;10716,0428095489;11577,6460879185;12060,7383307157;12561,3950639972;13562,4616060916
"Mu_N1[7]";1354,2618544455;85,7889006648586;0,495302448923382;0,49391876674044;1193,63571166747;1295,03224758133;1351,3591679619;1410,52589388031;1531,3258540276
"Mu_N1[8]";10270,307709423;212,483568687188;1,2267744557992;1,22682966114091;9860,49721531663;10127,1737410364;10268,6477193545;10411,6935231464;10692,2703152381
"Mu_N1[9]";7978,70751909999;169,004997390011;0,97575080737515;0,982518707794556;7650,34872043303;7864,10233676573;7977,23595245355;8091,50352963508;8311,92026207401
"Mu_N1[10]";10925,4145521703;256,78276620322;1,48253599190686;1,47578013252302;10426,832745756;10752,1087776313;10923,2454617123;11094,9853648385;11432,8550235247
"Mu_N1[11]";7471,54169099515;429,562586690381;2,48008075059483;2,44768424537332;6666,17508024752;7177,81804908484;7456,38985409785;7751,70369941361;8356,98173259272
"Mu_N1[12]";7713,15110429742;287,818310750937;1,66171979189757;1,65223583361506;7170,21285544494;7514,24500415168;7708,16028561607;7905,32917252625;8290,52532237001
"Mu_N1[13]";10663,9341814468;627,78786222407;3,62453491249047;3,62456738272437;9463,96519524474;10237,5411015392;10646,109528914;11077,7616338554;11928,8281341707
"Mu_N1[14]";14037,7650749719;641,728526176843;3,70502137334862;3,68631692373271;12836,3494367265;13593,6457425782;14023,853535177;14462,001881875;15329,5013533373
"Mu_N1[15]";10818,4342672782;464,114994220826;2,67956916848335;2,67958899415675;9937,49649893225;10497,1527684406;10808,9498566777;11126,7013512412;11754,8625643136
"Mu_N1[16]";9160,1565680575;693,972968730491;4,00665480306873;4,02886803176996;7872,84371172247;8679,36955399947;9138,15312386474;9611,23970311284;10594,7194044144
"Mu_N1[17]";8805,96332141219;833,224854091079;4,81062593804971;4,73221238961216;7300,43650811448;8219,52743526016;8762,28440073391;9342,58918526912;10559,3504810698
"Mu_N1[18]";9379,88951519012;1318,40993775476;7,61184332464987;7,61151610961755;7062,70437230087;8449,57823811151;9292,47379947176;10194,4049708006;12252,7746119698
"Mu_N1[19]";10540,1107254939;562,936542250143;3,25011564204797;3,2700369295505;9496,73626522933;10149,5109981843;10523,6288892495;10909,4275245965;11689,4042616206
"Mu_N1[20]";6958,87261535614;527,409797893925;3,04500188787303;2,986868219922;5984,2785371821;6594,57240542596;6936,96731747542;7303,33621962789;8052,54576417996
"Mu_N1[21]";9999,78517223102;380,838969276386;2,19877481429621;2,20625135300004;9273,70798064795;9743,13374443727;9991,35916369301;10251,4109037181;10766,0163152846
"Mu_N1[22]";6463,79656699913;448,119695132482;2,58722026613911;2,57305138840561;5628,1240402076;6150,32748311451;6448,21252687813;6760,50611424094;7382,59243402008
"Mu_N1[23]";5405,48156169277;497,386040698467;2,87165964488422;2,89282610289717;4497,13500316471;5061,74728112759;5382,92417248599;5728,78709180491;6427,25710503149
"Mu_N1[24]";5432,62529974782;285,970724924814;1,65105275015694;1,66468457568105;4891,34607472;5235,99601361037;5424,16706003744;5621,70535699185;6009,65394731681
"Mu_N2[1, 1]";342,13771611373;40,2540724898636;0,232406995880014;0,232284087646066;267,498643252066;314,471714888535;340,821184129079;368,508300595722;425,234413446055
"Mu_N2[2, 1]";453,198333930013;45,9731921670778;0,265426348731687;0,26705395857827;366,205281129359;422,027603639822;451,6009747158;483,55356613605;546,301637538476
"Mu_N2[3, 1]";281,644147008668;27,2061013881701;0,157074499600602;0,157472864801137;231,538198324841;262,937394016682;280,592512766689;299,016408612617;338,585483662526
"Mu_N2[4, 1]";327,030646428499;41,3827349854231;0,23892333183637;0,23457629501218;252,980955252678;297,789750356463;324,595961856211;353,811095526728;414,232003228449
"Mu_N2[5, 1]";223,46264168338;29,9778934480279;0,173077448519568;0,17264755404293;167,803264345154;203,00318682244;222,409764872648;242,985537010743;285,324346918289
"Mu_N2[6, 1]";530,74628858591;41,547668574909;0,239875576359251;0,240724515273049;452,541848355192;502,720537886462;529,640488572238;557,88152007614;615,617889158991
"Mu_N2[7, 1]";276,606938528317;26,7961597001349;0,154707700161211;0,157657732362899;226,615746290626;258,072567329842;275,857785403159;294,029037783273;331,768224580426
"Mu_N2[8, 1]";894,922068997957;63,8849086747806;0,368839692205392;0,370216537857284;772,84951647732;850,864483807997;893,962979908845;937,827724269066;1023,35319194447
"Mu_N2[9, 1]";400,246033999744;33,5257868320731;0,193561220522914;0,194452201367259;337,163027377549;377,241973541729;399,097274768926;422,347522151427;468,987253256442
"Mu_N2[10, 1]";707,603776539518;52,2622167878896;0,301736049309346;0,303586186253961;608,806538063135;671,881425494511;706,433801750888;742,129855616568;812,655825704251
"Mu_N2[11, 1]";442,365529653442;41,3258104263407;0,238594677741272;0,238588706891006;364,508770295078;413,767767582238;441,098989772701;469,387941838;526,723579750335
"Mu_N2[12, 1]";367,776236173072;35,0218148052215;0,202198542053039;0,204091305363623;303,350339192743;343,604208520953;366,523954652701;390,130587452266;440,307714786909
"Mu_N2[13, 1]";290,190755809374;30,6250778929075;0,176813969654234;0,172747264505762;233,36948796544;268,84665396311;289,04423214977;310,169955096724;353,328682621331
"Mu_N2[14, 1]";847,242046476327;62,484184045582;0,360752604788109;0,360319117421112;726,857779081526;804,910446252942;846,308357898524;888,997597888831;972,70451456081
"Mu_N2[15, 1]";431,971672168869;43,2548815526554;0,24973217508191;0,249839472230606;352,217149511406;401,933767643765;430,283160980791;460,131325975181;521,52930647909
"Mu_N2[16, 1]";413,95336900249;47,1610458579867;0,272284425213729;0,271102442713277;327,437174153222;381,150269014761;412,070456708132;444,331407658736;512,123945296346
"Mu_N2[17, 1]";618,576573673663;49,339685283182;0,284862805799766;0,284883700540298;525,037537809386;584,891978111057;617,407482963453;651,401713248881;718,889708771872
"Mu_N2[18, 1]";693,530097324969;60,3579891894513;0,348477013062742;0,344091665906922;579,54060716789;652,007307120077;691,762740521383;733,275646960052;816,626324636045
"Mu_N2[19, 1]";557,839920709703;43,5220962924902;0,25127494010166;0,25192722252151;475,413866328659;528,042284286425;556,614441455487;586,426949765828;647,404167502937
"Mu_N2[20, 1]";595,191658595286;48,7861612020202;0,281667033027149;0,283095019200394;502,336976504054;561,741994789908;594,222881201956;627,551479254081;693,458034897021
"Mu_N2[21, 1]";845,789744732713;74,1169497988298;0,427914409178684;0,428257089609374;706,265178254428;794,989174749091;843,94036957577;895,301447450513;995,188978266606
"Mu_N2[22, 1]";234,903057709362;31,418805659515;0,181396559051375;0,179976608852231;176,996641350116;213,11692334689;233,482274237905;255,373837779781;300,300360658963
"Mu_N2[23, 1]";217,094147344872;27,7954323965107;0,160477003763675;0,160473891253742;167,632961046833;197,481743121437;215,454042774019;234,800713680308;276,405579940468
"Mu_N2[24, 1]";241,419103971488;33,8274698910153;0,195302988475816;0,193746395372495;179,840068341457;217,765894992243;239,865390860991;263,392881187556;311,847644833603
"Mu_N2[1, 2]";326,624289792869;39,1413793963734;0,225982859309495;0,22286086871794;252,770509035445;299,887161685965;325,621092525543;352,310498166546;406,315070068709
"Mu_N2[2, 2]";505,883162631255;43,4913292400725;0,251097306441705;0,251559613319834;422,225177556677;476,127797701157;505,147425107224;534,911286770772;592,03021732678
"Mu_N2[3, 2]";173,224751785379;20,5104250306633;0,118416994126471;0,116253870800556;135,889950389575;159,033631462521;172,314380046061;186,679724640819;215,958722605473
"Mu_N2[4, 2]";166,752905330615;29,2518275912409;0,168885505340914;0,169541871659906;115,070874861867;146,219421820454;164,865564634704;185,022900592273;229,830944797926
"Mu_N2[5, 2]";259,39590635644;29,8087965159667;0,172101166927122;0,172111723307159;203,023982173861;238,870662410665;258,717690085841;279,43167913229;319,040552043686
"Mu_N2[6, 2]";386,327001434691;36,2500510275231;0,209289767188782;0,209301582253216;318,48101814524;361,324509862122;385,143412095036;409,879311723656;460,964715593501
"Mu_N2[7, 2]";139,921691801985;20,9915675228214;0,121194871600131;0,122175398056748;101,791187210837;125,220062944864;138,961922225335;153,492147121558;183,469736064593
"Mu_N2[8, 2]";820,900655774634;62,4038311925703;0,360288687374944;0,367925744435134;700,841166253428;778,045419700613;820,167441962853;862,712836931215;945,792832410244
"Mu_N2[9, 2]";391,602779906225;30,2833299304955;0,174840886873298;0,174851684910295;334,014841193857;370,878706395823;391,197633726376;411,452168821168;452,833948211766
"Mu_N2[10, 2]";658,893502251017;50,3741001378414;0,290835002747679;0,29681920471904;562,669508847564;624,545066364157;658,101871537831;692,300447951281;761,025344687864
"Mu_N2[11, 2]";369,848472850155;37,9449704145486;0,21907538883232;0,219070354568828;298,503160755493;343,617077176558;368,597299538333;394,815098170409;447,279977841983
"Mu_N2[12, 2]";243,706574197577;28,1483182519095;0,162514391199752;0,161934783641608;190,936368113066;224,11828481382;242,797299468303;262,09259525666;301,611413104777
"Mu_N2[13, 2]";219,723128548147;27,1004119721283;0,15646430147258;0,156026067708082;170,013249423867;201,071230323665;218,502206042392;237,195405712949;276,038810184571
"Mu_N2[14, 2]";568,558640890246;55,3166891832395;0,319371053906222;0,320821900612306;462,368997489856;530,759481413548;567,686699394102;605,128148355817;681,136956829381
"Mu_N2[15, 2]";371,445313667536;34,2004996554277;0,197456676824809;0,195965362272923;306,954246457121;347,994002981261;370,386705667929;394,110442274515;441,306005081265
"Mu_N2[16, 2]";334,294272769027;42,8762805475498;0,247546321159778;0,249409770080799;255,854410770533;304,423252472602;332,401487181204;362,112738446073;423,49488807867
"Mu_N2[17, 2]";455,205128216472;43,9352659164279;0,253660376037674;0,252195903086334;372,341941570468;425,029734192853;454,178209148547;484,30266374986;544,687170078633
"Mu_N2[18, 2]";548,025539899057;53,9807884446678;0,311658227395972;0,317845423231934;445,847369657949;510,95228250186;546,370468728683;583,674504741155;657,705897822834
"Mu_N2[19, 2]";422,707749055083;38,2554659172675;0,220868035453089;0,22648553808031;351,081137023435;396,17288049593;421,460655200422;447,867612481423;500,740168475136
"Mu_N2[20, 2]";494,995256432843;47,0485751054139;0,27163507502099;0,270399098890073;405,002036806552;462,795124390851;493,972126572918;525,761390281682;590,332052669899
"Mu_N2[21, 2]";728,210166538192;61,3140565538364;0,353996870564654;0,356764380876014;609,840223089782;686,62961631603;727,657152918009;769,303642636906;849,645133267686
"Mu_N2[22, 2]";277,227277086591;33,8453494086877;0,195406215919228;0,194572702251895;214,367055532651;253,598474430294;276,112453691768;299,163724806345;347,09270760992
"Mu_N2[23, 2]";205,553578346137;25,6191618052486;0,147912299646729;0,151215673651255;158,716554938958;187,806730740207;204,273209999938;222,118290410044;258,81091105509
"Mu_N2[24, 2]";443,129724474071;44,1092076190469;0,254664628925978;0,254672552957408;361,228063541173;412,34565671464;441,482833125187;472,24521447681;533,940041503151
"Mu_N2m[1, 1]";283,334906805263;36,8762053036462;0,21290487058752;0,212272138375348;215,079600839456;257,73880709923;282,228621699257;307,179000657524;359,189466313596
"Mu_N2m[2, 1]";296,257586993858;37,7224965589855;0,21779093542835;0,21777398753699;225,506727730576;270,117863764962;295,248210690538;321,216548372306;372,54301458126
"Mu_N2m[3, 1]";202,853724841147;22,8248580063681;0,131779379141916;0,131769205068787;160,370853182607;187,071140750349;202,092338819598;217,746895973927;249,419283454009
"Mu_N2m[4, 1]";255,809407907964;37,0928401577341;0,214155612500755;0,20866250426226;189,930592106689;229,61362055535;253,428000106781;279,448067443281;334,909418643381
"Mu_N2m[5, 1]";174,172260083286;26,5913790273717;0,153525398395764;0,152717730773439;125,382683121357;155,764816271329;173,106568236328;191,418960652314;228,761775365194
"Mu_N2m[6, 1]";425,263473429588;39,3570374591919;0,227227961715706;0,230490019103737;351,972257535538;398,217380217968;423,927645971477;451,022365164637;506,646763312362
"Mu_N2m[7, 1]";179,490566273437;22,4212112392577;0,129448923445429;0,130465474598496;138,204242629918;163,867175778352;178,652199219758;193,698160908389;226,376220136975
"Mu_N2m[8, 1]";693,805761180229;58,8460355475324;0,339747744641101;0,339731549959767;581,624215176449;653,066145983899;692,705255375628;733,61914567954;812,040018825295
"Mu_N2m[9, 1]";250,16801388708;26,1393376868384;0,150915536499347;0,150925296463795;200,743009641219;232,06958435944;249,616237509898;267,522087164643;302,899041627165
"Mu_N2m[10, 1]";549,872018356574;47,1751636222289;0,272365934163585;0,274223242162793;460,756343075319;517,616466317764;548,878047129965;581,089479286465;645,769984458221
"Mu_N2m[11, 1]";324,094519586491;34,6083358154411;0,199811319992499;0,199807783209286;259,396317091749;300,51713003666;322,61582862471;346,507663273434;395,787794688004
"Mu_N2m[12, 1]";219,018556534144;25,6466396380134;0,148070942988164;0,146182732860976;171,613130093406;201,391305351481;218,11346201769;235,767833742816;271,82261932374
"Mu_N2m[13, 1]";179,803186886485;24,2020240319661;0,139730450897894;0,140500994411976;135,354123567205;163,143437613563;178,850780064356;195,57431620583;229,969275813042
"Mu_N2m[14, 1]";532,635111798504;53,195426892668;0,307123940361389;0,307098165360111;430,038939742573;496,388235199436;531,819193370328;568,083191017376;637,847864418059
"Mu_N2m[15, 1]";201,56786033135;27,2885696011123;0,15755063005002;0,158698998303714;149,957144863485;182,741143077994;200,907464814546;219,44064877252;257,379531228439
"Mu_N2m[16, 1]";264,028817949033;38,5953744083411;0,222830498041301;0,221107024756778;193,952269495044;237,238812114461;262,312183623585;288,73486326503;345,049265393725
"Mu_N2m[17, 1]";411,23130901334;43,1144298728377;0,248921276930401;0,250383624178236;329,912321539714;381,76281679342;410,224010311937;439,742612572029;498,520076159221
"Mu_N2m[18, 1]";416,020406374852;49,1573240640545;0,283809942810235;0,283692178998071;323,168797376216;382,227194316341;414,540433608749;448,044178796806;516,676262468116
"Mu_N2m[19, 1]";409,491200166374;37,6606950709342;0,217434124370723;0,217436418833276;338,551561817775;383,363949671398;408,339289764367;434,204969059482;487,016834583072
"Mu_N2m[20, 1]";373,922845822538;43,4747160944014;0,251001390400452;0,251001473862392;292,0236446269;343,957138865199;372,66428114712;402,832991027166;461,077919697905
"Mu_N2m[21, 1]";573,463255195311;58,1043188635873;0,33546544136972;0,33722310064682;461,779391270032;533,404842210973;572,619957457603;612,248319332776;689,073162314693
"Mu_N2m[22, 1]";173,009712991192;27,313495121751;0,157694537610524;0,155881695060731;123,889610803332;153,892555696342;171,58914642121;190,633788708718;230,213075522564
"Mu_N2m[23, 1]";145,74333163959;22,1413554723668;0,127833175421942;0,126113681264555;105,211727692476;130,476529952093;144,8059953942;159,807559589766;192,295559415053
"Mu_N2m[24, 1]";183,414433797687;30,8183552814032;0,177929857176997;0,178600481296692;127,820426983789;161,74455666831;181,73966699312;203,336728488499;248,335238798324
"Mu_N2m[1, 2]";315,092659162222;38,2421952508781;0,220791417224967;0,218431529922959;242,963835609872;288,903222478218;314,13587537809;340,214161257595;392,410769584229
"Mu_N2m[2, 2]";485,791847382393;41,8654044247605;0,24171002514368;0,242728140389719;406,043072030462;457,378908294319;485,070767619027;513,853516312051;568,759714118123
"Mu_N2m[3, 2]";161,367702800204;19,6951187032142;0,113709820850224;0,111545483210296;125,383692533269;147,577844311015;160,600612313819;174,343889086637;202,073744919935
"Mu_N2m[4, 2]";156,25949264284;27,8735187384229;0,160927835468906;0,161551051582164;106,998226229982;136,679424999368;154,425983902754;173,620717978467;216,321401681004
"Mu_N2m[5, 2]";249,570182208715;28,9416485980457;0,167094686088732;0,167695670866992;194,781490632454;229,66605675327;249,020881202862;268,767302085;307,269602142156
"Mu_N2m[6, 2]";369,965504587639;35,5457346805153;0,205223394863385;0,205237964068478;303,173602204645;345,420178345404;368,775131036154;393,269761418264;443,153703987725
"Mu_N2m[7, 2]";129,08297825008;19,61668367871;0,11325697602511;0,114201651642473;93,725110131832;115,322741167842;128,138238150068;141,735245107188;169,978860015693
"Mu_N2m[8, 2]";792,244964678809;60,938346618971;0,351827708244337;0,358872496765289;675,017918306927;750,417216794491;791,676024059125;832,974566553871;913,677640553618
"Mu_N2m[9, 2]";364,754378829718;28,372429131501;0,163808295966357;0,164286220164957;310,571666009386;345,264149578889;364,15359451022;383,420682022197;422,046944327559
"Mu_N2m[10, 2]";637,709123061099;49,2986265163031;0,284625752898664;0,284631050511806;543,546957164436;604,288159476928;637,123575903478;670,431870316372;737,370733011945
"Mu_N2m[11, 2]";328,470825730412;34,4000216196361;0,198608617422258;0,19791085771776;263,198534949035;304,736192409485;327,44250393379;351,192276028645;398,123744796302
"Mu_N2m[12, 2]";193,28661136206;24,579002095706;0,141906934763682;0,141782722981366;147,125080706065;176,515493145111;192,348922946331;209,332500010295;243,899336192282
"Mu_N2m[13, 2]";201,668762767717;25,4336120464475;0,14684102761481;0,146840516357189;155,118392444409;184,098190572829;200,500279932887;218,229388201336;254,654972203397
"Mu_N2m[14, 2]";503,963334504951;52,1243186932996;0,300939894289024;0,30050219043121;403,73766573075;468,080415861444;503,144980961321;538,980090934131;608,21622058204
"Mu_N2m[15, 2]";325,508626480157;29,9979309020874;0,173193134814519;0,169082796078512;268,603379170509;305,065226813336;324,775090844402;345,423658543133;385,744455147924
"Mu_N2m[16, 2]";290,60512480047;39,9313819887674;0,230543941403286;0,230759536935823;217,840180954453;262,837450050117;288,858887271698;316,373711319319;373,344023567473
"Mu_N2m[17, 2]";412,039502918563;42,1049747013228;0,243093184780311;0,243075698202524;332,477358873968;383,081986914611;411,024934128182;439,905402648545;497,939597363161
"Mu_N2m[18, 2]";506,946969174389;51,7252036627495;0,298635602585766;0,304619051422241;409,496483771607;471,101396146606;505,02668716878;541,236138311404;612,587602830997
"Mu_N2m[19, 2]";396,505033777381;36,9205751946897;0,213161040272899;0,219047037626888;327,123867704292;370,724656900672;395,378003797077;421,02322407099;471,992297791905
"Mu_N2m[20, 2]";462,997233439129;45,5155221009558;0,262783989372932;0,260913224043198;376,314036672824;431,940299409331;462,127627782255;492,789923629958;555,209804172468
"Mu_N2m[21, 2]";695,306163768059;59,4047189310039;0,342973304659492;0,345362318720619;580,332589967411;654,741621840591;695,038281328087;735,335083246218;812,810231833357
"Mu_N2m[22, 2]";248,010470228934;31,8973278021104;0,184159307929782;0,182894018726973;188,842240053838;225,928093934402;246,91922118039;268,757344549287;313,718426088245
"Mu_N2m[23, 2]";179,954197588625;23,4547226605001;0,135415904418077;0,138560560336081;136,696590811711;163,768221324402;179,26595880546;195,255977676446;228,504401643622
"Mu_N2m[24, 2]";414,399968734385;42,813221861532;0,247182251666306;0,248268870384043;335,517005703545;384,604982181477;412,871491927535;442,361375127688;502,724727295845
"Mu_N2nm[1, 1]";56,9707233069662;12,7185575721145;0,0734306263796408;0,0731643723616336;35,4293591558687;47,9020418547094;55,7556345951787;64,7310428436212;84,9927838106289
"Mu_N2nm[2, 1]";156,534474223038;25,1194498002707;0,145027211040816;0,14321317175699;112,472684511849;138,938991216642;154,835907176807;172,02698892517;210,982855913996
"Mu_N2nm[3, 1]";78,6819667412193;15,182599649693;0,0876567799474856;0,0889232530546438;52,9675516673398;68,078362689197;77,336474477683;88,0700877944817;111,930534068505
"Mu_N2nm[4, 1]";70,2028594215468;14,6978823356499;0,0848582632300491;0,0841254994485872;44,6621314188827;59,8399255736154;69,0754762153676;79,3930987362112;102,071672253042
"Mu_N2nm[5, 1]";48,8019160315556;11,4206384473853;0,0659370868191532;0,066329817096851;29,3735740417953;40,7147997957079;47,7772026522595;55,7738746726449;73,9382537946033
"Mu_N2nm[6, 1]";105,015355668422;16,4690146507699;0,0950839004190988;0,0949272456672655;75,5060349661939;93,4446141203059;104,084911184867;115,457749041878;139,953865121202
"Mu_N2nm[7, 1]";96,6582082015916;13,2933984767143;0,0767494718897595;0,0774084586254661;72,673195202653;87,442439946214;95,8678080438643;105,111613740976;124,764527373676
"Mu_N2nm[8, 1]";200,985250594333;23,1637765573096;0,13373612630811;0,134305029994567;157,798588390948;185,022567477121;199,959033090323;216,012147332526;249,293601976452
"Mu_N2nm[9, 1]";149,814588317749;21,9297939467785;0,126611724384456;0,128138783996155;110,400662440774;134,613196693005;148,556097192655;163,470607692545;196,402071809544
"Mu_N2nm[10, 1]";157,090949939322;21,6421513912762;0,124951019315959;0,125741299304575;118,306548839393;141,936022140789;155,864926971648;170,682391967674;203,225084501987
"Mu_N2nm[11, 1]";118,13323316326;21,5519195851712;0,124430065740517;0,124427412095494;78,9020693239152;103,221883678179;117,092788273229;131,984808317585;163,121995799095
"Mu_N2nm[12, 1]";148,652033145732;22,8724927286566;0,132054398339277;0,133198494673007;107,846831198987;132,607621137485;147,142789154684;163,057372694251;197,647889437627
"Mu_N2nm[13, 1]";110,177926900136;17,8424939768348;0,103013687005398;0,102259273254957;78,4894439452417;97,6808747506661;109,000396442462;121,56166277564;148,49452414303
"Mu_N2nm[14, 1]";314,591078695944;34,1262494198158;0,197027992889629;0,199273952884794;250,986532677569;290,801431167364;313,795163641391;336,814533471172;384,374535879957
"Mu_N2nm[15, 1]";230,139694724207;35,4145119175463;0,204465779888145;0,202567123285812;167,254200460322;205,204784169303;227,75049358837;252,552521121421;306,06873168044
"Mu_N2nm[16, 1]";149,798000297123;24,8933689421853;0,143721932598074;0,144776319723676;105,960866912635;132,502223500933;148,211643545011;165,534132891644;203,047925353101
"Mu_N2nm[17, 1]";207,060361811283;25,633251879742;0,147993648729745;0,148525327484175;159,454103927867;189,275091645528;205,969714479012;223,636920962444;259,918622496025
"Mu_N2nm[18, 1]";276,769324780078;33,0004949925856;0,190528446673602;0,188976047691594;216,863160331455;253,798956631114;274,986486414652;298,085401573438;346,556204019222
"Mu_N2nm[19, 1]";148,257653418356;22,0970363313151;0,127577298741777;0,131478130985862;108,640310348797;132,909569325756;146,940569071454;162,376082784635;194,984417918129
"Mu_N2nm[20, 1]";221,174463955188;22,4316870106006;0,129509405339477;0,129771323276731;179,845146214262;205,637573123661;220,506374765897;235,741806215785;267,176409740511
"Mu_N2nm[21, 1]";272,236428277568;45,3815775648337;0,262010660233066;0,263241041086341;192,856774854216;240,168915631895;268,800037593424;300,415444395342;371,497944838529
"Mu_N2nm[22, 1]";61,874484047879;13,4253727104169;0,0775114254833027;0,0778610057713784;37,9297384100002;52,4088479064453;61,1283161217518;70,4039420012114;90,4261919776662
"Mu_N2nm[23, 1]";71,2561190979835;18,4447235281642;0,106490660941138;0,106889773327974;40,3076879343104;58,3045686117717;69,3995873951427;82,3315084596855;112,043472938401
"Mu_N2nm[24, 1]";57,9362826841073;13,9861744843761;0,0807492160348761;0,0810557341116397;32,8326331584827;48,1915687358708;57,1605822473098;66,8411465319222;87,4681164120769
"Mu_N2nm[1, 2]";9,78480117314181;4,72857191426268;0,0273004226758206;0,0275452697166654;2,80711844627695;6,35571294787016;9,07738556110167;12,3985492857479;20,9895502282531
"Mu_N2nm[2, 2]";19,6384119645937;9,56149393676098;0,0552033109824392;0,05593694396486;5,67889291399196;12,7524973900382;18,0796723586187;24,884217649908;42,6068556000591
"Mu_N2nm[3, 2]";11,7903353505168;6,07771327577413;0,0350896939582555;0,0349485419285132;3,54319181693035;7,48208967028565;10,5775456593401;14,7597098772384;26,9875264116192
"Mu_N2nm[4, 2]";9,97405836311963;5,93853506964528;0,0342861482105173;0,0342465881460246;2,50684748857564;5,82112538560509;8,59147724632405;12,6436317622134;25,2394296704161
"Mu_N2nm[5, 2]";9,25920190672818;4,91157834063743;0,0283570107711295;0,0280343646761476;2,175945075525;5,665160746155;8,45601692993399;11,962493543538;20,9508244109185
"Mu_N2nm[6, 2]";16,0209140642568;6,83399486991941;0,0394560877778849;0,0404886344679822;5,38949623910019;11,0987290501062;15,077768764153;20,000194766828;31,9047728174835
"Mu_N2nm[7, 2]";10,6070518246978;5,46057466114798;0,0315266425054384;0,0316921227773163;3,2012081868873;6,7135674101945;9,52018977900824;13,3051332691162;24,335073908427
"Mu_N2nm[8, 2]";28,5355947738219;11,2024210978435;0,0646772083641549;0,0644727377427493;10,7736201663291;20,4354152364858;27,1619546497366;35,122506654668;54,203024886511
"Mu_N2nm[9, 2]";26,590890425671;10,8277742927305;0,0625141840263248;0,0629810131157115;10,2315821093024;18,7827060680969;24,9039833039625;32,5483658727524;52,3027003250037
"Mu_N2nm[10, 2]";20,5876710427145;8,17614202188728;0,0472049779726923;0,0474053001207359;7,66825912128967;14,6217932832903;19,5801725615982;25,3875385272476;39,2770363550455
"Mu_N2nm[11, 2]";41,2623408181113;15,581859905345;0,08996191010826;0,0899619384637949;17,2252385732275;29,8133534819601;39,0921829650063;50,3897345604097;77,0433736950539
"Mu_N2nm[12, 2]";50,3499608433262;15,5426986742379;0,0897358126350449;0,0901472496975569;24,7084088335506;39,1455922964896;48,7549923443859;59,7687612034153;85,2097436872909
"Mu_N2nm[13, 2]";17,8957307530724;7,92882608778041;0,0457770987613775;0,0455163967937743;5,99908293089912;12,177382638457;16,6932060283788;22,349654958729;36,7153033545663
"Mu_N2nm[14, 2]";64,5846531811062;20,0721933158493;0,115886862141318;0,11588424048458;31,9832169287158;50,043098376494;62,3060088845252;76,8110385402331;109,846758248332
"Mu_N2nm[15, 2]";45,7099184509026;15,6807510294263;0,090532858279348;0,0905225632841002;21,0489285304021;34,3472905096203;43,7032291971955;54,8564824688484;81,8689475211131
"Mu_N2nm[16, 2]";43,5869810065075;14,7138775950544;0,0849506119032784;0,0866341401981996;20,4046250393242;32,8974145782632;41,7903249585012;52,1407167292711;77,3410533018988
"Mu_N2nm[17, 2]";42,9557445414681;14,5809024832135;0,0841828797371097;0,0852681914348526;19,3393134801608;32,390351197995;41,2662438691883;51,7959508577629;75,5935808997912
"Mu_N2nm[18, 2]";40,4932688398504;13,2517468719936;0,0765089962377827;0,0765975847547773;18,7697706259646;30,9607752453868;39,0663266188016;48,5157797253831;70,3613822788122
"Mu_N2nm[19, 2]";26,1337232081568;9,14068120092076;0,0527737475192815;0,0524643675892519;11,5152628113509;19,5630332516402;25,0436563185043;31,5004253266939;46,9252035149034
"Mu_N2nm[20, 2]";31,9193559660298;11,5865686465502;0,0668950852706981;0,0668608871574291;13,1740107980939;23,5427763197905;30,6307590758487;38,8245434359078;58,2311760046599
"Mu_N2nm[21, 2]";32,8265784919125;13,3700923020491;0,0771922638967819;0,0779783472005417;12,1794332062281;23,169942577718;30,9833454067049;40,3626743954316;63,864067678377
"Mu_N2nm[22, 2]";29,1945537310475;11,0931326132029;0,0640462310038891;0,0640454877347141;12,0046089303632;21,1398833435866;27,6643105090688;35,6518349433305;54,9500179765251
"Mu_N2nm[23, 2]";25,5097813781566;12,296410683127;0,0709933601796956;0,0705941927420342;8,34133622541317;16,6434444653293;23,222892766225;31,8788859873038;55,6554532927677
"Mu_N2nm[24, 2]";28,604396752894;12,287702289588;0,0709430822461559;0,0709475202555207;9,29652756044815;19,7080828753176;27,1238172085915;35,7080403014608;56,6797511427698
"Mu_N3[1]";456,827332705493;31,1125459074469;0,17962836754839;0,177545621316876;398,926939461572;435,066398701691;455,908337839629;477,447409213581;520,790697145239
"Mu_N3[2]";597,000501760565;28,107909859852;0,162281093239433;0,160292703599649;543,517840418083;577,7913012704;596,529588200797;615,700773289966;653,388727373687
"Mu_N3[3]";278,039169259501;22,3700839402;0,12915373984669;0,128408316188442;236,298895145475;262,550207510478;277,298487131324;292,554795034518;323,778065433219
"Mu_N3[4]";314,564948934416;37,3627856385671;0,21571414346101;0,21480801019061;247,864840754084;288,284576570639;312,290129527489;338,654326908178;394,547090592523
"Mu_N3[5]";323,476291325931;19,9377639471119;0,115110733819043;0,115063781409961;285,940167169278;309,823800438329;322,784979620587;336,614386147446;364,222798218277
"Mu_N3[6]";607,061495120803;38,2796059418634;0,221007407950076;0,221863993810622;535,175017850768;580,681285473472;605,947893352483;632,24644400358;685,30654970692
"Mu_N3[7]";235,558716384093;20,1189105909959;0,116156584455135;0,116158947774917;198,824275530178;221,537499815952;234,631530535298;248,451152011992;277,176362547024
"Mu_N3[8]";1134,42065166519;40,6224878211003;0,234534042786646;0,23368843781298;1056,86008919058;1106,69913056164;1133,75833978037;1161,3641324512;1216,11937330078
"Mu_N3[9]";469,419145208557;20,9429806736301;0,120914355295535;0,121631547062479;429,944699527935;455,041508730271;468,887423613605;483,340350993759;511,659924869202
"Mu_N3[10]";906,575091219406;38,9209087136254;0,224709971229165;0,226579299307927;832,650586280908;879,883354611295;905,73440047024;931,946790422747;985,632591142274
"Mu_N3[11]";498,155003329771;30,8027939966701;0,177840014057701;0,178324246253144;440,637188869752;476,938998439005;496,965878500275;518,17899530836;561,652061513629
"Mu_N3[12]";314,745310581076;24,0949971044338;0,139112530643681;0,139706909786356;270,225317238132;298,001025151686;313,864555917689;330,669232668699;363,802110497722
"Mu_N3[13]";291,207864030718;24,5751390936991;0,141884631711197;0,143625026143154;245,713847391351;274,103749086966;290,356902725098;307,188769987245;341,98383088391
"Mu_N3[14]";791,317997769499;34,8465150191677;0,201186448266368;0,199392761938982;725,15810091527;767,346140965868;790,72219126577;814,219898070548;862,417900620217
"Mu_N3[15]";402,359381979014;21,698259032116;0,125274956931384;0,125677011714431;361,78528366631;387,360628077241;401,735057534295;416,699170008053;446,736743458379
"Mu_N3[16]";423,39617875817;39,5744595118701;0,228483248522122;0,227238817789765;350,669025347923;395,85253059335;421,936254495278;448,89316796105;505,808147203787
"Mu_N3[17]";628,468056114867;36,3354124156108;0,209782601392689;0,212181339064966;560,040473832918;603,635062788429;627,484892314118;652,317713085446;702,362079040083
"Mu_N3[18]";704,574368436191;41,5839072696741;0,240084800561028;0,238216813436587;626,683374166884;675,704979898534;703,277513094533;731,668982105967;789,798265371473
"Mu_N3[19]";615,280997505391;33,4883638310451;0,19334515872574;0,194451349473566;552,497819983266;592,40337022182;614,308143691715;637,357099568731;683,242822020681
"Mu_N3[20]";638,88762690713;34,3159362091171;0,198123150078278;0,198629240443031;574,049778009904;615,429984605945;638,119801871074;661,109193187599;708,061568020036
"Mu_N3[21]";968,552557478321;30,1698242801441;0,174185561695449;0,174321825424879;911,179205831669;947,833438526226;968,048483595052;988,651664390527;1029,33812911099
"Mu_N3[22]";321,398174572189;27,7480659446974;0,160203533426625;0,159417266996796;270,402986725204;302,062789268063;320,179628641405;339,434651368873;379,003716743922
"Mu_N3[23]";248,630815168997;22,3802627781359;0,129212507394913;0,12866664932494;207,791230038818;233,148327585925;247,540690313399;262,879830046649;295,996418764055
"Mu_N3[24]";456,359256312221;36,1593868356688;0,208766317233052;0,210509007061926;389,326271165005;431,483905877703;454,600584550574;479,977112960566;531,14676613753
"Mu_N4[1]";40,0863973115988;8,16716678898722;0,0471531594413834;0,047301026623625;26,2076329687551;34,2715832955388;39,3402025154176;45,1197097808177;58,0749587226698
"Mu_N4[2]";105,791039262269;15,4024415520604;0,0889260377625955;0,0881125193031953;78,9471522659231;94,8936979334821;104,638644018145;115,300791584872;139,30582806479
"Mu_N4[3]";54,3282174110553;9,66190291587577;0,0557830224936491;0,0557056396451543;37,8859423455109;47,4942428029588;53,4192852817055;60,2745005523713;75,4481457978904
"Mu_N4[4]";48,1458846524867;8,89883091398206;0,0513774242366051;0,0514274106293791;33,0243054431108;41,7781471071406;47,3818316053356;53,6125386828567;67,5709634928191
"Mu_N4[5]";34,865444622837;7,24788156251919;0,0418456637117498;0,0418470687430434;22,755503648562;29,7234810456364;34,2287984212865;39,2568888763601;50,7965568384987
"Mu_N4[6]";72,6817448504023;10,1028664591857;0,0583289266979772;0,0585773750637067;54,6653590433199;65,548686495638;72,1073780054002;79,0775458942799;94,2060950213477
"Mu_N4[7]";64,4123144059349;7,91055059063991;0,0456715851294411;0,0459258218897794;50,302041006251;58,9356965096727;63,8648575620004;69,3910555638158;81,1465943101339
"Mu_N4[8]";137,826252888831;13,7573923977578;0,0794283420419277;0,0797824619493053;112,893751656385;128,17459462641;137,088474235286;146,728472268746;166,680813085471
"Mu_N4[9]";105,930710063685;13,6170938458297;0,0786183279747016;0,0790549412429375;81,8974657691306;96,3487917733021;105,052869661452;114,496531411503;135,238287695189
"Mu_N4[10]";106,695226349173;13,351913160055;0,0770873065715424;0,0771342892640575;82,9098768490986;97,2750660419395;105,912332512081;115,11586429093;134,975016187427
"Mu_N4[11]";95,7163374580572;13,313880709698;0,0768677261170268;0,0768632374681613;72,3201295030774;86,4201449290378;94,8078556872516;104,172497297136;124,109390239646
"Mu_N4[12]";119,499817565255;15,7100069642186;0,0907017674976249;0,0916360099605591;91,6676470269252;108,512649950447;118,357000135918;129,333615532364;153,293877031323
"Mu_N4[13]";76,9076651830676;11,1005755218322;0,064089202656896;0,0635586719260172;57,4092044622797;69,014300708774;76,0606295320452;83,9135084076061;100,862243502562
"Mu_N4[14]";227,693350585074;20,1490427065507;0,116330552305403;0,116331173263327;190,791945518372;213,586894291302;226,842671037885;240,823346914185;269,037475921072
"Mu_N4[15]";165,646473128727;22,7190378454;0,13116842615771;0,131477744429126;125,707084308007;149,719873427546;163,987724121244;179,839715238434;214,777298860074
"Mu_N4[16]";116,126826281523;16,4229369345802;0,0948178706006412;0,0954121241591981;86,9745424187902;104,563108559283;114,946430813335;126,368019226604;151,454275567515
"Mu_N4[17]";150,133566496684;15,7461257711848;0,0909102995268724;0,0911538324274471;121,425530604785;139,160383006645;149,343099574275;160,368695586586;182,828149642685
"Mu_N4[18]";190,51478479128;20,7643875032146;0,119883247145386;0,119470716029253;153,015645916938;176,010205371671;189,412921615411;203,918943844178;234,835567455491
"Mu_N4[19]";104,721250647206;14,1292640173994;0,0815753438389681;0,0837158396215704;79,4910257836761;94,740589217355;103,816220314023;113,804001977629;134,735534797315
"Mu_N4[20]";151,981719887399;13,2062941999476;0,0762465751133715;0,076876000992258;127,851201553023;142,751404685708;151,49200449884;160,598360327466;179,179557766785
"Mu_N4[21]";183,18898682425;28,9775351295258;0,167301877074836;0,168448043529693;132,624597508786;162,755734922396;181,138669231533;201,272306369147;246,05393060906
"Mu_N4[22]";54,6865545529326;8,96805133651208;0,0517770685324163;0,0518364397629672;39,1143605120158;48,3213893902034;53,9800688258695;60,2544594961465;74,067726955915
"Mu_N4[23]";58,1074954157099;13,3706067383434;0,0771952339961118;0,078080865255428;36,1302033925293;48,595476261341;56,6440442465872;65,9291553950199;88,0314962690646
"Mu_N4[24]";51,9672953893289;9,26228954874515;0,0534758536428027;0,0536638227558128;36,0359284358519;45,4022435157323;51,1900230543446;57,6681518005103;72,2390852149971
"Mu_Sd_L1";0,201478798712548;0,00553724742354884;3,19693129055548e-05;3,2082137503112e-05;0,191047878188429;0,197857026988445;0,20129906359952;0,204944006785742;0,212796599037927
"Mu_Sd_L1surv";0,198156485460672;0,00311097935913536;1,79612477044017e-05;1,78293849617099e-05;0,192171148899132;0,196017679796777;0,198096432066172;0,200253750327744;0,204353206509563
"Mu_Sd_L2";0,286993681845655;0,00851237182507094;4,91462016464689e-05;5,0147636607085e-05;0,271144347880717;0,281242493692109;0,2866570359119;0,292408710590166;0,304684011770996
"Mu_Sd_L2m";0,279332447126953;0,00420149489521747;2,42573420875265e-05;2,445626035259e-05;0,271212024101015;0,276487527358579;0,279303010886685;0,282145720729044;0,287675412808653
"Mu_Sd_L2nm";0,275862022330572;0,00438307628509136;2,53057027307616e-05;2,54355839043483e-05;0,267332475099997;0,272920308776111;0,275828848705231;0,278809887631967;0,28459536404044
"Sd_Alpha1";0,528879130640121;0,0879761598267125;0,00050793059558222;0,000507044178433523;0,38560075361629;0,466584090323238;0,518741123884674;0,580002046878116;0,730815194514698
"Sd_Alpha2[1]";0,425833084704819;0,0930735846129486;0,000537360591307293;0,000534578514184986;0,268707303163136;0,361143871810816;0,415814639174445;0,481256252097558;0,633948961184523
"Sd_Alpha2[2]";0,672585863678584;0,177848241673151;0,00102680730204895;0,00104218637419629;0,365148609398596;0,549305659848188;0,658037165116812;0,778511996692268;1,06291013076864
"Sd_L1[1]";0,205166680902164;0,0132593773553436;7,65530508539445e-05;7,65202121773114e-05;0,181242259380678;0,196042235866092;0,204449019790889;0,213417126552443;0,233188123729878
"Sd_L1[2]";0,222199144963092;0,0140412196307413;8,10670193355917e-05;7,9875261999291e-05;0,197573413068963;0,212413977472877;0,221188948376596;0,230978230605096;0,2522830492454
"Sd_L1[3]";0,209304316944534;0,0126557154838193;7,30678074137036e-05;7,25863460950764e-05;0,186565146237679;0,200483104617469;0,208544156783553;0,217321138024066;0,236492967886131
"Sd_L1[4]";0,200252176529413;0,012561174229048;7,25219732247868e-05;7,27807083674019e-05;0,177409324269902;0,191595532049152;0,199748338266697;0,208276541612942;0,226556226741639
"Sd_L1[5]";0,211903760709088;0,01339740677115;7,73499640576636e-05;7,68192440123631e-05;0,187927434351762;0,202549382652205;0,211144718570672;0,22034190974175;0,240381741713008
"Sd_L1[6]";0,223031535363388;0,0136985500690289;7,90886156986142e-05;7,95749204041416e-05;0,198778052759726;0,213451304428633;0,222060816454483;0,231706283305986;0,252617463520829
"Sd_L1[7]";0,190949760068015;0,0121552946002963;7,01786260956025e-05;7,0565088675448e-05;0,168413831472165;0,182518562348497;0,190588630831847;0,198684003341336;0,216376872545018
"Sd_L1[8]";0,193380488995559;0,0123571285096445;7,13439147145403e-05;7,20871532033534e-05;0,170679315410503;0,184862420193351;0,192872935032144;0,201150850718598;0,219437551965886
"Sd_L1[9]";0,210984276647013;0,0127028615250638;7,33400052097414e-05;7,33384001910309e-05;0,188191039578636;0,2021248718349;0,210233822503526;0,218970079833536;0,237855801231088
"Sd_L1[10]";0,22759972266538;0,014519022480385;8,38256153742048e-05;8,37504505399963e-05;0,202055889077446;0,217415396956608;0,226647351623159;0,236618779923122;0,259071159595669
"Sd_L1[11]";0,216333048896944;0,0129474002823371;7,47518503831315e-05;7,42060973870582e-05;0,193291979255226;0,207342654495835;0,215585889965034;0,224552844983018;0,243789740152659
"Sd_L1[12]";0,203192733424546;0,0123088331590222;7,10650813777165e-05;7,1061119666979e-05;0,180760457113381;0,194656856518415;0,202535232298288;0,211111492678929;0,228922729659972
"Sd_L1[13]";0,218082294736229;0,0134357119593691;7,75711191649601e-05;7,70343027335552e-05;0,194072698218165;0,208709140468727;0,217225598632966;0,226548285199148;0,246632104912756
"Sd_L1[14]";0,178832430468925;0,0118249823004929;6,82715671435213e-05;6,85521377568183e-05;0,156803318181967;0,170700156944772;0,178490534529848;0,186660943564657;0,203067907393334
"Sd_L1[15]";0,188730251024036;0,0114829389425728;6,62967788958246e-05;6,60541798729086e-05;0,167096689628613;0,180838867913218;0,188434494195008;0,19626098968334;0,212186083240675
"Sd_L1[16]";0,22435372090841;0,0138539031118872;7,99855469097505e-05;8,0301426052453e-05;0,199682849031648;0,214627599059537;0,223480402266985;0,232974598771297;0,254134990038723
"Sd_L1[17]";0,188380065697092;0,0117335883145299;6,77439037195408e-05;6,88165341745851e-05;0,166414217367801;0,180384304506402;0,188032077595281;0,195978216054417;0,212620902335399
"Sd_L1[18]";0,169904177214406;0,011964798652982;6,90787972309885e-05;6,99088348980857e-05;0,147748402950459;0,161557026293444;0,169452718052844;0,177885793204874;0,194368661913369
"Sd_L1[19]";0,193366524332943;0,0119623076872798;6,9064415633801e-05;6,9416029624203e-05;0,171203269468331;0,185156908213872;0,192880584825827;0,201032575728301;0,218194168239425
"Sd_L1[20]";0,179507767808113;0,0115883899490961;6,69056005658499e-05;6,70661369771249e-05;0,157751315864396;0,171503016607961;0,179164797568199;0,187069162461508;0,203344464750195
"Sd_L1[21]";0,192868110519852;0,0116787591327953;6,74273472912016e-05;6,74265991287611e-05;0,170860903322332;0,184864871441173;0,192506889412334;0,200446041032432;0,217016462281224
"Sd_L1[22]";0,194421787880187;0,0117405812205079;6,77842772810287e-05;6,76734038814539e-05;0,172625342913647;0,186283939100327;0,193951027563891;0,202003100699382;0,218935769377935
"Sd_L1[23]";0,191740721015547;0,0123474275376727;7,12879061267476e-05;7,17833961109849e-05;0,168601956252737;0,183261245533257;0,19133320002998;0,199781009213304;0,217176880948261
"Sd_L1[24]";0,190099931476192;0,012714509152793;7,34072528197902e-05;7,44523563824633e-05;0,166635115146373;0,181239858203506;0,189655294891209;0,198275666910248;0,216443367722772
"Sd_L1surv[1]";0,200528918930016;0,0121565506147933;7,01858776986825e-05;7,01699319866018e-05;0,178256749942636;0,192146270647132;0,199985412445287;0,208219119570675;0,225977218021014
"Sd_L1surv[2]";0,218327844469532;0,0127204182062062;7,34413687555778e-05;7,31045358914996e-05;0,195513757670645;0,209409280009968;0,217599787141176;0,226503413604958;0,245000130670266
"Sd_L1surv[3]";0,206608785713647;0,0118798629023967;6,85884204463458e-05;6,8592034043726e-05;0,184873423047033;0,198334880732047;0,206028267304182;0,214263081125967;0,231694220496682
"Sd_L1surv[4]";0,196900536982668;0,0117807157799448;6,80159942679758e-05;6,82622382265241e-05;0,175239999744144;0,188782224297845;0,196496131214581;0,204513705328873;0,221290002120048
"Sd_L1surv[5]";0,208052110446795;0,0123596339514476;7,13583798895353e-05;7,08715900730382e-05;0,185533201281189;0,19947638708577;0,207508150506113;0,215991613877879;0,233718947284109
"Sd_L1surv[6]";0,219603402078575;0,0125327581394901;7,23579128552308e-05;7,28086662375554e-05;0,196974415361425;0,210799070187456;0,21889797523877;0,227692640478674;0,246049202446482
"Sd_L1surv[7]";0,187202374771626;0,0113816523310669;6,57120003716422e-05;6,59978557160346e-05;0,166066437918735;0,179303534080501;0,186896625115838;0,194525304139796;0,210593811844232
"Sd_L1surv[8]";0,190502877233739;0,0116897487011013;6,7490795593399e-05;6,82055469264324e-05;0,168828574803588;0,182439373337203;0,190111777234758;0,197989015456505;0,21496581632094
"Sd_L1surv[9]";0,208002792715657;0,0118721206710324;6,85437206527225e-05;6,85417607673589e-05;0,186369264297389;0,199775799880309;0,207430523370913;0,215601833035667;0,232735217622092
"Sd_L1surv[10]";0,2226607431872;0,0129058066437867;7,45117093989949e-05;7,44395520402453e-05;0,199223179509246;0,213682783868048;0,222056656496119;0,230989022406611;0,249918237440969
"Sd_L1surv[11]";0,212739791621996;0,0119479657174036;6,89816122321136e-05;6,87585931276066e-05;0,191025932447772;0,204457391394855;0,212142386796952;0,220437659794816;0,237465443446408
"Sd_L1surv[12]";0,201017895382988;0,0117038040076729;6,75719439437256e-05;6,75679900200094e-05;0,179438739420656;0,192927434133116;0,200533205885282;0,208620633088575;0,22520794935289
"Sd_L1surv[13]";0,215661460501228;0,0125012513839552;7,21760085173374e-05;7,16567615814496e-05;0,192785588925239;0,206996432999351;0,215031290587754;0,22370407819144;0,241676879760476
"Sd_L1surv[14]";0,177241325436184;0,0114820192313941;6,62914689408582e-05;6,65524427082085e-05;0,155722537898461;0,169328126315151;0,176961489294542;0,184871028989699;0,200669584801527
"Sd_L1surv[15]";0,18698613097031;0,0110339133538995;6,37043284508886e-05;6,34612993055059e-05;0,166005542526761;0,179448737964757;0,186740746087533;0,194286343243;0,209334405943627
"Sd_L1surv[16]";0,22066825218913;0,0125832258023963;7,26492880428735e-05;7,29644786782579e-05;0,197693913790099;0,211834268321622;0,220049349944883;0,228699179960835;0,24716080514643
"Sd_L1surv[17]";0,186003090089668;0,0111678792691724;6,44777810233391e-05;6,57464910454071e-05;0,164838944658682;0,1784018648642;0,185721400419518;0,193292233637524;0,208795849326927
"Sd_L1surv[18]";0,168138708713404;0,0115389107868937;6,66199324896813e-05;6,7434249369526e-05;0,146612869349225;0,160094445652041;0,167738356468951;0,17586689952811;0,191590139715948
"Sd_L1surv[19]";0,191397402330597;0,0114856202917915;6,63122596727565e-05;6,66468134407138e-05;0,169921857748178;0,183571067852052;0,190995155636634;0,198890042795594;0,214890766814318
"Sd_L1surv[20]";0,17730513004345;0,0111318221868232;6,42696053613345e-05;6,40134001957937e-05;0,156249663664351;0,169614905836039;0,176984952750301;0,184597846439892;0,200007603815848
"Sd_L1surv[21]";0,190064524627764;0,0110790525447174;6,39649396905859e-05;6,3964106847005e-05;0,168989786320976;0,18250421925814;0,189789853873339;0,19730970598628;0,212721159996738
"Sd_L1surv[22]";0,19256664863607;0,0112831930323379;6,51435453453878e-05;6,50221630024187e-05;0,17143945968129;0,184746509768486;0,192174989455551;0,19993861822398;0,215931951512428
"Sd_L1surv[23]";0,189860283679522;0,0118456104307997;6,83906637093763e-05;6,8830542042296e-05;0,167410649313336;0,181732431900569;0,189551510907125;0,197647273000726;0,214028698985346
"Sd_L1surv[24]";0,18771462030437;0,0121209977652675;6,99806132262405e-05;7,09528746115018e-05;0,165194453031295;0,179305371676221;0,187395400342495;0,195619251731798;0,212723807412985
"Sd_L2[1]";0,345873359283744;0,0237405719043454;0,000137066255796895;0,000137116496604704;0,304206611461081;0,329061061820337;0,344453230544275;0,360848825391636;0,397195436864161
"Sd_L2[2]";0,299784145342496;0,0184006774987172;0,000106236361071558;0,000106172315855872;0,266434743118665;0,287030690166173;0,298792679422661;0,311565685327579;0,338919751637726
"Sd_L2[3]";0,280323030286517;0,0170830389343462;9,86289712732161e-05;9,91318514235039e-05;0,248956984294778;0,268510056207003;0,27959721899215;0,291135263601997;0,316143986328145
"Sd_L2[4]";0,327830981056389;0,0223270047540387;0,000128905022049423;0,000128323967803402;0,288344672690424;0,312218276656365;0,326274273943168;0,341665033931138;0,376190710060634
"Sd_L2[5]";0,343823833376519;0,0244264543558649;0,000141026199977067;0,000141781222067592;0,301145345319708;0,326684052644279;0,34194250942942;0,358918549947888;0,396786801317726
"Sd_L2[6]";0,309052477243162;0,0197363952476079;0,000113948131090393;0,000113949441794614;0,273575400566953;0,295338757914825;0,308009092306758;0,321334664601545;0,351009763957952
"Sd_L2[7]";0,325216663730945;0,019938881096086;0,000115117183681652;0,000113934846903038;0,289790474274222;0,311246417447645;0,323969940848388;0,337845272100158;0,367932665040112
"Sd_L2[8]";0,256145754553848;0,015681506446889;9,05372196841024e-05;9,03085642267695e-05;0,227350272409553;0,245311564059348;0,255544089946568;0,266415972338258;0,288584119678452
"Sd_L2[9]";0,288507483169029;0,020105888789861;0,000116081403051229;0,000114341442416891;0,252048111458709;0,274632056332068;0,287325216371822;0,301369027464123;0,330830463553265
"Sd_L2[10]";0,291165734217013;0,0194629863057862;0,000112369603828796;0,0001107065429563;0,256112079812051;0,277628208040998;0,290157269505463;0,303560533800578;0,332339751289959
"Sd_L2[11]";0,294342349674592;0,0191516766652402;0,000110572256781091;0,000113277753487753;0,259784268975608;0,281227591823081;0,29330320983724;0,306280250893126;0,335077212723523
"Sd_L2[12]";0,281967101541372;0,0174683129124372;0,000100853351622843;0,000100824386592637;0,250157898804146;0,269809967558734;0,281145478112805;0,293270840537622;0,31871753866997
"Sd_L2[13]";0,296684023193042;0,0189396158875153;0,000109347923310051;0,000111397256704513;0,262577824607154;0,283597055653228;0,295707471093636;0,308686221880009;0,336536414247793
"Sd_L2[14]";0,247378615599154;0,0157461776765569;9,0910599202678e-05;9,16033888103855e-05;0,21848129262559;0,236332487587013;0,246834857203137;0,257636288523927;0,279782555623422
"Sd_L2[15]";0,254415175070003;0,0167126080604999;9,64902876259034e-05;9,69692556419992e-05;0,223696860444772;0,242755067988728;0,253717852323556;0,265309208240019;0,288915413407534
"Sd_L2[16]";0,279192466972001;0,0173512905359049;0,000100177722616921;0,000100337380300711;0,247794898610035;0,267114055604105;0,278333957092047;0,290277320686009;0,315983293713494
"Sd_L2[17]";0,266454998196569;0,0183769765536508;0,000106099523601417;0,000105501015471953;0,232932033960381;0,253683580407461;0,265674072597977;0,278237604774102;0,304767645097416
"Sd_L2[18]";0,269995963607274;0,0169845287081538;9,80602222171155e-05;9,87610588509453e-05;0,238576088430246;0,258270100554694;0,269307132987025;0,280851656524168;0,305257020708791
"Sd_L2[19]";0,254907874021304;0,0165198536982052;9,537741979632e-05;9,54751379260611e-05;0,224322497618017;0,24350679374189;0,254211687678812;0,26547936995949;0,289399703647881
"Sd_L2[20]";0,252381698532647;0,0158127444450149;9,12949226195611e-05;9,05984647873316e-05;0,22282985541532;0,241498872162395;0,251795629086778;0,262597148014997;0,284854168181742
"Sd_L2[21]";0,266748006140547;0,0153676023957825;8,87248938000418e-05;8,73900425740372e-05;0,238227997695177;0,256265819411994;0,266090530454069;0,276601971106203;0,298497896919919
"Sd_L2[22]";0,264562086887183;0,0155661518665264;8,9871219703856e-05;8,98767323659893e-05;0,235689374603506;0,253818721290967;0,263979011003042;0,274634636597663;0,296794187219833
"Sd_L2[23]";0,282511822842501;0,01830231917215;0,000105668489008352;0,000105018181621964;0,249423245473607;0,269813519611603;0,281527004086998;0,294160417428787;0,320842202841038
"Sd_L2[24]";0,288167123800834;0,0184218444759602;0,000106358568671651;0,00010567906396003;0,254834997735763;0,275450728662353;0,28711692134697;0,3001027710811;0,327077367524502
"Sd_L2m[1]";0,332481953595298;0,0190941592055237;0,000110240179572587;0,000110245672837658;0,297340209513471;0,319110433188141;0,331769848468223;0,344935374902227;0,371983059935767
"Sd_L2m[2]";0,293614547301056;0,0167185393931369;9,65245321908497e-05;9,58937569440969e-05;0,262770345977447;0,282095449446089;0,292912844274064;0,304565136381368;0,328329267206139
"Sd_L2m[3]";0,273991936240437;0,0157215065015057;9,07681601071075e-05;9,12019536912858e-05;0,244699680652592;0,263186200314269;0,273471301112297;0,284111610150529;0,306566473110765
"Sd_L2m[4]";0,315139025363444;0,018410767267899;0,000106294614381091;0,000105821870833119;0,281220486005572;0,302412072429365;0,314330040074404;0,327082507604508;0,353475789950078
"Sd_L2m[5]";0,333972430320845;0,0208978109848202;0,000120653567975599;0,000121217229719156;0,295931285445429;0,319293931385454;0,332929198526278;0,347495543470903;0,377745803164315
"Sd_L2m[6]";0,3018502809277;0,0177664911844695;0,000102574884679086;0,000102575668598107;0,269030894874119;0,289572503079784;0,301163434859706;0,313189000830389;0,338579899214632
"Sd_L2m[7]";0,313137027081845;0,0169098023923135;9,76287896314558e-05;9,62150640294283e-05;0,281854572561836;0,301404585764947;0,312422966919812;0,32414509584352;0,348493850832756
"Sd_L2m[8]";0,252637146425543;0,0149714069541293;8,64374583511396e-05;8,62140042592913e-05;0,225020500185684;0,242297370982162;0,252132951798324;0,262489273965639;0,283284784335088
"Sd_L2m[9]";0,282047167908178;0,0182891324718093;0,000105592355558438;0,000103808642602164;0,248239297036659;0,269434518646013;0,28125063837466;0,294004424423811;0,319757654347364
"Sd_L2m[10]";0,28531237264037;0,0176910327965381;0,000102139225473238;0,00010067604162984;0,252689522046314;0,273058261482584;0,284663346342201;0,296824853822308;0,321992392270409
"Sd_L2m[11]";0,286805219801127;0,0175495918148047;0,000101322615584456;0,00010346482882913;0,254615399698778;0,274803865752665;0,286076605081273;0,297995255412932;0,323656764053486
"Sd_L2m[12]";0,273349929761065;0,0159975917795223;9,23621392029295e-05;9,24281115685636e-05;0,24387062522154;0,262181020993725;0,272723306371094;0,283834939912001;0,306633956423302
"Sd_L2m[13]";0,289525980017047;0,0174549586689363;0,000100776250862041;0,000102549456469233;0,257804383082504;0,277480775058538;0,288771335844991;0,300757966882988;0,325875934645473
"Sd_L2m[14]";0,242590383761326;0,0149415539694549;8,62651020637613e-05;8,69280358403838e-05;0,214957711130071;0,232126508907876;0,242090763532538;0,252390055713207;0,273219686642285
"Sd_L2m[15]";0,249714507128137;0,0157002876509355;9,06456530162216e-05;9,11196947780256e-05;0,220645498232198;0,238810022814567;0,249149319194522;0,25998508706775;0,28170400922102
"Sd_L2m[16]";0,272277574589429;0,0161027810899105;9,29694499696142e-05;9,30595288799181e-05;0,242818164977056;0,261021624140918;0,271552125579737;0,282645377816219;0,305990923205279
"Sd_L2m[17]";0,260737600508928;0,0171817600609004;9,9198937963124e-05;9,85387964189012e-05;0,229092127560754;0,24879849869215;0,260114987452882;0,271894996821393;0,296415281371791
"Sd_L2m[18]";0,264337755087761;0,0157291809759782;9,08124687061336e-05;9,11224851994094e-05;0,234876948590877;0,253521803232506;0,263850845915336;0,274478960688657;0,296543373921075
"Sd_L2m[19]";0,250695179495084;0,0157358222471728;9,0850812103253e-05;9,12121650218866e-05;0,221389499436106;0,23987380070837;0,250116031783022;0,260824375169754;0,28345452178549
"Sd_L2m[20]";0,248389865817715;0,0150915471828011;8,71310882847813e-05;8,64153949044358e-05;0,220046737184924;0,238005038347799;0,247902819685969;0,258236128975237;0,279168704853538
"Sd_L2m[21]";0,262624673410335;0,0146970825943564;8,4853645921538e-05;8,35533293621229e-05;0,235113993797382;0,252620651085294;0,262025984483839;0,272087166907461;0,292964005623913
"Sd_L2m[22]";0,259636397124025;0,0147921771679406;8,54026746981115e-05;8,54074758048779e-05;0,232029864841453;0,249438465090912;0,259157291089317;0,269219532942638;0,290138404877475
"Sd_L2m[23]";0,275726009168299;0,0169587066960879;9,79111387609423e-05;9,73126660938062e-05;0,244634753845774;0,263957426955266;0,274967470142486;0,286548723486065;0,31105290032514
"Sd_L2m[24]";0,28338376757187;0,0174086899569807;0,000100509118329015;9,98868846013831e-05;0,25161626071755;0,271401930231811;0,282516517741684;0,294730941500644;0,319728337664455
"Sd_L2nm[1]";0,331106684010582;0,0197937072020077;0,000114279021813398;0,000113975170146292;0,295001036185923;0,317194242989303;0,330335941921306;0,344079395328928;0,372065846744585
"Sd_L2nm[2]";0,288465609949497;0,0163824858449412;9,45843261257204e-05;9,50327513536058e-05;0,25827215454205;0,277095277228396;0,287743419955933;0,299163686152933;0,322749568608797
"Sd_L2nm[3]";0,271416609845338;0,0155460712877126;8,97552844280199e-05;9,01813757670162e-05;0,242685532360594;0,260734144061376;0,270861441678822;0,281457196270056;0,303811368201873
"Sd_L2nm[4]";0,313965040425504;0,0190701900017979;0,000110101793310353;0,000109629098700422;0,279150453196836;0,300734022253584;0,312916693944338;0,326236865895738;0,354196603472041
"Sd_L2nm[5]";0,327105373737905;0,0196125038551361;0,000113232843802454;0,000113490710945062;0,291103810840119;0,313378966472038;0,326241785019853;0,339826911295068;0,367872313616215
"Sd_L2nm[6]";0,298418998123476;0,0174371044675576;0,00010067316958232;0,000100674146233689;0,266156071840841;0,286395080129559;0,297747453088731;0,309449041521584;0,33483867303907
"Sd_L2nm[7]";0,309705746096196;0,0169630213321539;9,79360493238842e-05;9,65620850591446e-05;0,278633351506602;0,297906079009818;0,308895137116094;0,320690853888183;0,345317152792605
"Sd_L2nm[8]";0,250060038094903;0,0146735689483417;8,47178898229759e-05;8,45318057968208e-05;0,223021029857382;0,23993859158072;0,24958279708883;0,259670379184597;0,280108873442295
"Sd_L2nm[9]";0,278410350111628;0,0180559181978996;0,000104245892320232;0,000102535826351352;0,24515066636117;0,265978526720583;0,277491112290774;0,29006839357114;0,315972707151786
"Sd_L2nm[10]";0,282093243845012;0,0175831942482361;0,000101516619324326;9,9986574315433e-05;0,249895017474047;0,269923178932315;0,281317880249847;0,293387234600583;0,318819922300683
"Sd_L2nm[11]";0,284124156357299;0,0169931344201352;9,81099073184055e-05;0,000100146003419413;0,252861224968865;0,272474177495661;0,283429542418844;0,294904660073427;0,319675473790717
"Sd_L2nm[12]";0,271027415133565;0,0152046579252162;8,77841334605977e-05;8,87341230412255e-05;0,242630073296071;0,260420334693159;0,27055300344553;0,281132279478308;0,302211624689067
"Sd_L2nm[13]";0,283506402283839;0,0157809132705941;9,11111452483565e-05;9,23749548807555e-05;0,254278169095959;0,272668892065439;0,282983730923202;0,293893306375896;0,315681716804401
"Sd_L2nm[14]";0,240705178547196;0,0145937786453779;8,42572202940273e-05;8,49015112607938e-05;0,213608770760069;0,230537003803177;0,240252724007539;0,250323426515701;0,2705095687626
"Sd_L2nm[15]";0,246103929421045;0,0145964323706607;8,42725415840914e-05;8,47608752514476e-05;0,218693246907131;0,23601492972589;0,245720706425204;0,255719596933692;0,275505183648624
"Sd_L2nm[16]";0,269019572204606;0,0151118348450771;8,72482191575442e-05;8,73169244608682e-05;0,240948047747531;0,258513562664356;0,268520571853483;0,278862490516317;0,300240836571777
"Sd_L2nm[17]";0,257031338570478;0,0159088979636666;9,1850065218332e-05;9,11217564355481e-05;0,227208175617318;0,246008206265637;0,256628873814408;0,267533600093045;0,289359905362198
"Sd_L2nm[18]";0,25877993566175;0,0141227532708788;8,15377540264055e-05;8,18274999534411e-05;0,231740750529397;0,249105522722027;0,258564943334483;0,268058640834162;0,287166816541422
"Sd_L2nm[19]";0,247799772284629;0,0148974853661035;8,60106718636835e-05;8,63669756296524e-05;0,219696342564865;0,237558895739217;0,247361313744459;0,257534866009559;0,278335637345049
"Sd_L2nm[20]";0,24487269826969;0,0142597963644592;8,23289726960978e-05;8,14563254032334e-05;0,217874098052019;0,235083687311665;0,244475988621477;0,25430263220443;0,273675016148176
"Sd_L2nm[21]";0,258461598623213;0,013892393224543;8,02077696787806e-05;7,89721021686736e-05;0,232278042006686;0,249005168965217;0,257986207741379;0,267467698515985;0,286768335732212
"Sd_L2nm[22]";0,257416754494495;0,0142211806163019;8,21060245701618e-05;8,21107822106112e-05;0,230546516852137;0,247626683213647;0,257018156425629;0,266745112592763;0,286354927761098
"Sd_L2nm[23]";0,271914293424792;0,0156664205912182;9,04501214557774e-05;8,98915672227098e-05;0,242787390433918;0,261097001647911;0,271396993718347;0,282137035762315;0,303924526459116
"Sd_L2nm[24]";0,279177796417085;0,0161810168601107;9,34211443994681e-05;9,265301045117e-05;0,249182504553578;0,268040991728207;0,278502554654034;0,289843970129129;0,312591189328334
