"Parameter";"Rhat";"zchain1";"zchain2";"zchain3";"zchain4";"zchain5";"zchain6";"Effective"
"Alpha1[1]";0,99997496917811;-0,686950562863731;0,367589058151051;-0,0755907275779033;0,275040998902627;-0,976636694742028;-1,92552625920654;30111,3407547882
"Alpha1[2]";1,00005976731857;-1,3332274922689;0,662382418507876;-0,395683446550737;0,383456374552975;0,523026644405994;-0,0546778738813234;30155,8377982943
"Alpha1[3]";1,00006088059583;0,373395795337742;1,08698720251514;1,20193416559978;-0,401336278604463;-0,0326886675287534;-1,13312300473623;30131,3930240169
"Alpha1[4]";0,999987950948787;-0,756312436886305;0,55695319816373;1,51748292550091;2,06336173751013;0,93162817667998;0,00460670416683619;30591,1760884697
"Alpha1[5]";1,00000485613278;-0,480793178239188;-1,54709530617098;-0,300088040601414;0,233110751270163;-0,168098057198908;-1,02803637495701;5388,09960465405
"Alpha1[6]";1,00000352367282;-0,218319317401217;0,7439067115764;1,1953396772504;-0,0664876974717453;-0,103659760884997;1,07360410949436;30130,6355792833
"Alpha1[7]";0,999955874568562;0,409098598175768;-0,584222194747519;-1,04591185702949;-0,0151583938492588;-0,709593272877787;-0,0771704731980388;30219,4929341323
"Alpha1[8]";1,00010942357711;-1,27839415207263;1,05102657815858;0,662658477485058;0,642690221042944;0,0344996347825052;-0,340145774741353;30151,6471213511
"Alpha1[9]";1,00008193092395;-0,379049168548236;1,55589261472401;2,13538569249509;1,23799970942597;0,329118025635447;0,30554172447515;29435,8256326819
"Alpha1[10]";1,00004762180889;1,23127035547685;-0,712437016382601;-0,245829298835821;-0,218931428809018;-0,688296036596292;0,351808550067471;21191,5347245502
"Alpha1[11]";1,00001653986821;-1,08509080517898;0,336416151993345;1,49632368616079;-0,903771499314151;-1,14679513729564;0,974159084925201;30106,8334020103
"Alpha1[12]";1,00006496538775;0,67088097528331;0,315127625024138;1,90615027113096;-0,00825375156491939;1,11254070013716;0,0773485570460757;30031,6526476292
"Alpha1[13]";1,00011934755678;0,459023479873845;2,08009158412241;0,495350491917416;0,452834872303311;-0,840734171514987;0,342256995501646;18125,666948335
"Alpha1[14]";1,00004457503379;-0,0419770893149028;0,0831302940444105;-0,518860844512343;0,26467997777589;-1,52703104657373;-0,202150475785057;30087,7137468059
"Alpha1[15]";1,0000653312524;0,130386620041416;0,5122629403734;-0,477555518061496;-1,04534813440412;-1,32627684345451;-0,251163701835735;30068,3809776623
"Alpha1[16]";0,999993271006242;0,208033008844444;0,796036197597664;0,893127024521334;0,043452141023396;-0,0770680131830337;0,74250886069821;28038,2189633216
"Alpha1[17]";1,0000498729916;1,09380197161473;-0,563168485997641;-0,832213546029396;1,27523986072814;-0,30116734566328;0,661952392788961;30017,9099212543
"Alpha1[18]";1,00008324433962;-0,514192407720197;-0,716843159703484;-1,50998887029987;0,971329283760734;0,541856572406552;1,15509691584944;30052,6749116298
"Alpha1[19]";1,00004826845865;-0,942432394532441;1,01787815016236;-0,00154701053906506;0,914822311215235;0,960773689246;1,99674619583679;26146,0262912836
"Alpha1[20]";1,00000301454523;0,112379278224126;0,37152235612031;0,344214456737916;-1,41379954748845;3,01535866338364;-0,178756637630423;8294,84434230364
"Alpha1[21]";1,00003881372563;2,13671131545238;-1,27183984359642;0,674416481899687;-0,355572613016614;-1,7894495523666;-0,371582149922574;30007,7879232001
"Alpha1[22]";0,999939583619044;0,081373300638316;0,695646498314708;1,20849233139475;-0,297231394499861;-0,0983701250082843;0,948014847661053;30619,2520569822
"Alpha1[23]";1,00011087459339;-0,390713005664442;0,154101647362298;1,11356232222999;-0,167764944244817;-0,0652209089151979;-1,06614347136614;30112,5581228627
"Alpha1[24]";1,00003697789741;-0,0708212080739728;0,373057770597591;1,41224169637611;-0,859897041519112;1,00508013263079;0,484382577124809;23077,3393856111
"Alpha2[1, 1]";0,999965960653785;-0,196700275302787;0,786647800761178;1,96791934572126;-0,356199636740928;-1,27608516063627;-0,926301795684583;30079,6439221851
"Alpha2[1, 2]";1,00001060752171;-0,161364896614377;-0,892948335349471;1,28230141574858;2,38640287400961;-0,800259852676152;0,443565448638489;7231,15762839347
"Alpha2[2, 1]";1,00000192263199;-0,142256726040105;0,189854322534104;-1,69707810489766;0,355186194533321;0,172516777003716;-1,1550679930806;10741,8651530905
"Alpha2[2, 2]";1,00000009355596;1,10376837553732;0,0118956705707355;-0,953350313656744;-0,926775603820421;1,44115036407657;-0,410663402733478;4041,95150861105
"Alpha2[3, 1]";0,999948404155541;0,314862986179312;-0,198014905176501;-1,65687662253084;-1,73105191297202;0,709050596944017;0,0460668220250058;26997,9175321126
"Alpha2[3, 2]";1,00009765236522;0,403259601464454;0,204210404350198;0,488404292379609;-0,398646814445955;-1,73782926871748;-0,462965493613972;30422,0286810268
"Alpha2[4, 1]";1,00002676478873;-1,94381925979126;0,294675999586729;-0,00507400629717855;0,0066669880090221;-0,522497289553672;0,0885538419680601;30080,2647812642
"Alpha2[4, 2]";1,00001080220953;0,973097295704766;-1,04152617157016;0,945871850072836;-0,0403411936030622;0,552406957612435;0,413405304176032;30217,62492304
"Alpha2[5, 1]";0,999990771207033;1,21166915485316;1,28264913791677;-0,847567149284053;2,16243673860212;-0,477572257435536;0,526815323909648;9460,46781905374
"Alpha2[5, 2]";1,00002677169951;0,142758934593707;-0,625635360064658;-1,11108858051569;-0,289563931744681;0,912781980338142;1,88861762144084;30261,2448921015
"Alpha2[6, 1]";1,00011185778678;1,31416600453205;1,12888526363786;1,51531658934742;1,75509642424809;0,885335453843668;0,584002748714917;26484,0096125101
"Alpha2[6, 2]";1,00003150295429;-0,406124105102083;-1,90283901425207;-0,0617304934620443;-0,992288373058162;-0,465090707820516;-0,200552197902663;9799,60347249924
"Alpha2[7, 1]";1,00002643901581;-2,23599795984447;0,604453313565447;-1,65809851862962;-0,0167078347108118;-0,543642938240985;0,490678611969671;30401,4884914784
"Alpha2[7, 2]";1,00000693984999;-0,191054688098675;-0,266165721018737;-0,950180933630367;0,18871537508087;1,40635821223798;-0,560202997847822;22354,0405515468
"Alpha2[8, 1]";0,999973600217052;0,146311331728425;0,0263795828688728;0,548734781835621;-0,361531318148391;-0,42678295333634;-0,422444642242062;24382,4173694239
"Alpha2[8, 2]";0,999960614625284;-1,42051765328893;-0,620428735886964;0,316698254353557;-0,204249119488669;-1,03532881467005;-1,38444869741161;30689,4618068318
"Alpha2[9, 1]";1,0000073027365;1,04381505611341;-0,207359623226123;0,486127653662824;-2,53605397718426;-3,24595436207334;-1,17878478706853;23246,3523220938
"Alpha2[9, 2]";0,999979159357913;-0,388812948671466;0,697327141813295;0,424835378489574;-0,507458928892088;0,194236878108685;-0,377215421421295;16320,433246827
"Alpha2[10, 1]";1,00000041846592;-1,44808795587614;-0,27378125652923;0,117628783724964;0,425752227430284;-0,435686940703131;0,651526778943018;30275,0809110354
"Alpha2[10, 2]";1,00014510607892;1,70445046229985;-1,48756140206219;-0,912393376691342;-0,0596595116959558;-1,13595855329993;0,226804960214952;9793,62083704796
"Alpha2[11, 1]";1,00004968313858;-0,0699015471237655;0,117229637878416;0,647540441562602;0,131748781802275;-2,18936409222072;0,878054497033766;30297,2835175237
"Alpha2[11, 2]";1,00006228019279;1,69742024623866;0,5418102093571;0,829860475205852;-1,28123042182554;0,195961029979043;1,32166018091987;23982,2165113831
"Alpha2[12, 1]";1,00012642848414;0,448290192415139;0,0316248873924175;0,541162197797045;0,35494703317869;-0,346496019404747;1,16927108142779;19959,4839680004
"Alpha2[12, 2]";0,999975417103648;1,47543867342855;2,27048252034918;0,345704645279708;-1,15629729429362;0,212117867419084;-0,502777825569289;6934,81851198368
"Alpha2[13, 1]";1,00002635936605;-0,780445353133689;-0,383714639276465;-1,22089357429798;-1,56368241109459;-0,0811948100336718;1,64251948088682;30095,8486662274
"Alpha2[13, 2]";0,999964434254098;1,44980215901889;-1,77659586293395;-0,391707404161463;-0,529154561587659;0,595924773177294;-1,20022662211266;30113,6076757703
"Alpha2[14, 1]";0,999990991693465;-0,149900460222125;1,15049094938909;-0,804168016505704;-0,61565379894082;-0,192361381210864;-0,537603060768377;25444,3014715343
"Alpha2[14, 2]";1,00011776016098;-0,286885301093925;-0,986372783072192;-0,62598022535656;-0,0352916473425805;0,131208944404208;0,187236065826865;30640,5803406322
"Alpha2[15, 1]";0,999965528707196;1,00919581240502;-1,38189208825437;0,594389569320309;1,10998822973999;2,23380772175818;0,809548916323302;29815,999869744
"Alpha2[15, 2]";0,999997549997341;1,7851898121461;0,558768464746883;-0,325807089274101;-1,23446234557541;1,69374859511379;0,197064333854854;29422,043535054
"Alpha2[16, 1]";0,999954440365574;0,493440024712563;1,51614825713822;-0,871407916195711;-0,752480038773939;-1,40889279235945;-0,286898155222216;30211,8302428189
"Alpha2[16, 2]";0,999975657288123;1,16459220015186;-0,0602508015006673;0,905251699328094;-1,49033060054848;-0,701399678062556;-0,55147673817747;25953,3938373871
"Alpha2[17, 1]";0,999986687079024;-0,566658735850284;-0,533755038800759;0,801072253918068;1,26190940982889;-0,155898480597606;0,250576500093173;30359,0766211771
"Alpha2[17, 2]";0,999981942395347;1,29267243872774;0,547799182265173;1,46393419223914;0,234282457966837;0,500406726598983;-0,39148765702869;30059,3641028667
"Alpha2[18, 1]";1,00021327332289;0,973579120902404;1,16678467886966;-1,2425608796509;1,04183963431757;-0,650483422819285;0,337697416246616;30277,6929228925
"Alpha2[18, 2]";1,00003303922952;3,20895438992523;-0,0201447308424677;0,188509121685338;-1,27264821826114;-0,587422268094761;-0,72258441683611;30598,4089421908
"Alpha2[19, 1]";0,9999772768686;0,270344505935861;-0,306815742139472;-0,439099617512237;-0,446231794067117;-0,087650201682511;-1,22417248931792;7536,93208221107
"Alpha2[19, 2]";1,00003438495496;-0,00369760585929705;-1,08716782371282;0,446743832207923;0,722637921758568;1,60671199551316;-0,660315598178098;21146,5902021049
"Alpha2[20, 1]";1,00002745995792;0,848846066431499;1,26692206486777;-0,898189709965579;-0,0838263376706392;0,342959876724068;0,445146808422707;26299,4096867819
"Alpha2[20, 2]";0,999998495496059;0,189079998487934;0,59764170592349;-0,834748728957951;-2,02566227109511;0,316010375224742;0,69314976674204;29459,9512614779
"Alpha2[21, 1]";1,00003740425418;-1,56435540197155;-0,464885186690323;0,898262165746182;-0,359109289955901;-0,585548917903643;0,467243846635627;30065,445627464
"Alpha2[21, 2]";0,999974528065039;-0,475097102089536;0,27294978548286;0,0113557854294439;0,309219113248516;-1,46100830702505;-1,18479029394628;30278,1984777754
"Alpha2[22, 1]";1,00003579344843;-0,415394615748869;0,731668515100447;0,759176246420913;-1,36311068652191;0,34656381459941;1,2863499555964;30088,6154968246
"Alpha2[22, 2]";1,00006204419154;-0,320529974109189;-0,977256778584701;-1,68557819246136;0,885397262734059;-2,03396842530606;0,720608148355365;25104,3916816383
"Alpha2[23, 1]";1,00029779458349;-0,49009317638338;0,18504625091802;-0,983542929593508;-0,504789529730339;-0,351376970281966;1,60124913428532;29012,3055996593
"Alpha2[23, 2]";1,00007325585957;0,0253277571378627;0,506448949200905;-0,267159335805447;1,3033399921794;-1,46304472364763;-0,552234155561835;29930,6168460167
"Alpha2[24, 1]";1,00002945667252;0,759935609278299;0,61191488953545;-0,582446005101522;-0,255594236561509;0,893734366207686;0,418082883531855;24639,5354028618
"Alpha2[24, 2]";0,999942770656743;1,10498410270878;-0,275727755722071;0,476947573494112;-2,09536707945917;0,665154761809574;-1,05262775526296;30291,7917782953
"Beta1";1,0000057526626;2,4833326156928;-1,75885851048581;-1,09673213590081;-0,983675528019505;1,04201918414998;-0,431765379476401;17508,6372975634
"Beta2";0,999948983647231;1,0265830965482;0,948243161254165;-2,09287370831041;1,32259386010569;1,0123932827666;0,515949120795066;30568,536910279
"Gamma1[1, 1]";0,999982040490968;0,827368357692598;2,38823080002101;-0,0669940726553274;-2,21882710270569;-1,93385027085799;-0,76194222869824;30393,0936840687
"Gamma1[1, 2]";0,999982040490968;-0,827368357692573;-2,38823080002103;0,0669940726553719;2,21882710270571;1,93385027085799;0,761942228698265;30393,0936840687
"Gamma1[2, 1]";1,00014770063464;0,419367601427072;0,852954652812605;-1,31931878027118;0,68681376504393;2,01693131095844;1,8096803607541;27301,0926783122
"Gamma1[2, 2]";1,00014770063464;-0,419367601427072;-0,852954652812548;1,31931878027118;-0,68681376504393;-2,01693131095844;-1,80968036075413;27301,0926783122
"Gamma1[3, 1]";1,00007887250103;0,766373556636592;-0,631350215268105;0,623610203749763;-0,466210632305363;2,21244509187227;-3,31717088294425;30077,9371338435
"Gamma1[3, 2]";1,00007887250103;-0,766373556636625;0,631350215268105;-0,623610203749795;0,466210632305332;-2,21244509187231;3,31717088294425;30077,9371338435
"Gamma1[4, 1]";1,00024792249844;1,3568979219464;2,65761219371594;0,0576053831145964;0,780313246826758;1,21785499989073;0,422995223745109;4821,50774209923
"Gamma1[4, 2]";1,00024792249844;-1,35689792194637;-2,65761219371594;-0,057605383114621;-0,780313246826784;-1,21785499989073;-0,422995223745109;4821,5077420991
"Gamma1[5, 1]";0,999970030276797;0,062521604694448;0,590542635401427;0,961394620426225;0,598484656580277;-0,321084078609775;0,582296005317687;30074,9527049353
"Gamma1[5, 2]";0,999970030276797;-0,0625216046944702;-0,590542635401406;-0,961394620426205;-0,598484656580278;0,321084078609798;-0,582296005317687;30074,9527049353
"Gamma1[6, 1]";0,999994899354137;-0,834139289080039;-0,491554240906051;0,00568712106022877;0,44367598634571;0,187862819562041;1,17003612073075;29383,2637932964
"Gamma1[6, 2]";0,999994899354137;0,834139289080077;0,49155424090609;-0,00568712106026461;-0,44367598634571;-0,187862819562041;-1,17003612073079;29383,2637932967
"Gamma1[7, 1]";0,99999641881635;-0,453478683047686;0,239608530145914;0,442871988831703;1,33083535257492;1,50363926874475;-0,461590230389583;22684,7119670475
"Gamma1[7, 2]";0,99999641881635;0,453478683047712;-0,23960853014586;-0,442871988831703;-1,3308353525749;-1,50363926874473;0,461590230389555;22684,7119670475
"Gamma1[8, 1]";1,00023661110925;-0,0811163541433805;0,449765160999617;1,96208278260785;-0,83428463810166;1,21696913323963;-0,506781854783833;6875,93089487186
"Gamma1[8, 2]";1,00023661110925;0,0811163541433465;-0,449765160999546;-1,96208278260788;0,834284638101596;-1,2169691332396;0,506781854783801;6875,93089487186
"Gamma1[9, 1]";1,00009714592211;-0,891544344455058;-0,513675417843158;-0,643639221007805;-0,846410828745898;1,66262193092242;-1,53814190576268;30208,4472228086
"Gamma1[9, 2]";1,00009714592211;0,891544344455058;0,513675417843158;0,643639221007805;0,846410828745863;-1,66262193092242;1,5381419057626;30208,4472228086
"Gamma1[10, 1]";0,999943906675269;0,204032541472134;-0,255071058109235;0,895753501621815;0,522323428129341;1,91311340630987;-0,0920960903616912;7280,4081890047
"Gamma1[10, 2]";0,999943906675269;-0,204032541472098;0,255071058109235;-0,895753501621815;-0,522323428129379;-1,91311340630991;0,0920960903616561;7280,4081890047
"Gamma1[11, 1]";1,00009701656702;0,374596104659677;-1,3184233603213;1,61521536531253;0,738955151873429;-0,865524579310625;-0,443245588679268;17808,0569135065
"Gamma1[11, 2]";1,00009701656702;-0,374596104659648;1,31842336032127;-1,6152153653125;-0,738955151873458;0,865524579310655;0,443245588679268;17808,0569135065
"Gamma1[12, 1]";1,00003802266913;1,58948900727658;-2,55855057757568;2,67096063706091;-0,948136409049182;0,00218837018548103;0,692394812749345;25273,2720678122
"Gamma1[12, 2]";1,00003802266913;-1,58948900727661;2,55855057757568;-2,67096063706091;0,948136409049182;-0,00218837018541918;-0,692394812749375;25273,2720678122
"Gamma1[13, 1]";1,0000876520994;-1,72054345670085;-1,58186074131506;0,552618067063439;0,98590603357022;-0,0270193288531693;-0,86753552596066;30060,217049997
"Gamma1[13, 2]";1,0000876520994;1,72054345670085;1,58186074131506;-0,552618067063493;-0,985906033570193;0,0270193288531693;0,867535525960632;30060,217049997
"Gamma1[14, 1]";0,999995592784591;-0,864460066674435;0,365729942134421;-0,423823162381478;0,247639430147594;-2,32278681613976;-0,594206884746605;30068,4668296371
"Gamma1[14, 2]";0,999995592784591;0,864460066674435;-0,365729942134391;0,423823162381511;-0,247639430147594;2,3227868161398;0,594206884746687;30068,4668296371
"Gamma1[15, 1]";1,00004826464953;1,22342910963044;-1,80266965391329;0,956512170247889;-0,257729888937773;-0,0917943686978506;1,00033345093442;30053,5465126305
"Gamma1[15, 2]";1,00004826464953;-1,22342910963044;1,80266965391329;-0,956512170247889;0,257729888937743;0,0917943686978506;-1,00033345093445;30053,5465126305
"Gamma1[16, 1]";1,00006211027617;-0,140081663857447;-0,711530859057837;-0,394773509941801;0,661544124575514;-0,188413325147843;-1,93920362910015;17680,1754676575
"Gamma1[16, 2]";1,00006211027617;0,14008166385739;0,711530859057785;0,394773509941776;-0,661544124575514;0,188413325147843;1,93920362910015;17680,1754676575
"Gamma1[17, 1]";1,00005846389409;1,21061073313865;-0,893058198766912;0,731778461935941;0,438557369850621;-0,496648011924962;2,35806150589242;30252,212483131
"Gamma1[17, 2]";1,00005846389409;-1,21061073313865;0,893058198766946;-0,731778461935941;-0,438557369850655;0,496648011924962;-2,35806150589242;30252,212483131
"Gamma1[18, 1]";1,00046910724511;-0,0130546181582439;-0,61485743175186;-1,28818843221165;0,420324155887831;-0,961234735518853;-0,809450974088592;30729,2670327142
"Gamma1[18, 2]";1,00046910724511;0,0130546181582439;0,61485743175186;1,28818843221168;-0,420324155887862;0,961234735518884;0,809450974088621;30729,2670327142
"Gamma1[19, 1]";0,999974543394497;-0,966634985932517;0,770045330661867;0,449002742835223;0,694598666222315;0,0452489138712132;-1,56747898449861;6814,03557763788
"Gamma1[19, 2]";0,999974543394497;0,966634985932517;-0,770045330661832;-0,449002742835223;-0,694598666222315;-0,0452489138712473;1,56747898449857;6814,03557763788
"Gamma1[20, 1]";1,00006851605393;0,0891567009038621;0,502719743743298;-0,136423113241535;-0,615361943592611;0,586595366880426;0,463892018617092;24309,0132472841
"Gamma1[20, 2]";1,00006851605393;-0,0891567009038621;-0,502719743743298;0,136423113241535;0,615361943592611;-0,586595366880397;-0,46389201861706;24309,0132472846
"Gamma1[21, 1]";0,999951328477979;-0,466532530385193;0,991457823739291;0,744977355067204;-0,222873029742052;-1,60633981225607;-0,409096050169753;14219,9109694361
"Gamma1[21, 2]";0,999951328477979;0,466532530385193;-0,991457823739263;-0,744977355067146;0,222873029742052;1,6063398122561;0,409096050169724;14219,9109694361
"Gamma1[22, 1]";0,999981365297591;0,742446088239655;0,825823164344247;-0,738641842918012;0,77184887509773;2,34112924176695;0,137197590133075;30539,2762763245
"Gamma1[22, 2]";0,999981365297591;-0,742446088239632;-0,82582316434427;0,738641842918011;-0,77184887509773;-2,3411292417669;-0,137197590133128;30539,2762763245
"Gamma1[23, 1]";0,999980915776489;0,61759322981259;-1,23631407303214;0,634686792318222;0,0979967956407524;-1,69619051464203;0,939015036657919;13677,6650166707
"Gamma1[23, 2]";0,999980915776489;-0,61759322981259;1,23631407303214;-0,634686792318222;-0,0979967956407524;1,696190514642;-0,939015036657894;13677,6650166707
"Gamma1[24, 1]";1,00006469598435;-1,12917558926822;0,523519965390905;-1,49260064647283;-0,148724071266848;-0,644493299637324;-0,132090128616482;30033,0517315248
"Gamma1[24, 2]";1,00006469598435;1,12917558926824;-0,523519965390905;1,4926006464728;0,148724071266874;0,644493299637348;0,132090128616456;30033,0517315248
"Gamma1_F[1]";0,999982040490968;0,827368357692598;2,38823080002101;-0,0669940726553274;-2,21882710270569;-1,93385027085799;-0,76194222869824;30393,0936840687
"Gamma1_F[2]";1,00014770063464;0,419367601427072;0,852954652812605;-1,31931878027118;0,68681376504393;2,01693131095844;1,8096803607541;27301,0926783122
"Gamma1_F[3]";1,00007887250103;0,766373556636592;-0,631350215268105;0,623610203749763;-0,466210632305363;2,21244509187227;-3,31717088294425;30077,9371338435
"Gamma1_F[4]";1,00024792249844;1,3568979219464;2,65761219371594;0,0576053831145964;0,780313246826758;1,21785499989073;0,422995223745109;4821,50774209923
"Gamma1_F[5]";0,999970030276797;0,062521604694448;0,590542635401427;0,961394620426225;0,598484656580277;-0,321084078609775;0,582296005317687;30074,9527049353
"Gamma1_F[6]";0,999994899354137;-0,834139289080039;-0,491554240906051;0,00568712106022877;0,44367598634571;0,187862819562041;1,17003612073075;29383,2637932964
"Gamma1_F[7]";0,99999641881635;-0,453478683047686;0,239608530145914;0,442871988831703;1,33083535257492;1,50363926874475;-0,461590230389583;22684,7119670475
"Gamma1_F[8]";1,00023661110925;-0,0811163541433805;0,449765160999617;1,96208278260785;-0,83428463810166;1,21696913323963;-0,506781854783833;6875,93089487186
"Gamma1_F[9]";1,00009714592211;-0,891544344455058;-0,513675417843158;-0,643639221007805;-0,846410828745898;1,66262193092242;-1,53814190576268;30208,4472228086
"Gamma1_F[10]";0,999943906675269;0,204032541472134;-0,255071058109235;0,895753501621815;0,522323428129341;1,91311340630987;-0,0920960903616912;7280,4081890047
"Gamma1_F[11]";1,00009701656702;0,374596104659677;-1,3184233603213;1,61521536531253;0,738955151873429;-0,865524579310625;-0,443245588679268;17808,0569135065
"Gamma1_F[12]";1,00003802266913;1,58948900727658;-2,55855057757568;2,67096063706091;-0,948136409049182;0,00218837018548103;0,692394812749345;25273,2720678122
"Gamma1_F[13]";1,0000876520994;-1,72054345670085;-1,58186074131506;0,552618067063439;0,98590603357022;-0,0270193288531693;-0,86753552596066;30060,217049997
"Gamma1_F[14]";0,999995592784591;-0,864460066674435;0,365729942134421;-0,423823162381478;0,247639430147594;-2,32278681613976;-0,594206884746605;30068,4668296371
"Gamma1_F[15]";1,00004826464953;1,22342910963044;-1,80266965391329;0,956512170247889;-0,257729888937773;-0,0917943686978506;1,00033345093442;30053,5465126305
"Gamma1_F[16]";1,00006211027617;-0,140081663857447;-0,711530859057837;-0,394773509941801;0,661544124575514;-0,188413325147843;-1,93920362910015;17680,1754676575
"Gamma1_F[17]";1,00005846389409;1,21061073313865;-0,893058198766912;0,731778461935941;0,438557369850621;-0,496648011924962;2,35806150589242;30252,212483131
"Gamma1_F[18]";1,00046910724511;-0,0130546181582439;-0,61485743175186;-1,28818843221165;0,420324155887831;-0,961234735518853;-0,809450974088592;30729,2670327142
"Gamma1_F[19]";0,999974543394497;-0,966634985932517;0,770045330661867;0,449002742835223;0,694598666222315;0,0452489138712132;-1,56747898449861;6814,03557763788
"Gamma1_F[20]";1,00006851605393;0,0891567009038621;0,502719743743298;-0,136423113241535;-0,615361943592611;0,586595366880426;0,463892018617092;24309,0132472841
"Gamma1_F[21]";0,999951328477979;-0,466532530385193;0,991457823739291;0,744977355067204;-0,222873029742052;-1,60633981225607;-0,409096050169753;14219,9109694361
"Gamma1_F[22]";0,999981365297591;0,742446088239655;0,825823164344247;-0,738641842918012;0,77184887509773;2,34112924176695;0,137197590133075;30539,2762763245
"Gamma1_F[23]";0,999980915776489;0,61759322981259;-1,23631407303214;0,634686792318222;0,0979967956407524;-1,69619051464203;0,939015036657919;13677,6650166707
"Gamma1_F[24]";1,00006469598435;-1,12917558926822;0,523519965390905;-1,49260064647283;-0,148724071266848;-0,644493299637324;-0,132090128616482;30033,0517315248
"Gamma3[1, 1]";0,999963787055901;0,724630942870532;2,44932111985944;0,148605662201314;-2,32967296015618;-1,83361202490962;-0,918699775377278;30353,1177355042
"Gamma3[1, 2]";0,999963787055901;-0,724630942870532;-2,44932111985941;-0,148605662201314;2,32967296015618;1,83361202490962;0,918699775377301;30353,1177355042
"Gamma3[2, 1]";1,00012768104544;0,224539006053489;0,735080790751368;-1,78751458463368;1,00395619080487;1,62370016299286;1,32331161644203;24389,9296721262
"Gamma3[2, 2]";1,00012768104544;-0,224539006053489;-0,735080790751345;1,7875145846337;-1,00395619080487;-1,62370016299286;-1,32331161644203;24389,9296721262
"Gamma3[3, 1]";1,00011754919703;0,976865457412627;-0,833078480552884;-0,0619844121687976;-0,923753335908501;2,52016769593697;-2,67596515178952;29602,5250259942
"Gamma3[3, 2]";1,00011754919703;-0,976865457412591;0,83307848055294;0,0619844121688241;0,923753335908502;-2,52016769593694;2,67596515178949;29602,5250259942
"Gamma3[4, 1]";1,0001612570037;0,599911948972264;2,75166082307703;-0,152932615448763;0,631629425683849;0,937232415450565;0,383187018346099;4845,748820163
"Gamma3[4, 2]";1,0001612570037;-0,599911948972308;-2,75166082307706;0,152932615448763;-0,631629425683872;-0,937232415450564;-0,383187018346055;4845,748820163
"Gamma3[5, 1]";0,999987869445233;0,294783256718178;0,885692213531217;0,928786255121738;1,08094882020372;-0,408814841304409;0,614229689108417;30110,9959776137
"Gamma3[5, 2]";0,999987869445233;-0,294783256718178;-0,885692213531217;-0,928786255121718;-1,0809488202037;0,408814841304388;-0,614229689108456;30110,9959776137
"Gamma3[6, 1]";0,999999863461872;-0,224299847502687;0,116942503699754;0,222174589043228;1,08235591942789;0,563882041970682;1,12773106683391;21437,0618477206
"Gamma3[6, 2]";0,999999863461872;0,224299847502687;-0,116942503699686;-0,222174589043228;-1,08235591942785;-0,563882041970714;-1,12773106683391;21437,0618477206
"Gamma3[7, 1]";0,999987414632963;-0,985367531575177;0,515381104066037;0,169300408874405;1,22764602542608;0,917266040223173;-0,0797470978769867;30047,10885229
"Gamma3[7, 2]";0,999987414632963;0,985367531575199;-0,51538110406606;-0,169300408874426;-1,2276460254261;-0,917266040223194;0,0797470978769867;30047,10885229
"Gamma3[8, 1]";1,00018198542168;0,108358045639992;0,664874023613944;1,84725098524392;-0,726075378739258;0,981169391874433;-0,398593881068501;9604,2752093368
"Gamma3[8, 2]";1,00018198542168;-0,108358045639992;-0,664874023613944;-1,84725098524386;0,726075378739258;-0,981169391874466;0,398593881068471;9604,2752093368
"Gamma3[9, 1]";1,00003476195574;-0,0989233621964922;-0,885994818858232;-0,757543786452071;-1,43190455197572;-0,288164037182436;-1,81249820577565;30433,1230502008
"Gamma3[9, 2]";1,00003476195574;0,0989233621965518;0,8859948188582;0,757543786452071;1,43190455197569;0,288164037182436;1,81249820577559;30433,1230502008
"Gamma3[10, 1]";0,999977658648472;-0,26692346633892;-0,0531365224262995;0,778099925609071;0,605304037402795;1,75785527546514;-0,000755404107572711;8586,04704367557
"Gamma3[10, 2]";0,999977658648472;0,266923466338853;0,0531365224262995;-0,778099925609037;-0,605304037402829;-1,75785527546511;0,000755404107572711;8586,04704367557
"Gamma3[11, 1]";1,00013898653487;-0,118715854841773;-1,24058933089285;1,54675875733953;1,03176971174321;-1,46226046876994;-0,523520937819884;30030,1537799449
"Gamma3[11, 2]";1,00013898653487;0,118715854841773;1,24058933089285;-1,54675875733955;-1,03176971174323;1,46226046876991;0,523520937819884;30030,1537799449
"Gamma3[12, 1]";1,00013476381665;0,944148917959733;-2,89787746595845;2,17559644099348;-0,266334813731045;-0,0927736723475688;1,36866506215739;30147,1081294449
"Gamma3[12, 2]";1,00013476381665;-0,94414891795971;2,89787746595845;-2,17559644099343;0,266334813731092;0,0927736723475688;-1,36866506215734;30147,1081294449
"Gamma3[13, 1]";1,00010176864599;-1,8614097327645;-1,27423305265576;0,00682115157040219;0,193167638384587;-0,337307760943369;-0,0398213658048819;30185,2304335687
"Gamma3[13, 2]";1,00010176864599;1,86140973276448;1,27423305265579;-0,00682115157040219;-0,193167638384588;0,337307760943418;0,0398213658048581;30185,2304335687
"Gamma3[14, 1]";0,999999976374635;-0,563530635203111;0,886248987502532;-0,445596184039337;0,0862621962038751;-1,77230117591529;-0,770898184559721;29795,1602273539
"Gamma3[14, 2]";0,999999976374635;0,563530635203133;-0,886248987502508;0,445596184039361;-0,0862621962038507;1,77230117591529;0,770898184559721;29795,1602273539
"Gamma3[15, 1]";1,00000783293913;0,747247520210512;-1,94769155804088;1,10871141231007;0,622067292241056;0,661758442631549;1,36686801795876;20984,1559808439
"Gamma3[15, 2]";1,00000783293913;-0,747247520210558;1,94769155804093;-1,10871141231007;-0,622067292241033;-0,661758442631574;-1,36686801795874;20984,1559808439
"Gamma3[16, 1]";1,00007495551638;-0,306369205898303;-0,117077367010817;-0,760655203090192;0,793139963468404;-0,692081145003015;-1,69250788420118;29644,2488672094
"Gamma3[16, 2]";1,00007495551638;0,306369205898303;0,117077367010796;0,760655203090171;-0,793139963468404;0,692081145003015;1,6925078842012;29644,2488672094
"Gamma3[17, 1]";0,999999692086954;0,393954238346573;-1,01756449324788;0,607611843418464;0,523142450674612;-0,514989099915842;2,0984370135009;30113,7040475836
"Gamma3[17, 2]";0,999999692086954;-0,3939542383466;1,0175644932479;-0,607611843418463;-0,523142450674612;0,514989099915842;-2,09843701350095;30113,7040475836
"Gamma3[18, 1]";1,00057783964822;-0,0740998525739648;-0,249890562139743;-1,25469538937619;0,805119920403548;-0,834706137014697;-0,362113634874197;30758,9306061643
"Gamma3[18, 2]";1,00057783964822;0,0740998525739899;0,249890562139719;1,25469538937622;-0,805119920403548;0,834706137014697;0,362113634874222;30758,9306061643
"Gamma3[19, 1]";0,999998062482785;-0,785121746283384;0,685695494409641;0,272506956581502;0,35885755423317;-0,27495879427386;-1,58692799476541;7191,09142935614
"Gamma3[19, 2]";0,999998062482785;0,785121746283353;-0,685695494409611;-0,272506956581502;-0,35885755423314;0,274958794273861;1,58692799476541;7191,09142935632
"Gamma3[20, 1]";1,00002353215464;0,180991170486185;0,620828050733222;-0,189993044864158;-0,383750238441812;0,607782202980259;0,278366566031162;27278,7162019803
"Gamma3[20, 2]";1,00002353215464;-0,18099117048621;-0,620828050733222;0,189993044864183;0,383750238441838;-0,607782202980259;-0,278366566031162;27278,7162019803
"Gamma3[21, 1]";0,99995344193991;-0,936461244450583;0,673561879926387;1,0316922182747;-0,460224921451355;-1,33547461093248;-0,169360025129077;25773,4211961402
"Gamma3[21, 2]";0,99995344193991;0,936461244450608;-0,673561879926362;-1,0316922182747;0,460224921451355;1,33547461093248;0,169360025129052;25773,4211961402
"Gamma3[22, 1]";1,00001831235171;0,473559365477483;1,14907545319639;-0,171841016233611;0,0581785835014276;2,71782304794217;0,420489524901027;30798,563318256
"Gamma3[22, 2]";1,00001831235171;-0,473559365477525;-1,14907545319637;0,171841016233591;-0,0581785835014276;-2,71782304794217;-0,420489524901048;30798,563318256
"Gamma3[23, 1]";0,999984281488656;0,335451923047089;-1,22272028375158;0,372127433381285;-0,520489292755999;-0,94718542424814;1,80642226925136;13527,8914286295
"Gamma3[23, 2]";0,999984281488656;-0,335451923047089;1,2227202837516;-0,372127433381285;0,520489292755999;0,94718542424814;-1,80642226925138;13527,8914286295
"Gamma3[24, 1]";1,00010814223265;-0,855661473338134;0,586009133262002;-1,30495110770111;0,143120168114286;-0,40183769392051;0,0692759352378332;30221,9484911005
"Gamma3[24, 2]";1,00010814223265;0,85566147333816;-0,586009133262002;1,30495110770111;-0,143120168114286;0,401837693920533;-0,0692759352378332;30221,9484911005
"Gamma4[1, 1]";1,00007334721893;0,747642971269716;-0,410117443195896;0,558274139632717;1,65107964532001;-1,37756439432459;0,498174079977184;5254,51014464638
"Gamma4[1, 2]";1,00007334721893;-0,747642971269716;0,410117443195904;-0,558274139632726;-1,65107964532001;1,37756439432456;-0,498174079977185;5254,51014464638
"Gamma4[2, 1]";1,00008334054387;1,79169781074216;0,474515296380401;-0,329185684753147;-0,870887732085101;1,33294011900041;0,365411443332506;8546,53767688497
"Gamma4[2, 2]";1,00008334054387;-1,79169781074215;-0,474515296380368;0,329185684753141;0,870887732085101;-1,33294011900042;-0,365411443332478;8546,53767688521
"Gamma4[3, 1]";1,00010230077619;0,549138558743996;0,485755908094748;0,741077068779136;0,389852508847897;-0,789019337726403;-1,36811888832849;30296,9780998911
"Gamma4[3, 2]";1,00010230077619;-0,549138558744005;-0,485755908094767;-0,741077068779153;-0,389852508847936;0,789019337726422;1,36811888832848;30296,9780998911
"Gamma4[4, 1]";1,00009078081689;1,79635291928611;0,167882847503857;0,398566039021789;0,405458807572994;0,884117958724663;-0,0342834695235214;30181,5806582286
"Gamma4[4, 2]";1,00009078081689;-1,79635291928608;-0,167882847503865;-0,398566039021781;-0,405458807572982;-0,884117958724683;0,0342834695235287;30181,5806582286
"Gamma4[5, 1]";0,999993530457193;-0,473019332258278;-0,457339525429602;-0,362002273003674;-0,840346193036674;1,04367418039921;1,8097313380318;29524,0335308442
"Gamma4[5, 2]";0,999993530457193;0,473019332258307;0,457339525429596;0,362002273003694;0,840346193036696;-1,04367418039921;-1,80973133803182;29524,0335308443
"Gamma4[6, 1]";1,00000777682946;-1,11719860454431;-2,67170575571492;-0,0241056886135299;-1,60118728996911;-0,713255849628749;-0,345444694332389;4541,58930280754
"Gamma4[6, 2]";1,00000777682946;1,11719860454435;2,67170575571494;0,0241056886135299;1,60118728996914;0,71325584962876;0,345444694332348;4541,58930280745
"Gamma4[7, 1]";1,00002471629306;0,527369167561763;-0,403847381929408;-0,238626624764716;0,687611887266642;1,77687287592931;-0,384826348124212;30097,5053691421
"Gamma4[7, 2]";1,00002471629306;-0,527369167561733;0,403847381929451;0,238626624764727;-0,687611887266636;-1,77687287592934;0,384826348124253;30097,5053691421
"Gamma4[8, 1]";1,00003280722336;-1,25950555189285;-0,387432511155179;0,367223520158265;-0,256577668387903;-0,0236865891204798;-1,45449651189452;30233,095004726
"Gamma4[8, 2]";1,00003280722336;1,25950555189287;0,387432511155163;-0,367223520158265;0,256577668387926;0,0236865891204859;1,4544965118945;30233,095004726
"Gamma4[9, 1]";0,999953484710306;-0,500985768233315;0,754472994049328;0,0673026574397253;0,0201487169906613;1,54172556055022;-0,228081671120626;14951,8408153419
"Gamma4[9, 2]";0,999953484710306;0,500985768233325;-0,754472994049339;-0,0673026574397054;-0,0201487169906417;-1,54172556055023;0,228081671120645;14951,8408153419
"Gamma4[10, 1]";1,00007690836983;1,44350402686416;-1,51360220928392;-0,63730499050792;0,111831100498394;0,140819682073874;-0,118858334504316;9624,06049670774
"Gamma4[10, 2]";1,00007690836983;-1,44350402686418;1,51360220928392;0,637304990507945;-0,111831100498439;-0,140819682073855;0,118858334504271;9624,06049670807
"Gamma4[11, 1]";1,00002575494036;1,52626088260994;-0,264379110987315;0,93505898661042;-0,841125957546969;0,596086329687202;0,681608208566557;26294,0766592635
"Gamma4[11, 2]";1,00002575494036;-1,52626088260994;0,264379110987315;-0,93505898661042;0,841125957546981;-0,596086329687189;-0,681608208566557;26294,0766592635
"Gamma4[12, 1]";0,999973258946279;1,43863372626954;0,653332567599896;1,27597871983402;-1,34720215615529;0,225632008327295;-0,460446138409718;7500,82311504756
"Gamma4[12, 2]";0,999973258946279;-1,43863372626953;-0,653332567599912;-1,27597871983403;1,34720215615529;-0,225632008327279;0,460446138409751;7500,82311504756
"Gamma4[13, 1]";0,999984718657433;0,797706961498383;-1,90376725390388;0,200272367116785;0,736031229095511;0,308500797201116;-1,37048660274261;30166,0352441575
"Gamma4[13, 2]";0,999984718657433;-0,797706961498413;1,90376725390387;-0,200272367116795;-0,736031229095511;-0,308500797201125;1,37048660274263;30166,0352441575
"Gamma4[14, 1]";1,00010149885738;-0,598852551289825;-0,842500413302898;-0,408941469445332;0,413130604626179;-0,786349103420281;0,291014788717029;30610,1900180638
"Gamma4[14, 2]";1,00010149885738;0,598852551289825;0,842500413302923;0,408941469445321;-0,413130604626179;0,786349103420292;-0,291014788717029;30610,1900180638
"Gamma4[15, 1]";1,00001645432974;1,65829268146274;0,209302812000884;-0,00928431451798375;-1,32963683564695;0,902899772546236;0,18849289126622;20250,6074510342
"Gamma4[15, 2]";1,00001645432974;-1,65829268146272;-0,209302812000884;0,00928431451802598;1,32963683564695;-0,902899772546258;-0,18849289126622;20250,6074510342
"Gamma4[16, 1]";0,999927371284673;0,805489445093438;-0,685180297893639;1,22477638760461;-0,588056776502184;-0,219119491153056;-1,30891705782046;25353,5700809365
"Gamma4[16, 2]";0,999927371284673;-0,805489445093438;0,68518029789363;-1,22477638760459;0,588056776502193;0,219119491153031;1,30891705782049;25353,5700809365
"Gamma4[17, 1]";1,00001405327147;1,81778731235309;0,247867752459548;1,09707719363376;-0,0105282806858309;8,42373085374704e-05;0,739992871167037;30258,0753449524
"Gamma4[17, 2]";1,00001405327147;-1,81778731235309;-0,247867752459538;-1,09707719363378;0,010528280685852;-8,42373085374704e-05;-0,73999287116707;30258,0753449524
"Gamma4[18, 1]";1,00008170441945;1,97034284536971;-0,827906642444562;-0,0276871584430241;-1,32769042020249;-0,588570169072936;-1,34257232580623;30629,1559884204
"Gamma4[18, 2]";1,00008170441945;-1,97034284536976;0,827906642444516;0,0276871584430241;1,32769042020249;0,588570169072922;1,34257232580619;30629,1559884204
"Gamma4[19, 1]";1,00000174170514;-0,67065795277798;-0,432830095176186;0,383849943541616;0,94043394722798;1,42215533352207;-0,822623937867523;19971,4421241937
"Gamma4[19, 2]";1,00000174170514;0,670657952777969;0,432830095176174;-0,383849943541604;-0,940433947227969;-1,42215533352202;0,822623937867546;19971,4421241937
"Gamma4[20, 1]";1,00003448404198;-0,308011527871773;0,744472275360114;-0,299477935360261;-1,54694333386766;0,0407378708295624;0,49775770880275;29740,8352109593
"Gamma4[20, 2]";1,00003448404198;0,308011527871801;-0,74447227536014;0,299477935360261;1,54694333386768;-0,0407378708295849;-0,49775770880275;29740,8352109593
"Gamma4[21, 1]";1,00000787443292;-0,0842675998676692;1,04100853836349;-0,191760862145212;0,297230258937415;-1,60087759847386;-0,938314661492385;22696,8976192512
"Gamma4[21, 2]";1,00000787443292;0,0842675998676903;-1,04100853836349;0,191760862145212;-0,297230258937461;1,60087759847387;0,938314661492384;22696,8976192512
"Gamma4[22, 1]";1,00004281796823;0,485077112440893;-0,689787952489398;-1,78709797722925;1,70296337043268;-0,698707042100378;-0,0107939497238128;18024,2838444308
"Gamma4[22, 2]";1,00004281796823;-0,485077112440917;0,689787952489398;1,78709797722927;-1,70296337043266;0,698707042100388;0,010793949723802;18024,2838444308
"Gamma4[23, 1]";1,0001254629151;0,421624864324209;-0,162547110886729;0,415807780433395;1,31135318808968;-1,43350165946653;-0,480809954214028;30166,1325587969
"Gamma4[23, 2]";1,0001254629151;-0,421624864324209;0,162547110886741;-0,415807780433384;-1,31135318808968;1,43350165946653;0,480809954214017;30166,1325587969
"Gamma4[24, 1]";0,999970638149727;0,0520035753568538;-0,250181781018351;0,234264482003736;-1,59740113509046;-0,304485318308706;-1,1635705249871;30180,515282055
"Gamma4[24, 2]";0,999970638149727;-0,0520035753568538;0,250181781018351;-0,234264482003736;1,59740113509048;0,304485318308688;1,1635705249871;30180,515282055
"Mu_Alpha1";1,00007763774038;-0,549013067207432;-0,166683496461206;-0,27505621074381;1,0122428187903;0,778944370327162;0,47556378027311;8411,03704724765
"Mu_Alpha2[1]";1,00000529758356;-0,553803032081912;2,26909963298617;0,0275125798052561;-0,1825450133916;-1,78780111663007;2,07446888306389;17845,3095386285
"Mu_Alpha2[2]";1,00011259551184;1,69316070080106;-1,27981767238113;2,04021331303693;-0,398331149566228;-0,379345985388472;-1,11167791087282;18124,7851253193
"Mu_L1[1]";1,00005816547576;-0,0210353176738147;-0,00273348757715703;0,796751571093061;-0,827154950472671;-0,0680140078497738;0,746692763574347;14367,246638283
"Mu_L1[2]";0,999957926865318;0,855905950074142;0,654015727340261;0,812019769092998;1,00687195079274;-1,86649933453889;1,23148658587341;30284,0118983064
"Mu_L1[3]";1,00001043606952;-2,23180175151984;1,74005165086317;-0,161429216272625;0,364035345987374;0,902605983380771;0,268012126655734;29350,3412203492
"Mu_L1[4]";0,999974560167379;-2,05527718067549;-0,872162440230831;-0,159037181888674;0,280950523702262;-1,49243501211768;0,258083406524944;23381,625342186
"Mu_L1[5]";1,00021836205833;-0,0264827295882354;1,82263258227942;1,47390774131693;-0,448743930464823;-0,148031938674554;-0,805875064842232;25948,7738541387
"Mu_L1[6]";0,999976276883439;-0,970809550350949;0,732393490406633;0,279923730017282;-0,212967599924975;-0,146403600229544;-0,560614166137822;28271,9740689906
"Mu_L1[7]";1,00008516407781;-0,210653521219456;1,33951492522269;-1,01360564900686;-0,997942063887433;-1,2919061954844;-0,877650935857151;11672,1284226942
"Mu_L1[8]";0,999984285799337;0,115389792433306;-0,490463956278745;-0,0256113972782224;-0,640223013813199;-0,585158291770261;0,564087293465238;30043,8795993612
"Mu_L1[9]";1,00006739736091;-0,235147503696668;0,645656139396393;-0,78636241524532;0,102317619858167;-0,0728427768892615;-1,02297063246518;30176,6159997319
"Mu_L1[10]";1,0000539105053;-0,802710864853224;2,27825915123437;0,334696244799236;0,427835892740452;0,20668081638042;-0,652210220260991;30388,6268768887
"Mu_L1[11]";1,00000974783977;-0,982227246119206;0,895454007352592;-0,48839279709865;1,04603296208631;-0,19145435760174;0,0569940790936533;25011,2969029122
"Mu_L1[12]";1,00008185083356;-1,29264212290272;0,152184326616738;-0,730237317987387;0,321270540852861;-0,434892445066471;0,000754342396375963;30375,5993654233
"Mu_L1[13]";1,00000863269131;-1,24202353693484;0,394380368511461;0,897492077870896;0,857120113916971;0,204226089130248;1,44312505191845;30491,4694510456
"Mu_L1[14]";1,0001207065593;-0,246143100720199;-0,113126498495724;0,826709882400131;-0,0810595705189593;-1,46564946095802;0,055718381687221;27594,7624523554
"Mu_L1[15]";1,00008254914261;0,0553830568421602;-0,634989655008961;0,771569996504028;0,726990196460655;-0,98638968505452;0,843863645051438;30589,8717787558
"Mu_L1[16]";1,00007660277353;0,418730576619886;1,10438062142048;-1,78970489287539;0,965409935834215;-0,983858786538016;0,100133699812772;30573,7362568268
"Mu_L1[17]";0,999980614391006;0,288202456163985;0,24094210984541;0,901973146512865;-1,65422551747386;-0,981157915153954;1,21226810026045;30542,8180970106
"Mu_L1[18]";1,00014220926898;-0,490455683559523;0,697397015961836;0,280543767567955;1,58960091935589;-0,294864786035624;0,282396432054763;22044,1070270698
"Mu_L1[19]";1,00017572573239;0,000247069374685824;0,202518403997089;-0,223812578514123;2,02529315052256;-1,29653708484818;-0,736280649779199;30008,4654944433
"Mu_L1[20]";0,999996815378355;0,39410116178691;0,548642768540887;1,76455807499686;0,199576132885009;-1,82148260604173;-0,0852237759188264;14827,7449735321
"Mu_L1[21]";0,999981672857922;-1,41001454810227;1,44448500284197;0,275876586023712;0,253439582134835;-0,528558272427329;0,765992433359308;30032,2152740341
"Mu_L1[22]";1,0000438146719;0,567900750528235;-1,61961013566581;-0,292302144173859;1,31752179984877;0,306099254404545;0,274294602334475;24191,3330321229
"Mu_L1[23]";1,00004816324215;-0,467499376271573;-0,292751009956255;-0,694207050140893;0,715033292753412;0,0386912117004082;0,969738324329392;21001,5157903185
"Mu_L1[24]";1,00009209313801;-0,995431533433603;-0,147874357419065;0,405409477074602;0,511838338773888;0,359993739230317;-0,571706888453669;28069,9069323385
"Mu_L1surv[1]";1,00003779376847;1,25805174059842;-0,994128438022436;0,00180773272560435;-0,297878070645641;0,607717420873658;0,26963780045439;28259,9036089173
"Mu_L1surv[2]";0,999920838499355;2,13720300633805;-0,791428948277709;0,909373749223848;0,00535971125915412;-1,44077111713722;1,10033926132204;30058,6302761679
"Mu_L1surv[3]";0,999982196169812;-0,951423425105833;0,963387440327996;-0,630012893989336;-0,384509171516272;1,07492942609911;1,01845655898867;28336,7258941973
"Mu_L1surv[4]";0,9999554732592;-0,704328444234592;-1,81805128208138;-1,00119964855435;-0,856781594042515;-1,14425019487424;-0,0890252754783718;30163,5168989282
"Mu_L1surv[5]";1,00017264021625;0,949029741835954;1,0355556628095;0,572523832519044;-0,225272722453962;-0,198700772922281;-0,723790740896648;29357,0848806746
"Mu_L1surv[6]";1,00001278156717;-0,602272353953356;-0,0382810823028483;0,0944536486989189;-1,16293146090839;0,156708092638275;-0,0398840097764203;11099,9930931541
"Mu_L1surv[7]";1,00003936901888;0,8343910503163;1,04769204064087;-0,584530598968078;-1,8222775724667;-1,06653285231184;-0,958083820177268;6104,17056590366
"Mu_L1surv[8]";1,00001826565828;1,33723417797696;-1,25071533596297;-0,459099072966427;-0,603172424798574;-0,765709740019287;0,00221527209477596;14571,2156427475
"Mu_L1surv[9]";1,00011178800879;0,338014583151829;-0,268871376962808;-1,2375673631297;-0,421963633226179;0,825717171522481;-1,49538576611222;30074,3823503161
"Mu_L1surv[10]";1,00013377121834;0,24747534315545;1,28235801724765;0,0780271419262852;-0,193234768361516;0,315400297517773;0,0698830683426978;23484,6816285797
"Mu_L1surv[11]";1,00001371273252;-0,214538108701447;-0,350594759894353;-0,556384368640702;-0,0144048350389505;0,586825890195973;-0,220166847006255;13829,0606448036
"Mu_L1surv[12]";1,00002592666436;-0,208655317416033;-0,357514665880159;-1,84187138042413;0,46737004775735;-0,316526957031237;-0,208462657067405;30149,5488096621
"Mu_L1surv[13]";1,0000577334458;-0,220302679186196;-1,27906813244365;0,102698677225857;0,315958305276065;-0,023569038479539;1,59881310751972;29838,6130587955
"Mu_L1surv[14]";1,00003913178912;1,04806952259947;-0,88890145577367;-0,135690717769732;-0,221572882805834;-0,966568347798577;-0,0129182630644975;30188,2349317015
"Mu_L1surv[15]";1,00019601537978;1,0626538133253;-1,34810380075433;0,320071852325819;0,0121114312090648;-0,532443407853171;0,00527389005769662;30077,4758632694
"Mu_L1surv[16]";0,999931216681021;0,555990449542267;0,615013098888482;-1,38324972872987;-0,561419572603255;-0,393602609207588;0,29603244391102;23105,0689794276
"Mu_L1surv[17]";0,999969303931195;0,954982441641542;-0,229306035755095;-0,277458013391158;-1,37681739647407;-0,398456047826593;1,44404198663714;30462,6344666706
"Mu_L1surv[18]";1,00020101644705;-0,352356794580625;-0,0647802173461716;-0,873357205588928;0,840113582295849;0,216199447733217;0,248144283473509;30037,1939861749
"Mu_L1surv[19]";1,00004671833195;1,36130727645243;-1,18455850985729;-0,692310374626848;2,71252604195327;-0,733200044735345;-0,793882402311566;30260,8834946647
"Mu_L1surv[20]";0,999976149110469;1,72561038783303;0,0602529858472614;1,44332902920215;0,378099825929615;-1,2861078100697;-0,296805975989951;13817,8257994993
"Mu_L1surv[21]";1,00004930074453;-0,335961120527468;0,264114322758079;-0,0631676087477363;0,00951721705533742;-0,0602713856237977;0,378234820999851;30139,9969533104
"Mu_L1surv[22]";1,00008449849459;1,87103631294618;-3,05132013966877;-0,745425554111222;1,54805220519481;1,12244695445934;0,137306649319487;14405,0450467924
"Mu_L1surv[23]";1,00005146901584;-0,197925756028867;-1,0858115424666;-1,41865947682397;1,00412864660055;-0,161241466220568;0,568321168098209;19036,8921765902
"Mu_L1surv[24]";1,00005567885408;-0,177545841259014;-0,968474725834973;-0,546470043528066;-0,130932960823934;0,994318468544388;-0,311151394257839;29053,7071704351
"Mu_L2[1]";1,00001817068306;-0,017560390814346;0,92837597433346;-1,01248342619451;-0,121207956947435;0,649730710404737;0,98853535402816;30154,1128243122
"Mu_L2[2]";1,00013309445018;0,832182186782625;0,461383003784939;0,058680091417312;0,485461792759688;-0,771799322771629;0,995444919547476;30049,4386834103
"Mu_L2[3]";1,00011890515043;-1,09904608708042;-2,09848921890167;-0,411275138904173;-0,939170657905546;0,523619401767692;0,0964088996945434;30148,6249826009
"Mu_L2[4]";0,999965082104595;-0,134972506879227;-0,913009609613235;-0,0655845064836019;-0,542142161477211;-1,26214155788543;-0,454433953217601;30148,8136741503
"Mu_L2[5]";1,00011606612254;-0,478326485556367;-0,329419530435853;1,68191603448881;0,699353211838949;0,328676054214578;0,877911818157149;30383,8996561151
"Mu_L2[6]";1,000079016029;1,4053466874354;-0,490450393375244;-0,940165791869309;-0,920603690126684;1,20705337068772;-0,759558578512361;30169,5326242833
"Mu_L2[7]";0,999951980234885;0,599776350318561;-0,165952011421129;1,89639687919693;-0,0709939214002787;0,0404082465250636;0,691034605009756;30635,7213413069
"Mu_L2[8]";1,00010823270132;-0,234234351223319;2,3452821931583;-0,737952857843937;0,515697615210593;-1,02084369496292;0,160093043938901;30012,9382406006
"Mu_L2[9]";0,999991403334371;0,402953824369983;-1,51985803132919;-1,78820361889478;0,61049965577228;0,474661275754081;0,0787638693162941;30159,3019381324
"Mu_L2[10]";1,00006731135505;-0,0315529487313338;0,931300318972233;-0,37233158697704;-0,589223634454829;0,684381950846839;-1,14187632077756;30218,4947575121
"Mu_L2[11]";1,00009896407224;1,07717395883231;-0,285073519560814;-0,335681588643226;-0,0153679877570236;0,000335698940071485;1,03604369188361;30117,8391399965
"Mu_L2[12]";1,00002739884061;0,439495144815638;-0,0574968223169646;-2,567550532845;0,546487946306485;0,427740764705655;-0,0432860994968694;29618,3730557633
"Mu_L2[13]";1,0000007823235;2,02454847750876;-0,832426615441948;-0,814076183394416;0,102832435864429;-1,07431761549784;-0,855336880508777;13710,507929557
"Mu_L2[14]";1,00008316797337;1,26487824602779;1,29861315217734;-0,0565683098187014;1,29095627723874;1,01568917489175;0,939600972791872;22526,6856198817
"Mu_L2[15]";0,999992350123368;-2,66445859733694;1,05718803319969;-1,28596858560759;0,22090481304141;-0,805513413872401;2,14854863785638;30113,9285646929
"Mu_L2[16]";1,00011965788141;0,0164761922323897;-0,948574089449864;0,668821065570681;1,14841666000865;-1,16538947075535;-1,2590382051553;5268,32410643929
"Mu_L2[17]";1,00010886543906;-0,324405127949552;0,0521334292114183;-1,23808974801898;-1,54952787446872;0,241832841624207;0,211113157793486;28351,055014867
"Mu_L2[18]";1,00003199487308;1,00540856149942;-0,998211055929695;1,34500486324114;0,385067897967037;2,14435229981186;0,859797665236017;17713,3883173891
"Mu_L2[19]";1,00011413210551;0,20562318683621;-0,118448786097759;-1,45329115036521;-0,0832512913790344;-0,983744651349471;0,198740950249615;30104,7386587565
"Mu_L2[20]";1,0002740330039;-1,31811294376747;-0,495326692975888;0,332437640084408;0,392684553564189;1,08627323398628;-1,31729748538455;30712,7556040293
"Mu_L2[21]";1,0000317665658;-0,776910956356219;0,0970502114902153;-0,110900595195343;-0,506960559577147;-0,0412278217508727;-1,22005452795851;16827,2310917542
"Mu_L2[22]";1,00001683409122;-0,866097805793159;-0,621269069826755;-0,396929354687316;0,714896190576807;1,81492498335039;1,04628991389424;19453,2960139857
"Mu_L2[23]";1,00005383446821;0,821316618723497;0,0148101741998704;1,10030319995134;0,810300705078004;2,54349508743652;1,20876614891152;30112,2026825004
"Mu_L2[24]";1,0000211982842;-0,0321967696864893;-0,52013176390626;0,284266374122112;1,78683510430684;0,111423231041357;-1,28184588451748;30209,2854379609
"Mu_L2m[1]";1,00002285322451;0,0428991407511594;1,0157887226987;-1,28619958612746;-0,170640252982557;0,75327603752689;1,04993767769473;30234,0747518575
"Mu_L2m[2]";1,00013697382103;0,775880620367262;0,588470668072254;-0,0787609571268557;0,527445244109339;-0,754280249878237;1,25377937826257;30051,5003476481
"Mu_L2m[3]";1,00012949274161;-1,13177670945126;-2,04107369491724;-0,619095663926991;-0,658632339414032;0,778453174956841;0,0144416371607407;30193,0146201198
"Mu_L2m[4]";0,999960423748332;0,269946930796462;-0,652740097570311;-0,23844105804582;-0,286080140456415;-1,10195994709508;-0,25311363832509;30073,9347046532
"Mu_L2m[5]";1,00010967973736;-0,542393913654042;-0,269787924396856;1,69247226506272;0,519891524187944;0,205210165576907;0,809382812931398;30428,4571114963
"Mu_L2m[6]";1,0001081069247;1,2847145181842;-0,252307119453736;-1,17244348528955;-0,879911178610084;1,14698269741501;-0,633159029312564;30179,361838075
"Mu_L2m[7]";0,999967373605915;0,93379709534922;-0,148016995652936;1,5165434643322;0,232459570987239;0,462332547032429;1,03954063317052;30575,76144126
"Mu_L2m[8]";1,00011823410478;-0,211261556794504;2,48791951867923;-0,775705470979879;0,570848960406553;-0,927315480969911;0,28611747198384;30034,050549174
"Mu_L2m[9]";1,00000453742737;0,427902014424281;-1,43858525747923;-1,91382184808254;0,818864454756508;0,902236455979754;0,150763434722058;30150,3745365276
"Mu_L2m[10]";1,00007678003551;0,12749819660514;1,04145939088547;-0,363212382446068;-0,54820157614547;0,714075508487258;-0,969784344627399;30184,5667123997
"Mu_L2m[11]";1,00012318846011;1,07750936302927;0,0114661284230855;-0,736693643670809;0,268905419980924;0,335381940565364;0,785279134553565;30103,9530140568
"Mu_L2m[12]";1,00005479633478;0,200629347005521;-0,449807443890695;-3,01292877067976;0,764917930715026;0,583578195150268;-0,00398705706427617;23579,9428470202
"Mu_L2m[13]";1,00001825492931;2,32119159680374;-0,548677542460378;-0,78188194936295;0,593804517165065;-0,79822175055575;-0,909218565728573;12885,1342930108
"Mu_L2m[14]";1,00007799498128;1,2147823377277;1,46683010879451;-0,175093433938114;1,00814474925418;1,34578742599367;1,21900437026514;26064,7324965468
"Mu_L2m[15]";0,999998405044234;-2,51228334465555;1,35959438319008;-1,2846374884003;0,524673871103164;-1,05144745814275;2,29780940561381;30166,3595328267
"Mu_L2m[16]";1,00010331549203;0,164350968298016;-1,03503481757097;0,346185949267852;1,75639815155949;-0,728212848699549;-1,1067415677515;7238,42989647707
"Mu_L2m[17]";1,00009309172659;-0,0263581348410999;0,127772844465903;-1,52863911019679;-1,46020451962123;0,260716884824691;0,127447470067593;24029,2177370766
"Mu_L2m[18]";1,00001736451969;0,975944107521756;-0,92678147488903;0,965379253962093;0,793547690741051;2,40935466265704;1,14926299123079;21534,0475691461
"Mu_L2m[19]";1,00010253532488;0,391181303469238;0,126116492623368;-1,70952683269315;0,104059775105338;-0,912096914392059;0,236515343568435;30107,4182414068
"Mu_L2m[20]";1,00023643442667;-1,29652404672928;-0,520396612106846;0,0456900619665194;0,559931951900997;1,27827503627993;-1,2025583588813;30696,9491001256
"Mu_L2m[21]";1,00002653450125;-0,511206342847856;0,295242180737898;-0,311930476659944;-0,404153492386336;0,0558885322404987;-0,990639449126719;20291,8007134654
"Mu_L2m[22]";1,00001748271036;-0,570696656566223;-0,310536588307047;-0,509529669841745;0,866121702628039;1,99137908318553;0,912854002927176;16843,3905180579
"Mu_L2m[23]";1,00000994316889;0,77005340934046;-0,00975587846832267;0,67268277800093;0,717332630664029;2,91015957316442;1,2404295215154;20964,7742106474
"Mu_L2m[24]";1,00001242612249;-0,301196735950119;-0,23413562044689;0,0692717028247218;1,93901921711706;0,00580180866012093;-1,278310529624;30302,2876882786
"Mu_L2nm[1]";1,00005030433231;-0,199534907838415;-0,340007004933043;-0,342165835395967;-0,999084502673484;0,174441966282539;0,125535842658043;22961,7813038122
"Mu_L2nm[2]";1,0000480729469;0,589808228327846;-0,203437701960838;1,33839777832414;0,594611936998814;-0,352504133153927;0,797151044217028;30281,0877114316
"Mu_L2nm[3]";1,00005082981007;-0,658945320539829;-1,86568652254312;1,86979200824072;-0,904180233450617;-0,179735351822403;0,0600933054005912;30324,1004680063
"Mu_L2nm[4]";0,999998030860543;-0,75689140518025;-1,30402677400874;0,530462659344935;-1,71861240293872;-0,611817876190486;-1,26870706730318;30358,1008709586
"Mu_L2nm[5]";1,00006973689315;-1,00515717210301;-0,6342707801658;2,44558355222005;-0,174505356189333;0,868670341195472;0,527068021238096;30048,1837079522
"Mu_L2nm[6]";1,00006728191547;0,153494358079788;-1,71475618957106;-0,15261613382766;-1,53491097036029;0,543759316484131;-0,953627189386302;30107,8462657023
"Mu_L2nm[7]";0,999933294613585;0,669951160052673;-0,361675003135686;4,16059140286646;-0,50248736344539;-0,8690802763368;-0,0260283258013407;30605,2182970279
"Mu_L2nm[8]";1,00004075543565;-0,183797069841021;0,782085034528589;0,0649695685957967;-0,146188036259304;-0,34139826283307;-0,376195379262221;30061,3072857219
"Mu_L2nm[9]";0,999952123943293;-0,402645797102699;-1,86481625842783;-1,11543975063812;0,624953144977433;0,319436724419629;-0,0229039641791865;30148,6643939783
"Mu_L2nm[10]";0,999984535420807;-0,368722505038209;0,284888077969916;-0,0054754073963265;-0,414957184593622;0,621641088415054;-1,76524200551985;30050,5384493954
"Mu_L2nm[11]";1,00005217471274;0,209063019430335;-1,50870035540954;1,022195302639;-0,359245029521489;-0,480391980833131;0,260653712298764;29957,6112363523
"Mu_L2nm[12]";0,999985380918582;0,410314051441057;-0,491761632042177;-1,10196333232601;0,0286564779967101;0,305311702093791;-0,207782805390032;30082,8227685676
"Mu_L2nm[13]";0,999988902036063;0,510265298996682;-0,937543933048254;0,177110571383591;-0,28119497041278;-1,67748254097995;-1,1956487265317;30126,4759849869
"Mu_L2nm[14]";1,00003711689601;0,989820641942778;0,216571815733311;0,693388888170506;1,76214457150094;-0,160883969629766;-0,0323878690355591;28130,5366433146
"Mu_L2nm[15]";1,00000920529499;-2,51052758137636;0,399206449267896;-1,15833152552484;-0,408149440804545;-1,84065420717876;1,34156210918446;30053,5610335585
"Mu_L2nm[16]";1,00006292193424;-1,00934091371634;-1,36320742300768;1,04896380508184;0,297471662851215;-0,807240123267942;-1,21833556988617;10364,7706113956
"Mu_L2nm[17]";1,00008450042391;-0,96347689310217;-0,0757971214213251;-0,826142301619897;-1,66693367903321;0,195922179546671;0,692242357572542;30414,0334063654
"Mu_L2nm[18]";1,0000695975914;0,0578329249277774;-1,38995798619022;1,99521198465393;-0,870030806270437;1,28933092226465;-0,18286879029733;19298,847243684
"Mu_L2nm[19]";1,00011429402043;-0,842075452258896;-0,645248286554104;-0,070272939616108;-0,481285503614504;-0,879246735364667;0,505976450707728;24066,2190410733
"Mu_L2nm[20]";1,00032326236037;-1,25583240737456;-0,787762784254027;1,16933844877134;0,0320850980682064;0,252948740810112;-1,5250494057764;30610,8981740028
"Mu_L2nm[21]";1,00005600066486;-0,705623981735849;-0,171290250109211;0,258115752600184;-0,630170820580198;-0,096871717893658;-1,83217287889216;18402,2946794836
"Mu_L2nm[22]";1,00001814436134;-1,23633875460746;-1,35942287865189;0,302075298023271;0,233760059880175;1,70513706162094;0,0379761300963045;30295,9693470997
"Mu_L2nm[23]";1,00004209167428;1,0809883632611;-0,354665642566066;2,11436243377313;0,524467935941894;1,66182478265696;0,180984347872134;30213,8501286212
"Mu_L2nm[24]";1,00007207305389;0,299781073119885;-1,65530189866069;0,844944337665696;1,70118460551697;-0,2702644092451;-0,439250504327901;30146,5814474226
"Mu_Mu_L1";0,999992709850996;-1,04692168966942;-0,0117221949162833;-1,28535002447725;1,33608441746401;-2,33203768495726;0,45974026879198;30098,5070391264
"Mu_Mu_L1surv";1,00000957601747;1,85486504729441;-1,584383164154;-1,41483497741861;-0,128338926803606;-0,560219202853056;0,251602225613111;30199,4388215216
"Mu_Mu_L2";0,999959193154783;-0,315413896279986;-2,55424385617474;1,40044305670335;0,832247811361114;-0,650530972073205;1,14807202854784;10100,4743245926
"Mu_Mu_L2m";1,00008035072923;0,718839080877849;-0,192393853548742;-1,46445299061043;1,14146639334372;1,36513115994966;0,807932254964756;30159,039919124
"Mu_Mu_L2nm";0,999971672568808;-0,771085292737301;-2,20747839626524;2,08679152458379;-0,757411434091782;0,0441958639548033;-0,870474838262467;30769,4019776582
"Mu_N1[1]";0,99999230964718;0,84454713767154;0,175777263803054;-0,751480468407006;-0,631801498866361;0,431755124104941;1,33688786648788;29228,670195509
"Mu_N1[2]";0,999994808463555;0,405712962172338;0,333307189545047;1,05460670603276;-0,140377239009524;1,36978523118951;-1,61232040608465;30507,0242300084
"Mu_N1[3]";1,00005735126227;-0,0183839418974336;-1,20541881047023;-0,712394086403036;1,00490839733814;-0,886943270470178;-0,129161988811424;30469,2406941877
"Mu_N1[4]";1,00003202536859;1,44566576160652;0,20555577458403;-2,1497891872107;-2,59528008687812;-0,662852934292633;-0,224796647026886;30314,6330587874
"Mu_N1[5]";1,00013793659376;-0,83035462261305;1,0302845016287;0,25503267047797;0,263895269941837;-0,148145243021356;0,681322807344406;28496,7840840733
"Mu_N1[6]";1,0000049184001;-0,311168835525877;-0,905434772759039;-1,14954031811752;0,775151468829207;0,616333207974556;0,649223799991024;30186,8298873122
"Mu_N1[7]";1,00021432903647;-1,92879354196887;0,679589847395405;0,353474835039402;1,02727828857442;-0,490796025958332;1,72125376091073;30308,3050054221
"Mu_N1[8]";1,00003179958641;1,36922822701283;-1,44859490704694;0,335861864865612;0,54027560925771;-0,698772491414921;0,677262534212296;27653,7453171016
"Mu_N1[9]";1,00026017429306;-2,19463945634846;-1,61961750231559;-1,73819389159756;-0,555122189525394;0,899735871571338;0,631438790140273;30367,8540617251
"Mu_N1[10]";1,00010326777184;-2,20799298071416;-0,65294558827528;-0,0624645752156872;1,16850123727445;-0,44568229008126;1,74658660879789;30068,430497232
"Mu_N1[11]";1,00004408157914;1,67252177598683;-1,90856631192448;-0,877016821515421;-0,168807160315594;0,258928758393841;-2,17200587004501;30403,1361918267
"Mu_N1[12]";0,999956602450477;0,0901112213471603;-0,492217153827044;-1,64073708213375;0,265506626314909;-1,1325885945001;0,698156996125196;22592,9038841658
"Mu_N1[13]";1,000057526474;0,947815456578856;-2,03844171554459;-0,983550776209099;0,811345673116938;-0,871458152357951;0,545354572930953;15865,914338432
"Mu_N1[14]";1,00008521263422;-0,324867479554827;0,617638714090184;-0,124486917890193;-0,000448373381014604;1,55403498988288;-0,00679935470421202;17989,3552406727
"Mu_N1[15]";1,00002201163605;-0,620645570672783;-0,677121669885466;-0,921214290812422;1,19944812313667;1,33630423919422;-0,473431172503721;30502,244475551
"Mu_N1[16]";1,00008378381874;-0,937445169051554;-1,55532238171053;0,440703146805866;-0,965312820145294;0,348537482324334;0,27669010137738;24022,172792882
"Mu_N1[17]";1,00004922020396;-0,450325438485715;1,24264031708556;0,114384448846728;0,0720122312155656;-0,247852165197959;-0,836599972717491;27605,7474875607
"Mu_N1[18]";1,00013957252937;0,76189348688327;0,161373670234516;1,62656921553716;-1,19835613573061;-0,469241070534129;-1,66802129229716;30164,8615686144
"Mu_N1[19]";0,999987232430571;0,682439805840232;-0,412937165403732;-0,420175154410613;-1,73761894134863;-0,786990839049775;-2,09327808125259;30313,0379995569
"Mu_N1[20]";0,999963383375982;-0,333728148738614;-0,858984663337799;-0,474738395000873;-0,0856189391383545;-1,33017402152747;-0,377129892406417;29406,0778988639
"Mu_N1[21]";1,00006586362738;-0,69009623435085;0,51079910873039;-1,27931206338713;0,111834369217956;1,32123066940322;0,163974408900028;30073,4365784655
"Mu_N1[22]";0,999969758683012;0,16364974530502;0,816769440348409;0,0715847767360629;-0,69198896957683;-0,0913223940968837;-2,5266387659269;30318,7535536675
"Mu_N1[23]";0,999996447355997;1,33073385353142;0,123190361430922;-0,330425660147742;1,16717023886723;-0,0927226752443022;1,20963475900354;14744,9303152123
"Mu_N1[24]";1,00000637407435;-0,450576011374357;-0,837165069004132;-0,647934492599389;1,77651870024736;0,13750063835913;-0,475260650012374;6845,02736075303
"Mu_N2[1, 1]";0,999994232265511;1,15222355559436;2,22070911211072;-0,749712412353967;-2,41509369789022;-1,94313617577615;-1,20618904119159;30125,4399269006
"Mu_N2[1, 2]";1,00002682176764;-0,175275797117818;-1,51944854872301;-0,900653837834944;1,1037588714457;1,31927354013893;0,0596636792855271;30449,3521524927
"Mu_N2[2, 1]";1,0001760476095;0,664657959374493;0,953275453502778;-0,883424509901198;0,902165581129755;1,83730853182274;1,39060500819085;29979,5516187306
"Mu_N2[2, 2]";1,00003476264203;-0,174374780726949;-0,397547902506311;1,36577885826925;-0,326598113478212;-1,61524714750253;-1,43701457273462;25020,4457240454
"Mu_N2[3, 1]";1,00013149742628;0,593414757512735;0,358929712581041;0,852125518756532;-0,0702395085610707;1,22672096310907;-3,3074722058771;30082,4836729268
"Mu_N2[3, 2]";1,0000468691123;-0,627998468606664;1,12266288737484;0,0381407556847831;0,584824983404908;-1,72550544632607;1,41635499278787;30124,7282430516
"Mu_N2[4, 1]";1,00009314105163;0,614156838987777;1,96674068719683;0,339393130199252;0,930538506437662;0,790158559727426;0,164615182446863;30258,4949775021
"Mu_N2[4, 2]";1,00012800111608;-1,07005063355121;-1,75367067216076;0,191237321637846;-0,249778750016498;-0,774513633423939;-0,565835109407719;7937,03510069036
"Mu_N2[5, 1]";1,00002873229128;-0,437358125509052;0,259939791348406;1,11099174908862;0,762407664047143;-0,472654055695768;-0,0969543474608147;30128,6294259958
"Mu_N2[5, 2]";0,999954471126281;-0,862564370764161;-0,775272193543807;-0,632482027549927;-0,298966713900631;0,0526459020222753;-1,04304319940538;23810,4554779045
"Mu_N2[6, 1]";0,999990132998841;-1,19174336816541;-0,13743378113606;0,427221122054503;0,251781885655223;0,624434517368897;2,065464470307;29801,3349909967
"Mu_N2[6, 2]";0,999985805377963;0,181718023621826;0,568044040514417;0,302570229547253;-0,502217845349586;0,230825850352472;0,0709524074717282;23665,8976165437
"Mu_N2[7, 1]";1,00003934873768;-0,510313778788489;0,166104574746535;-0,984965772011594;1,11910664709405;-0,312189086706419;0,403846550026152;24921,0696665046
"Mu_N2[7, 2]";0,999987140261558;0,1671418720403;-0,278850849772737;-1,19074018387703;-1,18689121300811;-2,2152912470845;0,829607447117886;24973,1430095786
"Mu_N2[8, 1]";1,00027462827916;0,304631353118837;-0,135583764989774;1,86966455557826;-0,723451113205905;0,914794824974443;-0,589891184179259;25494,0089285259
"Mu_N2[8, 2]";1,00009406375512;0,504291937840633;-0,822643264307778;-1,9654643799379;0,780495737863267;-1,23483789300828;0,310262169308755;5299,34198682434
"Mu_N2[9, 1]";1,00001967002402;-1,49109727036431;0,220442649496637;0,152475657755184;0,0204384168365301;2,07194790134761;-1,8834413350711;23884,647892398
"Mu_N2[9, 2]";1,00002559143621;0,210741193542029;1,18121233283864;1,31039903518477;1,29694510411783;-0,430659102573564;0,85683605643107;30208,9723102132
"Mu_N2[10, 1]";0,99994558876469;0,770693159513917;-0,289369039131691;0,493418848751223;0,478930857420569;1,3081049774687;0,384206815874228;6354,53821295496
"Mu_N2[10, 2]";1,00003307110994;0,425192510322893;0,106197220180936;-0,97530040506473;-0,364899591230718;-2,11718474452302;0,605667601507295;16543,7553112692
"Mu_N2[11, 1]";1,00007000582762;0,0415572987722732;-1,91634495528516;1,84289524849598;-0,0281657784612314;-1,44847959556149;-0,944852917729614;29684,0149465565
"Mu_N2[11, 2]";1,00006505181856;-0,561281411702579;0,362214847739853;-0,871803911530672;-1,0696073575623;-0,0826954760513855;-0,227603612237005;13705,4576250015
"Mu_N2[12, 1]";0,999956704799477;1,77337155945036;-1,83833392608963;2,17968476762224;-0,436723937477812;0,525094190658102;0,764170564350654;17351,4889015382
"Mu_N2[12, 2]";1,0001166274217;-0,974307777162788;2,06095432683643;-1,83304189180262;0,948655843497682;0,428826231393492;-0,502387914168213;30040,1575777556
"Mu_N2[13, 1]";1,00006116989908;0,0167027035883773;-0,204796813213457;0,394548547421113;1,71593125782572;-1,18749304725317;0,660467884851224;24958,5841507673
"Mu_N2[13, 2]";1,00007452141305;2,13678434298378;1,79254127664561;-0,415969372966952;-0,0128608912520769;-0,979661396484547;1,71610798923734;18294,7195100144
"Mu_N2[14, 1]";1,00000087361203;-0,910738377496115;0,342211499078468;-0,781538399227764;0,284214807845534;-2,90716571673651;-0,655906430780453;30541,5739931866
"Mu_N2[14, 2]";0,999990608600301;0,866426711719902;-0,272507958858316;0,127836061810237;-0,0544530631575629;1,29644642209094;0,271403345231719;23626,1547132864
"Mu_N2[15, 1]";0,999975453632816;0,61614317782835;-1,96036052873769;0,266412480991401;-0,209795272686865;-0,915327047277135;0,46342277846344;30284,9319295166
"Mu_N2[15, 2]";1,00003455639295;-1,26906306776478;1,11656390184758;-1,4034478652147;0,20489947061468;-1,0380767731242;-1,16178804699025;30032,6574049259
"Mu_N2[16, 1]";1,00003711408753;0,159366019157716;-0,591360067848774;0,2340923697323;0,00305280337284916;-0,216011577341683;-0,553720016121519;30273,8070917791
"Mu_N2[16, 2]";1,00003163685253;0,316199011436864;0,410783095329035;0,910185300644474;-1,00806354244614;-0,0691250316802383;2,39244654968199;20137,3330016516
"Mu_N2[17, 1]";0,999974224825016;1,71377015757537;0,358982889460322;-0,121936655463829;1,33370385166032;-1,72537208423123;2,08187544847081;28366,3387956612
"Mu_N2[17, 2]";1,00018102141127;-0,291270839669961;1,690911356423;-1,26068629663604;0,411043184108524;-0,630150492364345;-1,61014768969922;30165,3874189725
"Mu_N2[18, 1]";1,00053711500346;-0,772225759296678;-1,00911558982393;-0,70825638390046;0,684658222034703;-1,06988914311756;-1,04824109958257;30112,6461111768
"Mu_N2[18, 2]";1,00015765826877;-0,485195401084869;-0,0241792049701696;1,18642356604521;-0,162300808513343;0,491828344527594;0,395111146519804;30884,2706481839
"Mu_N2[19, 1]";1,00004796585255;-0,634054428333051;0,917663509763499;-0,204544445993466;1,39844949656215;0,228767384843894;-0,734250135515082;30015,0554313211
"Mu_N2[19, 2]";0,999996729396403;0,827988775020004;-0,267634562803007;-0,78698083219352;0,136038054632459;0,0934973394407317;1,38879883122254;5339,02598217575
"Mu_N2[20, 1]";1,00011819694209;0,229270483928733;0,119869271479293;0,373705895922832;-1,88634083709212;1,80754992403038;-0,266345595365768;28808,812153113
"Mu_N2[20, 2]";0,999972378761427;0,134342183385388;-0,544559130537959;0,655151194701082;-0,69123779427598;0,647047960609778;-0,930410029120618;9958,12729570803
"Mu_N2[21, 1]";0,999932964869319;0,280681667294428;0,529410581147237;0,554186092485758;-0,246062675507162;-2,10192130831498;-0,226354785959877;14407,9381022757
"Mu_N2[21, 2]";0,999981582116705;1,21324530067825;-1,28125235192875;-0,661399074908238;0,140953866294916;0,662014613030087;0,360504185006278;21984,023887931
"Mu_N2[22, 1]";1,00002261828241;1,27592135151248;0,925586647778714;0,286360726027062;0,330174506654404;1,96320592537733;-0,144695669119143;30362,930580453
"Mu_N2[22, 2]";1,00001909458679;0,0204453357232921;-0,393048940243312;1,48672557450655;-0,870781276121114;-1,42681246841696;-0,556766052829212;30374,0241897707
"Mu_N2[23, 1]";1,00006801962901;0,745989599300364;-0,796028210409557;0,891869867485104;0,938886384508711;-1,344977067728;0,70946064785384;26988,8523980606
"Mu_N2[23, 2]";1,0000859636188;-0,191203161077015;0,823648345746386;0,203155555561885;1,11266922696605;0,951652120149171;-0,631937972435842;29365,2724586307
"Mu_N2[24, 1]";1,00008587922975;-1,35378177874111;0,348030722654715;-0,397928771279525;-0,00904877010830277;0,336866091469724;0,0184257880320428;30306,1801424397
"Mu_N2[24, 2]";0,999986520379439;0,0181413141891641;-0,47770336515766;1,85017897274501;0,221401988928079;1,65322643863863;0,225854487134186;29399,5318840718
"Mu_N2m[1, 1]";0,9999997155706;1,0429231716711;2,23746701667611;-0,14878833578963;-2,38125157956131;-2,00501741441766;-1,35786034421059;30232,5790124258
"Mu_N2m[1, 2]";1,00002819428019;-0,114516362009602;-1,62443842723741;-0,730749753305793;1,37676444921249;1,08652424465246;0,053792524134547;30432,7951448583
"Mu_N2m[2, 1]";1,00013537540626;0,602465738781792;0,995583487567926;-1,72669948930298;1,2262438070378;1,70023146132259;0,83832011348564;23618,0730981742
"Mu_N2m[2, 2]";1,00006040158774;0,239329064498243;-0,311672524500921;1,21648882522858;-0,573495971139992;-1,4174353074819;-1,54221158476274;29054,1512935452
"Mu_N2m[3, 1]";1,00015785210953;0,709268113081726;0,0544200392648;-0,291648354223496;-0,979085909101618;1,4936394691401;-3,0274238065201;30067,1899992823
"Mu_N2m[3, 2]";1,00001061109749;-0,554779963508191;1,24446802753199;0,071908310110321;0,521001854565446;-2,00767664512874;1,14019978431827;30052,0716546094
"Mu_N2m[4, 1]";1,00000368741729;-0,301199589200211;1,72943168374697;0,202668793271979;0,698794790356974;0,453056184073575;0,124116184184427;30445,5814798385
"Mu_N2m[4, 2]";1,0001376364632;-0,881720177910449;-1,89464187772083;0,329823259365201;-0,19052476288617;-0,650273573604152;-0,551989308983552;8687,2771648466
"Mu_N2m[5, 1]";1,00004344865859;-0,0233175960334709;0,701742167541955;0,895694696180334;1,46134383734372;-0,431825018356938;0,199850096349372;30270,23138179
"Mu_N2m[5, 2]";0,999955825717606;-0,821056649740482;-0,83206012870403;-0,86391631778929;-0,324795635970261;0,272297930900708;-0,753682112766216;20876,6653255438
"Mu_N2m[6, 1]";1,00001313224694;-0,342757545337722;0,269410926326141;0,795154507814084;0,884113525495303;1,07614138915132;1,81431762766076;29876,0162361298
"Mu_N2m[6, 2]";0,999964999425721;0,102040658970351;0,0956320713226611;0,339128672084754;-0,805917207619843;0,11938674202598;-0,00299463685834357;24709,8206941769
"Mu_N2m[7, 1]";1,00001718363889;-1,3500681853093;0,483782364340208;-1,35384682858141;0,86820814136594;-0,54336780333047;0,781943995467236;30430,1662292242
"Mu_N2m[7, 2]";0,999971498489816;0,270083642131401;-0,32708030630318;-1,36150014979663;-1,11091887922396;-1,89027021770172;0,726978971210124;18719,3073210231
"Mu_N2m[8, 1]";1,00015189357676;0,360760746759887;0,259143504185983;1,61614873859684;-0,588371843383046;0,514147216017706;-0,71209972551724;28674,3401339065
"Mu_N2m[8, 2]";1,00011223907284;0,277666737714802;-0,88881521033554;-2,04075049423235;0,758837322576278;-1,31928541723434;0,0414774238140029;6430,38060365274
"Mu_N2m[9, 1]";0,999992225824212;-0,0885451016397546;-0,188823979441855;-0,130274898669682;-1,19438696156068;-0,511227439358056;-2,00728196810594;30184,4616994286
"Mu_N2m[9, 2]";1,00002045569795;0,181409153926386;1,56297716133393;1,37823621079661;1,1113048333561;-0,315673511266322;0,883708290932178;30307,7300460332
"Mu_N2m[10, 1]";0,999940847042412;0,071565475595755;-0,1987508352045;0,184013318989135;0,727255471858604;1,13379091369199;0,449766030792261;8538,44689350812
"Mu_N2m[10, 2]";1,00006626593019;0,612420861829828;-0,127002552871913;-1,14664255879373;-0,311718849621356;-2,1396780865875;0,58726827148136;16933,3453422966
"Mu_N2m[11, 1]";1,00006902323739;0,102668675067751;-1,74877508032506;1,96555724514401;0,102681998926345;-2,24592238122488;-0,238120342436527;30219,9989264591
"Mu_N2m[11, 2]";1,00011945317863;0,250266100891457;0,45814880103342;-0,524167732537539;-1,72369425178627;-0,0606321077416613;0,550909981317608;29084,7103887319
"Mu_N2m[12, 1]";1,00011265824075;1,75258711320012;-1,59350830524593;1,87520813628807;-0,16698390892536;0,170607660107643;1,39265802995835;30406,7122533585
"Mu_N2m[12, 2]";1,00010608993254;-0,0112787913489363;2,87146658200235;-1,4555347943086;0,392200111755446;0,440116695241055;-0,971673450736064;30113,6274142992
"Mu_N2m[13, 1]";1,00012879304543;-0,196800128320908;-0,570830499505784;-0,405007681049178;0,334018919690915;-1,31811801640303;1,38579040805376;24490,1591453669
"Mu_N2m[13, 2]";1,00003659058603;2,51523287204446;1,00166673263058;-0,526868031218167;-0,032869113527585;-0,891924427447298;1,40484397120942;20237,6616432847
"Mu_N2m[14, 1]";0,999971062205099;-0,449845696110428;1,09847269728424;-0,981897277373541;0,100557423108258;-2,11608570472002;-0,503865254445628;30233,056404952
"Mu_N2m[14, 2]";1,0000049772709;0,747475439281382;-0,449042018141628;-0,158828957370165;0,0997257033113109;1,22725651262783;0,64554031318137;27939,0880006277
"Mu_N2m[15, 1]";1,00000560842572;0,671907616980995;-2,0882577160953;0,732134757997686;0,641522933123314;0,924658536349917;1,3136863950838;13882,839742093
"Mu_N2m[15, 2]";1,00000395439481;-0,474588430874261;1,34249315140829;-1,49966150370426;-0,419258665835951;-0,190693532443998;-1,10374193142778;30245,0101993685
"Mu_N2m[16, 1]";1,00000357851605;0,316256044898748;0,17801350476837;-0,0996553940521199;-0,377415504409391;-1,20527445490089;-0,825491725158903;30229,1459798068
"Mu_N2m[16, 2]";1,000092601891;0,613490458602632;0,381996314357242;1,31619615367162;-1,28484464192512;-0,373966193142492;1,97988148612619;25525,5471892489
"Mu_N2m[17, 1]";0,999973229248666;0,825125457485459;-0,136243423553794;0,289714291443351;1,28715792863479;-1,40264967454759;1,77048441080966;26073,0775855372
"Mu_N2m[17, 2]";1,00013641400768;0,163492610199841;1,72529917550128;-0,813179895600612;0,427527164900015;-0,601976045697776;-1,53297335296684;29817,613872739
"Mu_N2m[18, 1]";1,00064481436127;-0,102754852567046;-0,392131235939039;-0,725825021834135;1,02086436581056;-0,823467681472598;-0,539181406513889;30082,5324300873
"Mu_N2m[18, 2]";1,00022316790603;0,139402878562398;-0,092809926301735;1,34898233104828;-0,568270637824206;0,358908298436512;0,112195907999572;30903,2572110804
"Mu_N2m[19, 1]";1,00009312298992;-0,492810781620727;0,517137149795017;-0,437659166965718;0,892757653078872;-0,0315168542339631;-1,14450330553192;30033,1825193712
"Mu_N2m[19, 2]";0,999993199479821;0,686072854552144;-0,490474422387996;-0,771747882347774;0,265095331131747;0,334697105904865;1,45505251558672;5102,16442777309
"Mu_N2m[20, 1]";1,000048352021;0,339096379596575;0,553172812375363;0,069020703747329;-1,42492322034216;1,50357991801203;-0,150703633920234;29747,2983020569
"Mu_N2m[20, 2]";0,999971279039293;0,0944618488429629;-0,362817930119967;0,627638169514179;-1,06875619482884;0,617500005946706;-0,790076696225285;10157,0991715667
"Mu_N2m[21, 1]";0,999952081859507;-0,729813583435191;0,133960342881315;1,09272443229938;-0,611652466826331;-2,06090946829196;-0,0877160246938772;17704,7192294782
"Mu_N2m[21, 2]";0,999969373051942;1,09334856709368;-1,18076445321766;-0,712847952409514;0,183907753162153;0,369895693585694;0,141659817335285;28749,0553013914
"Mu_N2m[22, 1]";1,00000943552654;0,773561885509203;1,11590948876935;0,560290402006262;-0,284249359475407;1,98870996694876;0,57334465495417;30596,3892315714
"Mu_N2m[22, 2]";1,00002686342602;-0,0364066701484675;-0,750801196187334;0,913034861111028;-0,464932877230613;-2,13621926836821;-0,295053884775617;30461,5469058964
"Mu_N2m[23, 1]";1,00002315143508;0,442056985588384;-0,677203101069795;0,627958665028811;0,451662391912771;-1,13308483936911;1,80683144390737;30388,3643687437
"Mu_N2m[23, 2]";1,00003985993845;-0,213255306239045;1,27904539446317;0,0926078941549449;1,84074920185509;0,402069907209963;-0,797892887556162;13746,2657578771
"Mu_N2m[24, 1]";1,00016737975384;-0,919038679644991;0,404006256069888;-0,439529210397;-0,0359622376547647;0,563826887496856;0,0380042340329575;30216,2595715423
"Mu_N2m[24, 2]";1,00002019079135;0,287996676114508;-0,513421589377298;1,99549651201823;-0,380747017674635;1,74967120580131;-0,124425248381889;30124,3253682905
"Mu_N2nm[1, 1]";0,999975672274573;0,612151259178514;0,138439192967214;-2,17363546913013;-0,838411040609378;-0,344171541990697;0,048132722693482;28595,6284625377
"Mu_N2nm[1, 2]";1,00007199925697;-0,397420809953501;0,236551681597228;-1,28665008214995;-2,18301562319006;1,68653082294956;-0,253488474175228;7462,4148018614
"Mu_N2nm[2, 1]";1,00000808702451;0,317231999161962;0,279234741491865;1,06258845626298;-0,0562955392223791;1,13005599931429;1,6266103070914;23234,6412982532
"Mu_N2nm[2, 2]";1,0000147473252;-1,8674763264502;-0,538030954542953;0,858947831499721;1,0031440328719;-1,26474709781613;0,119958272219997;3793,5271701738
"Mu_N2nm[3, 1]";0,999966758314861;-0,00809840344641573;0,607027608695097;2,18486741563122;1,35783077596742;-0,0441363375814701;-1,60993370927477;25040,1220208857
"Mu_N2nm[3, 2]";1,00022843113204;-0,375441479274517;-0,300033454005251;-0,0834221665048068;0,1875377618001;0,833024089777291;0,828742237667799;30351,4033598622
"Mu_N2nm[4, 1]";1,00018667443061;2,24270441515663;0,910109491263346;0,402798772482531;0,764601618799884;1,12069173142112;0,138464735650264;24534,4800567883
"Mu_N2nm[4, 2]";0,999978216223546;-0,955331899898115;0,318504215316372;-0,681245925566459;-0,427978043844735;-0,65914111039596;-0,208447444463725;30395,6966788649
"Mu_N2nm[5, 1]";0,999945174336012;-1,04519845456201;-0,945050372584072;0,894280017239383;-1,2866776831167;-0,166242865160109;-0,695729250117353;6092,21223356952
"Mu_N2nm[5, 2]";1,00003318141168;-0,382700246936938;0,264211629173518;1,02227717380479;0,11502639973207;-1,09055717977945;-1,9255384765656;30157,2398213546
"Mu_N2nm[6, 1]";1,00002773145189;-2,17394592071678;-0,96992939974644;-0,972892556725057;-1,39932234021695;-1,00516154029817;0,789820949036392;27493,498136033
"Mu_N2nm[6, 2]";1,00005911569036;0,403777618866691;2,65281837643753;-0,300398736124149;1,42652563006666;0,568771133806683;0,388863369583714;5630,34818228742
"Mu_N2nm[7, 1]";0,99999901702274;1,11763862790613;-0,574950227524972;0,332833057071386;0,772970674072369;0,266378509219823;-0,455193878738893;12703,6224982277
"Mu_N2nm[7, 2]";1,00004528981333;-0,345051642344461;0,123841157437216;0,30768505534634;-0,62495655088602;-1,67394505491271;0,565707062382461;30104,6306820394
"Mu_N2nm[8, 1]";1,00005995497368;-0,0774885092323324;-1,07317464731891;1,32889886494087;-0,454534328459273;1,05191607639379;0,074524308493722;18314,6735065962
"Mu_N2nm[8, 2]";0,99997852469855;1,36887103415425;0,244746320237618;-0,192977669034827;0,18534819659947;0,264034624471404;1,63949178629967;30422,0481153083
"Mu_N2nm[9, 1]";0,999993919866297;-1,87696533657673;0,505378286103122;0,393667278165654;1,59615629184488;3,52307502676173;0,0181316157563441;17539,7189160333
"Mu_N2nm[9, 2]";1,00001128875002;0,0961146950358882;-0,584541142315891;0,100331451235416;0,593460589346327;-0,356299636396042;0,0814068238920767;17086,6893494271
"Mu_N2nm[10, 1]";1,00000501156224;1,53039087615544;-0,317695885846725;0,67546771588528;-0,243740879126315;0,709888024315116;-0,0560753610384983;27691,4864992846
"Mu_N2nm[10, 2]";1,00004692480843;-0,968234456891983;1,40609492223677;0,725388006100324;-0,231402040562521;-0,0665708386547241;0,177387660805112;11556,1990784571
"Mu_N2nm[11, 1]";1,00011329848499;-0,0896943890890585;-0,941952843318795;0,390985129093717;-0,235896534584572;0,922154784207003;-1,1687356403347;30055,3953197416
"Mu_N2nm[11, 2]";1,00006791636272;-1,9178477310209;-0,143659266708728;-0,872388386412683;1,0162379849255;-0,0728185322861726;-1,76599365159843;16077,9218455385
"Mu_N2nm[12, 1]";1,00005391821865;0,722931242097942;-1,0930171289594;1,15354728081422;-0,484145408970912;0,601570055249722;-0,392416967486916;7124,50464673184
"Mu_N2nm[12, 2]";0,999969344711986;-1,70300619668955;-1,07861008431999;-0,9776816300179;1,1708767371442;0,0486564917452305;0,546313886029363;11984,9331015271
"Mu_N2nm[13, 1]";0,99995443323134;0,305063204787942;0,299397308446889;1,21946774635747;2,45472802255941;-0,278368925495888;-0,50110249096886;30251,1026422825
"Mu_N2nm[13, 2]";0,999990720720701;-0,671691042458118;2,2150066466204;0,221861013005259;0,0593929137613447;-0,42946244161821;1,54250859188781;30184,3602751539
"Mu_N2nm[14, 1]";1,00003689691581;-0,937201673323446;-1,04956022974639;0,295074297568513;0,313612419331177;-2,23999395747582;-0,185933454075659;30115,4258938535
"Mu_N2nm[14, 2]";1,00008093485241;0,449453701983992;0,519172048630742;0,75337868220922;-0,429339298351748;0,276712294732297;-0,413859156584858;30670,6225347715
"Mu_N2nm[15, 1]";0,999974617040095;0,1705943357959;-0,00629337567274477;-0,244193991912482;-0,761335057192641;-1,85379716333428;-0,466731677171263;30405,7672025344
"Mu_N2nm[15, 2]";1,0000350200439;-1,88572693182303;-0,100475635302219;-0,198613890501375;1,226804054045;-1,87190291648937;-0,470257463441423;17910,9454517511
"Mu_N2nm[16, 1]";1,00006739218539;-0,202976820275759;-1,40160827264749;0,625585663853325;0,549530963937687;1,37741694288134;0,355122736736672;30270,6339170555
"Mu_N2nm[16, 2]";1,00000117404297;-0,8757316267991;0,179085463961757;-0,977570435740844;0,942924547485192;0,80537643612412;1,67905945092902;13246,8335223105
"Mu_N2nm[17, 1]";1,00001060969805;2,07516119985534;0,98584671419223;-0,713340930035486;0,423081685600485;-0,770010680214672;1,23896680743311;30333,1938707284
"Mu_N2nm[17, 2]";1,00005272354185;-1,42080637185932;0,148096699935441;-1,63695783151956;0,0791246739449063;-0,156795873518552;-0,335676770280183;30304,4822055541
"Mu_N2nm[18, 1]";1,00010329092526;-1,13098705282866;-1,17944420640168;-0,199135951305593;-0,303165772945198;-0,48096719647602;-1,14467047885399;30355,7980502068
"Mu_N2nm[18, 2]";1,0000513936892;-2,94285868763251;0,249717694153934;-0,0598542651402486;1,30018196113435;0,497257266783552;1,14239601374219;30681,9430990925
"Mu_N2nm[19, 1]";0,99993180179238;-0,378806005118202;0,951447771895992;0,331176655820261;1,21608125786952;0,470179675370499;0,573337457760149;9733,77847408209
"Mu_N2nm[19, 2]";0,999997136330414;0,673308005039227;0,93749972937427;-0,17432155467598;-0,536733435502167;-1,24023977142425;1,00616499311055;11479,7194041046
"Mu_N2nm[20, 1]";1,00001424733143;-0,165250983654143;-0,801667510534887;0,701910095472002;-1,21199968801661;1,11135274104283;-0,260729720004641;29805,8473180137
"Mu_N2nm[20, 2]";1,0000481669222;0,207258160731324;-0,849521828848903;0,32838325391448;1,43083796066832;0,213159753606335;-0,63411365187401;30118,1338440392
"Mu_N2nm[21, 1]";1,00001385349231;1,47675264423684;0,712884041549679;-0,518489698878906;0,386979206556132;-0,639411532201962;-0,298704359357736;30138,8861313998
"Mu_N2nm[21, 2]";1,00002067516299;0,568868104527534;-0,679927676679214;0,0224796410556407;-0,17057198436774;1,38346538580313;1,04862784940972;29197,4525263678
"Mu_N2nm[22, 1]";1,00010074059026;1,1610161871452;-0,129685239268022;-0,462348206529409;1,40286183156597;0,670544758789427;-1,36678533615013;21943,142234499
"Mu_N2nm[22, 2]";1,00008326814194;0,178183162418615;0,928761506196983;1,89972830679496;-1,38785495040317;1,35000187080285;-0,834276237090645;29227,7949725904
"Mu_N2nm[23, 1]";1,00038386291076;0,44546531753483;-0,365573473219163;0,705983830568222;0,853005706511003;-0,630570507071131;-0,975629209782433;12290,6572146298
"Mu_N2nm[23, 2]";1,00008766694289;0,00144907764486166;-0,680232570208071;0,262432495205064;-1,10423845388019;1,18988294932305;0,17247466254209;30377,9141429181
"Mu_N2nm[24, 1]";0,999976078480557;-1,47575192495048;-0,0635723205477631;0,0168132685361156;0,0640807822671182;-0,444022667125954;-0,0321912799883281;17636,2453144595
"Mu_N2nm[24, 2]";0,999948937769518;-0,944098302433805;0,0700559933134535;-0,309269628335532;2,11394978483189;-0,0961883020684958;1,21678663212633;30263,2762391458
"Mu_N3[1]";1,00006112402887;0,817385024203894;0,409733918619513;-0,834739231080827;-0,853611154110292;-0,970284718331551;-1,10390209419519;30275,4517896263
"Mu_N3[2]";1,00003339972862;0,908646614298921;0,538274819059336;-0,388721032225956;0,498400757747633;-0,0115874094116926;-0,972025566736658;27242,2480184731
"Mu_N3[3]";1,00003232031598;0,273145499552004;0,865271514965862;-0,176398813813047;-0,410707746924053;-0,229003806964559;-1,29857916564265;30154,6316295137
"Mu_N3[4]";0,999948417638747;-0,724863338537382;-0,0550075051540875;0,337454395982618;0,422054362607185;-0,0462167733995555;-0,235184557359463;30523,4429199592
"Mu_N3[5]";1,00007165983329;-0,731350617592379;-0,235604204646545;0,0525325935963143;1,18975379763636;-0,134265471885968;-0,662022789303167;18612,1781749154
"Mu_N3[6]";0,999956610232098;-0,203502053320015;0,270869484806646;0,885641220063373;0,138459076315002;0,933025351500197;1,39265730303559;30089,9441471436
"Mu_N3[7]";1,00004221008927;-0,945930579692669;0,168192149485118;-2,18439514073672;-0,201061373596964;-1,9356006474204;1,12464891329055;30088,9646108995
"Mu_N3[8]";1,00001552163474;0,707675070315381;-0,743031274858583;-0,219673203938104;0,382790891291128;-0,877105012332896;-0,755028965716416;30170,6777648569
"Mu_N3[9]";0,999978375450701;0,10388826779012;1,24721985583906;1,26503473127917;0,173175614555921;-0,768739769754376;-0,810284237363841;16782,080322884
"Mu_N3[10]";1,00005017284846;0,842423717700371;-0,341888635942164;-0,9366515802812;0,376779882087841;-1,06699583056576;0,871964397402359;24714,4194978425
"Mu_N3[11]";1,00000678153072;0,289542822449648;-1,08347759782187;1,23304097649657;-1,24918092511343;-2,07006657766588;0,330525829917329;30187,2627095342
"Mu_N3[12]";1,00005677333102;1,38503674146215;0,989081268941676;0,336037455805418;0,189606043112828;0,437171207793657;0,460512935267301;30319,7627832368
"Mu_N3[13]";1,00009353902765;1,67053922906585;0,318068813215567;-0,701740667771623;0,227119216978338;-1,60588273984208;2,04579946880168;5165,8720355509
"Mu_N3[14]";0,99994161932187;0,356396810761614;0,81789286682733;-1,33249730248006;0,254457566707154;-0,885445256081736;-0,0240734329624197;30591,5476557568
"Mu_N3[15]";1,00004694484008;0,202639340013304;-0,520134638672854;-0,831785235630889;0,189156871054477;0,691713727058716;0,173358307739526;30285,9114538466
"Mu_N3[16]";0,999975559222798;0,684339623370484;0,448365838179296;0,958223015570793;-1,41825327756059;-1,21039001333183;0,953519977412655;30130,072108356
"Mu_N3[17]";1,00017893304773;0,80050856087034;1,23794935857283;-0,413633070878776;1,41960586379144;-1,78722886517045;0,425643638161121;10763,2781610647
"Mu_N3[18]";1,00005467933472;0,0462377824024206;-0,474066721519197;0,704449493228079;0,442038265451867;-0,633279379978532;-0,335018676961277;26602,7565708138
"Mu_N3[19]";1,00002343991044;0,127375283959977;0,0292566112418609;-1,0390275847914;0,987337700070286;0,310278442707575;-0,0921893058424123;30067,6834860061
"Mu_N3[20]";0,999925408185326;0,416744954501786;0,151408032061294;0,515703889287501;-2,30292343004774;1,94039630911889;-0,948020649255996;6397,33325130383
"Mu_N3[21]";0,999986011693203;0,631096200972233;-1,65357236619915;0,54535974694572;-0,607991391751859;-2,70415940841485;0,097963206541558;9146,59660584402
"Mu_N3[22]";0,999968581157185;0,535530459143101;0,206946304124147;1,20653840051161;-0,716627089586166;-0,471884617192442;0,142430838910068;30195,1279886362
"Mu_N3[23]";1,00008409162429;0,18079552777359;0,513602602414408;0,495889797626279;1,80224487567609;-0,449505088592711;0,696951534262839;30525,5029245268
"Mu_N3[24]";1,00003847477236;-0,328579980855251;-0,200835321147241;1,52397980912827;-0,346478894135595;2,07892444831168;-0,087987817783011;30065,9604520777
"Mu_N4[1]";1,00001633401049;0,419909000796169;0,214374483209842;-2,35979608388058;-1,93030327081357;0,359629540378976;-0,0442512896235898;30114,3304385279
"Mu_N4[2]";1,00001070363247;-0,323202992159705;0,0839505212726181;1,33456456417947;0,331258085833673;0,70237596231891;1,65708749684094;9641,17348576752
"Mu_N4[3]";0,999987828169926;-0,149849027007597;0,459630958355994;2,05159181853049;1,34208423083496;0,270641438105556;-1,20888846363474;30070,5614292235
"Mu_N4[4]";1,00012747068922;1,77467984930087;0,996442372321924;0,124513143775178;0,607154944116884;0,854102645824617;0,0511056636268813;26046,9925627354
"Mu_N4[5]";0,999990388105681;-1,16642670977854;-0,791202995082018;1,26953210125054;-1,16545523033633;-0,610655854655592;-1,41142500746789;11609,7434064622
"Mu_N4[6]";1,00009708247191;-1,92569252015718;0,0454261372940843;-1,1042852346298;-0,76668299966286;-0,72731157995639;0,967677642487873;30029,8841409097
"Mu_N4[7]";0,999964318489836;1,08329819902744;-0,465377396154219;0,471855498621154;0,548994392732094;-0,430149998153664;-0,211717579388418;20855,5986576562
"Mu_N4[8]";1,00007524954303;0,628008171184764;-0,936433472042509;1,27338098538486;-0,397515052756771;1,30699553669482;0,839072369614293;30097,1483600145
"Mu_N4[9]";1,00000819180606;-1,71064957214787;0,268395136846572;0,423953323486913;1,93392976642014;3,22157310177515;0,057718521926578;17158,0236770204
"Mu_N4[10]";0,999992024808474;1,26460047725232;0,198842964860709;0,95501447630521;-0,322169246852087;0,668878957380645;0,0113934767944009;29985,3333132976
"Mu_N4[11]";1,00014627580256;-1,33334950463539;-0,94847683798318;-0,257799103412255;0,498209868438912;0,755654236959051;-2,33211926263162;17832,5709711785
"Mu_N4[12]";1,00008979002242;-0,340356887660355;-1,56589720857844;0,521641761375374;0,249937051255785;0,554627709447517;-0,00133858890620346;12531,6374801978
"Mu_N4[13]";0,999980901055913;-0,02657235864199;1,29910220752339;1,2547843616476;2,4170930032569;-0,448600173338224;0,14146704840345;30198,3201854691
"Mu_N4[14]";1,00003944180176;-0,65436754189598;-0,791124048675765;0,758848832694578;0,088808546717031;-2,07127921051483;-0,566776836585804;30257,6883936091
"Mu_N4[15]";1,00000734544635;-0,594510871593822;-0,0449581118232078;-0,314039714259328;-0,19202068024208;-2,4608967300693;-0,654751326669856;30375,2437197676
"Mu_N4[16]";1,00011529871447;-0,726428751876542;-1,141384032532;0,011376946387672;1,03419987427172;1,53905939107899;1,29950488253082;28642,9733220523
"Mu_N4[17]";1,0000119242594;1,07605137936813;1,01849897024226;-1,54914665098133;0,457525072523701;-0,818162578279207;1,11914000269932;30359,1564337987
"Mu_N4[18]";1,00005652073793;-1,97409767422653;-1,03027504633063;-0,189878431975946;0,244038762465288;-0,26578131981606;-0,653870440439517;30400,1333465274
"Mu_N4[19]";0,999944565150687;-0,0955636585865248;1,2274478746785;0,219850571446495;0,986796418462623;0,00897395778632495;0,950419899898235;5693,4370732957
"Mu_N4[20]";0,999988630089137;-0,0700524723972502;-1,25051015346634;0,923521888734186;-0,616852632274404;1,21305686064405;-0,599810593377738;30216,1930351789
"Mu_N4[21]";0,999990486083097;1,58735531381462;0,477897361312723;-0,480814525245215;0,318073426322905;-0,208218164986898;0,00931777184467939;30207,15123544
"Mu_N4[22]";1,00000881604822;1,26016669488393;0,608970114662712;1,00255664030658;0,263387130770838;1,67469263305847;-1,86758041523149;30100,6863235978
"Mu_N4[23]";1,00028815427591;0,355128340494796;-0,66026589153551;0,729630552565627;0,14412496653681;0,15340918012131;-0,734155113455231;15846,9843446624
"Mu_N4[24]";0,999965063199643;-2,17910507376957;-0,0023712814250714;-0,236153952767595;1,71616182910085;-0,504167373358838;0,908877584243774;28555,2659099138
"Mu_Sd_L1";1,00002947761941;0,176737001264638;-0,439473080385876;-0,159136348206827;0,320335240129821;-0,613586447552538;-1,33505991341476;6836,92818136562
"Mu_Sd_L1surv";1,00007688331773;-1,5417299073531;0,149984152972516;-0,0731981185693858;0,649225525058927;-0,433143187489551;0,502666417559794;30174,5114751547
"Mu_Sd_L2";0,999991592415777;-0,0419423988908035;2,17068423768132;-0,795263051911303;0,594719606463475;0,618064588367821;1,26702391983216;22901,8907586862
"Mu_Sd_L2m";0,999994837299588;0,209364923196816;1,42709749897961;-1,30071550414422;-1,1305166367992;-0,479871004082025;1,27264203418065;13007,0030366948
"Mu_Sd_L2nm";0,9999831473285;-0,0873888441073097;1,17597073878647;-0,84207998268469;-1,19230673004556;-0,734984970953407;1,15926880935566;17481,8007804722
"Sd_Alpha1";1,00004864097695;0,426410890634951;-0,169310065351408;-1,99808292333977;-0,184703469578546;-0,922427330315233;0,495608837384685;30119,3496944981
"Sd_Alpha2[1]";1,00016614504328;-1,29069689658514;0,228638201305898;1,36297116528939;0,677629891767767;-0,588106358537111;-0,72802864623948;29970,1193658431
"Sd_Alpha2[2]";1,00005691568982;-0,481973548729339;-0,562969015872147;-0,0995691934357373;0,582343768282883;-0,640387389836326;-0,0648194182522295;21106,5510483202
"Sd_L1[1]";0,999960470348934;0,943417971186724;-0,750015769441313;-1,58650134699622;2,23808647431453;0,367108260246487;-1,97200509727906;22929,6487694751
"Sd_L1[2]";1,00000228102969;0,188219369488919;-1,01074838128127;1,33933061046249;-1,00655344382781;0,788964502159393;0,0534257641007003;30888,4753105873
"Sd_L1[3]";1,00000330301229;0,392335088205739;0,214293704880053;0,22619979547189;-0,823943596539071;-0,329529461578956;1,72288935109152;30499,61252339
"Sd_L1[4]";1,00013728206877;0,704741310455763;-0,408413547050093;-0,698443335630383;-1,23692412967972;0,311128966010703;-0,400671227468935;11601,1732130055
"Sd_L1[5]";1,00001372767944;-0,204462492045421;0,013912465234581;-1,12134910169623;1,35661829332559;-1,11392749122129;0,414511070797748;30590,3605884699
"Sd_L1[6]";1,0000028226123;-1,74397750980678;0,280564692927064;0,654938351670811;-1,06811525608668;-0,323585717394043;1,29408626217878;7821,75339375881
"Sd_L1[7]";1,00053691642576;0,910292698980591;0,649791852033762;1,47287662334907;-1,59557030021124;-0,661215381431843;-0,0625397343556443;12001,563664989
"Sd_L1[8]";1,00012659921013;0,382809668440091;0,0646195933617279;-0,11942302943214;1,09513889981096;-2,1541655623189;-0,94045543792908;29805,667628973
"Sd_L1[9]";1,00010583822631;-1,29427869850129;0,322774317582335;0,350138104420451;0,067854024070661;0,924583167739365;-0,72977410857121;8926,29973123808
"Sd_L1[10]";0,999976479881796;-0,285439536002342;-0,16113868005523;0,496617941099555;-0,415498145046088;-1,09656023146384;1,67557086254844;8290,64271712841
"Sd_L1[11]";1,0000211525552;-1,05182091797786;-0,700426114218604;1,03152531663633;-1,44313840908537;0,40753613868759;0,0795164764607237;30146,7715464388
"Sd_L1[12]";1,00012476894639;-0,205052513654913;0,965220697923008;-0,44834375231256;1,10617243200039;-0,823956969802875;-0,271666800033999;30369,2301266988
"Sd_L1[13]";1,00004160834873;-0,637205003117423;-1,01456615208046;-0,509634425034662;-0,0517968955851178;-1,20068470622863;0,281199951236822;30293,9776206025
"Sd_L1[14]";1,00003652509686;0,51005623282627;0,138650767997985;-1,0793226391416;0,363539798433989;0,223044819310024;0,322226808549353;25119,4596321716
"Sd_L1[15]";1,00002183328543;-0,392816368906647;0,463281965413657;-0,0229125414570658;-0,577910297029391;-0,140068607461143;-1,4264370903832;30489,0842588011
"Sd_L1[16]";1,00002494529964;-2,11270606460487;1,39504946677595;2,21476785643389;-1,94502650530169;0,396605845921026;0,823890280800426;18859,7792888952
"Sd_L1[17]";0,999997477827075;-0,886439426620735;0,537956850046994;-1,48910221354769;1,85983461224756;0,546089290836445;0,594051265801337;20933,6379941284
"Sd_L1[18]";1,00001362084981;-1,95935878153572;-0,245712633831333;-1,94564650666598;-0,40780767185576;0,482198767199574;0,696755218160034;30211,6652726161
"Sd_L1[19]";1,00009566682324;0,0910829223843379;-1,27672367508036;0,226402567051654;2,54586496279406;0,0424727188926028;0,63920763142591;30405,2507574432
"Sd_L1[20]";1,00002209009857;0,769791397827887;0,838558056479423;0,646739831944842;1,00932356950829;1,52662539959443;-0,0558629987503617;30217,1375421066
"Sd_L1[21]";1,00006445173326;0,301925057038014;-1,0343423665406;0,185749625084276;0,708471704585336;-0,183056853290484;-0,778800041317676;30099,3961222449
"Sd_L1[22]";1,00015271902372;0,174959946905615;-0,22180997596975;0,124307982316715;1,1584134240167;0,675045202206692;0,22779255257422;29834,4096575042
"Sd_L1[23]";1,00005315502305;-1,65133087229706;0,0116674298329687;-0,566373509117254;1,37563161803643;-1,51755656167894;-0,652063426760144;19552,8167671225
"Sd_L1[24]";0,999967498639993;-0,179598667667668;-0,188102582136458;-1,28364549462214;-0,70393953433853;0,430258583289987;1,18614995398913;23022,9292726371
"Sd_L1surv[1]";0,999967359299802;0,757444184189721;-0,598105321322418;-1,51294334794633;2,32701476277324;0,28635260621556;-1,92442724407756;22599,8955824271
"Sd_L1surv[2]";0,999995039648334;0,012388210981978;-0,899089349990539;1,42456902120866;-0,946672062998753;0,757212933398699;0,050550631459788;30816,665060596
"Sd_L1surv[3]";1,00000253178715;0,28342548290936;0,257729450063877;0,259115067403374;-0,771331807843127;-0,401186377941883;1,76993324750253;30444,2845863421
"Sd_L1surv[4]";1,00015377859936;0,565173790205567;-0,281401925983696;-0,658598107487144;-1,17801970530269;0,227336319336581;-0,373266578261732;11577,1572760977
"Sd_L1surv[5]";1,00000554070347;-0,34618764847518;0,191812217062225;-1,07655812021195;1,41220873588618;-1,15281452412337;0,442138687332155;30576,8255315891
"Sd_L1surv[6]";0,999997232680474;-1,79262124878341;0,304034734604321;0,672270880278226;-1,0168399809521;-0,367048981530048;1,26609619836363;7088,01299002638
"Sd_L1surv[7]";1,00056205878303;0,601005844118148;0,804965230868213;1,54752791867033;-1,49854003031336;-0,724796475166905;-0,0397849279320957;12981,655327587
"Sd_L1surv[8]";1,00013317762144;0,271186970223079;0,1729418895234;-0,0680184477078878;1,18155232848787;-2,23418489496008;-0,954134702272739;29416,2919628746
"Sd_L1surv[9]";1,00011443827465;-1,39578955509214;0,454704039393417;0,404027367021131;0,133096592763795;0,858222161955119;-0,702476891604259;9191,15492951752
"Sd_L1surv[10]";0,999975265287506;-0,491593213125094;-0,0424304207632789;0,550548091688169;-0,350868989312035;-1,20798567930761;1,54893311750285;8533,63695069111
"Sd_L1surv[11]";1,00001860068584;-1,21675847191118;-0,578140071043242;1,04913881678035;-1,36631166264324;0,366408339568437;0,0829241318579318;30098,7287034652
"Sd_L1surv[12]";1,00012717423211;-0,303611026616873;1,02860144594598;-0,395384252183937;1,14237725195178;-0,889898061304767;-0,267304225225322;30413,0147388454
"Sd_L1surv[13]";1,00004477950429;-0,704885659345386;-0,925475077456482;-0,467577940121845;-0,00950840874173946;-1,32426604474656;0,266048574005024;30271,1492363792
"Sd_L1surv[14]";1,00003443937629;0,432851511778948;0,215018777230643;-0,658195383990653;0,376549407682592;0,20646311419979;0,333193642428775;26226,7714439301
"Sd_L1surv[15]";1,00002619649705;-0,45616876179558;0,51718562187206;0,00851086381831724;-0,542056932816113;-0,156081053610783;-1,41277476616318;30475,2025535175
"Sd_L1surv[16]";1,00001791199496;-2,22581322326539;1,48940001555138;2,30064356897817;-1,85393640582889;0,37481416797801;0,809467889441571;17559,7090337072
"Sd_L1surv[17]";0,99999925953898;-1,00181347649031;0,621782555098413;-1,45013432671745;1,86952339040029;0,534742375168513;0,594165197370689;19077,5049835629
"Sd_L1surv[18]";1,00001862842541;-2,01787886327893;-0,191044328286685;-1,87102390578833;-0,393781914252587;0,437724379795014;0,684367342413278;30208,6702219963
"Sd_L1surv[19]";1,0000994774531;0,0072095614136412;-1,23046843689533;0,266593842279853;2,58125433268542;-0,0059636588660801;0,623053152942925;30420,0796675509
"Sd_L1surv[20]";1,00002332085602;0,656015246817664;0,922756481070069;0,700318271619688;1,06348290660152;1,45133719662358;-0,0309417088067948;30239,5636286819
"Sd_L1surv[21]";1,00007048369095;0,155248710651471;-0,89678315255299;0,228711476137577;0,804522434300711;-0,213628112522519;-0,771212825391362;30094,1563678701
"Sd_L1surv[22]";1,00015828499618;0,0843281554652818;-0,176300475824435;0,120574165529416;1,18430458992513;0,629852284777674;0,225795389341093;29654,9307361067
"Sd_L1surv[23]";1,00005094769646;-1,71085859629305;0,0496832535906758;-0,545733206273365;1,40524226077381;-1,5405636394669;-0,638450665929143;20036,1873262335
"Sd_L1surv[24]";0,999969038601177;-0,275994308656696;-0,114501636772569;-1,25308198952223;-0,525677420443989;0,358251573137668;1,3086933700355;20392,0640814077
"Sd_L2[1]";0,999996947856485;-0,516253472134446;0,827430317669066;-0,0519325640260481;0,713448411017783;0,0470973963701045;1,10617409915226;28747,3392847342
"Sd_L2[2]";1,00006279795877;-0,100372263660417;0,610619399805451;-0,782744401847516;-2,11759014793584;-1,2605208571463;0,492047325084043;21057,4473017188
"Sd_L2[3]";1,00001253283779;-1,28746350101005;-0,337351394038352;-2,56854148411324;-0,377220626040804;-0,0343437101311455;-0,603719193230698;8565,83238012338
"Sd_L2[4]";1,00001067555802;1,86159940085393;0,159882127518081;0,51415698641854;1,43238647046904;-1,26836013367102;1,42473143988913;19712,1201824885
"Sd_L2[5]";1,00007883435302;-0,134784211622517;-0,646178032929121;-0,51520280320091;-0,846417926175135;-1,75492793466517;-0,145607007006975;8111,35772028091
"Sd_L2[6]";1,00002894663649;0,596900341998364;1,31982275347819;-0,447263657352553;-0,48768173776866;-0,223719109230534;0,378538556580808;30029,2644081097
"Sd_L2[7]";0,999968760975076;-0,155822696340881;-0,634469633959122;-1,94186568079674;-0,095376627768609;1,63676892721427;0,924566536021466;30713,7624034076
"Sd_L2[8]";1,00011996507766;-1,14230845462744;1,65267847683448;-0,124616507703856;0,221414612453817;-1,93596039754896;0,715386223158003;16706,8682948132
"Sd_L2[9]";1,0000559119512;0,201696458486121;0,44634975563708;0,429276741537767;-0,207820767732778;1,51174892930126;0,349041121428358;30379,9951128246
"Sd_L2[10]";0,999975973930633;0,69624008217202;0,135426587456922;0,619206306979062;-1,18959330945467;-0,713006665965805;1,49196083775276;29840,7804593332
"Sd_L2[11]";1,00001579396408;0,585316094343838;2,27963499996916;-1,28582958718097;-0,135677324081246;0,981583693890953;0,504146903204704;5216,53320137062
"Sd_L2[12]";1,00002406450712;-1,28442565189494;-0,263604212592681;-1,4647700592195;-0,0977656400255897;-0,200125944720701;-0,417554429868753;30088,1992341332
"Sd_L2[13]";1,0000061071239;2,55148491884586;-0,0907651041977076;-0,0473976300768731;0,890142387345181;0,975197814372487;-0,610541048562416;29949,8917079179
"Sd_L2[14]";0,999978436517088;-0,679208097311185;0,906715553080304;-0,188147119669849;-2,51361052888502;1,8657154016244;1,91511143312837;7665,98325687635
"Sd_L2[15]";1,00028822627005;-0,771906510568253;1,70331016980254;0,902214026371525;0,556594229137078;-0,0771667643891284;1,4804325456163;30172,8217746086
"Sd_L2[16]";1,00002303268848;1,46735987034062;-0,634832155138452;0,377808270099421;1,09396854252226;0,0185836401638299;0,274704391531609;28177,222875462
"Sd_L2[17]";1,0001972036269;0,950686076696862;-0,212551004065616;0,0920771512515733;-0,689940993546052;-0,526560438137597;-1,86271887977084;16287,1182030959
"Sd_L2[18]";1,00004586475235;1,21811869275328;0,0786471858109484;-0,175684576699682;1,31576352403564;1,3228087246681;1,80639529076766;29987,3443426984
"Sd_L2[19]";0,999996118774129;1,38227853038199;0,494982622280015;-1,26699398815167;0,0251422594227287;-0,386861613546024;-0,661584708890688;5358,79515404945
"Sd_L2[20]";1,00000038935783;-0,917645317597793;-0,499231234348588;-0,796095513921177;-0,426141637808716;0,899542220401332;0,397305139101959;30573,1460760966
"Sd_L2[21]";0,999946455934717;0,272852869438664;0,30044350459036;0,178760221217171;-0,573650185382171;-0,678744527722353;0,851700273467189;30186,6660270292
"Sd_L2[22]";0,999952558606247;0,256594379980468;0,772266858132116;-0,543031736855512;0,407851422460091;-1,45509312769302;0,721162787023369;30143,8318804504
"Sd_L2[23]";1,00006939602018;-1,40557018985514;0,272692998817876;-1,85684291761068;-0,501152300135161;0,47171959648117;0,298466340303456;30121,1612558229
"Sd_L2[24]";0,999982962224553;-2,26795476309827;1,63784476781595;0,20281612147231;-1,53465888625431;-0,232783459072945;-2,19614616887858;30406,5981382662
"Sd_L2m[1]";0,999981237482003;-0,590521821350565;0,523727296131785;0,356667398877388;0,792743305380322;-0,164069373333679;0,985557067282983;26596,2745686662
"Sd_L2m[2]";1,00005133362098;-0,0543200753194773;0,559979352327384;-0,683439925014686;-2,22275353440722;-1,26536747550775;0,430308260225314;16465,5493560686
"Sd_L2m[3]";0,999999866920007;-1,31313877791752;-0,379191187065672;-2,46378477066732;-0,508271576610293;-0,211082580164659;-0,599785633636441;8317,45568494485
"Sd_L2m[4]";0,999996168333151;1,71665486858918;0,0299818595709199;0,698805127020348;1,39754334225216;-1,27747140774346;1,36215433600475;19753,1041950336
"Sd_L2m[5]";1,00005376358075;-0,167253879807781;-0,708993976621863;-0,614666696430658;-0,946343236188674;-1,85150022156239;-0,0558664762460715;8311,57899915359
"Sd_L2m[6]";1,00003274814927;0,502652021476514;1,25445570586513;-0,304196032727273;-0,572828495800323;-0,317593851121417;0,343643997367753;30057,5710794327
"Sd_L2m[7]";0,999959481138119;-0,241989504745934;-0,673078219102779;-2,1055630382288;-0,334943680091958;1,59508175241349;0,905242088320403;30747,1181251755
"Sd_L2m[8]";1,00011480106667;-1,20074204009054;1,60925879632182;-0,0614543300352598;0,164595256887286;-2,00037560054187;0,682546187956113;17131,1609237237
"Sd_L2m[9]";1,00006161236571;0,106846588200072;0,47959080259142;0,568231204460742;-0,240600079707274;1,55311700334625;0,344789299302883;30382,4537958582
"Sd_L2m[10]";0,999981094971906;0,730110082150066;0,0178697750572644;0,636928006859898;-1,20204701533034;-0,835978769381878;1,52710123788231;28894,4652577117
"Sd_L2m[11]";1,00001424774155;0,58962628544468;2,24306739688063;-1,09783266821784;-0,304900211744458;0,876565595339713;0,583859143839542;5377,82662051412
"Sd_L2m[12]";1,00002443458194;-1,32063558730261;-0,16443909129594;-1,32605043742509;-0,252931041328895;-0,274173410119838;-0,522043057732031;30025,5795112901
"Sd_L2m[13]";0,999995521204968;2,58619815234308;-0,211143060606927;0,0392085808400882;0,79578691659862;0,904461341287915;-0,778286821282609;29708,3077336146
"Sd_L2m[14]";0,999982264741319;-0,761069442220856;0,817821453291536;-0,113276268407708;-2,55157161792029;1,83111706323781;1,89422283926657;7178,0548330184
"Sd_L2m[15]";1,00027988789643;-0,80801653684183;1,74514063945375;1,01956762218452;0,440731875929327;-0,0690317881545893;1,45641866395023;30176,4049661058
"Sd_L2m[16]";1,00003173045911;1,43949860057652;-0,73073891835248;0,581252203799431;0,939634305449174;-0,0599683787044902;0,215571845058757;29161,1791167568
"Sd_L2m[17]";1,00018075254409;0,884790609754796;-0,251195600404487;0,232059755425024;-0,78256367968679;-0,577383073058346;-1,90156542904371;18509,4592134235
"Sd_L2m[18]";1,00005026360041;1,26320617788941;0,02026704257122;-0,00925369364605066;1,20050634230029;1,30637214279348;1,74531167265814;29966,6252629106
"Sd_L2m[19]";0,999993921793436;1,34289820323265;0,412746577284989;-1,16276665534395;-0,0529683025938265;-0,414317161640169;-0,679151754733403;5830,36214873052
"Sd_L2m[20]";0,999999674701843;-0,973971446336392;-0,540102546773719;-0,728731114082138;-0,529961711585751;0,857886718246049;0,39502101408052;30580,426630823
"Sd_L2m[21]";0,999947992224359;0,235447164317734;0,252918664472145;0,260156860895763;-0,623017674478564;-0,757078257987593;0,777201479069044;30193,8480781651
"Sd_L2m[22]";0,999955981488208;0,151238914045057;0,651955229027214;-0,493270534288829;0,345780140619244;-1,63407545839779;0,737553317971769;30121,732194806
"Sd_L2m[23]";1,00006179972101;-1,46270151894053;0,282087570941407;-1,726492961959;-0,499469486040086;0,310870096346861;0,209611678471023;30093,649674479
"Sd_L2m[24]";0,999976603606994;-2,22547438015161;1,54123114892178;0,372456527765472;-1,69250245229055;-0,230324839283815;-2,2995856402111;30390,1296881298
"Sd_L2nm[1]";0,999992431426151;-0,597639345209717;0,649587449937907;0,386671616981776;0,478635051323026;-0,172958190071386;1,03870761134354;28158,1573220522
"Sd_L2nm[2]";1,00006247749864;-0,225852086690319;0,48325055279722;-0,507435124333876;-2,1705000152649;-1,41574441227548;0,376721920406154;15962,33697839
"Sd_L2nm[3]";1,00000182683279;-1,33524186982359;-0,46299677579281;-2,43392899208438;-0,543122588606001;-0,172084621117421;-0,640337176998657;9413,59987775046
"Sd_L2nm[4]";0,999988782690391;1,51653187407611;0,0162283090836083;0,763447951560692;1,23020021798513;-1,4734072857775;1,24638601307928;19235,3115123498
"Sd_L2nm[5]";1,0000506664616;-0,170354983617959;-0,855021927951219;-0,272627038449492;-0,835745495187669;-2,03652002833196;-0,16141823850718;8982,95885806412
"Sd_L2nm[6]";1,00003389822435;0,517206749498086;1,24753232699206;-0,155783744544543;-0,583928247791426;-0,283451141603279;0,295492641079598;30036,640719867
"Sd_L2nm[7]";0,999956837988142;-0,326895600993806;-0,804684580883836;-1,65727250817612;-0,298561525604655;1,39483713157923;0,958194296754421;30689,5789063795
"Sd_L2nm[8]";1,00011338494101;-1,17556724720956;1,59884288961682;0,0386511329008008;0,12710091768495;-2,0201646764514;0,688935692586549;17995,8408090658
"Sd_L2nm[9]";1,00007219834948;0,130581907678438;0,373333222960688;0,612981663842653;-0,332009281101966;1,35901034581506;0,324851899753625;30420,1526362753
"Sd_L2nm[10]";0,999972973395473;0,556733904192806;0,0259777431504959;0,782909850198416;-1,20408452783551;-0,836146591609376;1,37735756688197;28581,692347371
"Sd_L2nm[11]";1,0000122710613;0,489897598034809;2,17551671926347;-1,04637527531334;-0,296210130196399;0,78920576933028;0,569643359180203;5643,92594190277
"Sd_L2nm[12]";1,00002002960903;-1,33309468775686;-0,269491752642331;-1,29122919987768;-0,212374793109451;-0,292312965786146;-0,519698876364915;30045,8187416224
"Sd_L2nm[13]";0,999976601302262;2,46794851797902;-0,229671618624952;0,164968913491342;0,741695486927284;0,701482446999727;-0,773134834992045;27954,2479743446
"Sd_L2nm[14]";0,999984039067273;-0,77559596902175;0,82816445609048;-0,0310115070015885;-2,58604426431716;1,76999387862029;1,879225697132;6758,41654481667
"Sd_L2nm[15]";1,00025426483763;-0,950586379901414;1,71511245830686;1,07919534745077;0,513363114261198;-0,202889173559449;1,5063030682149;30195,2877201751
"Sd_L2nm[16]";1,00003518696575;1,35079300233656;-0,808313534983928;0,615303994906778;0,924133234600905;-0,119916567661113;0,221402645163452;29408,5283907254
"Sd_L2nm[17]";1,00017670956944;0,742489942805218;-0,35537284260379;0,242436684345769;-0,876438003571831;-0,666348696484894;-1,80346100528925;17448,1351297597
"Sd_L2nm[18]";1,00005203370059;1,08374710949586;-0,0244096472045739;0,109118688554426;1,19275120588424;1,32223447463207;1,7018536426182;30040,4662150922
"Sd_L2nm[19]";0,999991582885321;1,30295604625895;0,347082181529799;-1,13298758743056;-0,167235931935949;-0,519509810121316;-0,721812305213887;5958,33894946965
"Sd_L2nm[20]";0,999987349745567;-1,01739245082904;-0,589070851871436;-0,633155116639952;-0,540800458263304;0,879059131726794;0,339123257757171;30585,6580838163
"Sd_L2nm[21]";0,99995212855961;0,118966519295681;0,178462012878337;0,414360546812494;-0,709159790001953;-0,804566111375523;0,797737050197363;30206,1403181303
"Sd_L2nm[22]";0,999957151886597;0,156251452603566;0,676491044854372;-0,319099831649777;0,241319047090891;-1,57337304755266;0,741258799515265;30147,7903395968
"Sd_L2nm[23]";1,00007523495538;-1,5478872101617;0,221133294596016;-1,6381602087821;-0,63966481650174;0,377493420115542;0,296998764379494;30076,5775079808
"Sd_L2nm[24]";0,999979481724052;-2,28137866894348;1,46550792502411;0,510390960254077;-1,65030733444106;-0,340335090693751;-2,29472295863538;30469,7015704426
