"Parameter";"Mean";"SD";"Naive SE";"Time-series SE";"2.5%";"25%";"50%";"75%";"97.5%"
"Alpha1[1, 1]";-1,04995203066125;0,330335267462325;0,001907191555922;0,00189562867594576;-1,65208701940338;-1,27547255818122;-1,06711224517533;-0,843183860526161;-0,353028782537444
"Alpha1[2, 1]";-2,39075125375906;0,218606283097995;0,00126212396393171;0,00126968428596105;-2,79433484934953;-2,54133923414191;-2,39995118447325;-2,24891636073978;-1,9368918241706
"Alpha1[3, 1]";-2,42746974699582;0,177862203177307;0,00102688790883078;0,00102171613497883;-2,77658589739981;-2,54709921875008;-2,4261775297646;-2,30769698950785;-2,07924168166807
"Alpha1[4, 1]";-1,69423763877457;0,223796918800323;0,00129209211313175;0,00129176348084518;-2,12123002657947;-1,84695060847397;-1,69877943523716;-1,54730138547969;-1,24349993061457
"Alpha1[5, 1]";-1,80679744537646;0,282641368817482;0,00163183070370897;0,00163183831191698;-2,34373670288748;-1,99816148804697;-1,80999097666819;-1,6215747940294;-1,23423391059307
"Alpha1[6, 1]";-2,81772342605695;0,16767125506302;0,00096805044245997;0,000957473141017297;-3,14959295010427;-2,92941575449252;-2,81600488633178;-2,7033427624688;-2,49062846693182
"Alpha1[7, 1]";-0,797330288958016;0,246599112985434;0,00142374064264063;0,00143315566047032;-1,24461870970194;-0,966504125534589;-0,810073733165436;-0,642856525087095;-0,276339699651061
"Alpha1[8, 1]";-1,71713610179898;0,186607190044872;0,00107737711405126;0,0010699651499156;-2,06188514415802;-1,84535828267629;-1,72456658393264;-1,59553127470507;-1,33335619272194
"Alpha1[9, 1]";-2,09444910319384;0,180251736172761;0,00104068388401241;0,00106072552687024;-2,42853364715349;-2,21855277354017;-2,1018533320131;-1,97481830196325;-1,72389760741282
"Alpha1[10, 1]";-2,25085825576304;0,162332759961282;0,000937228626619411;0,000940515947089005;-2,55685082253008;-2,36251543174202;-2,25523193579739;-2,14376209840532;-1,91943005716434
"Alpha1[11, 1]";-2,25539206058755;0,185255364682652;0,00106957234668352;0,00107450625096807;-2,6089081333863;-2,38160637804378;-2,25855133574729;-2,13290091012627;-1,88291928679415
"Alpha1[12, 1]";-2,53975509581891;0,175181392276129;0,00101141023987637;0,00103759205398979;-2,87116253034484;-2,66001725958135;-2,54475031235448;-2,42529320119247;-2,18219959581623
"Alpha1[13, 1]";-3,19104415257839;0,186698229066683;0,00107790272808876;0,00108606057234271;-3,55076611435643;-3,3179240364438;-3,19330146670218;-3,06666821413066;-2,81727125538934
"Alpha1[14, 1]";-2,33465603164971;0,148448266200397;0,000857066464515326;0,000856016256394382;-2,61878642194695;-2,43507381071131;-2,33714117201937;-2,23705484537647;-2,03477033206563
"Alpha1[15, 1]";-2,78102485180291;0,169391512655423;0,000977982354300462;0,000978037746945479;-3,10893063492614;-2,89527379768682;-2,78254856511454;-2,66761907965322;-2,44414959242981
"Alpha1[16, 1]";-2,65298688442554;0,207354091911504;0,00119715940782677;0,00120464597141481;-3,05013642646713;-2,79395022610216;-2,65674977474993;-2,51575258625862;-2,23836459689811
"Alpha1[17, 1]";-1,72431160451887;0,190112923123539;0,00109761747341802;0,00109472543110251;-2,08572888136106;-1,85343480230397;-1,72694438418269;-1,59952689926314;-1,3411835426302
"Alpha1[18, 1]";-1,66907474387097;0,259916249066351;0,00150062716365215;0,00145503115163195;-2,15202497834503;-1,84651895125898;-1,67919031697403;-1,50222357162347;-1,12803506568453
"Alpha1[19, 1]";-2,41028396596052;0,157167341237061;0,00090740606771035;0,000907437507446436;-2,70989022595414;-2,51775042397319;-2,41282113009256;-2,30565568541032;-2,0956465638934
"Alpha1[20, 1]";-1,6426966918638;0,199574915346842;0,00115224631098996;0,00114000910010379;-2,01775405532253;-1,77991455260348;-1,64917326840702;-1,51316845295647;-1,23723824966046
"Alpha1[21, 1]";-1,69648317859958;0,190400390605417;0,00109927716769847;0,00110477516883811;-2,05199544937051;-1,82703033736812;-1,70266360094329;-1,57180177330867;-1,30624817383001
"Alpha1[22, 1]";-2,24604715122786;0,256943913297545;0,00148346637508973;0,00148616403615888;-2,73616940317784;-2,42224452065044;-2,25167409030695;-2,07765256813717;-1,72729427437299
"Alpha1[23, 1]";-2,63652112541955;0,307535710202028;0,00177555825070564;0,00176115736912588;-3,28284210361306;-2,83341923276074;-2,62193248764569;-2,42738239744009;-2,06854065630049
"Alpha1[24, 1]";-1,3445600999171;0,311220953861348;0,00179683501489302;0,00177190288863778;-1,95598927226567;-1,55017763335955;-1,34525208316037;-1,13812111901789;-0,735142075563861
"Alpha1[1, 2]";-1,39636983736016;0,29188554858864;0,00168520200050213;0,0017085821814413;-1,93418528593744;-1,59793773320355;-1,40971419299023;-1,20996730980437;-0,791918343786931
"Alpha1[2, 2]";-2,4452732094322;0,185498903599757;0,001070978419277;0,0010709843868388;-2,79452340463878;-2,57262939374057;-2,44982542487057;-2,32418289538188;-2,06460153884031
"Alpha1[3, 2]";-2,4435257001507;0,222488968456718;0,00128454065830208;0,00128915944824942;-2,88861990793205;-2,59126868078075;-2,43911068371134;-2,29266936957208;-2,00966288565175
"Alpha1[4, 2]";-1,7279937348027;0,299537091995801;0,00172937820696053;0,00173781339158145;-2,28889797779141;-1,93189496982228;-1,7364617717353;-1,53329481267347;-1,11715921211824
"Alpha1[5, 2]";-1,85539415032111;0,237594846365314;0,00137175448507082;0,00139145477822827;-2,31480816844824;-2,01491795292949;-1,85998662284006;-1,6992869890084;-1,37991230333347
"Alpha1[6, 2]";-2,26497870459303;0,182176634238923;0,00105179728817902;0,0010520223273919;-2,62526284385372;-2,38705639914142;-2,26403361385818;-2,14111431633694;-1,90745709043334
"Alpha1[7, 2]";-1,35171369926293;0,309814346365626;0,00178871396273002;0,00178869954612207;-1,91006699450072;-1,56736725825381;-1,36498249298074;-1,15401889357186;-0,69558819426072
"Alpha1[8, 2]";-1,87551212621185;0,18252866217124;0,00105382972239388;0,00104871917267205;-2,21935259395406;-2,00030967957018;-1,88022370671938;-1,75759403781032;-1,50090840446437
"Alpha1[9, 2]";-2,42249089884901;0,155919215150945;0,000900200008392335;0,000892236688202642;-2,71916695365557;-2,52768297203165;-2,42535616348455;-2,3198109450106;-2,1095346652245
"Alpha1[10, 2]";-1,89859284519478;0,198120131591247;0,00114384711306091;0,00114379880915342;-2,26429842008119;-2,0355868930481;-1,90675356952548;-1,77205624420188;-1,48849368052871
"Alpha1[11, 2]";-1,97807318809288;0,216531714128179;0,00125014643439995;0,00124945407322767;-2,3861601139692;-2,12583605663862;-1,98542812308786;-1,83699739524924;-1,53525261634622
"Alpha1[12, 2]";-2,58093893671413;0,223029709535034;0,00128766262837336;0,00128815969236384;-3,00950678304801;-2,73236249410436;-2,58286214298167;-2,4324475746138;-2,13168707094468
"Alpha1[13, 2]";-2,91441569497321;0,239639151722582;0,00138355728755406;0,00138912470373825;-3,37043862484333;-3,07757850268206;-2,91834827683894;-2,75435058210393;-2,43335027197022
"Alpha1[14, 2]";-2,03122754271986;0,21277506698223;0,00122845742199031;0,00122563317055892;-2,43168082641538;-2,17407592976735;-2,03835513486656;-1,89329634517999;-1,59149301231897
"Alpha1[15, 2]";-2,00829456806047;0,219697376366186;0,00126842339385272;0,00124654084722546;-2,4112814900718;-2,15900378035429;-2,01716416732523;-1,86753013171229;-1,55082174067115
"Alpha1[16, 2]";-2,33833566625846;0,241725378750857;0,00139560212491772;0,00139054688856699;-2,80301944739744;-2,50173819518632;-2,34207806874058;-2,18013812841074;-1,84758833588852
"Alpha1[17, 2]";-2,0859520882281;0,206727881930617;0,00119354398281643;0,00119357009406701;-2,48958634266138;-2,22497017786929;-2,08635433666698;-1,94775371862926;-1,67580966601517
"Alpha1[18, 2]";-1,87333020045156;0,249571700387734;0,00144090288400971;0,00143950935732806;-2,338235932379;-2,04303149805451;-1,88129030765326;-1,71175124421031;-1,3567907269109
"Alpha1[19, 2]";-2,24643983697679;0,193890617782454;0,00111942800370042;0,00110760945883174;-2,61500349082905;-2,37815070382723;-2,25206497942372;-2,11911535298287;-1,85256291692225
"Alpha1[20, 2]";-1,70572117362664;0,214218867459534;0,00123679320793259;0,00124023308122071;-2,11233268198813;-1,85222397631794;-1,71103215790469;-1,56547028771827;-1,2701060994853
"Alpha1[21, 2]";-1,66324714487876;0,204431229654383;0,00118028425471724;0,00117344087761939;-2,03898655264449;-1,80523900272704;-1,67071011535278;-1,53136714739175;-1,241157235933
"Alpha1[22, 2]";-2,6157750836566;0,213645770199155;0,00123348442935707;0,00123574617209502;-3,03332185528084;-2,75945483368825;-2,61608504247273;-2,47205172408051;-2,19406051761491
"Alpha1[23, 2]";-2,21276973070688;0,241835346749235;0,00139623702545237;0,00140134440787477;-2,70348947706932;-2,37104845186752;-2,20718951434405;-2,05068776552034;-1,75161289361838
"Alpha1[24, 2]";-2,31873096804;0,261349136539025;0,00150889994333283;0,00150896395454567;-2,88156251509617;-2,48054953303543;-2,30106595420043;-2,13687524794468;-1,85486148705289
"Alpha2[1, 1]";1,34185767334939;0,273826063467698;0,00158093551454211;0,00158304015036893;0,813027313465541;1,1575320214103;1,33884749684922;1,52287164789675;1,89092245350676
"Alpha2[2, 1]";0,297860091083515;0,22577680282318;0,00130352297886736;0,0013069013756898;-0,15820906013231;0,148986059568329;0,300769368065159;0,451739696264972;0,728759228173592
"Alpha2[3, 1]";0,653153271618655;0,246520824939084;0,00142328864639429;0,00140669800644747;0,160502710826384;0,489721429157168;0,654393871907539;0,816343334664323;1,13613956605861
"Alpha2[4, 1]";0,965927144153242;0,26861935966928;0,00155087459614604;0,00154517333220701;0,448667261351845;0,783673090513933;0,962296639312836;1,14391715156205;1,50374779394037
"Alpha2[5, 1]";1,22049623646474;0,303454757958774;0,00175199686194371;0,00174021823369662;0,636970864165597;1,01551462721772;1,21583252706539;1,4222382401444;1,8305215676267
"Alpha2[6, 1]";1,11981633285061;0,224720342846611;0,00129742350434876;0,00129226518144777;0,684263863425768;0,966647816442109;1,11904695791976;1,26864304434628;1,56514897290747
"Alpha2[7, 1]";0,355626599726436;0,199316447029297;0,00115075404346285;0,00115255659471221;-0,0447655196647012;0,223867395122021;0,357048287689517;0,490996786803118;0,743631972514048
"Alpha2[8, 1]";0,932165850919631;0,160172037616658;0,000924753690346283;0,000910406286039845;0,61583750112735;0,82423951978702;0,934284802317294;1,03918045526532;1,24636574799863
"Alpha2[9, 1]";0,15835507016496;0,207232125205036;0,00119645523271866;0,00120337541798452;-0,254606269835913;0,0215046512629161;0,15997717380834;0,298045143998645;0,562922378234514
"Alpha2[10, 1]";0,902173488023565;0,18303933535749;0,00105677809540937;0,00105893864547148;0,543571032381554;0,778598909926636;0,901497682261237;1,02589635705127;1,26132596723202
"Alpha2[11, 1]";0,950390815230384;0,23690568649326;0,00136777561869437;0,00135803601542005;0,499408120305515;0,789792368865642;0,945475357586412;1,10481435205073;1,430245702646
"Alpha2[12, 1]";0,533037062194788;0,209214881522122;0,00120790268165273;0,00120463360760206;0,118877898907635;0,39292979209477;0,534209797216142;0,673959965106294;0,941928815262046
"Alpha2[13, 1]";0,706204157305402;0,229679280131189;0,00132605394211022;0,00132606130217338;0,251721750364283;0,550934240093257;0,706610594967449;0,860116939166367;1,15679805693293
"Alpha2[14, 1]";0,404069295506065;0,170637485723132;0,00098517598316091;0,000981096899049574;0,0613943650333365;0,291788615926466;0,406104934403532;0,520027494873995;0,734180520747041
"Alpha2[15, 1]";0,274328851295188;0,23451505058008;0,00135397327581428;0,00139839202416322;-0,192670339735729;0,118154076052239;0,276729110098958;0,433881096806661;0,727170515846875
"Alpha2[16, 1]";0,749561416379563;0,238141182161161;0,00137490875625882;0,00137484283946631;0,282532865249953;0,590174310958779;0,750210840593889;0,909321941197741;1,2177294023579
"Alpha2[17, 1]";1,1082928407788;0,184524855198345;0,00106535474820941;0,00107621544288182;0,747816411027148;0,984028355105956;1,10887823833339;1,23161815525614;1,4760319143009
"Alpha2[18, 1]";0,893703186078102;0,185267048501286;0,00106963980324185;0,0010729450511205;0,527712874309097;0,768602786742272;0,894570614189086;1,01896791874112;1,25274862089197
"Alpha2[19, 1]";1,3361102288993;0,193752906419711;0,00111863292677692;0,0011183998047751;0,960327027404926;1,20346870174461;1,33454232060134;1,46546831609856;1,72159191705272
"Alpha2[20, 1]";0,824867603817083;0,175459740652288;0,00101301728497541;0,00100697852426188;0,470603688458918;0,708384117965702;0,828015171614491;0,943450839812968;1,16259520072275
"Alpha2[21, 1]";0,897794254715428;0,207047148097457;0,00119538726689011;0,00119919626330313;0,491466070946005;0,759913342765208;0,899204969719706;1,03656265632117;1,30172907736498
"Alpha2[22, 1]";1,20984138912259;0,278664759520358;0,00160887173922741;0,00161521213021574;0,680959657792488;1,02067119740106;1,20289597965136;1,39105839060994;1,77481554977762
"Alpha2[23, 1]";0,949429395494986;0,361466389918885;0,0020869271752267;0,00210249185459958;0,25239843068868;0,708258500194587;0,945346041954041;1,18516163486253;1,66735560016218
"Alpha2[24, 1]";1,55549611322699;0,327433456396028;0,00189043794191937;0,00189051774631803;0,931035414155863;1,33357917351941;1,54964165807666;1,77064510611481;2,21412212059052
"Alpha2[1, 2]";3,31904733992447;0,531958888155031;0,00307126607274121;0,0031450571381684;2,38663192881016;2,9474371659244;3,27931546358719;3,64707610043526;4,48066681545621
"Alpha2[2, 2]";3,11844481187855;0,529815994550123;0,00305889407074483;0,00303924027468408;2,18569445742534;2,75148529862432;3,07709856588525;3,44654747784615;4,26622710787766
"Alpha2[3, 2]";2,50298925447645;0,539790837334726;0,00311648385241297;0,00305292095161029;1,4787854536989;2,14001538888444;2,49022044885274;2,8512806558403;3,60383385877837
"Alpha2[4, 2]";2,61806664972065;0,613116399200091;0,00353982918122746;0,00348921289125533;1,44913659531146;2,20998939483664;2,60433107682034;3,00685130537193;3,87524311859391
"Alpha2[5, 2]";3,43590044609379;0,59944997873699;0,00346092606589517;0,00351099665243165;2,42353601338038;3,0184618904805;3,38232328296063;3,79058538965681;4,77534129038713
"Alpha2[6, 2]";3,13690874275726;0,468509713266313;0,0027049420907226;0,0027050413766552;2,30872673089115;2,81250804897166;3,10562660765308;3,42859229818429;4,15248488308404
"Alpha2[7, 2]";2,49650834191747;0,54163119483053;0,00312710916136905;0,00304000833402204;1,46643488125317;2,13382138378327;2,48762233126221;2,84845596391695;3,60006453952601
"Alpha2[8, 2]";3,13165830820565;0,421627929914164;0,00243426998833807;0,00245467068846208;2,38155707014562;2,83874097846835;3,10448015969609;3,39423012708548;4,03432666233021
"Alpha2[9, 2]";2,48592535564085;0,432112246325721;0,00249480121736289;0,00247689088767911;1,67958891655653;2,18510537117885;2,47093301885471;2,76544987175221;3,37711784987843
"Alpha2[10, 2]";3,2462005978823;0,429455712682829;0,00247946371322454;0,00246528744648428;2,48521541602403;2,94704361694696;3,21588507330091;3,51185387680975;4,17187549628078
"Alpha2[11, 2]";2,07583758438497;0,417435948856136;0,00241006757441517;0,00242035338326091;1,31434478495163;1,78294804827511;2,06076478052705;2,34885163271152;2,92891609995663
"Alpha2[12, 2]";1,59037068491594;0,37000047985465;0,00213619876644373;0,002154083421259;0,891568678440034;1,33343813142337;1,58295040210654;1,83483718003249;2,34290472894362
"Alpha2[13, 2]";2,82289926132038;0,487269484545538;0,00281325168070257;0,00283765763572677;1,94021907260991;2,48418208591738;2,79650538235964;3,12678709221324;3,85769870358055
"Alpha2[14, 2]";2,0759272246512;0,339892070342543;0,00196236778307686;0,00196290530753385;1,43609156173713;1,8407986261548;2,06753625345853;2,30036548652842;2,76072378854082
"Alpha2[15, 2]";2,4958371337263;0,375173880179423;0,00216606740714506;0,00214965190421309;1,79240881354575;2,23948275085423;2,48338765171202;2,73863100260371;3,26752857806746
"Alpha2[16, 2]";2,2130298824968;0,377820509806935;0,00218134773042396;0,00214709699754988;1,48737733036495;1,95967408004966;2,20278572204115;2,46473137017835;2,97144418971133
"Alpha2[17, 2]";2,73946916674823;0,395024020126157;0,00228067224356205;0,00227268336508613;2,00494950763026;2,47008719894821;2,72379695342659;2,99294971089168;3,56215385184631
"Alpha2[18, 2]";3,14757188923834;0,366701187436187;0,00211715029278438;0,00212715489549471;2,48043335667041;2,89320009362786;3,12774111056265;3,37990932213656;3,91227407873644
"Alpha2[19, 2]";3,14510587637968;0,381635838421553;0,00220337554045092;0,00220336186534638;2,45182105002722;2,88003542366245;3,12565273803138;3,38946456689713;3,95609806334589
"Alpha2[20, 2]";3,11248443054551;0,400244124037241;0,00231081052754467;0,00232747265652215;2,38864270499813;2,83532908855849;3,08945456359765;3,36655741573979;3,97190395006364
"Alpha2[21, 2]";3,36984516406257;0,441317814562801;0,0025479495903601;0,00255683596813783;2,58184144178532;3,06276266804567;3,34254488994273;3,64390854147047;4,31750290504379
"Alpha2[22, 2]";2,36470821433974;0,429123218921683;0,00247754405959952;0,00248475470826779;1,566074685343;2,06698397451423;2,35142420281232;2,64832043854431;3,24166721402321
"Alpha2[23, 2]";2,30432878857654;0,518181770876268;0,0029917238490457;0,00295147819582545;1,33675731415544;1,94813667844001;2,29342322397354;2,63917052823614;3,37103683408857
"Alpha2[24, 2]";2,96386276956096;0,537103618410042;0,0031009691867176;0,00307172098411613;2,00615391445036;2,59645239184523;2,9313030296746;3,28645279690114;4,1339932309823
"Beta1";2,1936307310385;0,278439241124442;0,00160756970816152;0,00160764109112522;1,65314655153788;2,0066074613073;2,19106725246306;2,37909992939166;2,74996503114668
"Beta2";2,09013649001679;0,230230688314406;0,00132923749874035;0,00134576398373346;1,64542352827524;1,93381174867417;2,08821116587012;2,24401471276324;2,54996516086782
"Gamma1[1, 1]";0,478806083402688;0,0674710892846751;0,000389544515610244;0,000383716817603401;0,348738270230958;0,432312258415075;0,477972531710892;0,525056366654572;0,610418266528332
"Gamma1[2, 1]";0,46407477990793;0,0706170965763521;0,000407707997177467;0,000413250004185978;0,327021335398177;0,415387634183929;0,464255521699646;0,512822845937997;0,601078531869133
"Gamma1[3, 1]";0,618228723333758;0,0411185108453706;0,000237397833052513;0,000236563058711166;0,536252121535901;0,5906019770991;0,618802843386039;0,646430122769414;0,696674774252621
"Gamma1[4, 1]";0,65854618729741;0,0585055624592247;0,000337782022349238;0,000335393704717876;0,538279622117989;0,619659833268423;0,660540567772397;0,699142293383723;0,767440278784483
"Gamma1[5, 1]";0,458764866406652;0,0689895482031003;0,000398311342263306;0,000399507195262513;0,325489295216877;0,411116606111908;0,457747154084921;0,506228927377668;0,593937590638141
"Gamma1[6, 1]";0,614403934469735;0,0347918182978997;0,00020087065659889;0,000200862344013122;0,545263079748331;0,591213268805335;0,614754439761383;0,638072543644747;0,68198615736433
"Gamma1[7, 1]";0,608373982604343;0,0657155741694879;0,000379409044367046;0,000376978008600301;0,476003517758231;0,564056543530941;0,610531704043757;0,654353123964472;0,732674729718605
"Gamma1[8, 1]";0,498082399544665;0,0602187598880609;0,000347673172316374;0,000347600182086795;0,380622886246686;0,457067843472376;0,498288881134518;0,539333461632631;0,61451903432423
"Gamma1[9, 1]";0,456986565348618;0,0550140362102876;0,000317623686152173;0,000315130555252714;0,350607831702255;0,419442390611822;0,456988543812705;0,494599864188609;0,5652499755126
"Gamma1[10, 1]";0,574985240579746;0,0603215083373243;0,000348266390764784;0,000347667759150881;0,454319676201334;0,534596070296656;0,576033706133658;0,616754521066756;0,689990723201899
"Gamma1[11, 1]";0,583730485647352;0,0617605474807353;0,000356574687133012;0,000353795771514542;0,459719628397835;0,542184246004734;0,584734155270717;0,626285315202286;0,700331343689157
"Gamma1[12, 1]";0,593515056358777;0,0658109098588174;0,000379959465226024;0,000380915611038738;0,459023144613697;0,549444749289638;0,595354984043114;0,639143674571773;0,716957889765028
"Gamma1[13, 1]";0,610028394600769;0,0662959777495637;0,000382760005999;0,000382781517849825;0,474603953576268;0,565767954102117;0,611731783570905;0,656309936723955;0,733732868710081
"Gamma1[14, 1]";0,638766041938616;0,0546984569165599;0,00031580168825033;0,0003160157380985;0,52704099496992;0,6025368844554;0,640598595830534;0,676871325933224;0,740804851703394
"Gamma1[15, 1]";0,651544437697949;0,0579529635996118;0,000334591591345724;0,00032870710027341;0,531893066459804;0,612584969193127;0,653766520622071;0,692409022918667;0,75923830066864
"Gamma1[16, 1]";0,596111856726174;0,0657599906482217;0,000379665483026581;0,000376114919255257;0,463354736487449;0,551816270667287;0,597537869957748;0,642373283962133;0,719358637331344
"Gamma1[17, 1]";0,540951252899625;0,0458314875357913;0,000264608216661501;0,000264596604889812;0,450205993262172;0,509979925947547;0,541236813103592;0,572117742500006;0,629659011214804
"Gamma1[18, 1]";0,524423658119622;0,0721475205172411;0,000416543903919932;0,000411948142272194;0,382424004507282;0,476303443609461;0,525014626371854;0,573780599326691;0,663986548748103
"Gamma1[19, 1]";0,593459120964843;0,0549620922338116;0,000317323787464162;0,000324947142379707;0,482361676483213;0,556579051898636;0,594401995359816;0,631363274680282;0,697756082275072
"Gamma1[20, 1]";0,536716836468808;0,0580287767939913;0,000335029299027556;0,000335028188686991;0,422720795675276;0,497636297785726;0,537378234694151;0,576967712726351;0,648761466358177
"Gamma1[21, 1]";0,540414035308356;0,0620844813579333;0,000358444920245011;0,000359645501263628;0,416398511054047;0,498267198183132;0,540949946512223;0,583288788332654;0,659587883405742
"Gamma1[22, 1]";0,414972928233456;0,0678896151417005;0,000391960875772409;0,00039522260152574;0,284842257330213;0,367702890638827;0,414075358766048;0,461142644685803;0,54991912464758
"Gamma1[23, 1]";0,525760451152149;0,0445614663637838;0,00025727574600615;0,000256302466766925;0,437230299123732;0,495945464500417;0,526002647548441;0,555515779795147;0,61316158412804
"Gamma1[24, 1]";0,326302842884956;0,0435778764367038;0,000251596986914432;0,000253006424877156;0,243448142277176;0,296165200049218;0,325699162729825;0,354981845020195;0,414100788562103
"Gamma1[1, 2]";0,521193916597312;0,0674710892846751;0,000389544515610244;0,000383716817603401;0,389581733471668;0,474943633345428;0,522027468289108;0,567687741584925;0,651261729769042
"Gamma1[2, 2]";0,53592522009207;0,0706170965763521;0,000407707997177467;0,000413250004185978;0,398921468130867;0,487177154062003;0,535744478300354;0,584612365816071;0,672978664601823
"Gamma1[3, 2]";0,381771276666242;0,0411185108453706;0,000237397833052513;0,000236563058711166;0,303325225747379;0,353569877230586;0,381197156613961;0,4093980229009;0,463747878464099
"Gamma1[4, 2]";0,34145381270259;0,0585055624592247;0,000337782022349238;0,000335393704717876;0,232559721215517;0,300857706616277;0,339459432227603;0,380340166731577;0,461720377882011
"Gamma1[5, 2]";0,541235133593348;0,0689895482031003;0,000398311342263306;0,000399507195262513;0,406062409361859;0,493771072622332;0,542252845915079;0,588883393888092;0,674510704783122
"Gamma1[6, 2]";0,385596065530265;0,0347918182978997;0,00020087065659889;0,000200862344013122;0,31801384263567;0,361927456355253;0,385245560238617;0,408786731194665;0,454736920251669
"Gamma1[7, 2]";0,391626017395657;0,0657155741694879;0,000379409044367046;0,000376978008600301;0,267325270281395;0,345646876035528;0,389468295956243;0,435943456469059;0,523996482241769
"Gamma1[8, 2]";0,501917600455335;0,0602187598880609;0,000347673172316374;0,000347600182086795;0,38548096567577;0,460666538367369;0,501711118865482;0,542932156527624;0,619377113753314
"Gamma1[9, 2]";0,543013434651382;0,0550140362102876;0,000317623686152173;0,000315130555252714;0,4347500244874;0,505400135811391;0,543011456187295;0,580557609388178;0,649392168297745
"Gamma1[10, 2]";0,425014759420254;0,0603215083373243;0,000348266390764784;0,000347667759150881;0,310009276798101;0,383245478933244;0,423966293866342;0,465403929703344;0,545680323798666
"Gamma1[11, 2]";0,416269514352648;0,0617605474807353;0,000356574687133012;0,000353795771514542;0,299668656310843;0,373714684797714;0,415265844729283;0,457815753995266;0,540280371602165
"Gamma1[12, 2]";0,406484943641223;0,0658109098588174;0,000379959465226024;0,000380915611038738;0,283042110234972;0,360856325428227;0,404645015956886;0,450555250710362;0,540976855386303
"Gamma1[13, 2]";0,389971605399231;0,0662959777495637;0,000382760005999;0,000382781517849825;0,266267131289919;0,343690063276045;0,388268216429095;0,434232045897883;0,525396046423732
"Gamma1[14, 2]";0,361233958061384;0,0546984569165599;0,00031580168825033;0,0003160157380985;0,259195148296606;0,323128674066776;0,359401404169466;0,3974631155446;0,47295900503008
"Gamma1[15, 2]";0,348455562302051;0,0579529635996118;0,000334591591345724;0,00032870710027341;0,24076169933136;0,307590977081332;0,346233479377929;0,387415030806873;0,468106933540196
"Gamma1[16, 2]";0,403888143273826;0,0657599906482217;0,000379665483026581;0,000376114919255257;0,280641362668656;0,357626716037867;0,402462130042252;0,448183729332713;0,536645263512551
"Gamma1[17, 2]";0,459048747100375;0,0458314875357913;0,000264608216661501;0,000264596604889812;0,370340988785196;0,427882257499994;0,458763186896408;0,490020074052452;0,549794006737828
"Gamma1[18, 2]";0,475576341880378;0,0721475205172411;0,000416543903919932;0,000411948142272194;0,336013451251897;0,426219400673309;0,474985373628146;0,523696556390539;0,617575995492718
"Gamma1[19, 2]";0,406540879035157;0,0549620922338116;0,000317323787464162;0,000324947142379707;0,302243917724928;0,368636725319718;0,405598004640184;0,443420948101364;0,517638323516787
"Gamma1[20, 2]";0,463283163531192;0,0580287767939913;0,000335029299027556;0,000335028188686991;0,351238533641823;0,423032287273649;0,462621765305849;0,502363702214274;0,577279204324724
"Gamma1[21, 2]";0,459585964691644;0,0620844813579333;0,000358444920245011;0,000359645501263628;0,340412116594258;0,416711211667346;0,459050053487777;0,501732801816868;0,583601488945953
"Gamma1[22, 2]";0,585027071766544;0,0678896151417005;0,000391960875772409;0,00039522260152574;0,45008087535242;0,538857355314197;0,585924641233952;0,632297109361173;0,715157742669786
"Gamma1[23, 2]";0,474239548847851;0,0445614663637838;0,00025727574600615;0,000256302466766925;0,38683841587196;0,444484220204853;0,473997352451559;0,504054535499583;0,562769700876268
"Gamma1[24, 2]";0,673697157115044;0,0435778764367038;0,000251596986914432;0,000253006424877156;0,585899211437897;0,645018154979805;0,674300837270175;0,703834799950782;0,756551857722824
"Gamma1_F[1]";0,478806083402688;0,0674710892846751;0,000389544515610244;0,000383716817603401;0,348738270230958;0,432312258415075;0,477972531710892;0,525056366654572;0,610418266528332
"Gamma1_F[2]";0,46407477990793;0,0706170965763521;0,000407707997177467;0,000413250004185978;0,327021335398177;0,415387634183929;0,464255521699646;0,512822845937997;0,601078531869133
"Gamma1_F[3]";0,618228723333758;0,0411185108453706;0,000237397833052513;0,000236563058711166;0,536252121535901;0,5906019770991;0,618802843386039;0,646430122769414;0,696674774252621
"Gamma1_F[4]";0,65854618729741;0,0585055624592247;0,000337782022349238;0,000335393704717876;0,538279622117989;0,619659833268423;0,660540567772397;0,699142293383723;0,767440278784483
"Gamma1_F[5]";0,458764866406652;0,0689895482031003;0,000398311342263306;0,000399507195262513;0,325489295216877;0,411116606111908;0,457747154084921;0,506228927377668;0,593937590638141
"Gamma1_F[6]";0,614403934469735;0,0347918182978997;0,00020087065659889;0,000200862344013122;0,545263079748331;0,591213268805335;0,614754439761383;0,638072543644747;0,68198615736433
"Gamma1_F[7]";0,608373982604343;0,0657155741694879;0,000379409044367046;0,000376978008600301;0,476003517758231;0,564056543530941;0,610531704043757;0,654353123964472;0,732674729718605
"Gamma1_F[8]";0,498082399544665;0,0602187598880609;0,000347673172316374;0,000347600182086795;0,380622886246686;0,457067843472376;0,498288881134518;0,539333461632631;0,61451903432423
"Gamma1_F[9]";0,456986565348618;0,0550140362102876;0,000317623686152173;0,000315130555252714;0,350607831702255;0,419442390611822;0,456988543812705;0,494599864188609;0,5652499755126
"Gamma1_F[10]";0,574985240579746;0,0603215083373243;0,000348266390764784;0,000347667759150881;0,454319676201334;0,534596070296656;0,576033706133658;0,616754521066756;0,689990723201899
"Gamma1_F[11]";0,583730485647352;0,0617605474807353;0,000356574687133012;0,000353795771514542;0,459719628397835;0,542184246004734;0,584734155270717;0,626285315202286;0,700331343689157
"Gamma1_F[12]";0,593515056358777;0,0658109098588174;0,000379959465226024;0,000380915611038738;0,459023144613697;0,549444749289638;0,595354984043114;0,639143674571773;0,716957889765028
"Gamma1_F[13]";0,610028394600769;0,0662959777495637;0,000382760005999;0,000382781517849825;0,474603953576268;0,565767954102117;0,611731783570905;0,656309936723955;0,733732868710081
"Gamma1_F[14]";0,638766041938616;0,0546984569165599;0,00031580168825033;0,0003160157380985;0,52704099496992;0,6025368844554;0,640598595830534;0,676871325933224;0,740804851703394
"Gamma1_F[15]";0,651544437697949;0,0579529635996118;0,000334591591345724;0,00032870710027341;0,531893066459804;0,612584969193127;0,653766520622071;0,692409022918667;0,75923830066864
"Gamma1_F[16]";0,596111856726174;0,0657599906482217;0,000379665483026581;0,000376114919255257;0,463354736487449;0,551816270667287;0,597537869957748;0,642373283962133;0,719358637331344
"Gamma1_F[17]";0,540951252899625;0,0458314875357913;0,000264608216661501;0,000264596604889812;0,450205993262172;0,509979925947547;0,541236813103592;0,572117742500006;0,629659011214804
"Gamma1_F[18]";0,524423658119622;0,0721475205172411;0,000416543903919932;0,000411948142272194;0,382424004507282;0,476303443609461;0,525014626371854;0,573780599326691;0,663986548748103
"Gamma1_F[19]";0,593459120964843;0,0549620922338116;0,000317323787464162;0,000324947142379707;0,482361676483213;0,556579051898636;0,594401995359816;0,631363274680282;0,697756082275072
"Gamma1_F[20]";0,536716836468808;0,0580287767939913;0,000335029299027556;0,000335028188686991;0,422720795675276;0,497636297785726;0,537378234694151;0,576967712726351;0,648761466358177
"Gamma1_F[21]";0,540414035308356;0,0620844813579333;0,000358444920245011;0,000359645501263628;0,416398511054047;0,498267198183132;0,540949946512223;0,583288788332654;0,659587883405742
"Gamma1_F[22]";0,414972928233456;0,0678896151417005;0,000391960875772409;0,00039522260152574;0,284842257330213;0,367702890638827;0,414075358766048;0,461142644685803;0,54991912464758
"Gamma1_F[23]";0,525760451152149;0,0445614663637838;0,00025727574600615;0,000256302466766925;0,437230299123732;0,495945464500417;0,526002647548441;0,555515779795147;0,61316158412804
"Gamma1_F[24]";0,326302842884956;0,0435778764367038;0,000251596986914432;0,000253006424877156;0,243448142277176;0,296165200049218;0,325699162729825;0,354981845020195;0,414100788562103
"Gamma3[1, 1]";0,502589153410155;0,0646085323257;0,000373017535301895;0,000376219199275392;0,375043467290944;0,458709444462576;0,502928688819406;0,54642942271952;0,6282012229198
"Gamma3[2, 1]";0,380809029465822;0,0501179565431539;0,000289356157014239;0,000286942408227607;0,285295635288376;0,346234204023686;0,379958744168746;0,414528406324147;0,480984142730723
"Gamma3[3, 1]";0,558845113560747;0,0629370128613535;0,000363367013174934;0,000356504920864934;0,434213357923841;0,516198871774353;0,559522417872714;0,602452612619004;0,679700117955106
"Gamma3[4, 1]";0,624323270985333;0,0622590362728425;0,000359452713516123;0,000360937611937914;0,498964661521547;0,582717897934528;0,625700727956964;0,667361005722241;0,742080529781935
"Gamma3[5, 1]";0,41838026687836;0,0761208517061372;0,000439483942234819;0,000435176159261329;0,275054595917112;0,365466806096399;0,416541764556416;0,469529464422687;0,571962919816804
"Gamma3[6, 1]";0,443045020597796;0,0585299439192219;0,000337922788774164;0,000332357965408949;0,330860024267057;0,402336144896837;0,442330585095307;0,482650000579324;0,559406971177095
"Gamma3[7, 1]";0,615937066443842;0,059607386129322;0,00034414340427454;0,00034854055659138;0,494663451414746;0,576285991384719;0,617546660090665;0,657498341985522;0,72736679729432
"Gamma3[8, 1]";0,475961832506639;0,0404946626434562;0,000233796043779425;0,000232123141900657;0,396077204496462;0,448670111589486;0,476050524525756;0,503415222498386;0,55468561829527
"Gamma3[9, 1]";0,42819899741466;0,0441642860841048;0,000254982624592256;0,00025686985108277;0,342777237042168;0,398268616883573;0,428069001066372;0,457799549372445;0,514794379047762
"Gamma3[10, 1]";0,44700981040883;0,0374391448875868;0,000216155003790776;0,000215787378319918;0,374387668508285;0,421383222503033;0,446762497780837;0,472230259932874;0,520659297528643
"Gamma3[11, 1]";0,479613298594359;0,0483993701171696;0,000279433893657562;0,000279413510322655;0,384941187437814;0,446821797390937;0,479468354663813;0,512441880253321;0,574584732969976
"Gamma3[12, 1]";0,533334536164335;0,0517839493358091;0,000298974770887313;0,000298982148984541;0,43107215638417;0,498140437856333;0,53356085841446;0,568442529974629;0,633762505873183
"Gamma3[13, 1]";0,450730149325324;0,0569325846442861;0,000328700430700397;0,000326435311827759;0,341616446230138;0,41153920842176;0,450171093118975;0,489615209988993;0,562636479899765
"Gamma3[14, 1]";0,488680788598448;0,0529114851092616;0,000305484601710551;0,000307305449919354;0,385799140638069;0,452376914130201;0,488738913461693;0,524338855370586;0,59284270287668
"Gamma3[15, 1]";0,33196401177865;0,0490409904044936;0,000283138290113603;0,000276733541475986;0,240327597280503;0,298000907997443;0,330892961454853;0,364700510176828;0,430422057078343
"Gamma3[16, 1]";0,450332969815333;0,060656579923014;0,000350200927466742;0,000352500238790427;0,333164913689259;0,408818184171235;0,449898906748595;0,491626754120587;0,569616819513334
"Gamma3[17, 1]";0,545823495822851;0,057110802672619;0,000329729372966722;0,00032648439742922;0,432023302410397;0,50720208162094;0,546269074786952;0,584443709559473;0,656389141426126
"Gamma3[18, 1]";0,461294336539145;0,05035549998045;0,00029072761468891;0,000288531723167404;0,363934188304083;0,426690305271934;0,461021193881574;0,495051852944528;0,561246958634214
"Gamma3[19, 1]";0,498334862116729;0,0425511395577238;0,000245669118779772;0,000244609152827621;0,415316870701913;0,469402817038295;0,498445669582384;0,52714689329774;0,582277304343879
"Gamma3[20, 1]";0,45150791419656;0,0546791321395068;0,000315690116597994;0,000316043282482528;0,345763965519735;0,414054071053222;0,451135831973032;0,488662058805979;0,559902922106038
"Gamma3[21, 1]";0,449724698635003;0,0499316869031549;0,000288280728746286;0,000282332247521637;0,353596982217832;0,415416156235644;0,449369781498303;0,483655988939092;0,548706224600003
"Gamma3[22, 1]";0,450779882626762;0,0696335086497952;0,000402029249635774;0,000406365047703476;0,317696413354183;0,402523423182923;0,450347910288881;0,49802663567537;0,589452910686005
"Gamma3[23, 1]";0,370462734453189;0,0978653180168402;0,00056502567701351;0,000562018439428185;0,192193246297913;0,300327170183897;0,366506114909805;0,435324819516838;0,572434889934283
"Gamma3[24, 1]";0,482706686093759;0,107308605023425;0,000619546519966374;0,000617184363512257;0,27880264401932;0,406815802683559;0,481145926681631;0,556511868487108;0,693211053432671
"Gamma3[1, 2]";0,497410846589845;0,0646085323257;0,000373017535301895;0,000376219199275392;0,3717987770802;0,45357057728048;0,497071311180594;0,541290555537424;0,624956532709056
"Gamma3[2, 2]";0,619190970534178;0,0501179565431539;0,000289356157014239;0,000286942408227607;0,519015857269277;0,585471593675853;0,620041255831254;0,653765795976314;0,714704364711624
"Gamma3[3, 2]";0,441154886439253;0,0629370128613535;0,000363367013174934;0,000356504920864934;0,320299882044894;0,397547387380996;0,440477582127286;0,483801128225647;0,565786642076159
"Gamma3[4, 2]";0,375676729014667;0,0622590362728425;0,000359452713516123;0,000360937611937914;0,257919470218065;0,332638994277759;0,374299272043036;0,417282102065472;0,501035338478453
"Gamma3[5, 2]";0,58161973312164;0,0761208517061372;0,000439483942234819;0,000435176159261329;0,428037080183195;0,530470535577313;0,583458235443584;0,634533193903601;0,724945404082888
"Gamma3[6, 2]";0,556954979402204;0,0585299439192219;0,000337922788774164;0,000332357965408949;0,440593028822905;0,517349999420676;0,557669414904693;0,597663855103163;0,669139975732943
"Gamma3[7, 2]";0,384062933556158;0,059607386129322;0,00034414340427454;0,00034854055659138;0,27263320270568;0,342501658014478;0,382453339909335;0,423714008615281;0,505336548585254
"Gamma3[8, 2]";0,524038167493361;0,0404946626434562;0,000233796043779425;0,000232123141900657;0,44531438170473;0,496584777501614;0,523949475474244;0,551329888410514;0,603922795503538
"Gamma3[9, 2]";0,57180100258534;0,0441642860841048;0,000254982624592256;0,00025686985108277;0,485205620952238;0,542200450627555;0,571930998933629;0,601731383116427;0,657222762957832
"Gamma3[10, 2]";0,55299018959117;0,0374391448875868;0,000216155003790776;0,000215787378319918;0,479340702471357;0,527769740067126;0,553237502219163;0,578616777496967;0,625612331491715
"Gamma3[11, 2]";0,520386701405641;0,0483993701171696;0,000279433893657562;0,000279413510322655;0,425415267030024;0,487558119746679;0,520531645336187;0,553178202609063;0,615058812562186
"Gamma3[12, 2]";0,466665463835665;0,051783949335809;0,000298974770887313;0,000298982148984541;0,366237494126817;0,431557470025371;0,466439141585541;0,501859562143667;0,56892784361583
"Gamma3[13, 2]";0,549269850674676;0,0569325846442861;0,000328700430700397;0,000326435311827759;0,437363520100235;0,510384790011007;0,549828906881025;0,58846079157824;0,658383553769862
"Gamma3[14, 2]";0,511319211401552;0,0529114851092616;0,000305484601710551;0,000307305449919354;0,40715729712332;0,475661144629414;0,511261086538307;0,547623085869799;0,614200859361931
"Gamma3[15, 2]";0,66803598822135;0,0490409904044936;0,000283138290113603;0,000276733541475986;0,569577942921657;0,635299489823172;0,669107038545147;0,701999092002558;0,759672402719497
"Gamma3[16, 2]";0,549667030184667;0,060656579923014;0,000350200927466742;0,000352500238790427;0,430383180486666;0,508373245879413;0,550101093251405;0,591181815828765;0,666835086310741
"Gamma3[17, 2]";0,454176504177149;0,057110802672619;0,000329729372966722;0,00032648439742922;0,343610858573874;0,415556290440527;0,453730925213048;0,49279791837906;0,567976697589602
"Gamma3[18, 2]";0,538705663460855;0,05035549998045;0,00029072761468891;0,000288531723167404;0,438753041365786;0,504948147055472;0,538978806118426;0,573309694728066;0,636065811695917
"Gamma3[19, 2]";0,501665137883271;0,0425511395577238;0,000245669118779772;0,000244609152827621;0,417722695656121;0,47285310670226;0,501554330417616;0,530597182961705;0,584683129298087
"Gamma3[20, 2]";0,54849208580344;0,0546791321395068;0,000315690116597994;0,000316043282482528;0,440097077893962;0,511337941194021;0,548864168026968;0,585945928946778;0,654236034480265
"Gamma3[21, 2]";0,550275301364997;0,0499316869031549;0,000288280728746286;0,000282332247521637;0,451293775399997;0,516344011060908;0,550630218501698;0,584583843764356;0,646403017782168
"Gamma3[22, 2]";0,549220117373238;0,0696335086497952;0,000402029249635774;0,000406365047703476;0,410547089313995;0,501973364324629;0,549652089711119;0,597476576817077;0,682303586645817
"Gamma3[23, 2]";0,629537265546812;0,0978653180168402;0,00056502567701351;0,000562018439428185;0,427565110065717;0,564675180483162;0,633493885090195;0,699672829816103;0,807806753702087
"Gamma3[24, 2]";0,517293313906241;0,107308605023425;0,000619546519966374;0,000617184363512257;0,306788946567329;0,443488131512892;0,518854073318369;0,593184197316441;0,72119735598068
"Gamma4[1, 1]";0,858464589179585;0,0651979334921099;0,00037642044452277;0,000377184467745301;0,706394585820528;0,819871633942094;0,867657484071429;0,906504383991348;0,958429413900434
"Gamma4[2, 1]";0,889497174555357;0,0530362674951862;0,000306205033151587;0,000305187934349796;0,765726964078728;0,859548580868114;0,897737881988497;0,928322503708067;0,968325896307737
"Gamma4[3, 1]";0,869157289224698;0,0652287674890643;0,000376598464687188;0,000382415995599211;0,711226347484341;0,834060573356188;0,881262670956814;0,916682084361395;0,961001055057638
"Gamma4[4, 1]";0,872551759176688;0,0766086890384695;0,000442300472386247;0,000442282260673088;0,677768831146421;0,836417382940666;0,889686805696841;0,927300564846044;0,970282613421704
"Gamma4[5, 1]";0,837630807560953;0,0829242919828298;0,000478763622986459;0,000482386795475408;0,644313731166316;0,789370752485174;0,850452860151222;0,898740528797279;0,962204825814104
"Gamma4[6, 1]";0,835013801761594;0,0678214281008081;0,000391567197708264;0,000387602091795283;0,680664494563958;0,794144793173465;0,843610039757014;0,884631680584782;0,942210338273126
"Gamma4[7, 1]";0,913790007201002;0,0453567018229444;0,000261867040070305;0,000263047891819522;0,800002106696958;0,891490843860392;0,923083909188753;0,946355990394823;0,974949747100763
"Gamma4[8, 1]";0,877538419761276;0,0473027263345081;0,000273102417826315;0,000272091076945816;0,769594273836722;0,849584775456796;0,883038824773789;0,911928971385527;0,953235296219881
"Gamma4[9, 1]";0,863599349873119;0,0536790615205647;0,000309916206187445;0,000308562695431368;0,739494531034821;0,831757835937223;0,870927307701033;0,902863876712666;0,946541779642547
"Gamma4[10, 1]";0,878440781352735;0,0465662041618361;0,000268850105079752;0,000270740674777955;0,774372607550946;0,850287630604914;0,883965541104465;0,912094772141269;0,953432454245771
"Gamma4[11, 1]";0,71745096270399;0,0980103327538024;0,000565862919987726;0,000571001868749099;0,503598905881351;0,654953351099014;0,727124741562146;0,789991749546269;0,879857054172576
"Gamma4[12, 1]";0,748472896657443;0,0690575861151747;0,000398704159331819;0,000400189384552738;0,602335004932296;0,704040317908839;0,753008048504387;0,798171792529535;0,870175040530665
"Gamma4[13, 1]";0,846835837066841;0,0655026121854333;0,000378179507778836;0,000379944866111236;0,695607255714111;0,808191843263831;0,855866779328898;0,894762047370853;0,948145605798825
"Gamma4[14, 1]";0,81940115223499;0,0535419029431304;0,000309124320771411;0,00031173721472881;0,700561140802722;0,785867659530588;0,824743224506618;0,858343115014038;0,908493325555868
"Gamma4[15, 1]";0,794452008744517;0,0654859412244697;0,000378083257940836;0,000383350430427845;0,650350118825515;0,753701083737332;0,800788900010151;0,841692254025251;0,903901844628973
"Gamma4[16, 1]";0,757499312824831;0,0735248239138811;0,000424495768787991;0,000423891887940087;0,598379656700272;0,710888986312042;0,763900288548415;0,811084174464044;0,881674341706922
"Gamma4[17, 1]";0,844009803836392;0,0534057983211165;0,000308338520369835;0,000308351042975284;0,724764862331467;0,811761931873071;0,849659484568613;0,882549742259055;0,930922625898732
"Gamma4[18, 1]";0,875024083832009;0,0391529753196305;0,000226049808403634;0,000225832290078085;0,788798112036243;0,850894498795286;0,878881108311201;0,903201601110234;0,940990604172165
"Gamma4[19, 1]";0,8440901694203;0,0509975291724798;0,00029443437195737;0,000293029201953378;0,731062068016959;0,81254603027006;0,848913323536852;0,880733568430371;0,92951870522647
"Gamma4[20, 1]";0,874221585709775;0,0451322617450714;0,000260571234676536;0,000260597868744279;0,772225290751011;0,847116766770711;0,878912450847234;0,906668862220214;0,948349072298687
"Gamma4[21, 1]";0,891352013432018;0,0415871454404069;0,00024010349614847;0,000241090177167316;0,79737577624604;0,866152977618456;0,896188390711815;0,921665724751262;0,958794249725731
"Gamma4[22, 1]";0,70141205374556;0,104059203843423;0,000600786093506587;0,000598316974124305;0,476127282841976;0,63405875278213;0,710528330773465;0,77849415038005;0,875201102043949
"Gamma4[23, 1]";0,659589103472974;0,139482428132209;0,000805302174293533;0,000799340997485178;0,358892657627367;0,567258895631768;0,673232610484061;0,764597406183307;0,889065670270756
"Gamma4[24, 1]";0,764229342614866;0,111325679099457;0,000642739107957896;0,00064274007277764;0,508252370389555;0,698042675509654;0,780589094910222;0,846816281522879;0,933973135704706
"Gamma4[1, 2]";0,141535410820415;0,0651979334921099;0,00037642044452277;0,000377184467745301;0,0415705860995663;0,0934956160086516;0,132342515928571;0,180128366057906;0,293605414179471
"Gamma4[2, 2]";0,110502825444643;0,0530362674951862;0,000306205033151587;0,000305187934349796;0,0316741036922627;0,0716774962919327;0,102262118011503;0,140451419131885;0,234273035921272
"Gamma4[3, 2]";0,130842710775302;0,0652287674890643;0,000376598464687188;0,000382415995599211;0,0389989449423618;0,0833179156386045;0,118737329043186;0,165939426643812;0,288773652515659
"Gamma4[4, 2]";0,127448240823312;0,0766086890384695;0,000442300472386247;0,000442282260673088;0,0297173865782964;0,0726994351539558;0,110313194303159;0,163582617059334;0,322231168853579
"Gamma4[5, 2]";0,162369192439047;0,0829242919828298;0,000478763622986459;0,000482386795475408;0,0377951741858961;0,101259471202721;0,149547139848778;0,210629247514827;0,355686268833684
"Gamma4[6, 2]";0,164986198238406;0,0678214281008081;0,000391567197708264;0,000387602091795283;0,0577896617268743;0,115368319415217;0,156389960242986;0,205855206826535;0,319335505436042
"Gamma4[7, 2]";0,0862099927989984;0,0453567018229444;0,000261867040070305;0,000263047891819522;0,0250502528992375;0,0536440096051769;0,0769160908112465;0,108509156139608;0,199997893303042
"Gamma4[8, 2]";0,122461580238724;0,0473027263345081;0,000273102417826315;0,000272091076945816;0,0467647037801188;0,0880710286144726;0,116961175226211;0,150415224543204;0,230405726163278
"Gamma4[9, 2]";0,136400650126881;0,0536790615205647;0,000309916206187445;0,000308562695431368;0,0534582203574527;0,0971361232873336;0,129072692298967;0,168242164062777;0,260505468965179
"Gamma4[10, 2]";0,121559218647265;0,0465662041618361;0,000268850105079752;0,000270740674777955;0,046567545754229;0,0879052278587312;0,116034458895535;0,149712369395086;0,225627392449054
"Gamma4[11, 2]";0,28254903729601;0,0980103327538024;0,000565862919987726;0,000571001868749099;0,120142945827424;0,210008250453731;0,272875258437854;0,345046648900986;0,496401094118649
"Gamma4[12, 2]";0,251527103342558;0,0690575861151747;0,000398704159331819;0,000400189384552738;0,129824959469336;0,201828207470465;0,246991951495613;0,295959682091161;0,397664995067704
"Gamma4[13, 2]";0,153164162933159;0,0655026121854333;0,000378179507778836;0,000379944866111236;0,0518543942011746;0,105237952629147;0,144133220671102;0,191808156736169;0,304392744285889
"Gamma4[14, 2]";0,18059884776501;0,0535419029431304;0,000309124320771411;0,00031173721472881;0,0915066744441323;0,141656884985962;0,175256775493382;0,214132340469412;0,299438859197278
"Gamma4[15, 2]";0,205547991255483;0,0654859412244697;0,000378083257940836;0,000383350430427845;0,0960981553710269;0,158307745974749;0,199211099989849;0,246298916262668;0,349649881174485
"Gamma4[16, 2]";0,242500687175169;0,0735248239138811;0,000424495768787991;0,000423891887940087;0,118325658293077;0,188915825535956;0,236099711451585;0,289111013687958;0,401620343299728
"Gamma4[17, 2]";0,155990196163608;0,0534057983211165;0,000308338520369835;0,000308351042975284;0,0690773741012679;0,117450257740945;0,150340515431387;0,188238068126929;0,275235137668533
"Gamma4[18, 2]";0,124975916167991;0,0391529753196305;0,000226049808403634;0,000225832290078085;0,0590093958278348;0,0967983988897665;0,121118891688799;0,149105501204714;0,211201887963757
"Gamma4[19, 2]";0,1559098305797;0,0509975291724798;0,00029443437195737;0,000293029201953378;0,0704812947735299;0,119266431569629;0,151086676463147;0,18745396972994;0,268937931983041
"Gamma4[20, 2]";0,125778414290225;0,0451322617450714;0,000260571234676536;0,000260597868744279;0,0516509277013127;0,0933311377797857;0,121087549152766;0,152883233229289;0,227774709248989
"Gamma4[21, 2]";0,108647986567982;0,0415871454404069;0,00024010349614847;0,000241090177167316;0,0412057502742686;0,0783342752487377;0,103811609288185;0,133847022381544;0,20262422375396
"Gamma4[22, 2]";0,29858794625444;0,104059203843423;0,000600786093506587;0,000598316974124305;0,124798897956051;0,22150584961995;0,289471669226535;0,36594124721787;0,523872717158024
"Gamma4[23, 2]";0,340410896527026;0,139482428132209;0,000805302174293533;0,000799340997485179;0,110934329729243;0,235402593816693;0,326767389515939;0,432741104368232;0,641107342372632
"Gamma4[24, 2]";0,235770657385134;0,111325679099457;0,000642739107957896;0,00064274007277764;0,0660268642952944;0,153183718477121;0,219410905089778;0,301957324490345;0,491747629610445
"Mu_Alpha1[1]";-2,09051550078855;0,143526488527202;0,00082865056787022;0,000825871018818523;-2,37462659841843;-2,18363631543094;-2,09108594500203;-1,99820983693382;-1,80347063873565
"Mu_Alpha1[2]";-2,09345820065023;0,11117167655402;0,000641849973847257;0,000636579461896117;-2,31164754968477;-2,16663345189117;-2,09456048007365;-2,02169246305747;-1,86914942425385
"Mu_Alpha2[1]";0,848367191791345;0,110401799894672;0,000637405088882078;0,0006340986017121;0,632065352530607;0,775420734114372;0,847586398101712;0,920032215923606;1,06937456573801
"Mu_Alpha2[2]";2,74646077526443;0,192942659973347;0,00111395496673774;0,00110994031100834;2,38017763562893;2,61673911234975;2,74064562321367;2,8700251763407;3,14317901483118
"Mu_L1[1]";1,11989125411785;0,0225168943530118;0,000130001350160257;0,000130204848574449;1,07541181407058;1,10489435828358;1,12025315742373;1,13493297214118;1,16380212801351
"Mu_L1[2]";1,09104815781434;0,0240358927125002;0,000138771291277749;0,000138776488863345;1,04298763548001;1,075166617269;1,09133438551459;1,10735170747205;1,13753113265918
"Mu_L1[3]";1,07339564002119;0,0221899212396754;0,000128113570010232;0,000127576207504824;1,02921358910895;1,05861616036442;1,07360249522923;1,0884151217096;1,11634425949622
"Mu_L1[4]";1,08972994519947;0,0215942667698576;0,000124674557325299;0,00012402789913904;1,04705166268485;1,07549533720238;1,08993517971901;1,10437031647035;1,13148848647825
"Mu_L1[5]";1,06099280340544;0,0228445963496832;0,000131893338520179;0,000133964030485653;1,01596259130723;1,04583841972842;1,06115538179484;1,07647231653791;1,10531740483581
"Mu_L1[6]";1,04601439659296;0,0232534568173738;0,000134253895531001;0,000135170136491961;0,999459874964195;1,03074597747595;1,04628341277115;1,06169937947844;1,09074529109085
"Mu_L1[7]";1,10820932620348;0,0197912469213512;0,000114264817376405;0,000114090970801456;1,0691649701277;1,09505155377557;1,10836661111852;1,12152034319303;1,14653810824123
"Mu_L1[8]";1,11541493569214;0,0208541265478066;0,000120401355760907;0,000120782962217869;1,07373852494627;1,10165729481036;1,11562852530607;1,1295073302386;1,15551495339027
"Mu_L1[9]";1,04727053438624;0,0219115623053839;0,000126506463953786;0,000125240520633899;1,00346417482724;1,0329611773737;1,04751989379024;1,06199033408981;1,08962238027536
"Mu_L1[10]";1,08127826897671;0,0236982762920449;0,000136822061965423;0,000137483401782719;1,03429812849006;1,06541476020714;1,08142947555518;1,09746655306659;1,12733121053079
"Mu_L1[11]";1,02943562147422;0,0218161096126192;0,00012595536757516;0,00012397825531967;0,985870109759629;1,01515431896364;1,02954579172012;1,04392773838916;1,07167455399486
"Mu_L1[12]";1,07208000247103;0,0215976529704192;0,000124694107563357;0,000124272557543353;1,02960766622539;1,05755937671905;1,07208988304314;1,08671710246463;1,11420971339813
"Mu_L1[13]";1,06256270137263;0,0239041742016436;0,000138010814100746;0,000138433170623349;1,01486927012171;1,04664203047816;1,06273836688948;1,07899748750468;1,10845287768495
"Mu_L1[14]";1,04113723726724;0,0186370596300804;0,0001076011139433;0,000106896696828773;1,00367493377806;1,02871711455143;1,04143952044044;1,05394313729565;1,07682929463996
"Mu_L1[15]";0,985235799016459;0,0197339333172393;0,000113933917128782;0,000113059504917902;0,945756594390537;0,972092842488049;0,985616200120659;0,998632336976307;1,02333040469355
"Mu_L1[16]";1,06321894829651;0,0236797699030423;0,000136715215278698;0,000137648014713396;1,01547860441651;1,04739897334046;1,06365430187518;1,0792983311063;1,10836933451048
"Mu_L1[17]";0,982969112123395;0,0193616448170291;0,000111784508470657;0,000111287841631616;0,94418706918098;0,970202814212162;0,983355069355937;0,996201883245147;1,01973822014656
"Mu_L1[18]";0,975648506601842;0,0176989346127539;0,000102184846630431;0,000102657506880104;0,94025069977415;0,96374862542106;0,975922144412934;0,987801289640644;1,00951474585377
"Mu_L1[19]";1,05361890811946;0,0203159363437133;0,000117294113168822;0,000116862255297628;1,01295246044457;1,04011789754077;1,05386505185023;1,06747734855653;1,09264241397364
"Mu_L1[20]";1,02119639909222;0,0178971816165625;0,00010332942624058;0,000103693544761039;0,985417794649395;1,00935566126487;1,02141246607607;1,03338965422247;1,0558126283092
"Mu_L1[21]";1,02734788899091;0,0194810339239214;0,000112473801800683;0,000113003935150409;0,988706481534937;1,01441086054269;1,02760493101305;1,04058446320303;1,06496781988061
"Mu_L1[22]";1,02805749231063;0,02020202335473;0,000116636436220285;0,00011720054722694;0,987873085799929;1,01463428431496;1,02833434707293;1,04164885987253;1,06703228856655
"Mu_L1[23]";0,994432209025193;0,0210629365465304;0,000121606920850633;0,000121200699664197;0,952536395520752;0,98029488286265;0,994686947251022;1,00876828761602;1,03454020362011
"Mu_L1[24]";1,01010332106437;0,0210072994278691;0,000121285699796273;0,000122212060344241;0,96824277987218;0,996179857679327;1,01029702055504;1,02430829268823;1,05061601761653
"Mu_L1surv[1]";1,18418248994483;0,0213964894111434;0,000123532689212366;0,000125031093385977;1,14276061366073;1,16960205838416;1,18406828784934;1,1983135437793;1,22650948205416
"Mu_L1surv[2]";1,18639306432695;0,0217470246989241;0,000125556505639973;0,000127304272885777;1,14455096607963;1,17153703665317;1,18607341254844;1,20087959114587;1,2300419177905
"Mu_L1surv[3]";1,15903990599909;0,0206071953198972;0,000118975697651858;0,00011907753557546;1,1194580765338;1,14508167287144;1,15881291674282;1,17269954248024;1,20031460358197
"Mu_L1surv[4]";1,16002396008022;0,0205889964162052;0,000118870626232403;0,000116912916767331;1,1202287340647;1,14604003647438;1,15980367998993;1,17369235430743;1,20109971482057
"Mu_L1surv[5]";1,14217927589029;0,022129740410109;0,000127766115828729;0,000128870042192893;1,0993725585244;1,12723323792613;1,14190600778281;1,15685013208518;1,18589496749034
"Mu_L1surv[6]";1,14448222060911;0,0217059765847905;0,000125319514242525;0,000124734574259389;1,10276304302111;1,12980604249717;1,14416660663846;1,15875380234735;1,18767795692187
"Mu_L1surv[7]";1,16120270727753;0,0190811421442289;0,000110165025534161;0,000109987030048341;1,12422786049071;1,14830043122084;1,16103382745051;1,17382285491279;1,1990482456833
"Mu_L1surv[8]";1,18183376936455;0,0194707123766645;0,000112414210319811;0,000112666089220711;1,14448274616475;1,16847262750696;1,1817039859668;1,19472179118158;1,21995527829613
"Mu_L1surv[9]";1,13321468099937;0,0204760986270887;0,00011821881054303;0,000118914949984877;1,09365950380679;1,1192537503071;1,13306961583323;1,14678575763425;1,17388064185421
"Mu_L1surv[10]";1,17718674722497;0,0221359228619864;0,000127801810231287;0,000128824222960342;1,13456313255813;1,16208977965359;1,17679581714901;1,19183770973335;1,22145421398421
"Mu_L1surv[11]";1,11883163430563;0,0209398110218279;0,000120896055302322;0,000120783666727654;1,07836993542662;1,10466407998657;1,11858424277786;1,13257208020083;1,16080369361788
"Mu_L1surv[12]";1,15417225952282;0,0198180951739737;0,000114419825835193;0,000114130454346047;1,11607650914306;1,14050919546979;1,1539094607819;1,16742844732533;1,19361030249466
"Mu_L1surv[13]";1,16060718068051;0,0217908837946772;0,000125809726247367;0,000125677775567604;1,1187244666453;1,14581178218289;1,16017156911837;1,17518160704398;1,20405056738517
"Mu_L1surv[14]";1,10306905245218;0,0176960102334425;0,000102167962718604;0,000103491295005821;1,06901342765576;1,09113449919022;1,1029005061209;1,11484608637155;1,1386293989154
"Mu_L1surv[15]";1,05610828169119;0,0191360069161517;0,000110481787442547;0,000110486013613765;1,01883805455315;1,04327736718714;1,05596342507657;1,0688061248641;1,09417904863742
"Mu_L1surv[16]";1,16217557443694;0,0216768298459988;0,000125151235467651;0,000126007742722735;1,12022183236581;1,14747932297555;1,16162690505066;1,17672293188349;1,20528816139772
"Mu_L1surv[17]";1,04982504259002;0,0190575746134403;0,000110028958331711;0,000109667801180699;1,0129832016666;1,03687942489599;1,04973430415948;1,06263557395094;1,08764454746645
"Mu_L1surv[18]";1,02960792822375;0,0174193770856394;0,000100570820495095;0,000101308286329817;0,99609260240342;1,01777092746924;1,02928684376419;1,04124473973177;1,06457683942366
"Mu_L1surv[19]";1,12669335434905;0,0193010224524445;0,000111434505085538;0,000113209417633807;1,08957260912087;1,11374418895668;1,12644640838789;1,13953105162559;1,16503066795216
"Mu_L1surv[20]";1,07945042209009;0,0174600986736922;0,000100805926693336;0,000102775807778686;1,04604393200325;1,06760203006992;1,07935066851782;1,09103147943914;1,11431117487234
"Mu_L1surv[21]";1,09448250670554;0,0189526383536586;0,000109423108553384;0,000109422562603606;1,05784269698516;1,08172673371099;1,09428391337879;1,10710128873358;1,13224071017652
"Mu_L1surv[22]";1,10304067491413;0,0191952391422473;0,000110823764859357;0,000110163561663649;1,06597536172364;1,08991785000939;1,10286351104611;1,11593990434641;1,14105596004569
"Mu_L1surv[23]";1,06727767462663;0,0209732207131815;0,000121088946245288;0,000120427217949953;1,02672784093979;1,05296669490313;1,06716351842236;1,08106567423654;1,10917650620274
"Mu_L1surv[24]";1,07601625069939;0,0208278530918699;0,000120249665892331;0,000119321436336575;1,03581057407584;1,06191788273916;1,07589196875509;1,08981852917827;1,11755540723149
"Mu_L2[1]";2,9963369775829;0,0397821689641285;0,000229682459603867;0,000230699841841782;2,91972614409024;2,96926773113758;2,99610021858224;3,02296196289396;3,07500624112964
"Mu_L2[2]";2,94171631183826;0,0297569324960605;0,00017180172986858;0,000169471933938706;2,88334352261122;2,92161978453601;2,94141607225006;2,96186080875833;3,00021249121205
"Mu_L2[3]";2,93272283276635;0,0273549301896488;0,000157933763086572;0,000158490792270944;2,87916808598351;2,91436111530142;2,93281065847049;2,95096016315558;2,98645928643759
"Mu_L2[4]";2,98067010888057;0,0370931250097785;0,000214157257094801;0,000215330945086927;2,90804487554373;2,95587532524002;2,98033279028628;3,00550852194271;3,05466214315336
"Mu_L2[5]";2,86725453398146;0,0396075753882363;0,000228674443123466;0,000232706974147101;2,7905458821778;2,84052010660123;2,86674305195138;2,89376162034567;2,94648230602877
"Mu_L2[6]";2,89764707183574;0,0331051348625725;0,000191132585244651;0,000191901750423621;2,83347260885755;2,87505133856927;2,89739954541743;2,91970071977133;2,96372133696083
"Mu_L2[7]";2,91899157916973;0,0311147630251901;0,000179641168083649;0,000181132782271965;2,85815417345658;2,89813724942586;2,91862957106982;2,93977059270273;2,98060539114203
"Mu_L2[8]";2,94656251192878;0,0246444605053055;0,000142284859067712;0,00014098392878367;2,89834083173874;2,92987900330735;2,94673558986938;2,96302619058974;2,99501349451501
"Mu_L2[9]";2,94569718704267;0,0333872496574912;0,000192761375772538;0,000192755100706926;2,88103334934695;2,9231599894442;2,94543175392305;2,96787784854429;3,0111621905503
"Mu_L2[10]";2,96654081476188;0,0326595623839161;0,000188560071339693;0,000190170670351574;2,90314591969669;2,94440923836826;2,96599058234434;2,98837089422666;3,03193573482564
"Mu_L2[11]";2,83503506702484;0,0313992837244605;0,000181283849106787;0,000180012692307857;2,77396587912396;2,81398239795643;2,83478889746061;2,85617398739049;2,89766061620255
"Mu_L2[12]";2,69962330273125;0,027190811363239;0,000156986222600503;0,00015593526777503;2,64680305619189;2,68126169099202;2,69949749459061;2,71781641992937;2,7539639615363
"Mu_L2[13]";2,66842156774552;0,0304619279021936;0,000175872022743664;0,000176154614257775;2,6095563933166;2,64786936122559;2,6681855709296;2,68893980122528;2,72890477972673
"Mu_L2[14]";2,81401781330124;0,0232267197494102;0,00013409952899714;0,000134100916395336;2,7689722159634;2,7985044399271;2,81369152239555;2,82957141283845;2,8600407202877
"Mu_L2[15]";2,54125786728256;0,0251495654558941;0,000145201083859626;0,000144805650561179;2,49209202173462;2,52410428616337;2,54126702956803;2,55809051043559;2,59106839032748
"Mu_L2[16]";2,68227239297508;0,0273239085555719;0,000157754659598721;0,000155111256892977;2,6293517615355;2,66366393678603;2,68222825864885;2,70063753652883;2,73597939560148
"Mu_L2[17]";2,60441622056441;0,0290764791635771;0,000167873130721778;0,000166112330164819;2,54767687360474;2,58488788690247;2,60422278646485;2,62385581355095;2,66180328265406
"Mu_L2[18]";2,54377543937055;0,026050623424955;0,000150403344469553;0,000150657654084483;2,49290427887101;2,52624977361922;2,54350758528483;2,56115499809152;2,595325195414
"Mu_L2[19]";2,63882368778356;0,0256438845339746;0,000148055036387579;0,000148032343548263;2,58881303358235;2,6215174395363;2,63861654893021;2,65574206597543;2,68979826264399
"Mu_L2[20]";2,63075640143278;0,0239882454840425;0,000138496199875988;0,000138532269830389;2,58429527300155;2,61453783689055;2,6305448865447;2,64679455248;2,6784370828111
"Mu_L2[21]";2,71585834757863;0,0238873317896525;0,000137913574389778;0,000137119154321657;2,66913544808864;2,6997573937363;2,71578610441344;2,73186753135955;2,76312340070604
"Mu_L2[22]";2,73145201011027;0,024258495410969;0,000140056488556583;0,000141955934102929;2,68409017414435;2,71507399072794;2,73139582608356;2,74743489067629;2,77961105669529
"Mu_L2[23]";2,66587147023422;0,029283415355904;0,000169067877385228;0,00016839883919622;2,6083964208875;2,64637042946848;2,66573392605152;2,68541010540281;2,72429356232653
"Mu_L2[24]";2,73221066362919;0,0299733454897645;0,000173051190870292;0,000169215290051245;2,67468606868927;2,71195787548083;2,73213955341722;2,75219563483421;2,79125378179214
"Mu_L2m[1]";3,0130461323674;0,0379539446862904;0,000219127201814379;0,000219316878356226;2,93907884008475;2,98720072189127;3,01318021073352;3,03871658934924;3,08713381818056
"Mu_L2m[2]";2,96788954458805;0,0298241279602458;0,000172189683061937;0,000169967823679781;2,90962270342029;2,94773475535812;2,96769551218984;2,9878454846563;3,02662850068613
"Mu_L2m[3]";2,96106830518651;0,0276797784359505;0,000159809275311052;0,000160496667634531;2,90677348116678;2,94242143520317;2,96083969092259;2,97949669583131;3,01621264646549
"Mu_L2m[4]";3,00999426235938;0,0360950678235843;0,000208394971243642;0,000209472209764292;2,93918032412102;2,98576549555526;3,00966329234857;3,03430950575505;3,08134603616655
"Mu_L2m[5]";2,89063820014095;0,0389443234839181;0,00022484515646848;0,000227592225869666;2,81471332392805;2,86429008439524;2,89008016164001;2,91672946447126;2,96843239253029
"Mu_L2m[6]";2,91884554261404;0,0333347453652294;0,000192458242099828;0,000193385736613921;2,85428466179119;2,89611873915987;2,91868972807349;2,94098201579885;2,98556494620174
"Mu_L2m[7]";2,96592647878703;0,0313692416724192;0,000181110401238457;0,000179985633558416;2,90495183653365;2,94485300510857;2,9655005893503;2,98676641394927;3,02813148423815
"Mu_L2m[8]";2,96268988535792;0,0250003974782879;0,000144339862139372;0,000142711735531085;2,91416586530247;2,94577652257651;2,96274291647453;2,9795207389019;3,01184672104246
"Mu_L2m[9]";2,97704287637227;0,0336046640059968;0,000194016618098892;0,00019400879977652;2,91217506738003;2,95394443846777;2,97673270664603;2,9994594317039;3,04352525963401
"Mu_L2m[10]";2,9852674944257;0,0326192538236445;0,000188327349758459;0,000188801182793342;2,92231909810528;2,96320375975627;2,98482330367134;3,0072422410634;3,0507763651542
"Mu_L2m[11]";2,86645569354383;0,0320790427737065;0,000185208439807449;0,000183841060393154;2,80455424061722;2,84472134957537;2,86600229751072;2,88781205361662;2,93080825075182
"Mu_L2m[12]";2,74794480851368;0,0282864194360133;0,000163311718757929;0,000161965554251609;2,6933912691278;2,72895622132179;2,74752909699697;2,76654495509299;2,80518584564838
"Mu_L2m[13]";2,70594086071034;0,0313767670180759;0,000181153848841863;0,00018331346421747;2,64523965167284;2,68463623432767;2,7053552456019;2,72673330597337;2,76908847504841
"Mu_L2m[14]";2,84339939197325;0,0240184138245701;0,000138670376871234;0,000138668670779059;2,79712800815344;2,82716695770841;2,84302077298466;2,85941744902582;2,89140082874328
"Mu_L2m[15]";2,57549553885553;0,0262641635091108;0,000151636218720255;0,000150891792174518;2,52494811053992;2,55750839893964;2,57533082781784;2,59273772412695;2,62837828473134
"Mu_L2m[16]";2,71836498725335;0,028010375362294;0,000161717977555229;0,000158566721299251;2,66460632547005;2,69918202749047;2,7179682842111;2,73716774805338;2,77377372299467
"Mu_L2m[17]";2,63528945335029;0,0304024226035866;0,000175528468741975;0,000173727076739387;2,57730010949932;2,61448144258719;2,63464567510993;2,65539889369318;2,69599339459212
"Mu_L2m[18]";2,57611039464871;0,0270654267097221;0,000156262313965901;0,000155551516178368;2,52415673078885;2,55770294241121;2,57569732919272;2,59409623461213;2,63004045353536
"Mu_L2m[19]";2,65998070882414;0,0264079642025296;0,000152466452410805;0,000152796552295307;2,6091485420413;2,64225071397461;2,65960155966554;2,67748978127129;2,71345183232678
"Mu_L2m[20]";2,65631343171969;0,0248652476078649;0,000143559573998675;0,000143459020281352;2,60887504374784;2,63937012174244;2,65606332528473;2,67287806997781;2,7058800282677
"Mu_L2m[21]";2,73940089564034;0,0244995102915968;0,000141447988618674;0,000141100274860679;2,69187404909869;2,72285746668883;2,73919057861848;2,75571197560021;2,78822366904529
"Mu_L2m[22]";2,75537874526225;0,0249149795262391;0,000143846701363282;0,000144355867700854;2,7074923945752;2,73842182450725;2,75512341230906;2,77176934476515;2,80525330013262
"Mu_L2m[23]";2,69790927629568;0,0295297869300046;0,000170490304331504;0,000170132833255283;2,64078500070364;2,67814592719463;2,69744660138829;2,71757401453968;2,75721596740035
"Mu_L2m[24]";2,75346583156906;0,0303151394456162;0,000175024539194476;0,000171367222561131;2,69532076863757;2,73287997763214;2,75321491414219;2,77349109257061;2,81389426077704
"Mu_L2nm[1]";2,79551022082961;0,0454241731719946;0,000262256586085672;0,000263285962193223;2,70256819582159;2,76585952510524;2,79674100213034;2,82655895100678;2,88159939722505
"Mu_L2nm[2]";2,82197136807192;0,0333268488065127;0,00019241265129682;0,000190598134499561;2,75398981179429;2,80005285449411;2,82273325988514;2,84466347803845;2,88492660231334
"Mu_L2nm[3]";2,8173291560814;0,0305725811639089;0,000176510879648045;0,000176515448920332;2,75488034263086;2,79739026440909;2,81805497438892;2,83822181668008;2,87523159040153
"Mu_L2nm[4]";2,81281479407211;0,0418852443513906;0,000241824571013486;0,000242862264130587;2,72699772057319;2,78548999406384;2,81389027455289;2,84119321907217;2,89256285840639
"Mu_L2nm[5]";2,68205466009672;0,0443906801124574;0,000256289711124379;0,000257899826425296;2,59223730986176;2,6528893197468;2,68329276106281;2,71235185259587;2,76637189635994
"Mu_L2nm[6]";2,74481066271378;0,0359733643384293;0,000207692315844487;0,000209668483392044;2,67153564034833;2,7210873190478;2,74582133890216;2,76916258567812;2,81361085060013
"Mu_L2nm[7]";2,78268084111447;0,0351478873798685;0,000202926422402137;0,00020104029802657;2,71152854396318;2,75955734900494;2,7833302739434;2,80665762875281;2,84910414816037
"Mu_L2nm[8]";2,84134723731023;0,0272740134672169;0,000157466590171792;0,000156841613793168;2,78637620571075;2,82337077949283;2,84193094225392;2,86012804533528;2,89277516668941
"Mu_L2nm[9]";2,83737530774393;0,0367059811361867;0,000211922080898467;0,000211911034997519;2,76263325794401;2,81330306424981;2,83790968544596;2,86219094454809;2,90719227763037
"Mu_L2nm[10]";2,83224485809985;0,0360917283731394;0,000208375690917509;0,000208900382947023;2,76015103969612;2,80787608228373;2,83306685209841;2,85692390456325;2,90052955826528
"Mu_L2nm[11]";2,70388260316096;0,0346200380109736;0,000199878882649907;0,000199891918370043;2,63407120063349;2,68102553999376;2,70454944179732;2,72757079177213;2,76990421060227
"Mu_L2nm[12]";2,60109679306321;0,0299360451409061;0,000172835837205749;0,000172842221538352;2,54131035772842;2,58095490379787;2,60152981820597;2,62129085601905;2,65891687709511
"Mu_L2nm[13]";2,55699102047206;0,0324685224511304;0,000187457101773495;0,000190699133576777;2,49202100512496;2,53527384706599;2,55736670541293;2,57912566798518;2,61895418587049
"Mu_L2nm[14]";2,73303385204678;0,0256467523553956;0,000148071593762273;0,000148073474649356;2,68103112710177;2,71613671787317;2,73339199173678;2,75055289327011;2,78194960565701
"Mu_L2nm[15]";2,4729418775271;0,0261829203425899;0,000151167161079648;0,000151168861148375;2,42047781187301;2,45560030287901;2,47327770153685;2,49076981122208;2,52313965708302
"Mu_L2nm[16]";2,57799172991346;0,0302401681180658;0,000174591692033048;0,000175984374404;2,51715325572493;2,55799546709261;2,57859318980004;2,59849412218566;2,63618038510361
"Mu_L2nm[17]";2,50607223121587;0,0296539788099863;0,000171207326484891;0,000170491139401565;2,44639857259449;2,48664216502888;2,50645737098626;2,52620183290434;2,56283451266488
"Mu_L2nm[18]";2,45388137526889;0,0269950954744878;0,000155856256389952;0,000154724388074311;2,40016668040261;2,43573682957941;2,45442783816388;2,47211155029961;2,5059612585298
"Mu_L2nm[19]";2,53996509088601;0,0271675836202501;0,000156852117163831;0,000155938209375911;2,48528341426882;2,52219786577999;2,5405166417256;2,55852206592083;2,59148652417353
"Mu_L2nm[20]";2,54705009032857;0,02546508328786;0,000147022726911822;0,000147028654288944;2,49614867049931;2,53010760738499;2,54749177506304;2,56439057526981;2,59604981510871
"Mu_L2nm[21]";2,61654256404555;0,0258909323639086;0,00014948136769873;0,000148941614332121;2,56441695963625;2,59949868682687;2,61694957342339;2,63412489647831;2,66614649113881
"Mu_L2nm[22]";2,62241708024565;0,0268715036816483;0,000155142698841297;0,00015668811083373;2,56840521383153;2,60485131022918;2,62275852213623;2,64063442678496;2,67401002761945
"Mu_L2nm[23]";2,55274118162845;0,0327444987383007;0,000189050451610373;0,000189744349925274;2,48615301332416;2,53085939556954;2,55338722719166;2,57521649604488;2,61540513814616
"Mu_L2nm[24]";2,59660958017324;0,0341770771327366;0,000197321446827001;0,000194333340783685;2,52830544133833;2,57402124176512;2,59728144632653;2,61983759274721;2,66188939985485
"Mu_Mu_L1";1,04957565851117;0,012590490964414;7,26912334753395e-05;7,26821017318756e-05;1,02504969081637;1,04115415384274;1,04949747265541;1,05789428792446;1,07467685821819
"Mu_Mu_L1surv";1,12546236079187;0,00535265444880831;3,09035648689853e-05;3,09436055719797e-05;1,11497163171587;1,12186404106262;1,12548492291538;1,12903147866753;1,13593599706344
"Mu_Mu_L2";2,78833926495967;0,0339882226978891;0,000196231095239032;0,000195961674357158;2,72256207386684;2,76588865433048;2,78797558032243;2,81036302924608;2,85624007244362
"Mu_Mu_L2m";2,81599411418164;0,00811591849434536;4,68572772743136e-05;4,7654304204117e-05;2,80004627778245;2,81055239862179;2,81597846495745;2,82148298705133;2,83186495235519
"Mu_Mu_L2nm";2,66872317400457;0,0110583506007769;6,38454169615179e-05;6,35471977223044e-05;2,64700160409934;2,66118870148176;2,66880197430145;2,6761788044953;2,69041027811998
"Mu_N1[1]";2556,08119844325;319,574183351213;1,84506240783878;1,8484265552334;1989,88075109174;2331,59096834186;2536,38260587104;2759,26710510451;3235,23445872511
"Mu_N1[2]";10118,5919142114;274,1488830076;1,58279931402473;1,58485737353383;9586,09506092941;9934,60064605247;10113,555592072;10301,5080255865;10666,7788193913
"Mu_N1[3]";5047,31969801344;359,679741706465;2,07661195696283;2,09825332726696;4373,39688852407;4798,37530059764;5034,67845998406;5283,54062114129;5789,7330685582
"Mu_N1[4]";2817,00371735978;221,935499924939;1,28134520624397;1,28106569694336;2404,60471287578;2663,37798626767;2808,70876136744;2961,98116936178;3269,59371309056
"Mu_N1[5]";3243,60588345721;255,037987165412;1,47246250543531;1,51219533268458;2776,82420016863;3065,53964850786;3235,00088921166;3410,38432281776;3769,39735498847
"Mu_N1[6]";12030,8831391096;708,030627538058;4,08781673403597;4,10051191445126;10698,9270790393;11546,1327665523;12014,2706710516;12497,1092981967;13473,1253672882
"Mu_N1[7]";1372,65353861384;86,1190516493831;0,497208576521266;0,501378403492346;1210,84353492369;1313,41681992773;1370,78545206642;1429,03932960289;1549,40433206941
"Mu_N1[8]";10276,4346304556;213,173425840061;1,23075734792834;1,23684030737224;9865,19135504467;10128,5932838018;10274,5235927383;10421,0698627026;10695,8839754424
"Mu_N1[9]";7973,42612488444;168,951229414145;0,97544037782175;0,975150820648161;7645,16062311795;7859,83798892968;7971,51681484165;8084,97813673544;8312,94011061814
"Mu_N1[10]";10927,0299430264;254,294369391696;1,46816922621702;1,4647257031362;10444,8611518238;10751,9825096392;10923,2380160715;11098,1074992188;11437,747353585
"Mu_N1[11]";7479,38208604798;426,9977207712;2,46527249030609;2,48761546775246;6680,28022403077;7183,49156649429;7466,87783653903;7757,94006016565;8356,6178176771
"Mu_N1[12]";7692,0449584229;284,749672809481;1,64400300248212;1,64326287495919;7144,98339711876;7498,95006360774;7685,85062829166;7881,26573734444;8266,08870224244
"Mu_N1[13]";10539,4612709791;620,221012120544;3,58084768304858;3,57804420073385;9384,50972040136;10113,2975054244;10522,0275137253;10944,0488191333;11807,6569286446
"Mu_N1[14]";14041,4611228461;630,067295302987;3,63769522550759;3,63182913383321;12843,6795937868;13611,3064623287;14025,9131974052;14459,320896075;15308,9526185734
"Mu_N1[15]";10816,064087062;460,283543999956;2,6574482803193;2,687894005669;9949,00349824795;10500,3407931831;10805,5699585124;11119,4183799768;11745,2773905577
"Mu_N1[16]";9097,12429911751;679,426185516303;3,92266891102318;3,89946969846777;7833,2701155829;8631,33028989737;9072,93074479968;9532,70131058184;10502,4389769378
"Mu_N1[17]";8814,22459225118;819,773515081269;4,73296459606697;4,77519090405229;7321,34588384725;8241,54411229119;8774,4986205756;9343,18043464381;10531,8652103121
"Mu_N1[18]";9552,8922022351;1294,07925872055;7,47137008375021;7,47148549692855;7268,16478190959;8645,8483224951;9460,66296869626;10357,7852162711;12344,8498862879
"Mu_N1[19]";10517,8496846621;560,363842908226;3,23526215547197;3,22176487299373;9457,83450954677;10134,9995530807;10499,8338442614;10888,7092788592;11654,2088118
"Mu_N1[20]";7022,49989902247;528,83434084331;3,05322649042603;3,04204778826571;6048,9027130623;6658,26864021128;7003,11505693594;7367,27114306249;8110,26752453979
"Mu_N1[21]";10026,4240613666;379,622976274343;2,19175427542559;2,17731252090331;9304,38076113308;9767,30205071798;10019,0269340982;10276,0861870584;10787,5254354437
"Mu_N1[22]";6413,28166370813;444,665645328622;2,56727830029859;2,56729955502917;5593,09347214331;6106,22581125029;6393,29699878343;6705,25732685131;7328,39799073432
"Mu_N1[23]";5362,66287890006;490,739615430127;2,83328649070597;2,83296892443387;4464,66063042;5019,41256093313;5339,7682769456;5679,83084641147;6384,33582672263
"Mu_N1[24]";5439,0303125156;285,369150531956;1,6475795587804;1,65023578003424;4907,88110348853;5241,91017429182;5429,87406862681;5626,7424157251;6019,47101167697
"Mu_N2[1, 1]";355,389968999813;46,9458455382475;0,271041965588418;0,272950536493486;267,768913245505;322,75410671038;354,284784142984;386,607879811246;449,990717451779
"Mu_N2[2, 1]";458,082850623964;51,6696558249722;0,29831489699483;0,302225579994803;361,62449936809;422,336211150601;456,686685316256;492,314627113324;562,981179901972
"Mu_N2[3, 1]";284,97043475468;34,7172362041396;0,200440056679798;0,199754352182623;220,116569665354;261,081565717551;283,697713961187;307,709650389022;356,325817327543
"Mu_N2[4, 1]";323,495648027625;44,7101461209021;0,258134148984103;0,255367443664882;242,998332581847;292,196447749485;321,339025377185;352,263729008828;416,514147955864
"Mu_N2[5, 1]";225,309307201498;38,1731534402831;0,220392804145643;0,219663815879335;154,471760088457;198,728781310301;223,52896684308;250,574252998881;304,025607013712
"Mu_N2[6, 1]";453,898904802322;56,4986444167164;0,326195075628402;0,331290224688852;349,130590895657;414,816849644742;452,352218560852;491,083030936653;568,784961166735
"Mu_N2[7, 1]";283,676512901959;28,663457196588;0,165488547283554;0,165622079036241;229,128160781278;264,098510366492;282,98098505624;302,400271570516;342,626068605326
"Mu_N2[8, 1]";908,615889396117;70,979231032864;0,409798781436967;0,409917258107345;771,136539047472;860,215548664256;907,742962299249;955,825831408564;1050,78038115254
"Mu_N2[9, 1]";421,708304426263;39,0853294885731;0,225659255015929;0,230463974830768;348,235084982561;394,725397405333;420,792603446098;447,534279424148;501,776036165066
"Mu_N2[10, 1]";685,491727755107;55,728643469264;0,321749473085523;0,323022703271211;579,932447620176;647,034916412775;684,402638234955;722,568879873766;797,668369201718
"Mu_N2[11, 1]";426,567658386918;45,5768048803568;0,263137805664771;0,265782005476918;340,20927197716;395,65773087904;425,61086640261;456,302431361784;518,6287272414
"Mu_N2[12, 1]";372,760132581005;37,8904087367966;0,218760376838945;0,219498918203607;302,373926900113;346,564826607972;371,412885071757;397,613123353523;450,713650417584
"Mu_N2[13, 1]";285,402674803928;34,2608019994615;0,197804832570415;0,19771030182409;222,078157000139;261,712883261155;284,26175336261;307,577077201886;356,510291502028
"Mu_N2[14, 1]";816,455158693077;70,9435424243907;0,409592733159876;0,410703713677946;680,36869805975;767,405530503833;815,114467255923;864,111834444893;957,544052926617
"Mu_N2[15, 1]";384,230749547965;45,9583436918718;0,265340621020115;0,264963867303028;299,106271705985;352,415632511243;382,613311639579;414,292679436463;479,422018853652
"Mu_N2[16, 1]";399,002986453323;51,3206877921565;0,296300129117983;0,299775455232403;304,548830437777;363,386889350383;396,922962638823;432,669175463619;505,054631509858
"Mu_N2[17, 1]";661,87971209891;62,2862759478601;0,359609981853164;0,359627729636702;544,335448111406;619,305812231399;660,288255471836;703,346891984176;786,832925713804
"Mu_N2[18, 1]";702,932907554908;64,7353099546903;0,373749486284143;0,376035140732777;580,885503463893;658,56031612196;701,325663073194;745,525189984739;835,701011246802
"Mu_N2[19, 1]";548,489425178654;47,5124543408086;0,274313283035257;0,275007404484349;459,290332749998;515,874744027643;547,429750418279;579,713817113304;645,415497406711
"Mu_N2[20, 1]";597,236489599648;56,3156666171402;0,325138652809991;0,323507636259822;489,867492752204;558,361701746495;596,078033548566;634,896160273999;709,713970899081
"Mu_N2[21, 1]";837,734051018836;83,5425915909607;0,482333377438401;0,475636658056324;681,034096806159;779,615386277837;836,405058126278;893,425465600897;1006,89032633592
"Mu_N2[22, 1]";256,567130027419;38,9397749592999;0,224818895549353;0,225575637043162;184,269986502656;229,380136163621;255,288262509911;281,966668805068;336,915546501727
"Mu_N2[23, 1]";183,305431907953;45,9601680893281;0,26535115418374;0,265348705891336;101,361150837926;150,731601779857;180,801861925336;212,983550530144;278,963319515111
"Mu_N2[24, 1]";355,773566363148;73,8444707505047;0,426341250659693;0,428131380632498;218,729985747124;304,005802123921;353,47901302462;404,776959928234;506,777537216053
"Mu_N2[1, 2]";304,726104505172;44,4805133410142;0,256808363511273;0,259320997913454;222,206175143302;273,683995954651;303,10761832911;333,813432630131;395,830345813919
"Mu_N2[2, 2]";505,059901572602;47,6334781836977;0,275012014517961;0,27467368512287;413,430568254028;472,611259710081;504,546384005556;536,71018484131;600,43475629957
"Mu_N2[3, 2]";173,700270728467;28,0709852558624;0,162067908938902;0,161296628895624;121,979284586391;154,167789478841;172,698713143237;192,172220438059;231,400155307881
"Mu_N2[4, 2]";162,652780150187;32,4124176452584;0,187133180525765;0,18713979376207;105,742072559681;139,88582359253;160,418004311417;182,851515406544;232,401094056915
"Mu_N2[5, 2]";255,617285671277;36,9577241262631;0,21337551972934;0,208675571756988;185,147224806289;230,31012268386;255,09990071723;280,304880382989;329,383911954474
"Mu_N2[6, 2]";467,616358574878;56,5291402007293;0,326371143119491;0,322481384553173;360,845618865265;428,74932269155;466,231969761883;505,162538945896;581,4338714117
"Mu_N2[7, 2]";124,621681885773;21,9798136360781;0,126900513195275;0,127670778908869;85,3457912058146;109,157707415693;123,308746968549;138,728505390281;171,656223456332
"Mu_N2[8, 2]";805,99806110091;67,9485794997115;0,392301306652111;0,38770384129681;674,929777374757;759,614717200521;805,155455636151;851,252464822099;942,450570258392
"Mu_N2[9, 2]";376,369247092276;33,7357124778336;0,19477322680381;0,194804297594131;311,629632544596;353,571276361294;375,644007310433;398,757638154927;444,002642001293
"Mu_N2[10, 2]";678,841242634401;54,0902283705948;0,312290079102912;0,317475149589453;575,547796041929;641,997068853105;677,671269986139;714,760281373649;787,538246717028
"Mu_N2[11, 2]";384,674593834397;42,9289028736166;0,247850136300979;0,247777258244331;303,899385734234;354,935276581919;383,697675117107;413,238550412179;471,472513186629
"Mu_N2[12, 2]";244,687138046292;30,5539832129747;0,176403504328263;0,176051257140036;187,897490512966;223,610399166066;243,825103393273;264,46337145068;307,789786731191
"Mu_N2[13, 2]";234,629558899402;31,4795191590971;0,181747088604647;0,18020604838402;176,695040472538;212,866073211767;233,459732704867;255,005405829236;299,88786808607
"Mu_N2[14, 2]";598,894891132778;64,1784793341686;0,370534623197631;0,371756983716554;476,876738168729;554,747994760007;597,737810886617;641,825655254109;727,85861397171
"Mu_N2[15, 2]";408,713275653901;38,3704939059233;0,221532149855237;0,22063156022347;335,540481163273;382,401548261993;407,656137772939;434,231787450273;485,90414815405
"Mu_N2[16, 2]";355,804027930599;48,915578598539;0,282414224714328;0,283297645707272;266,006612289081;321,968931678281;353,866673012577;387,599307271321;458,347403770973
"Mu_N2[17, 2]";412,337363532582;54,8216148363355;0,316512740831683;0,318528670887673;309,735644339709;374,517549415622;410,553038264191;448,525041351568;523,141960760875
"Mu_N2[18, 2]";535,528548760681;57,3636634581042;0,331189265392396;0,327995563174994;428,056103746012;495,908029800477;534,32377153087;573,135983658076;651,718126526302
"Mu_N2[19, 2]";432,729167537627;42,4232414881718;0,244930698930925;0,243066186085145;352,286636170397;403,641066380189;431,460765881637;460,732689514823;519,091666600745
"Mu_N2[20, 2]";489,061334180459;54,3583701821209;0,313838196573568;0,315737835674541;386,282382215961;451,224675517994;488,323647301118;525,185229419153;599,569032528865
"Mu_N2[21, 2]";729,641949007627;69,1330748845564;0,399139993945052;0,391798975688019;594,721013304351;683,154130705912;729,41941372862;776,537200342667;865,258691441666
"Mu_N2[22, 2]";261,048648744772;39,0045191624773;0,225192696380682;0,230014586036345;188,530568406581;234,071382243047;259,823418001882;286,508454166834;340,851878135471
"Mu_N2[23, 2]";239,291744343562;43,7357368064741;0,252508394184244;0,250139003489719;156,642101533727;209,273844351158;238,38742523329;268,36477788053;327,641313936995
"Mu_N2[24, 2]";327,312024062596;71,3472662236487;0,411923633601675;0,411042502982903;193,862053536088;278,016298216862;325,791007565689;374,854888656214;470,931093605333
"Mu_N2m[1, 1]";296,878859362231;43,047450360229;0,248534570534053;0,250610697120074;216,799241235025;266,903144441179;295,431151008972;325,479532311384;384,580749789045
"Mu_N2m[2, 1]";298,226664375526;41,6966672390336;0,240735820547663;0,239804883362907;220,369407052446;269,290597052207;296,909770161541;326,176674063781;382,572045041378
"Mu_N2m[3, 1]";204,82981975129;28,3672915886757;0,163778634349026;0,163805905002028;151,828291241739;185,140375120591;203,971819075629;223,37329709012;263,291192701432
"Mu_N2m[4, 1]";253,212114695081;39,7219604060474;0,229334845331711;0,224752783067191;182,117273401801;225,388994770479;251,012548582299;278,517521616364;336,530538170982
"Mu_N2m[5, 1]";176,83801466899;33,9604681062176;0,196070854029304;0,194732078293286;114,482918736546;152,923752069696;175,31259316073;199,121215817231;247,111013080985
"Mu_N2m[6, 1]";356,432138602282;52,1765006844228;0,301241167155242;0,295382026641687;260,344089514611;320,006931860662;354,498638488671;390,6320693348;463,896617616285
"Mu_N2m[7, 1]";184,731493648549;23,8281666612538;0,137571984361701;0,140047063980654;140,347880591229;168,32141168447;184,02865440858;200,108754416455;234,084793842682
"Mu_N2m[8, 1]";706,39705494504;65,3055753476139;0,377041915065283;0,37762730272676;580,915025232448;661,822799054886;705,239348513449;750,178720907939;835,598482777497
"Mu_N2m[9, 1]";263,00168910632;29,5445316103033;0,1705754327829;0,170573064221002;206,857398099031;242,785113122909;262,477464484249;282,554220756257;322,478363034836
"Mu_N2m[10, 1]";531,056497573308;49,8305048097302;0,287696553657527;0,287275312789283;437,010750433204;496,879856146442;530,026839473124;563,67429835139;631,238420993076
"Mu_N2m[11, 1]";313,339770543176;36,9096871810848;0,213098178297042;0,213785220545637;243,833052511562;288,15191063048;312,48143389304;337,704908013759;388,521217671744
"Mu_N2m[12, 1]";221,310228695874;27,1349076692757;0,15666346247292;0,1613607534163;170,599116231143;202,689507286679;220,316570723417;239,005930521749;277,283846760047
"Mu_N2m[13, 1]";176,191942047984;26,4885015088299;0,152931434765527;0,154543440794021;127,466486908658;157,867020461014;175,060936457344;193,509879733558;230,756122769686
"Mu_N2m[14, 1]";507,353522776151;59,4794893837204;0,343404992069525;0,345113901748784;393,904647849058;466,265121060371;506,248568216773;547,293251132049;626,742869774135
"Mu_N2m[15, 1]";176,347379027752;27,6770019614025;0,159793245327775;0,156668011778033;125,189007256976;157,320199500872;175,245709788983;194,35536060271;233,578893758009
"Mu_N2m[16, 1]";253,138152301987;41,3570227480075;0,238774882164436;0,241437813822227;177,593853651222;224,166850910567;251,008929078146;279,660734919998;340,44594588863
"Mu_N2m[17, 1]";447,997774315015;53,849215661567;0,310898591578559;0,310919845119858;345,988834334667;410,978100626642;446,590223528048;483,601047915131;558,162467884003
"Mu_N2m[18, 1]";424,10816305048;52,5360463871012;0,303317005237516;0,304748857340428;326,105110561864;387,772420916475;422,481394518549;458,729473726602;531,414038098123
"Mu_N2m[19, 1]";403,258323171991;41,0703958409243;0,237120040944821;0,23517001181305;326,35932903034;375,250406462989;402,236457503007;430,504228444016;486,643404222821
"Mu_N2m[20, 1]";376,35004162007;49,517951086095;0,285892023892757;0,285159438519366;282,934678319815;341,898951111544;375,282823439141;409,278076777074;476,698563727997
"Mu_N2m[21, 1]";569,632088190028;65,5225660148284;0,378294711266562;0,37588794766691;444,121051777401;524,843358831129;568,979463544339;613,484248504969;700,624330747598
"Mu_N2m[22, 1]";191,378653004376;33,5995904889763;0,193987326134717;0,193992026400708;130,469063020847;167,838097204134;189,955674468633;213,192839909594;262,295990721388
"Mu_N2m[23, 1]";122,098738707105;33,8697665176693;0,195547188163662;0,194357912267075;62,2563236654497;97,781601758847;120,11151285471;144,048046905484;193,430318188928
"Mu_N2m[24, 1]";285,406003783567;67,8134003583752;0,391520849515718;0,390226299664476;161,402397743966;237,472912874469;282,799920317442;330,391063541354;425,084243528403
"Mu_N2m[1, 2]";293,886506249116;43,4084949131167;0,250619062232044;0,253346822581072;213,595482191249;263,587999611239;292,302932516136;321,995620750349;383,168640866979
"Mu_N2m[2, 2]";484,930570357357;45,578705708417;0,263148780100693;0,262383699604042;397,765338088796;453,786948894693;484,300928018711;515,317729361749;575,79804087262
"Mu_N2m[3, 2]";161,696583733152;26,5041156477715;0,153021583038739;0,151904546384142;112,952724137648;143,162090756476;160,628524804953;179,014032559518;216,453122561485
"Mu_N2m[4, 2]";152,208203192865;30,5842965157033;0,176578518263166;0,176584651769579;98,6331638538859;130,586847430996;150,087889281303;171,391733797973;218,979928687544
"Mu_N2m[5, 2]";245,883713324703;35,8214123611846;0,206815020694825;0,203427440088545;177,131414129534;221,410182083715;245,399383108845;269,735898754821;317,529535042689
"Mu_N2m[6, 2]";448,090080728748;54,9942117856685;0,31750922978327;0,313561105440355;344,268514921315;410,203154552038;446,504241103726;484,677490289432;559,091410018766
"Mu_N2m[7, 2]";115,184368989781;20,4367714347265;0,117991754892062;0,11754031997622;78,7682699046049;100,836959588023;113,883062723398;128,148515783643;159,054985851553
"Mu_N2m[8, 2]";777,736629576611;66,1891305105425;0,38214312317689;0,378192741271224;649,346391092691;732,3312180542;776,88360803464;821,66019483065;910,695194529583
"Mu_N2m[9, 2]";351,213609206347;31,4306576516086;0,181464986559632;0,182328601917098;290,863338915997;329,820523632714;350,708265912715;372,158084713939;414,222463724302
"Mu_N2m[10, 2]";657,001773608895;52,9034481933394;0,305438200554839;0,304838253977089;556,480675082224;621,117313910659;655,762612467577;692,150708737922;763,007738500517
"Mu_N2m[11, 2]";340,003142785571;37,9879449473654;0,219323502413221;0,220229743819461;269,026914187944;313,773658401818;339,15292638078;364,779759862176;417,142830403707
"Mu_N2m[12, 2]";193,678616169124;26,1833106366945;0,151169414443711;0,155848980211435;144,859297065365;175,627077094286;192,700370141612;210,589230632116;247,823430700348
"Mu_N2m[13, 2]";214,817653356647;29,1312756772021;0,168189498540698;0,168239488503944;161,198018958781;194,637395229337;213,626233284135;233,82499288641;274,692786980773
"Mu_N2m[14, 2]";530,803901765061;59,4280717299046;0,343108132106808;0,344353327571191;417,27926011103;489,977634776918;530,215596823292;570,597582063294;648,862064900219
"Mu_N2m[15, 2]";354,909870055232;32,4082155419687;0,18710891967111;0,187045106514659;292,152493519875;332,838096269833;354,481247086851;376,69568690427;419,265243776701
"Mu_N2m[16, 2]";309,064222370624;44,999378445171;0,259804032586853;0,26266680060905;226,082530443178;277,936660829032;307,110138529737;337,699255678372;403,747203807432
"Mu_N2m[17, 2]";372,745159561291;51,5727413132588;0,297755360800569;0,298936596002143;275,848601613276;337,023924749125;371,333621686895;406,998631926001;477,610571513097
"Mu_N2m[18, 2]";495,309302121914;54,8901454509389;0,316908402519573;0,313688237650204;391,755273830401;457,394525160512;494,039187231269;531,575115473468;606,608902438743
"Mu_N2m[19, 2]";405,919919319988;40,815457378469;0,235648153045568;0,233773578831785;329,30808794228;377,977537768422;404,927431101517;432,737461053423;489,001109094949
"Mu_N2m[20, 2]";457,27915802621;52,0449513149931;0,300481666516722;0,300936290599252;358,649641549791;421,238551536025;456,157890529656;492,211758226485;561,323504201142
"Mu_N2m[21, 2]";697,041015745247;67,1261896730184;0,387553236773911;0,379257319403313;566,207150053192;651,781333421703;696,729537600173;742,896658226843;828,168130171453
"Mu_N2m[22, 2]";233,295610648547;36,1699962136642;0,208827570505468;0,21395023952699;165,949923736389;208,347647305931;231,935439331166;257,102545082829;307,286426396562
"Mu_N2m[23, 2]";207,719809313151;37,790912989928;0,218185937876567;0,215862900700387;135,548726864013;181,54682395809;207,25414386638;232,938635222361;282,72716094583
"Mu_N2m[24, 2]";305,765365788114;67,9609098559708;0,392372495997166;0,390006065515829;178,41730556115;258,709499148183;304,305717148656;351,439104907117;441,842297085588
"Mu_N2nm[1, 1]";56,6255046528194;13,0720459249291;0,0754714923361696;0,0761597265995269;34,6142337928932;47,357409263652;55,2783731767687;64,5298537877196;86,0185721174453
"Mu_N2nm[2, 1]";159,443389281883;26,3138908226015;0,151923319498554;0,152969442017738;113,353457026697;141,000251648924;157,621448864331;175,852360202621;216,103039246214
"Mu_N2nm[3, 1]";80,0298602864269;16,4709423018024;0,095095029717524;0,0941286396027682;51,9875468589226;68,4255813000689;78,5380489314549;90,1252430442604;116,325664482754
"Mu_N2nm[4, 1]";69,2860460479284;15,057868881952;0,0869366465241709;0,087856499374819;43,1636829437504;58,7031614389786;68,1294356861758;78,483429753413;102,351732075899
"Mu_N2nm[5, 1]";47,9776073444979;11,7948958243184;0,0680978627923381;0,0683535035848606;28,1886898230623;39,6279872459239;46,9297535163096;55,0468038064344;74,4874019906315
"Mu_N2nm[6, 1]";97,0710659482777;16,0222880430319;0,0925047231467822;0,0930876431139978;68,4738773939669;85,9013573676919;96,1093833913358;107,081657467444;131,220545920592
"Mu_N2nm[7, 1]";98,476096176094;13,4804391912884;0,0778293519588472;0,0788054454827019;74,1117996331159;89,159762794173;97,6699807822951;107,069725917719;127,073661901255
"Mu_N2nm[8, 1]";202,082596028228;23,6974533260653;0,136817310569124;0,136808198596713;158,193828039092;185,627527231837;201,216163536612;217,153647432361;251,851997994365
"Mu_N2nm[9, 1]";158,425142768233;23,9609253820393;0,138338467193529;0,143735001432046;115,745596190945;141,600817661045;156,856534960949;173,544018780254;209,714724759011
"Mu_N2nm[10, 1]";153,807821541813;21,5606549546671;0,124480499419817;0,123567789360279;115,065105115271;138,688149080401;152,605752458678;167,668068437888;198,852488072542
"Mu_N2nm[11, 1]";113,095573928021;22,4205714811183;0,129445229800089;0,129447272244633;72,2951582670225;97,6622594449684;111,992137629197;127,322295720359;160,459712502318
"Mu_N2nm[12, 1]";151,343392695559;24,2096922386406;0,139774723309771;0,140837674042391;108,503933092423;134,275089791031;149,769093603249;166,658667988644;202,785169452726
"Mu_N2nm[13, 1]";109,002894944155;18,4339236353231;0,106428307730748;0,106895102472887;76,1821247759668;96,1031157555719;107,820428279548;120,611115937349;148,746277397341
"Mu_N2nm[14, 1]";309,086362755717;34,4857399605974;0,199103512494544;0,198397866694551;244,911288188411;285,3271076995;307,924628501348;331,664714649772;379,886908231295
"Mu_N2nm[15, 1]";207,647847956305;34,378586681097;0,198484862746902;0,200977910443518;146,970894509575;183,468510297058;205,138869722961;229,449703502998;280,886880240429
"Mu_N2nm[16, 1]";145,743646228934;25,2414097458542;0,145731347114946;0,145247627153161;101,088720576703;128,121187731032;144,048937212578;161,565169336013;200,658917607534
"Mu_N2nm[17, 1]";213,580207162831;26,912976344678;0,155382141372939;0,15538566352656;164,166501382239;194,938787315351;212,428924049204;230,932773318864;269,580449160799
"Mu_N2nm[18, 1]";278,074464849887;33,7968878917753;0,195126423220881;0,193025779890558;217,664027395818;254,50923723521;276,015243455059;299,82923915627;348,729846381636
"Mu_N2nm[19, 1]";145,140497784897;22,0568105841237;0,127345055282084;0,126529515723647;105,988507759;129,739421592287;143,770176997035;158,981661032467;192,383004422903
"Mu_N2nm[20, 1]";220,791244464327;22,7959956473515;0,131612742234439;0,131616401302246;177,816926219786;205,167266243168;220,181486143999;235,750854635987;267,282985645423
"Mu_N2nm[21, 1]";268,013404002277;45,5186229814959;0,262801892315077;0,26157036048247;188,868894109916;236,084695652374;264,414303353155;296,06657415323;367,102080200218
"Mu_N2nm[22, 1]";65,1679917762171;14,7124044610364;0,0849421067600602;0,0824294537371127;39,2556487498975;54,8199119085036;64,2325738866423;74,369807013954;96,6139568458046
"Mu_N2nm[23, 1]";61,1264996442767;20,3538766051912;0,117513161370596;0,117121986112988;28,1223763625961;46,6431941488278;58,9120614549517;73,0852450553234;107,64790290514
"Mu_N2nm[24, 1]";70,2677291407345;17,3590798643914;0,100222694325906;0,100295219779785;39,5482354317949;58,1975432794138;69,0531026383856;81,1436078811248;107,529109177001
"Mu_N2nm[1, 2]";9,22670708156468;4,55022530160966;0,0262707380275779;0,0264821572764136;2,58606924767383;5,94267856168665;8,50618611836395;11,6849472947047;20,1029285990563
"Mu_N2nm[2, 2]";19,6741102632885;9,74412100251254;0,056257708838169;0,0561153426505901;5,54738702493142;12,6238087255843;18,0945394754538;24,9295732235872;43,0238878788447
"Mu_N2nm[3, 2]";11,9362100654595;6,30607880227092;0,0364081629402211;0,0364069184163398;3,52883719376959;7,46452966269341;10,6418357939981;15,0409624354909;27,4753165083821
"Mu_N2nm[4, 2]";9,94215372312816;6,12993792424164;0,035391213106766;0,035389895099018;2,38116272848592;5,67558650020074;8,53412354460821;12,6114607752974;25,7931771071251
"Mu_N2nm[5, 2]";9,17368660550856;4,97254674351225;0,0287090120092479;0,02911679083367;2,05310364646398;5,55279231516707;8,31019232209969;11,8563204459545;21,1435363751591
"Mu_N2nm[6, 2]";19,1191759344787;8,24707910829194;0,0476145334320049;0,0476135570420422;6,43290074585452;13,1024690652027;17,9438140555216;23,8355301330682;38,4673310454765
"Mu_N2nm[7, 2]";9,23142843661013;4,9264755269537;0,0284430197164282;0,0284428029268027;2,67297045915798;5,71369506293464;8,20108191221168;11,585596521115;21,628221446932
"Mu_N2nm[8, 2]";28,140497290193;11,1477759733093;0,0643617145905575;0,0643101357632555;10,6493720815063;20,0540277069697;26,7461124626246;34,7039988111151;53,89241500736
"Mu_N2nm[9, 2]";24,9048397253559;10,2005465924049;0,0588928832100631;0,0584623196665709;9,58308471369982;17,4948115304044;23,3651291295602;30,6646435954102;49,1010321420697
"Mu_N2nm[10, 2]";21,2183287502932;8,46724416828576;0,0488856569985407;0,0488852976016918;7,91729939665809;15,0782172075268;20,1447388177945;26,1927783854824;40,6203091258647
"Mu_N2nm[11, 2]";44,5522684476913;16,9700838631228;0,0979768248654445;0,0989667270863095;18,1760310264869;32,0837751703962;42,2771239934673;54,563519741983;83,4025272759608
"Mu_N2nm[12, 2]";50,9386722762558;15,9036698837262;0,0918198808847224;0,0918231592393605;24,9341134209109;39,3975869224184;49,2155348238691;60,6784787001252;86,6879161553753
"Mu_N2nm[13, 2]";19,6409861232083;8,84117720494744;0,0510445603922959;0,0510752321682609;6,53544852639542;13,251253678686;18,3106711134047;24,5837729721888;40,7238614894265
"Mu_N2nm[14, 2]";68,0798045855963;21,0769743899609;0,121687968377468;0,122309875085486;33,9524160267544;52,7193238299446;65,8177604448381;80,8721498283736;115,913177830491
"Mu_N2nm[15, 2]";53,5534396124964;18,4067135923778;0,106271210474557;0,106138484268505;24,047286148786;40,4376451580429;51,2620343202458;64,2936360282684;95,6195761863937
"Mu_N2nm[16, 2]";46,6317185484826;15,7918052845947;0,0911740303205093;0,0901257829599122;21,6656717270199;35,1491677266681;44,7224637589827;55,8773870910795;82,5826481644646
"Mu_N2nm[17, 2]";39,4039135953312;14,058686566185;0,081167864734395;0,0817926544117412;17,0537548235399;29,257110099618;37,6115422445614;47,6549973830199;71,7963487033465
"Mu_N2nm[18, 2]";39,6476912288156;13,0377413343047;0,075273434689855;0,0751514246491568;18,2148007130554;30,2498607171852;38,3224864481666;47,5004204455642;68,7793103408543
"Mu_N2nm[19, 2]";26,7377276616882;9,36218001825052;0,0540525715373867;0,0540922045078906;11,5987184828363;20,007644536242;25,684906054785;32,2918405139405;48,082886867125
"Mu_N2nm[20, 2]";31,7041487912157;11,581202540032;0,0668641040402704;0,0671869939416389;12,9564311378518;23,3579843813833;30,3595500085943;38,6549264408158;58,0169349450735
"Mu_N2nm[21, 2]";32,5237198970603;13,2745646886593;0,0766407349637257;0,0775751188927635;11,8750535363274;22,9138895213399;30,6850857168229;40,2023194698934;63,2995937182429
"Mu_N2nm[22, 2]";27,7321657562956;10,9209122157564;0,0630519160756321;0,0630555909812295;11,0428295754864;19,7628810994042;26,1924746036088;34,0668456283166;53,0644310743455
"Mu_N2nm[23, 2]";31,4676267177547;15,5663423934373;0,0898723197114893;0,0892694675705797;9,55271536030947;20,1544634386436;28,6139064996533;39,7751006320782;69,1217415328796
"Mu_N2nm[24, 2]";21,4545467193381;10,760848829053;0,0621277896816262;0,0618667362335023;5,83035999509365;13,6536840805855;19,6705509952432;27,2908224732956;46,9058580919214
"Mu_N3[1]";450,978166072116;30,5356828629745;0,176297847208274;0,176294934599534;394,281471669362;429,833957161967;449,980629803216;471,018466126148;513,933712609469
"Mu_N3[2]";597,846173836636;28,2735108182609;0,163237190818587;0,163244409274397;544,243922823278;578,510643646647;597,033313614917;616,858014162498;654,635433683402
"Mu_N3[3]";279,798740553058;22,4442553268024;0,1295819685469;0,129520624023856;238,467899242689;264,020063195034;279,043744274816;294,375523401021;326,31265758411
"Mu_N3[4]";309,489557263186;36,2616259466247;0,209356595015373;0,20935948908429;244,293362786342;284,160981049217;307,447945060214;332,491697691045;386,271744284204
"Mu_N3[5]";322,697098961026;19,9168804655192;0,114990162981851;0,114918376082925;285,023549184174;309,212321712401;322,011041016687;335,553353795182;363,819890121306
"Mu_N3[6]";614,155764975685;38,4463765945768;0,221970258762447;0,221967704871931;542,789768475978;587,340406831993;612,827402527484;639,422694236198;693,268242537358
"Mu_N3[7]";228,949619564449;19,3544582427447;0,11174301676468;0,112425014827271;193,531203197187;215,537685006882;228,172865305865;241,543536175999;269,431294834515
"Mu_N3[8]";1132,95722161843;40,5673390004711;0,234215640922288;0,232133726546865;1055,74009640154;1105,4072154845;1132,1369577982;1159,73497499469;1214,32456117571
"Mu_N3[9]";468,879363839884;21,0100201912152;0,121301408130776;0,121813364537424;429,108106165932;454,471092935255;468,614242003706;482,596309205736;511,486068436927
"Mu_N3[10]";906,939322297786;38,8354543634244;0,224216600308245;0,225818339268332;832,986603764563;880,268584612925;906,166114238268;932,655994236507;985,006916894919
"Mu_N3[11]";498,748582805466;30,4336063918464;0,175708508427437;0,175713652684309;441,711952001833;477,830094961269;497,852543677023;518,800082093386;560,47521883852
"Mu_N3[12]";316,793974548477;23,9736039820859;0,138411667125028;0,139324493097189;272,185346811024;300,221819985677;315,894953754895;332,330102448901;366,200225373454
"Mu_N3[13]";298,488707220845;25,1606047939637;0,145264819507687;0,145812158565787;251,951098164311;281,124827827113;297,392771725009;314,909187856913;350,207810727469
"Mu_N3[14]";792,50808978832;34,5633847395236;0,199551794834686;0,200769160308657;727,095376088967;768,619876844376;791,850190508466;815,355028714463;862,122188970318
"Mu_N3[15]";405,550890167756;21,7620076360226;0,125643009667643;0,126650595047177;364,687186930747;390,6275787655;405,071398099845;419,724563927762;450,214181394977
"Mu_N3[16]";429,173764492556;39,9238789365961;0,230500622511378;0,230510790830828;355,625159860254;401,477163622603;427,546794347257;454,901187257201;512,68622044558
"Mu_N3[17]";626,53832584304;36,3824902883874;0,210054405617894;0,210058909601145;557,920057582297;601,587859684726;625,563297729327;650,591704567524;700,128513994341
"Mu_N3[18]";701,864439647773;41,1914089559681;0,237818710490282;0,242271834303237;624,60469219387;673,624907858571;700,638807150145;728,883619744633;786,707710080576
"Mu_N3[19]";617,71007758191;33,6479603702341;0,194266589774365;0,193097132189296;554,099519871793;594,516281482022;616,921144046922;639,88039184384;686,398294351676
"Mu_N3[20]";636,375436890413;33,747108472691;0,194839021610796;0,191538896257112;572,916551365179;613,157308591999;635,398485435866;658,45615497092;704,776440454024
"Mu_N3[21]";966,952273572203;30,1322371265657;0,173968552163083;0,172913414349987;908,770456552106;946,313891169148;966,927852393809;986,973660785087;1026,68157317234
"Mu_N3[22]";324,187624645244;27,8324535601773;0,160690745551761;0,159082297398045;273,155904742529;304,868768177756;322,81350078218;342,033722754978;382,01098872167
"Mu_N3[23]";251,776716410618;22,3613096664895;0,129103081553803;0,129637862724344;210,072264097045;236,475677670091;250,78387188858;266,138137914701;298,178752186969
"Mu_N3[24]";451,288101170055;35,5776184131291;0,205407475679459;0,204561101035725;385,674360613358;426,471379130555;449,900888280124;474,570361182257;524,322219941097
"Mu_N4[1]";39,5439620015068;8,28404092372047;0,0478279325728789;0,0482997012081464;25,6186841747505;33,6933160626744;38,7334286881397;44,5243966123476;57,9350821409683
"Mu_N4[2]";107,559266564783;15,9944257223177;0,092343859963136;0,0948852721981174;79,6257178091724;96,3109986352707;106,322187080681;117,445222828431;142,202827965963
"Mu_N4[3]";55,2252186470456;10,1731859636947;0,0587349165465528;0,0581086898760243;37,8501011681865;48,0086253613459;54,3297018568288;61,3872347763365;77,7475004499806
"Mu_N4[4]";47,5761836797745;8,87493196554128;0,0512394435934487;0,0514501508653172;32,5297451668865;41,3173031106057;46,8210805584953;52,9937542206936;67,2087134501674
"Mu_N4[5]";34,3190993403791;7,33916304833924;0,0423726776158522;0,042543852257795;21,9902637582817;29,1154966872139;33,6781846828428;38,6736673140569;50,8083649374374
"Mu_N4[6]";69,771726551723;9,74583495626012;0,0562676043547445;0,0571477762408426;52,661174130329;62,9727277198225;69,0534559056621;75,9035076944516;90,8021261951579
"Mu_N4[7]";64,6778923347422;7,95969555765858;0,0459553237288165;0,046123442698708;50,4348692054211;59,121767206942;64,16819775088;69,7534734680955;81,6097531866502
"Mu_N4[8]";138,247949678196;14,0264782499258;0,0809819099337709;0,0802555234695696;112,901364904364;128,494974516225;137,527411833441;147,302980899326;167,84150039539
"Mu_N4[9]";110,08884395113;14,6200740286835;0,0844090367603269;0,0847740788450921;84,3507158639409;99,7595007055943;109,019177097114;119,333976255819;141,671333041989
"Mu_N4[10]";105,102429426941;13,3190475348059;0,0768975567956959;0,0775543254618103;81,23705850087;95,7114480349837;104,282893886201;113,570387388179;133,356204391922
"Mu_N4[11]";94,6668323559085;13,4674919556449;0,0777546010590072;0,0772132978887094;70,9434998748556;85,1643364020625;93,7104251021164;103,177776954883;123,763582410761
"Mu_N4[12]";121,46948568859;16,1262286533224;0,0931048245400912;0,0929347827425073;93,0799150383853;110,179792339179;120,341761045848;131,65701907509;156,065816327721
"Mu_N4[13]";77,2500818222024;11,2729670005609;0,065084505323396;0,0650858514750899;57,2780896526895;69,3009138128646;76,4691109866032;84,3374964385417;101,474849439053
"Mu_N4[14]";226,486615966026;20,129609189829;0,116218352844298;0,115736870894279;189,795831320827;212,468981129214;225,64356289353;239,387446737654;268,462041428673
"Mu_N4[15]";156,850218365136;21,6759707264888;0,125146275338847;0,126150290467444;118,702911241511;141,593857044474;155,352882338313;170,577612791224;203,223716507608
"Mu_N4[16]";115,520556021235;16,3613115364232;0,0944620761984928;0,0935848057343246;86,9144218377387;104,067616633237;114,317126216271;125,833414802242;150,795319031829
"Mu_N4[17]";151,915846024985;16,1297124621198;0,0931249383195612;0,0921219151257699;122,799123751595;140,63552877009;151,112753678253;162,230000821395;185,940639172117
"Mu_N4[18]";190,790750015962;21,1752378156;0,12225529252991;0,121027659425236;153,058494776968;176,021770186264;189,523217948684;204,418571959331;235,425561420919
"Mu_N4[19]";103,212114474772;14,0693798647811;0,0812296025226245;0,0803969764220884;78,4887729011935;93,270566633404;102,288875960892;112,065889484979;133,483881445075
"Mu_N4[20]";151,622367320418;13,1379132348447;0,0758517774272752;0,0761718422623346;127,555888036684;142,518588049933;151,111537164038;160,170834342701;178,881901621536
"Mu_N4[21]";180,471214170506;28,8860992870865;0,166773971992376;0,164997038505118;130,224267388363;160,139414266156;178,25314878111;198,557144597627;242,700028526486
"Mu_N4[22]";55,7861338692369;9,34878625910049;0,0539752426328794;0,0540421480749857;39,7837039775954;49,185292856541;55,0114461392095;61,519854460703;76,2226148551106
"Mu_N4[23]";55,6023635043841;13,6748931795742;0,0789520325836657;0,079901696832593;33,6080717344361;45,8135641764884;53,9707138053203;63,639425543397;86,4643473434474
"Mu_N4[24]";55,0788211325726;10,2200647294424;0,0590055712267897;0,058969684745256;37,7508548088916;47,8466819850783;54,1687108737941;61,3691722129376;77,5975231641561
"Mu_Sd_L1";0,201588517711474;0,0054997611481304;3,17528857935173e-05;3,17814578195427e-05;0,191316114717554;0,197866619640474;0,201410588142972;0,205060048660323;0,213025829962971
"Mu_Sd_L1surv";0,198109586869093;0,00310308987152626;1,79156977264528e-05;1,81325794569722e-05;0,19214540704777;0,195985576260745;0,198064907232284;0,200171905009574;0,204339714907079
"Mu_Sd_L2";0,286982001302949;0,00861706361463549;4,97506399753393e-05;4,92541463699071e-05;0,270808224496885;0,281251023655647;0,286619398508688;0,292330059130108;0,305221111101316
"Mu_Sd_L2m";0,279333060513473;0,00423655530914206;2,4459763481699e-05;2,42935498232895e-05;0,27112421063198;0,276433997259466;0,279294953538739;0,282127939615765;0,287823820707549
"Mu_Sd_L2nm";0,2759160439283;0,00442268225976681;2,55343679321655e-05;2,54387869674366e-05;0,267411924681475;0,2729106203634;0,275863628663642;0,278861156099881;0,284818188393631
"Sd_Alpha1[1]";0,647063831074235;0,116120427237128;0,000670421599237704;0,000679238654914902;0,458634664164674;0,565435778179536;0,634624920902421;0,713887625805072;0,911883875835002
"Sd_Alpha1[2]";0,464724728999815;0,0999345585282099;0,000576972442676084;0,000567276311293472;0,298311798482631;0,39499753854197;0,455058764677585;0,52428510681242;0,690153165195816
"Sd_Alpha2[1]";0,454364832471758;0,0976888244097361;0,000564006690697792;0,000561967699928027;0,29112012147447;0,38563409050694;0,44483732565845;0,512849099164461;0,672653985267541
"Sd_Alpha2[2]";0,680576578798037;0,177171449085901;0,00102289983822461;0,00102857823778718;0,375360839997683;0,558696758211434;0,664727947961762;0,786783539098695;1,07188647572087
"Sd_L1[1]";0,204797782680136;0,0132519673739294;7,65102693063031e-05;7,65146437239258e-05;0,180917752436492;0,195607035421078;0,204057440223272;0,213105601010953;0,233027724788792
"Sd_L1[2]";0,222197198625589;0,0141811523159279;8,18749210702007e-05;8,15354947454324e-05;0,197362145124873;0,212306496737959;0,221090717883174;0,230989418348552;0,253120713838833
"Sd_L1[3]";0,209373521582527;0,0127243130112951;7,34638554232429e-05;7,44942205980779e-05;0,186310950995851;0,200610927748518;0,208719682578952;0,217383589919739;0,236418225588362
"Sd_L1[4]";0,200111327023675;0,012699479346953;7,33204781953142e-05;7,30683532297738e-05;0,177009562882899;0,191365920667145;0,199428572280424;0,208265509084354;0,226770284849623
"Sd_L1[5]";0,212038171550732;0,0134868653036283;7,78664531357401e-05;7,88695250633893e-05;0,188005503032819;0,20269681279651;0,211145622390881;0,220451263266055;0,240917279691544
"Sd_L1[6]";0,223237912570992;0,0137925493367023;7,96313207235629e-05;7,99311110481903e-05;0,1985440576411;0,213575229253616;0,222338284910196;0,231855588686948;0,252713558447245
"Sd_L1[7]";0,190994686805781;0,0121623690060377;7,02194701961943e-05;7,04487419733787e-05;0,168247755894526;0,182611186563054;0,190670975962999;0,198847920999817;0,216070248871054
"Sd_L1[8]";0,193507619441216;0,0122516682414085;7,07350395719921e-05;6,98737350868957e-05;0,170764509489468;0,185113769046267;0,193033783287616;0,201405374718886;0,218706209043788
"Sd_L1[9]";0,21110335168328;0,0127422327947552;7,35673153412881e-05;7,5208587294105e-05;0,187974721017093;0,202230112954318;0,21034747509847;0,219216364664029;0,238050907059132
"Sd_L1[10]";0,2277127592149;0,0145729165374579;8,41367728577926e-05;8,30863718149924e-05;0,201712304346355;0,217523081226516;0,226727403240363;0,236704470917079;0,259187556639256
"Sd_L1[11]";0,216524136683655;0,0129839375668483;7,49627984936116e-05;7,44849212174294e-05;0,19321654396217;0,207422290059182;0,215784925127275;0,224786671707691;0,244468209676619
"Sd_L1[12]";0,203461650602863;0,0123913442205735;7,15414592136945e-05;7,16170673418431e-05;0,180651802220682;0,194959245064119;0,202831991018739;0,211348561670235;0,229782898572638
"Sd_L1[13]";0,218422285679052;0,0135905377235283;7,84650061311085e-05;7,81789844557552e-05;0,194376653550852;0,208952623963306;0,217649419952446;0,226905928229865;0,247440496177797
"Sd_L1[14]";0,178729415237814;0,0117365387612214;6,77609381314564e-05;6,89098531430403e-05;0,156669668042584;0,170630283406438;0,178378595036379;0,186433471576975;0,202779587007463
"Sd_L1[15]";0,18883738647885;0,0114660763406521;6,61994226182426e-05;6,73853107393117e-05;0,167351278592462;0,180901096174316;0,188549246056411;0,196441889368125;0,212140284364436
"Sd_L1[16]";0,224642159992551;0,0138748594757012;8,01065385326434e-05;7,98523551785569e-05;0,200146086658461;0,21486623571061;0,223703316404821;0,233374235686714;0,254367860419454
"Sd_L1[17]";0,188365100537366;0,0116566267859166;6,72995661269194e-05;6,66137055961364e-05;0,166463553027631;0,1803750154475;0,187984484766828;0,195970991518006;0,212456364093857
"Sd_L1[18]";0,169893726149641;0,0119435577392308;6,89561627582676e-05;6,8956612209629e-05;0,147656894735354;0,161549758044414;0,169531381342809;0,177787694467853;0,194429015284919
"Sd_L1[19]";0,19333859270823;0,0118911208696954;6,86534183508503e-05;6,77112331903824e-05;0,171325912134006;0,185115775605224;0,19289425733569;0,201060184904095;0,217907492364412
"Sd_L1[20]";0,179339940591926;0,0115008156780117;6,63999902760032e-05;6,68783260834002e-05;0,157780328474283;0,171404640657796;0,178952773058234;0,186966968957548;0,202747279522042
"Sd_L1[21]";0,192978225822169;0,0117492246859721;6,78341803521541e-05;6,80043451996462e-05;0,170974006934297;0,184855752356092;0,19258692036897;0,200644696001456;0,217210295359287
"Sd_L1[22]";0,194620323999366;0,0116900064600692;6,74922837654941e-05;6,8404549698294e-05;0,173058155288343;0,186609636781948;0,194201112298292;0,202071282651204;0,218817143731559
"Sd_L1[23]";0,1915364512398;0,012405161056146;7,16212307510654e-05;7,16956813512379e-05;0,168341888051785;0,183067419659442;0,19112466832644;0,199403210551636;0,217284128973467
"Sd_L1[24]";0,190203728257086;0,0127149205928622;7,3409628270137e-05;7,3821042909358e-05;0,16651518929142;0,181433148111201;0,189819466123171;0,198545571793088;0,216542309498517
"Sd_L1surv[1]";0,200238352544712;0,0121669742964693;7,02460588528981e-05;7,02500111053927e-05;0,177900796731083;0,191824612610366;0,199720649528186;0,207995452849096;0,225770653845185
"Sd_L1surv[2]";0,218201416043165;0,012820153384611;7,40171900765743e-05;7,36766415387481e-05;0,195107056383393;0,209246946413642;0,217420714703725;0,226412604173798;0,245387412707501
"Sd_L1surv[3]";0,206558110202629;0,0119180371302862;6,8808819453827e-05;6,97014544486736e-05;0,184642250008062;0,198343793292386;0,206084040716569;0,214231675067649;0,231441278166822
"Sd_L1surv[4]";0,196707017010841;0,0118946840228027;6,86739902249069e-05;6,84458313698065e-05;0,17484426974374;0,188595164306467;0,196174787197292;0,20448849723659;0,221356735674176
"Sd_L1surv[5]";0,208069060298271;0,0124182143797582;7,16965941500788e-05;7,26899636855122e-05;0,185466525548827;0,199480133235093;0,207405564926486;0,215985285231184;0,234153636587899
"Sd_L1surv[6]";0,219608103656545;0,0125860285655586;7,26654698035355e-05;7,29177275339808e-05;0,19651397544554;0,210827265480302;0,218967338122331;0,227645810007742;0,246009388301428
"Sd_L1surv[7]";0,187253455917988;0,0114021962759275;6,58306108925967e-05;6,60772434398413e-05;0,165689588639798;0,179399809036761;0,187024515101718;0,194684937196779;0,210502670999864
"Sd_L1surv[8]";0,190531244666945;0,0115687851350079;6,67924121189377e-05;6,59711355134013e-05;0,168847993929086;0,182586262305368;0,190207530864679;0,19809490589563;0,214103475693726
"Sd_L1surv[9]";0,207981690542188;0,0118875011845408;6,86325200888664e-05;6,93444472574635e-05;0,186062468127471;0,199760038065063;0,207404044021141;0,21565097510975;0,232768069667135
"Sd_L1surv[10]";0,222609050018077;0,0129356354286632;7,46839259687758e-05;7,29896847598406e-05;0,198778931827353;0,213608826866358;0,221994524657102;0,230860153272235;0,249895462568836
"Sd_L1surv[11]";0,212799533894655;0,0119654705315457;6,90826763236843e-05;6,86497756241271e-05;0,190929702269358;0,204436422950559;0,212287916308352;0,220573084996805;0,238079179110058
"Sd_L1surv[12]";0,20117571323289;0,0117605586677095;6,78996171262248e-05;6,79838809812922e-05;0,179234333371703;0,193130823260643;0,200651465004578;0,208779406056595;0,225836248547414
"Sd_L1surv[13]";0,215852008327454;0,0126159303142832;7,28381076302898e-05;7,25960919156607e-05;0,192999928132035;0,207049554766077;0,215338742452283;0,223923099690925;0,242307158003335
"Sd_L1surv[14]";0,177072416794774;0,0113828652238138;6,57190030111814e-05;6,68019860063735e-05;0,155565940444035;0,169212292224566;0,176775112080458;0,184594883052102;0,200292636961356
"Sd_L1surv[15]";0,186951924159792;0,0110024332068061;6,35225777369038e-05;6,46696792925047e-05;0,166169340100605;0,179369900484878;0,186714135916736;0,194340684652075;0,209175083570414
"Sd_L1surv[16]";0,220771617405368;0,0125820417049342;7,26424516529883e-05;7,26470285740937e-05;0,197975922703601;0,211926249603875;0,220138223129627;0,228874684232722;0,247200924535018
"Sd_L1surv[17]";0,185899099247816;0,011070021738082;6,39128003041665e-05;6,32552036371285e-05;0,164917713826724;0,178317354409741;0,185619056911273;0,193181842268925;0,208647751957862
"Sd_L1surv[18]";0,168090765827455;0,0115154095284177;6,64842479106072e-05;6,6484564013426e-05;0,146506428927133;0,160062044639988;0,167785844880111;0,175731623471773;0,191586242643836
"Sd_L1surv[19]";0,191294359784294;0,0114157677619181;6,59089659034964e-05;6,59116916744235e-05;0,170010962939319;0,183406026746821;0,190923621108452;0,198791750824657;0,214626309820172
"Sd_L1surv[20]";0,177090331803179;0,0110330399719125;6,36992859776358e-05;6,41656152916127e-05;0,156353900867275;0,16948983226878;0,176763197641194;0,184433881193081;0,199407237820724
"Sd_L1surv[21]";0,190093098056954;0,0111357851556016;6,4292485572244e-05;6,4519442536983e-05;0,169032290998229;0,182430856510062;0,189783742719083;0,197427505966339;0,212805957745763
"Sd_L1surv[22]";0,192629794566723;0,0112071778121545;6,47046712670338e-05;6,56252928351813e-05;0,171744550247425;0,184970444619819;0,19230263332203;0,199856501081265;0,215702041599536
"Sd_L1surv[23]";0,18953982751845;0,0118712725291794;6,85388239034515e-05;6,86304523196467e-05;0,167105454177215;0,181467646966916;0,189214185895869;0,197131142824593;0,213965646407667
"Sd_L1surv[24]";0,187612093337071;0,0120883868841935;6,97923342165747e-05;7,02179082218726e-05;0,164843452032454;0,179307460269431;0,187317962122059;0,195639398853995;0,212271077395718
"Sd_L2[1]";0,345302190749821;0,0240054536439624;0,000138595551233608;0,000137376817468203;0,303257892919529;0,328324611760269;0,343554452609711;0,360165653190129;0,39696689795531
"Sd_L2[2]";0,299798253093388;0,0184699371997235;0,000106636232141759;0,000106714571439748;0,266417038602892;0,286980916043607;0,298830654773809;0,311415612648952;0,338800071591152
"Sd_L2[3]";0,280462063378947;0,0172251494710224;9,94494468392631e-05;9,94525663365212e-05;0,248745004041717;0,268567291633371;0,279694240786008;0,291565014634837;0,316200012880759
"Sd_L2[4]";0,327653907747267;0,0224257319105845;0,000129475023553503;0,000129970443706425;0,288193177801214;0,311852176560051;0,326051932913428;0,34178339721944;0,37553453609215
"Sd_L2[5]";0,343980861789594;0,0244591882585819;0,00014121518925252;0,000142539222776767;0,300989977173559;0,326870122752701;0,342112396781735;0,359173098775401;0,396667217363017
"Sd_L2[6]";0,30933832235306;0,0198397673590156;0,000114544950253872;0,000115017148867534;0,273533579106285;0,295585969188548;0,308131448159699;0,321779728604604;0,351952078281673
"Sd_L2[7]";0,325184576291916;0,0197931673130074;0,000114275904762801;0,000112755806760394;0,289747941607851;0,311320339888611;0,323952138877586;0,337828702493234;0,367449897847701
"Sd_L2[8]";0,256402862345155;0,0157577073511682;9,09771658100828e-05;9,17422572828816e-05;0,227088631633513;0,245479512826798;0,255942528741993;0,266591933397652;0,288829917057171
"Sd_L2[9]";0,288625060966097;0,0201009428504942;0,000116052847656981;0,000114846304381258;0,252410629113897;0,274646154216075;0,287589969903756;0,301452003870639;0,331339244409307
"Sd_L2[10]";0,291541386361471;0,0194279876854891;0,000112167539200299;0,000111605715184599;0,256190603014967;0,278123037322391;0,290509197753787;0,303920728695234;0,332336367830086
"Sd_L2[11]";0,294186047485654;0,019213030133707;0,000110926481196441;0,000110313476872255;0,259760414045532;0,280778894711087;0,293287021598943;0,306266730615393;0,334729305855868
"Sd_L2[12]";0,282014358237634;0,0174038273479051;0,000100481044042428;0,000100146027271162;0,250421612225815;0,269914037428881;0,281181504140258;0,293174599891579;0,318491720074686
"Sd_L2[13]";0,296792699707399;0,0191177002632594;0,000110376093932794;0,000109077365948191;0,262173487532261;0,283484732781036;0,295656553110367;0,30902365066959;0,336922217841662
"Sd_L2[14]";0,247421784524757;0,0156757138492016;9,05037761057609e-05;8,95269157706793e-05;0,218535652451943;0,236482226564329;0,246952994090041;0,25750630121404;0,27975052325138
"Sd_L2[15]";0,254572835558873;0,0167857972138698;9,69128453999019e-05;9,63683494437425e-05;0,223722899839232;0,242973391973633;0,253824996374876;0,265445927155055;0,28922660792958
"Sd_L2[16]";0,279073298097169;0,0174251232414578;0,000100603995941181;9,87904701158369e-05;0,247174574974799;0,267085882086704;0,278169594468061;0,290229628305158;0,316087770827455
"Sd_L2[17]";0,26621423129972;0,0184773932520791;0,000106679279680104;0,000106304024591808;0,232104878810108;0,253403556132283;0,265416069463219;0,278121731492911;0,304662030110012
"Sd_L2[18]";0,269895630801525;0,0171621811685065;9,90858991751838e-05;9,70132325545744e-05;0,238479460454451;0,257957967760741;0,269042967159234;0,280904035355377;0,305833434036566
"Sd_L2[19]";0,254991528084151;0,0166028900677762;9,58568304995634e-05;9,68085182775868e-05;0,224356910836523;0,243466583652029;0,254367780356947;0,265860257401165;0,289178960563535
"Sd_L2[20]";0,252385550076113;0,0160011476012566;9,23826687492845e-05;9,36291046081703e-05;0,222678886981718;0,241352040357059;0,251681330826872;0,262837731197637;0,285187119653243
"Sd_L2[21]";0,266634109056433;0,0154440135102642;8,91660535751922e-05;8,93113079056355e-05;0,237968671942874;0,256021047798572;0,266047977355005;0,276586013834094;0,298432878396745
"Sd_L2[22]";0,26453162987863;0,0155875066436359;8,99945115669827e-05;9,0871960606661e-05;0,235854080411154;0,253809860674656;0,263932494324908;0,27449482024766;0,296994080490879
"Sd_L2[23]";0,282621351734666;0,0182513091721855;0,000105373982636244;0,000103777569001058;0,249257909959411;0,269919970181962;0,281673707676134;0,294209810683112;0,321104178639698
"Sd_L2[24]";0,288069901385904;0,0185197321312451;0,000106923723312941;0,000107371971808665;0,254065067111945;0,275258451761974;0,287103404457708;0,300006423160381;0,32715444438568
"Sd_L2m[1]";0,331901324189701;0,0192690992109687;0,000111250196164944;0,000109908749771076;0,296532001320957;0,318367872216378;0,331093332824681;0,344418606970096;0,372139907470165
"Sd_L2m[2]";0,293610132173767;0,0167781489694891;9,68686882403816e-05;9,69697517833854e-05;0,262556516316943;0,28208871852736;0,292928879632592;0,304446350463837;0,328213539512684
"Sd_L2m[3]";0,274092456892031;0,0158308774542285;9,1399613597068e-05;9,14023398894473e-05;0,244405751551892;0,263198510638327;0,273576057970634;0,28439179500896;0,306438181098244
"Sd_L2m[4]";0,31497698504302;0,0185105371739189;0,000106870636202067;0,000107111330002683;0,281097872734875;0,302066844497931;0,314108519764882;0,326993283076873;0,352944639719834
"Sd_L2m[5]";0,334111502512307;0,0209675196556735;0,000121056031174418;0,00012223668357517;0,295602094729546;0,319432791541236;0,333011764982626;0,347695473718357;0,377866246845005
"Sd_L2m[6]";0,302630348452262;0,0179559535429404;0,000103668746115731;0,000103977551769837;0,269325591837085;0,290218520966507;0,301860489823893;0,314190661907578;0,340212623064322
"Sd_L2m[7]";0,312819877224349;0,0167831567449428;9,68976006454443e-05;9,53203646414859e-05;0,281858959337835;0,301204542188897;0,312080867554123;0,323752566018456;0,347674263681769
"Sd_L2m[8]";0,252852782530678;0,015032359626642;8,678936876997e-05;8,75646611692425e-05;0,224620278032182;0,242403346539496;0,252479237853581;0,262647871567597;0,283480479509752
"Sd_L2m[9]";0,282056366250661;0,0182698220549665;0,000105480866814815;0,000104378137146236;0,248410825050684;0,269338852511122;0,281368792500188;0,293885163857179;0,320103626914874
"Sd_L2m[10]";0,285760228063803;0,0176935173461686;0,000102153570027218;0,000101673253538062;0,252870241212786;0,273571519847432;0,285068528595521;0,29730612675828;0,322122720607493
"Sd_L2m[11]";0,286673156479548;0,0175958080612235;0,000101589445207564;0,000101001662805839;0,254542454060293;0,274470912711284;0,286038082636925;0,297967218232596;0,323298897325769
"Sd_L2m[12]";0,273382360991011;0,0159490277738881;9,20817547856713e-05;9,27566308244638e-05;0,244140351137894;0,262237544500697;0,272739297009825;0,283650891949164;0,306713068378939
"Sd_L2m[13]";0,289715609004013;0,0176341859186939;0,000101811019870978;0,000100646756236713;0,257366553339597;0,277497068478;0,288883143624562;0,301117508734082;0,326227757997684
"Sd_L2m[14]";0,242735879813113;0,0148889129877801;8,59611792143575e-05;8,43511373736942e-05;0,215122036019943;0,232360681665698;0,242323232218817;0,25239642934276;0,273433636833163
"Sd_L2m[15]";0,249897707853657;0,0157863705175746;9,11426526784888e-05;9,16285086821228e-05;0,220518053301199;0,239014074635163;0,249239359852109;0,260240867924219;0,282400753032844
"Sd_L2m[16]";0,272273938757074;0,0161964759869543;9,35103977099139e-05;9,23721085518627e-05;0,242311175929672;0,261214524130713;0,27149044872045;0,282723544361033;0,30616218260816
"Sd_L2m[17]";0,26031285886586;0,0172405119496628;9,9538142151048e-05;9,9191337658174e-05;0,228259077750406;0,248390886327517;0,259659891122976;0,271528551695731;0,295882698493584
"Sd_L2m[18]";0,264182249629417;0,0158804279775061;9,16856936765963e-05;8,99522455947549e-05;0,234763163823045;0,25316579496838;0,263474353147385;0,274469272250781;0,296926584705446
"Sd_L2m[19]";0,25082650821825;0,0158276554655854;9,13810114369637e-05;9,22845076678837e-05;0,221474802946106;0,23984431580054;0,250255369997199;0,261280389029361;0,283286219387592
"Sd_L2m[20]";0,24836852061143;0,015267638145355;8,81477499311052e-05;8,77931534032287e-05;0,219894464861951;0,237869139455278;0,247782804638699;0,258415386729278;0,279526247985668
"Sd_L2m[21]";0,262548284561683;0,0147689023173265;8,52682972854375e-05;8,54682460371102e-05;0,235024719072435;0,252361020795732;0,26202568953709;0,272143572340477;0,292817712819934
"Sd_L2m[22]";0,259516149305898;0,0147961490375639;8,54256062980733e-05;8,69030923625738e-05;0,232096084603719;0,249302651281634;0,25902511386876;0,269033611060871;0,290146588712942
"Sd_L2m[23]";0,27598230137998;0,016953825511067;9,78829572260846e-05;9,64652359078036e-05;0,244898952123549;0,264179703536802;0,27524160517028;0,286921910654699;0,311491944978793
"Sd_L2m[24]";0,282765923519835;0,0174106788900007;0,00010052060143916;0,000100987353224445;0,250523171083066;0,270724026763512;0,281971768674465;0,294155183724329;0,318734334219893
"Sd_L2nm[1]";0,330802069433588;0,0200380523842928;0,000115689749381073;0,000114475592634426;0,294315824279794;0,316791131914986;0,329952986606063;0,343593651627687;0,372456362999236
"Sd_L2nm[2]";0,288467251581438;0,0164531499250205;9,49923053822785e-05;9,50539235544307e-05;0,258349693910947;0,277067640028806;0,287820204833267;0,298966953405137;0,322508928909022
"Sd_L2nm[3]";0,271539510809448;0,0156548176431564;9,03831318039087e-05;9,03857788023375e-05;0,242309552264573;0,260723409576398;0,270873132549501;0,281674186582278;0,303773253439812
"Sd_L2nm[4]";0,313840811586169;0,0191751752446614;0,000110707925892635;0,000111711604949924;0,279101132522547;0,300434780138593;0,312802266584858;0,326293528578642;0,353480734678391
"Sd_L2nm[5]";0,327371952629694;0,0196959629009746;0,000113714694828265;0,00011479093674278;0,291040661912485;0,313629667934307;0,3264558716124;0,34015686337961;0,368302497142056
"Sd_L2nm[6]";0,298663383674925;0,0175361828522535;0,00010124519890307;0,000101428542939467;0,266197526816643;0,286539741992905;0,297880156425755;0,309946146173865;0,335336544614217
"Sd_L2nm[7]";0,309578257322345;0,016874255477854;9,74235594251352e-05;9,5907967152474e-05;0,278696996725437;0,297860757644437;0,308819416616614;0,320571546602031;0,3446793304202
"Sd_L2nm[8]";0,250320470310906;0,014727883639535;8,50314758387902e-05;8,58722235762564e-05;0,222763835327662;0,240097457646727;0,249939196039636;0,259936054526532;0,280388166530165
"Sd_L2nm[9]";0,278400640666485;0,0180369701812606;0,000104136495895161;0,000102963051120598;0,245480937838323;0,265843871758298;0,277658342752631;0,290080369635392;0,316172775931355
"Sd_L2nm[10]";0,282466424170584;0,0175867028326388;0,00010153687614582;0,000101096651530002;0,249968364397214;0,270364642391277;0,281805088730495;0,293871366624528;0,318999889045468
"Sd_L2nm[11]";0,284067753723112;0,0170517273172566;9,84481935676618e-05;9,71599252927342e-05;0,25281055965169;0,272245840430845;0,283427863268151;0,295071636070798;0,319422918220473
"Sd_L2nm[12]";0,271088157321159;0,0151753023732312;8,76146491021899e-05;8,7610502794291e-05;0,242941624799499;0,260505301408684;0,27056468108699;0,281000101633721;0,302471644738609
"Sd_L2nm[13]";0,283708116620415;0,0159484356400781;9,20783360995252e-05;9,20567004055647e-05;0,253807730395741;0,272630183266407;0,283148898563523;0,294202863043441;0,316280761340233
"Sd_L2nm[14]";0,240804305761753;0,0145330695838654;8,39067163639627e-05;8,35512303176288e-05;0,213815838486126;0,230675209200645;0,240435187506079;0,250238395277787;0,270708411597157
"Sd_L2nm[15]";0,246502471167489;0,0147088590005056;8,49216370341415e-05;8,46056256257067e-05;0,218633159351676;0,236410217756978;0,246056125453577;0,256294765125238;0,276272292554359
"Sd_L2nm[16]";0,269019933049423;0,0151961673455106;8,77351130758113e-05;8,59976778057843e-05;0,240473762548313;0,258657588471078;0,268432244268707;0,278964541584022;0,300223301770116
"Sd_L2nm[17]";0,256780281905237;0,016003631477467;9,23970094152717e-05;9,21020175199576e-05;0,226446521680455;0,245790894216484;0,256358063853987;0,267340356111574;0,289277681311136
"Sd_L2nm[18]";0,258676904610729;0,0142547699722316;8,22999528070411e-05;8,13255925152108e-05;0,231720126755568;0,248949164408042;0,25822866470695;0,268088981306914;0,287356961658245
"Sd_L2nm[19]";0,247919619783543;0,0149732154652438;8,64478997949277e-05;8,73131751403231e-05;0,219727747336383;0,237516136901715;0,247481152840016;0,257891883144872;0,278258264287651
"Sd_L2nm[20]";0,24488569953813;0,0144195030769748;8,32510398307203e-05;8,41034568645318e-05;0,217655026039755;0,234923375268535;0,244469710364301;0,254444882714008;0,273852989404352
"Sd_L2nm[21]";0,25839132486188;0,0139483393872571;8,05307749998114e-05;8,07075502081709e-05;0,232302658648393;0,248787021997936;0,257989136256005;0,267505611982638;0,286795065908008
"Sd_L2nm[22]";0,257376831872517;0,014239368189985;8,22110305757801e-05;8,36937557098883e-05;0,230769893271426;0,247605238266159;0,256965552961825;0,266639385886296;0,286695857372714
"Sd_L2nm[23]";0,272293792450498;0,0156678372479245;9,04583005270844e-05;8,92710386924703e-05;0,242907367409798;0,261470920825947;0,2718245379058;0,282570611229017;0,30436268832555
"Sd_L2nm[24]";0,279019089427726;0,0162236258199943;9,36671473440545e-05;9,40975955324953e-05;0,248529291661446;0,267799806459379;0,278432528040775;0,289726783588108;0,311992173783498
