"Parameter";"Mean";"SD";"Naive SE";"Time-series SE";"2.5%";"25%";"50%";"75%";"97.5%"
"Alpha1[1]";-1,13011850823477;0,205564962915301;0,00118682986675105;0,00119244738978186;-1,52063982258733;-1,26968933156841;-1,13594939180689;-0,995145653211189;-0,711295797026176
"Alpha1[2]";-2,42762021690927;0,0792137188796527;0,000457340619186788;0,000454277831133246;-2,58465479939273;-2,47999813476138;-2,42779425973432;-2,37417848104661;-2,27207402615082
"Alpha1[3]";-2,44559190215474;0,122628001696167;0,000707993097894678;0,000716577123536848;-2,68719436357182;-2,52802224184848;-2,44555964416482;-2,36236948460178;-2,20476833196518
"Alpha1[4]";-1,67964149122157;0,165927670746223;0,000957983853713394;0,000957330454443755;-1,99736443829653;-1,79207677757807;-1,68243950201121;-1,56968250967128;-1,34795672812038
"Alpha1[5]";-1,82370928925738;0,127106134759018;0,000733847611187718;0,000733055866005937;-2,06674173981513;-1,90976825598333;-1,82545590067221;-1,73873513305665;-1,57027985646864
"Alpha1[6]";-2,58190882356313;0,101284113203828;0,000584764100228625;0,000582567359410355;-2,7802814167745;-2,65055612494949;-2,58272250930174;-2,51358054099168;-2,38380998723696
"Alpha1[7]";-0,958387484367931;0,145831748465138;0,000841959992327411;0,000852247614121534;-1,23389085288446;-1,05829688237587;-0,961227143152194;-0,861919982436751;-0,663900240797921
"Alpha1[8]";-1,79756825780342;0,0667355327458322;0,000385297777953193;0,000385502926771539;-1,93129736134477;-1,84130835974491;-1,79666968180346;-1,75279284013305;-1,66910291965576
"Alpha1[9]";-2,26884138945412;0,0725629161201963;0,000418942191551796;0,000418773003770309;-2,4120203490711;-2,31734272241506;-2,26881047051938;-2,21999993694538;-2,12654224582684
"Alpha1[10]";-2,09224621413932;0,0735202792605356;0,000424469530219667;0,000424429508087225;-2,23835206790993;-2,14058518102655;-2,09156334254507;-2,04301971788012;-1,94914329565383
"Alpha1[11]";-2,13519817120677;0,101732115183972;0,000587350640866962;0,000587349743332303;-2,33510417898518;-2,20364098635876;-2,13546263372101;-2,06683682618782;-1,9371928078602
"Alpha1[12]";-2,57802752905938;0,0946746251528455;0,000546604203174223;0,00053696637901014;-2,76548941348112;-2,64141983554334;-2,57795111006187;-2,51405360447266;-2,39100052426266
"Alpha1[13]";-3,11833686379403;0,11100276776385;0,000640874778492525;0,000643636731367317;-3,33610679453958;-3,19301976098428;-3,1191963665642;-3,04327144505695;-2,89971374451509
"Alpha1[14]";-2,21920571099622;0,0772720592275334;0,000446130441958531;0,000445460725245972;-2,37023281920864;-2,27151169842992;-2,21920848599567;-2,16759420376106;-2,06825070030493
"Alpha1[15]";-2,45739902314541;0,0891482500722294;0,000514697661769857;0,00051391688964196;-2,62983033770485;-2,51739730056811;-2,45851845596558;-2,3977504865378;-2,28020030159578
"Alpha1[16]";-2,53870031007761;0,127884262853618;0,000738340135836531;0,000735277563767126;-2,79014042597184;-2,62499665593306;-2,53918370116971;-2,45262356150495;-2,28753080453201
"Alpha1[17]";-1,87915870290377;0,129915120412532;0,000750065297419782;0,000743150864648879;-2,13177243043141;-1,96778379347612;-1,87984439810864;-1,7917473745549;-1,62153765924533
"Alpha1[18]";-1,75295349079845;0,176094802789763;0,00101668381793564;0,00100612612731162;-2,09549663227587;-1,87273549956688;-1,75571515356305;-1,63518491777547;-1,40279214212592
"Alpha1[19]";-2,3540149457789;0,0907739973638627;0,000524083918134445;0,000524105010128881;-2,53153457581333;-2,41548070058089;-2,35413644405219;-2,2931969460761;-2,17580762805827
"Alpha1[20]";-1,65956649052687;0,112265918931355;0,000648167585158385;0,00064703993167795;-1,87694884683317;-1,73570820712336;-1,65962054293577;-1,58405491470121;-1,43594466767863
"Alpha1[21]";-1,68764775809175;0,0766548007663436;0,000442566698571256;0,000442566911613294;-1,83601515635016;-1,7394013324056;-1,68878228792913;-1,63647297073361;-1,53552415675426
"Alpha1[22]";-2,47617461471061;0,120269588436475;0,000694376792591245;0,000687068494902559;-2,71058267606703;-2,5575604031614;-2,47696710624862;-2,39509213573742;-2,23963207234748
"Alpha1[23]";-2,42279998732787;0,145714541782904;0,000841283299232024;0,00084359180653958;-2,70612846461726;-2,520452250851;-2,42295112770371;-2,32617979306692;-2,13510571683216
"Alpha1[24]";-1,90441051124402;0,112729686758123;0,000650845149954647;0,000652143912264702;-2,12593158562819;-1,97928610295266;-1,90519580895779;-1,8291181227538;-1,68349324065316
"Alpha2[1, 1]";1,57621420722882;0,263633456156191;0,00152208846879168;0,00154563691650962;1,07213851390702;1,39651643969039;1,57191414800009;1,75414513825299;2,10107802578059
"Alpha2[2, 1]";0,536515123999434;0,207943162982892;0,00120056041124315;0,00119875654799729;0,120627902936032;0,399471056730914;0,538124018419729;0,677825559577206;0,940238322619327
"Alpha2[3, 1]";0,892112061789377;0,23884641770171;0,0013789804355506;0,00138395842115412;0,420649706212539;0,731010541014065;0,890909462866666;1,05227209210658;1,35957991597264
"Alpha2[4, 1]";1,27695691544539;0,263038292016687;0,00151865228703013;0,0015205843595278;0,774259629204977;1,09865958728043;1,26983901667604;1,45041844178731;1,81000602248453
"Alpha2[5, 1]";1,31358983135823;0,287411705566134;0,00165937225576857;0,00162648846125241;0,77005369266803;1,11942608323672;1,30757225354794;1,50352321517782;1,8924798955895
"Alpha2[6, 1]";1,41043642303429;0,196361410380437;0,001133693131416;0,0011369906204409;1,03086307552255;1,27786354585597;1,40819953275688;1,54048950457383;1,80284551368028
"Alpha2[7, 1]";0,557079307573137;0,186280422278047;0,00107549051946988;0,00106704367565117;0,188807052626468;0,432008999776265;0,557293534005228;0,682895640858532;0,920222333339641
"Alpha2[8, 1]";1,23416812341705;0,147721984132785;0,000852873273042893;0,000857438599787953;0,946604575433779;1,13400387371364;1,23262989537859;1,33322483407204;1,52328837543834
"Alpha2[9, 1]";0,448080631618759;0,185034367270225;0,00106829641752796;0,00106150736990272;0,0856942509202965;0,324365527858709;0,448362703480802;0,571580723581864;0,81332718403446
"Alpha2[10, 1]";1,23966215315422;0,167339697226889;0,000966136192400549;0,000972187546679908;0,912715895028459;1,1253491604206;1,2392753805822;1,35248029987726;1,56837778992325
"Alpha2[11, 1]";1,03285538382519;0,226415106784458;0,00130720822850605;0,0013004639739104;0,60858743012532;0,877015413555161;1,02561675980948;1,1779765283584;1,50138493879321
"Alpha2[12, 1]";0,409087080531398;0,198190372318483;0,00114425264808868;0,0011547170810662;0,020709731197756;0,27537912069662;0,40804096094531;0,541242848800458;0,800941716551484
"Alpha2[13, 1]";0,515481840302891;0,216562855795267;0,00125032623089872;0,0012551350956036;0,0899961592760038;0,369836307379434;0,5172186497875;0,661282602454022;0,938299041980161
"Alpha2[14, 1]";0,524394061550824;0,153417506164382;0,00088575638482407;0,000882343483760932;0,218984892733462;0,421449434840202;0,524677302210782;0,627329472946893;0,825059710886361
"Alpha2[15, 1]";-0,0829631971426573;0,224011542091091;0,00129333124127874;0,00129914327516127;-0,530577509812529;-0,231998759474039;-0,0786282587645915;0,0696288523211656;0,346564201406688
"Alpha2[16, 1]";0,600530054683831;0,228331227942175;0,00131827095916812;0,00132306904381216;0,145535016165855;0,449695270429574;0,601587235028823;0,75393219333805;1,04468381794777
"Alpha2[17, 1]";0,741067659179302;0,168373493233565;0,000972104816427966;0,000951426821550098;0,409615089717959;0,626886729902913;0,740960478519431;0,854491428221884;1,07322942180353
"Alpha2[18, 1]";0,479938801688003;0,167110225773262;0,000964811338345321;0,000955187874461499;0,145267822851181;0,36924689390749;0,481980074353399;0,59365634260402;0,801068743135427
"Alpha2[19, 1]";1,10586349869038;0,175752323921824;0,00101470651526967;0,0010186290475293;0,763643905426727;0,987649153500645;1,10541559681463;1,22414412634338;1,45100589932978
"Alpha2[20, 1]";0,566924817500445;0,156074554518364;0,000901096860648283;0,000894499668239823;0,255641962850727;0,463756998202519;0,56844229750782;0,672146260642053;0,868496569258526
"Alpha2[21, 1]";0,801829817212299;0,2002299029636;0,00115602788375847;0,00116193356611009;0,405480799438348;0,669043428859361;0,80212029122732;0,935963318637723;1,19074810571768
"Alpha2[22, 1]";1,13128090431949;0,27750291466148;0,00160216382480711;0,00161498133780729;0,614350052628093;0,94131196645802;1,12542682212543;1,3109970154165;1,69509329904595
"Alpha2[23, 1]";0,834506304452013;0,356752090657459;0,00205970915575046;0,00204986694303686;0,142118599837233;0,597396956434638;0,832462783162394;1,06587748549217;1,54989356106317
"Alpha2[24, 1]";1,28560323888295;0,331465325466902;0,00191371594885343;0,00190198473664581;0,674864275135288;1,05782002179521;1,26711798198217;1,4974832547432;1,97917759477324
"Alpha2[1, 2]";3,52814701168655;0,538611322326296;0,00310967391933667;0,00315433079539904;2,5940912213166;3,15180221246885;3,48156321169972;3,8538062474411;4,70804576772841
"Alpha2[2, 2]";3,30944754441485;0,539849560661492;0,00311682289169813;0,00311092918994951;2,38944900830262;2,93051474619586;3,26202991947683;3,63560756590203;4,49470944736246
"Alpha2[3, 2]";2,61593213200502;0,534959176935247;0,00308858824809026;0,00310356963002358;1,63094950349206;2,25099472446189;2,59112273242046;2,9526075866771;3,73939690885548
"Alpha2[4, 2]";2,65745259666141;0,605896153569288;0,00349814307364187;0,00353250791099371;1,55451693412858;2,24119399982625;2,62709043806634;3,0324232718022;3,95103918914315
"Alpha2[5, 2]";3,47869997853157;0,624809172320787;0,00360733743831554;0,00360743552439666;2,43212983630619;3,04344237856211;3,41848646161683;3,84260555306451;4,87976320252633
"Alpha2[6, 2]";3,21829408716151;0,483077698696678;0,00278905039382032;0,00278728000630937;2,36482986148222;2,88321147133855;3,18704219005707;3,51783170530772;4,27435026130112
"Alpha2[7, 2]";2,56430549723517;0,531566058776658;0,00306899807126772;0,00303431275254407;1,59787353631109;2,19314599395416;2,53843190029119;2,90651256058407;3,67312140826511
"Alpha2[8, 2]";3,32550709073022;0,425236788717779;0,00245510574435542;0,00250317903135978;2,58397807674048;3,02676887309746;3,29180096802631;3,5935758398471;4,24007660073447
"Alpha2[9, 2]";2,61174791355475;0,413481592908126;0,00238723708970462;0,00238280046752582;1,86665654332456;2,32037597001008;2,59179749787749;2,87751971703714;3,4877670142248
"Alpha2[10, 2]";3,44174590272734;0,431109306195171;0,00248901073981934;0,00250368496872261;2,68922770834378;3,13808744856964;3,40753861249013;3,71404673814651;4,37920908157208
"Alpha2[11, 2]";2,09429535951566;0,405164917100075;0,00233922073953921;0,00237736635639342;1,3568198954523;1,81030654387755;2,07395106024866;2,35497046753479;2,94626189560132
"Alpha2[12, 2]";1,35763929266703;0,346838832798158;0,00200247493481432;0,00201071575870376;0,710986803543979;1,11874487483183;1,34667341248837;1,58413497691347;2,07101669830133
"Alpha2[13, 2]";2,67678344038641;0,520063827993712;0,00300258991087957;0,00300275443668887;1,73755734927477;2,32024678938208;2,64889019733949;2,99881216626224;3,77916549089372
"Alpha2[14, 2]";2,05660867655159;0,327850684815024;0,00189284681131957;0,00189886416218205;1,44119693825999;1,83023629590244;2,04717958138695;2,27097767388452;2,72319823334167
"Alpha2[15, 2]";2,13290100393366;0,392867270447919;0,00226822024348899;0,0022853404246713;1,39974478628448;1,86247060435584;2,11905705245038;2,39074095264966;2,94073908728182
"Alpha2[16, 2]";1,97985101245341;0,382365170188124;0,00220758633936851;0,00219888694452142;1,26473173245173;1,7149534409897;1,96777698846768;2,2285096429705;2,76331116215647
"Alpha2[17, 2]";2,38518918633494;0,399396814515968;0,00230591858374273;0,00230215026574874;1,65551194003624;2,10543654589072;2,3683949438807;2,64449109011195;3,22193058154818
"Alpha2[18, 2]";2,68073087685673;0,366165002298192;0,00211405462644681;0,00209660817947484;2,00579969167768;2,42973962213861;2,66590879356641;2,91457575491652;3,44853947769704
"Alpha2[19, 2]";2,85146453570246;0,381825981369045;0,00220447333127011;0,00222241818648516;2,15838461645333;2,588212891818;2,82898282981792;3,09934624313494;3,64741892347234
"Alpha2[20, 2]";2,78940536020881;0,410348872171108;0,00236915031809648;0,00238862144051198;2,04732267126836;2,50619326527451;2,76546199354927;3,0480846114634;3,66547326877161
"Alpha2[21, 2]";3,21349982113987;0,444202790589444;0,00256460600721598;0,00257806259380957;2,42320316149303;2,9033341470206;3,18535402256161;3,49024096316092;4,16199083101452
"Alpha2[22, 2]";2,18913471166167;0,426723199492589;0,00246368754096505;0,00249701153443326;1,40986350597178;1,8926987315571;2,17123178010696;2,46128972277178;3,08959798033397
"Alpha2[23, 2]";2,18737880091559;0,579355899013174;0,00334491284251854;0,00334502765031332;1,09533619992161;1,7917221184258;2,17264558174088;2,56652707261336;3,36812543035592
"Alpha2[24, 2]";2,79462602215215;0,52218094060696;0,0030148130662512;0,00295833979282936;1,8974443784824;2,43332062160462;2,75167195705458;3,10552531488911;3,95204333470437
"Beta1";2,15970092775794;0,280400615719254;0,00161889370966448;0,00161886444402798;1,61683260346816;1,96742248176406;2,15916864748577;2,34675212085553;2,71798329814548
"Gamma1[1, 1]";0,509177622594062;0,0493995550323716;0,000285208463957875;0,000283229898834919;0,41365197227971;0,475880824058906;0,508715624632771;0,542362067687314;0,606917732829592
"Gamma1[2, 1]";0,465337432586552;0,0399010951944394;0,000230369080514705;0,000232669008028407;0,387466462293507;0,438383633132539;0,464977592260687;0,492254426801501;0,544429968170333
"Gamma1[3, 1]";0,616732950191939;0,0345614489431551;0,000199540618509141;0,000196120962982743;0,548505489927197;0,593556612117764;0,616874694550253;0,640302713667275;0,683145631894016
"Gamma1[4, 1]";0,660275005785399;0,0460537470411645;0,000265891432514073;0,000265899349369004;0,56764073733708;0,629468348664971;0,661210554863601;0,692177974754073;0,747010948310642
"Gamma1[5, 1]";0,463032873999233;0,0536408975812596;0,000309695866581134;0,000309839371788832;0,359406480156253;0,42616883037463;0,462383426466943;0,499242359845404;0,569700504721373
"Gamma1[6, 1]";0,578176806332737;0,0306376855384823;0,000176886759929899;0,000176499265184809;0,517710948858362;0,557416267965316;0,578516286354168;0,598977337549877;0,637107523892639
"Gamma1[7, 1]";0,657316122494937;0,0434570164561787;0,000250899201491528;0,000249681501762843;0,570530961292578;0,628256617984661;0,657985440847827;0,687120310728455;0,741026999613811
"Gamma1[8, 1]";0,519892193692746;0,0327500899110959;0,000189082732261556;0,000188878487915562;0,45588954991299;0,497703091734913;0,519736695694233;0,542046726412412;0,584850159794951
"Gamma1[9, 1]";0,501772605119854;0,0329665490619238;0,000190332459751547;0,0001910706299901;0,436908115070953;0,479626463908116;0,501479229698541;0,523959450536113;0,566973664365674
"Gamma1[10, 1]";0,516833561966351;0,0315602234693702;0,000182213035157256;0,000181684022106819;0,455166208031404;0,495473765306568;0,516726747338494;0,53822155616828;0,578317310190389
"Gamma1[11, 1]";0,5432053698631;0,0389671905922632;0,000224977179780066;0,0002232779153346;0,465995337384693;0,516883588095288;0,543489558265018;0,569496890910239;0,618550908173125
"Gamma1[12, 1]";0,599787676172741;0,0380383451570257;0,000219614488159367;0,000219143126099036;0,524500988713901;0,574020893132736;0,600367189160842;0,625973794043581;0,672735218916113
"Gamma1[13, 1]";0,56989852199331;0,0417322380441204;0,000240941188686584;0,000240094250990247;0,487158679910918;0,541793410304196;0,570288077373371;0,598162039497496;0,651391157497685
"Gamma1[14, 1]";0,59771728452216;0,0365377502686;0,000210950799531595;0,000210422693086922;0,525483597756428;0,573194120183365;0,597662964037797;0,622731475878326;0,668204198927982
"Gamma1[15, 1]";0,539833768417002;0,0374580869403364;0,000216264365783316;0,000219917636460142;0,466445209938989;0,51456068122533;0,540019427509497;0,565472990624774;0,612872178014141
"Gamma1[16, 1]";0,552748470002321;0,04371089278025;0,000252364957131962;0,000251903323351629;0,466310902821539;0,523308273092445;0,552882623390128;0,582335758510011;0,63782718640145
"Gamma1[17, 1]";0,579103987592117;0,0342374384682132;0,000197669943159861;0,000196499089013611;0,511580739874762;0,555909381731452;0,579489541175224;0,602268184406994;0,646262565941313
"Gamma1[18, 1]";0,562523539196546;0,0371953395437643;0,000214747392981918;0,000213422975057037;0,489754340807503;0,537476270874657;0,562498852282983;0,588014860559693;0,634343482199686
"Gamma1[19, 1]";0,570894020620988;0,0323966070331945;0,000187041897914454;0,000187054537647343;0,506835113109824;0,549354456767195;0,571165949830101;0,592841329395702;0,634028337506639
"Gamma1[20, 1]";0,551268693930947;0,0369214823865158;0,000213166277947349;0,000213166666266183;0,478305802723309;0,526472855624809;0,55122854250239;0,576601053887357;0,622461982127873
"Gamma1[21, 1]";0,537537463348885;0,0377122829796979;0,000217731967300839;0,000216907028888551;0,463874204661541;0,512038388026008;0,537394251607235;0,563185928280571;0,610872692350634
"Gamma1[22, 1]";0,460676913203385;0,0499806393192474;0,000288563355652371;0,000287269818858095;0,36306029765329;0,426704392857306;0,460194450292007;0,494479709059523;0,559577683627668
"Gamma1[23, 1]";0,514063411739351;0,0423889732889263;0,000244732851390335;0,000249936382014522;0,430275108932851;0,48531265074415;0,514312206380046;0,543000624909013;0,596446117965001
"Gamma1[24, 1]";0,357000705144284;0,0424536060640678;0,000245106008891599;0,000246121915549591;0,276185225127196;0,327750416391367;0,356254906958566;0,385173551663314;0,442070312975355
"Gamma1[1, 2]";0,490822377405939;0,0493995550323716;0,000285208463957875;0,000283229898834919;0,393082267170408;0,457637932312686;0,491284375367229;0,524119175941094;0,58634802772029
"Gamma1[2, 2]";0,534662567413449;0,0399010951944394;0,000230369080514705;0,000232669008028407;0,455570031829667;0,507745573198499;0,535022407739313;0,561616366867461;0,612533537706493
"Gamma1[3, 2]";0,383267049808061;0,0345614489431551;0,000199540618509141;0,000196120962982743;0,316854368105984;0,359697286332725;0,383125305449747;0,406443387882236;0,451494510072803
"Gamma1[4, 2]";0,339724994214601;0,0460537470411645;0,000265891432514073;0,000265899349369004;0,252989051689358;0,307822025245927;0,338789445136399;0,370531651335029;0,432359262662919
"Gamma1[5, 2]";0,536967126000767;0,0536408975812596;0,000309695866581134;0,000309839371788832;0,430299495278627;0,500757640154595;0,537616573533057;0,57383116962537;0,640593519843747
"Gamma1[6, 2]";0,421823193667263;0,0306376855384823;0,000176886759929899;0,000176499265184809;0,362892476107361;0,401022662450123;0,421483713645832;0,442583732034684;0,482289051141638
"Gamma1[7, 2]";0,342683877505063;0,0434570164561787;0,000250899201491528;0,000249681501762843;0,258973000386189;0,312879689271545;0,342014559152173;0,371743382015339;0,429469038707422
"Gamma1[8, 2]";0,480107806307254;0,0327500899110959;0,000189082732261556;0,000188878487915562;0,415149840205049;0,457953273587588;0,480263304305767;0,502296908265087;0,54411045008701
"Gamma1[9, 2]";0,498227394880146;0,0329665490619238;0,000190332459751547;0,0001910706299901;0,433026335634326;0,476040549463887;0,498520770301459;0,520373536091884;0,563091884929047
"Gamma1[10, 2]";0,483166438033649;0,0315602234693702;0,000182213035157256;0,000181684022106819;0,421682689809611;0,46177844383172;0,483273252661506;0,504526234693432;0,544833791968595
"Gamma1[11, 2]";0,4567946301369;0,0389671905922632;0,000224977179780066;0,0002232779153346;0,381449091826875;0,430503109089761;0,456510441734982;0,483116411904712;0,534004662615307
"Gamma1[12, 2]";0,400212323827259;0,0380383451570257;0,000219614488159367;0,000219143126099036;0,327264781083887;0,374026205956419;0,399632810839158;0,425979106867264;0,475499011286099
"Gamma1[13, 2]";0,43010147800669;0,0417322380441204;0,000240941188686584;0,000240094250990247;0,348608842502315;0,401837960502504;0,429711922626629;0,458206589695804;0,512841320089082
"Gamma1[14, 2]";0,40228271547784;0,0365377502686;0,000210950799531595;0,000210422693086922;0,331795801072018;0,377268524121674;0,402337035962203;0,426805879816635;0,474516402243572
"Gamma1[15, 2]";0,460166231582998;0,0374580869403364;0,000216264365783316;0,000219917636460142;0,387127821985859;0,434527009375226;0,459980572490503;0,48543931877467;0,533554790061011
"Gamma1[16, 2]";0,447251529997679;0,04371089278025;0,000252364957131962;0,000251903323351629;0,36217281359855;0,417664241489989;0,447117376609872;0,476691726907555;0,533689097178461
"Gamma1[17, 2]";0,420896012407883;0,0342374384682132;0,000197669943159861;0,000196499089013611;0,353737434058687;0,397731815593006;0,420510458824776;0,444090618268548;0,488419260125238
"Gamma1[18, 2]";0,437476460803454;0,0371953395437643;0,000214747392981918;0,000213422975057037;0,365656517800314;0,411985139440307;0,437501147717017;0,462523729125343;0,510245659192497
"Gamma1[19, 2]";0,429105979379012;0,0323966070331945;0,000187041897914454;0,000187054537647343;0,365971662493361;0,407158670604298;0,428834050169899;0,450645543232805;0,493164886890176
"Gamma1[20, 2]";0,448731306069053;0,0369214823865158;0,000213166277947349;0,000213166666266183;0,377538017872127;0,423398946112643;0,44877145749761;0,473527144375191;0,521694197276691
"Gamma1[21, 2]";0,462462536651115;0,0377122829796979;0,000217731967300839;0,000216907028888551;0,389127307649366;0,436814071719429;0,462605748392765;0,487961611973992;0,536125795338459
"Gamma1[22, 2]";0,539323086796615;0,0499806393192474;0,000288563355652371;0,000287269818858095;0,440422316372332;0,505520290940477;0,539805549707993;0,573295607142694;0,63693970234671
"Gamma1[23, 2]";0,485936588260649;0,0423889732889263;0,000244732851390335;0,000249936382014522;0,403553882034999;0,456999375090987;0,485687793619954;0,51468734925585;0,569724891067149
"Gamma1[24, 2]";0,642999294855716;0,0424536060640678;0,000245106008891599;0,000246121915549591;0,557929687024645;0,614826448336686;0,643745093041434;0,672249583608633;0,723814774872804
"Gamma1_F[1]";0,509177622594062;0,0493995550323716;0,000285208463957875;0,000283229898834919;0,41365197227971;0,475880824058906;0,508715624632771;0,542362067687314;0,606917732829592
"Gamma1_F[2]";0,465337432586552;0,0399010951944394;0,000230369080514705;0,000232669008028407;0,387466462293507;0,438383633132539;0,464977592260687;0,492254426801501;0,544429968170333
"Gamma1_F[3]";0,616732950191939;0,0345614489431551;0,000199540618509141;0,000196120962982743;0,548505489927197;0,593556612117764;0,616874694550253;0,640302713667275;0,683145631894016
"Gamma1_F[4]";0,660275005785399;0,0460537470411645;0,000265891432514073;0,000265899349369004;0,56764073733708;0,629468348664971;0,661210554863601;0,692177974754073;0,747010948310642
"Gamma1_F[5]";0,463032873999233;0,0536408975812596;0,000309695866581134;0,000309839371788832;0,359406480156253;0,42616883037463;0,462383426466943;0,499242359845404;0,569700504721373
"Gamma1_F[6]";0,578176806332737;0,0306376855384823;0,000176886759929899;0,000176499265184809;0,517710948858362;0,557416267965316;0,578516286354168;0,598977337549877;0,637107523892639
"Gamma1_F[7]";0,657316122494937;0,0434570164561787;0,000250899201491528;0,000249681501762843;0,570530961292578;0,628256617984661;0,657985440847827;0,687120310728455;0,741026999613811
"Gamma1_F[8]";0,519892193692746;0,0327500899110959;0,000189082732261556;0,000188878487915562;0,45588954991299;0,497703091734913;0,519736695694233;0,542046726412412;0,584850159794951
"Gamma1_F[9]";0,501772605119854;0,0329665490619238;0,000190332459751547;0,0001910706299901;0,436908115070953;0,479626463908116;0,501479229698541;0,523959450536113;0,566973664365674
"Gamma1_F[10]";0,516833561966351;0,0315602234693702;0,000182213035157256;0,000181684022106819;0,455166208031404;0,495473765306568;0,516726747338494;0,53822155616828;0,578317310190389
"Gamma1_F[11]";0,5432053698631;0,0389671905922632;0,000224977179780066;0,0002232779153346;0,465995337384693;0,516883588095288;0,543489558265018;0,569496890910239;0,618550908173125
"Gamma1_F[12]";0,599787676172741;0,0380383451570257;0,000219614488159367;0,000219143126099036;0,524500988713901;0,574020893132736;0,600367189160842;0,625973794043581;0,672735218916113
"Gamma1_F[13]";0,56989852199331;0,0417322380441204;0,000240941188686584;0,000240094250990247;0,487158679910918;0,541793410304196;0,570288077373371;0,598162039497496;0,651391157497685
"Gamma1_F[14]";0,59771728452216;0,0365377502686;0,000210950799531595;0,000210422693086922;0,525483597756428;0,573194120183365;0,597662964037797;0,622731475878326;0,668204198927982
"Gamma1_F[15]";0,539833768417002;0,0374580869403364;0,000216264365783316;0,000219917636460142;0,466445209938989;0,51456068122533;0,540019427509497;0,565472990624774;0,612872178014141
"Gamma1_F[16]";0,552748470002321;0,04371089278025;0,000252364957131962;0,000251903323351629;0,466310902821539;0,523308273092445;0,552882623390128;0,582335758510011;0,63782718640145
"Gamma1_F[17]";0,579103987592117;0,0342374384682132;0,000197669943159861;0,000196499089013611;0,511580739874762;0,555909381731452;0,579489541175224;0,602268184406994;0,646262565941313
"Gamma1_F[18]";0,562523539196546;0,0371953395437643;0,000214747392981918;0,000213422975057037;0,489754340807503;0,537476270874657;0,562498852282983;0,588014860559693;0,634343482199686
"Gamma1_F[19]";0,570894020620988;0,0323966070331945;0,000187041897914454;0,000187054537647343;0,506835113109824;0,549354456767195;0,571165949830101;0,592841329395702;0,634028337506639
"Gamma1_F[20]";0,551268693930947;0,0369214823865158;0,000213166277947349;0,000213166666266183;0,478305802723309;0,526472855624809;0,55122854250239;0,576601053887357;0,622461982127873
"Gamma1_F[21]";0,537537463348885;0,0377122829796979;0,000217731967300839;0,000216907028888551;0,463874204661541;0,512038388026008;0,537394251607235;0,563185928280571;0,610872692350634
"Gamma1_F[22]";0,460676913203385;0,0499806393192474;0,000288563355652371;0,000287269818858095;0,36306029765329;0,426704392857306;0,460194450292007;0,494479709059523;0,559577683627668
"Gamma1_F[23]";0,514063411739351;0,0423889732889263;0,000244732851390335;0,000249936382014522;0,430275108932851;0,48531265074415;0,514312206380046;0,543000624909013;0,596446117965001
"Gamma1_F[24]";0,357000705144284;0,0424536060640678;0,000245106008891599;0,000246121915549591;0,276185225127196;0,327750416391367;0,356254906958566;0,385173551663314;0,442070312975355
"Gamma3[1, 1]";0,469662660341503;0,0533955352683055;0,000308279266606803;0,000309451943663375;0,366725779654359;0,433295385018784;0,468990462131333;0,50548081318413;0,576275724081981
"Gamma3[2, 1]";0,363712364126803;0,045017113719687;0,000259906427242013;0,000259989650179824;0,276771966696594;0,333310187677081;0,363164487559588;0,393553917181853;0,452726416968671
"Gamma3[3, 1]";0,551559325413343;0,0433008536713464;0,000249997595232924;0,000248205542097125;0,46538025566178;0,52295037299388;0,55161792901943;0,581056453008548;0,635612612486705
"Gamma3[4, 1]";0,62071713629132;0,0517681121931188;0,000298883335101359;0,000295284675944266;0,515962487614724;0,586239890824711;0,621843373378158;0,656330358073625;0,718840290482969
"Gamma3[5, 1]";0,412448563340251;0,0581304002494486;0,000335616022321198;0,000337894708266588;0,301629903516524;0,372349428100615;0,411977066027289;0,451289299022315;0,528144842377326
"Gamma3[6, 1]";0,534425801380546;0,0355284638235642;0,000205123681524287;0,000204758428921131;0,463852464414584;0,510453233786742;0,534622065835701;0,558387081005165;0,60263886100641
"Gamma3[7, 1]";0,569661400969699;0,0538923440401404;0,00031114759338835;0,000309823558643907;0,463674930905471;0,533202229085585;0,570381600745448;0,60667928874798;0,673958066549352
"Gamma3[8, 1]";0,46545878943365;0,0365274164430337;0,000210891137161871;0,000210990543206397;0,394949901360541;0,440765273749394;0,465369192843238;0,489910916063852;0,537567197909494
"Gamma3[9, 1]";0,398412188970076;0,0383310616735391;0,000221304487755419;0,000221310920300609;0,324599059367952;0,372396925147086;0,397921305486593;0,423878865416711;0,474218028603873
"Gamma3[10, 1]";0,461567112606213;0,0349765172141785;0,000201937016289215;0,000201764617009386;0,39369870959422;0,437905182102012;0,46151371266174;0,48503802726176;0,529887371868707
"Gamma3[11, 1]";0,497253706017123;0,0432669428290247;0,000249801810893496;0,000247221931676806;0,412877606430629;0,4680563514227;0,497257015503312;0,526464532796834;0,582683845503297
"Gamma3[12, 1]";0,532564414769378;0,0475797246135511;0,00027470166813602;0,000274709211717428;0,439089398803542;0,500385611125721;0,532713016641329;0,564954515968768;0,625031354105887
"Gamma3[13, 1]";0,471417896636917;0,0502013896544184;0,000289837858306718;0,000291068256961243;0,372747344670291;0,437180384334796;0,471465999132533;0,505077428526109;0,569791869255727
"Gamma3[14, 1]";0,513948072607716;0,0467190319803153;0,000269732456901138;0,000270367763802836;0,421561718140598;0,482230019628709;0,513794079871811;0,545750167169645;0,605077870168164
"Gamma3[15, 1]";0,387656253991667;0,047876946234122;0,000276417677962476;0,000273939309742681;0,29416423273069;0,355133004926392;0,387110003901152;0,420201841285696;0,481942279507817
"Gamma3[16, 1]";0,477121650734414;0,0534436890625576;0,000308557282667543;0,000307848928864103;0,371851750535145;0,441286435616235;0,477107484974457;0,513238887432243;0,581212353326128
"Gamma3[17, 1]";0,505467323698317;0,0424355999781967;0,000245002050706352;0,000245007859326022;0,422389758635627;0,476984417713644;0,505668103712148;0,534460042953816;0,588498563250895
"Gamma3[18, 1]";0,459964461348523;0,0455162797925276;0,000262788363907262;0,0002612448221898;0,371568977739051;0,428733548330959;0,459839908052648;0,491156803922251;0,548458909876747
"Gamma3[19, 1]";0,514385906276667;0,0369244404676017;0,000213183356436462;0,000213195252797956;0,441864655168939;0,489785878470087;0,514546300367284;0,539107069689461;0,586998888973249
"Gamma3[20, 1]";0,455245514059643;0,0452550707815722;0,000261280272979363;0,000262172112901496;0,367254621440518;0,424541942867884;0,454722536231032;0,486340661401001;0,542865639112204
"Gamma3[21, 1]";0,455353042630245;0,043553713044673;0,000251457479505496;0,000248868321024536;0,370967820334525;0,42570101196245;0,454981735435003;0,484903885592436;0,540760371968697
"Gamma3[22, 1]";0,41890193049416;0,0553659451135699;0,000319655433152576;0,000318078867038041;0,31242215698262;0,381135198699079;0,417568805086316;0,456170453837355;0,528586792795649
"Gamma3[23, 1]";0,451935558246116;0,05578098856942;0,000322051687662181;0,000323292140700017;0,341814967459042;0,414562144840948;0,45220591635562;0,489442037985704;0,560502061381093
"Gamma3[24, 1]";0,316171789979511;0,0467033419053432;0,00026964187021105;0,000269649921498851;0,228343180163661;0,284307119478133;0,314697447467983;0,347400939541802;0,410661919633075
"Gamma3[1, 2]";0,530337339658497;0,0533955352683055;0,000308279266606803;0,000309451943663375;0,423724275918019;0,49451918681587;0,531009537868667;0,566704614981216;0,633274220345641
"Gamma3[2, 2]";0,636287635873197;0,045017113719687;0,000259906427242013;0,000259989650179824;0,547273583031329;0,606446082818147;0,636835512440412;0,666689812322919;0,723228033303406
"Gamma3[3, 2]";0,448440674586657;0,0433008536713464;0,000249997595232924;0,000248205542097125;0,364387387513295;0,418943546991452;0,44838207098057;0,47704962700612;0,53461974433822
"Gamma3[4, 2]";0,37928286370868;0,0517681121931188;0,000298883335101359;0,000295284675944266;0,281159709517031;0,343669641926375;0,378156626621842;0,413760109175289;0,484037512385276
"Gamma3[5, 2]";0,587551436659749;0,0581304002494486;0,000335616022321198;0,000337894708266588;0,471855157622674;0,548710700977685;0,588022933972711;0,627650571899385;0,698370096483476
"Gamma3[6, 2]";0,465574198619454;0,0355284638235642;0,000205123681524287;0,000204758428921131;0,39736113899359;0,441612918994835;0,465377934164299;0,489546766213258;0,536147535585416
"Gamma3[7, 2]";0,430338599030301;0,0538923440401404;0,00031114759338835;0,000309823558643907;0,326041933450648;0,39332071125202;0,429618399254552;0,466797770914415;0,536325069094529
"Gamma3[8, 2]";0,53454121056635;0,0365274164430337;0,000210891137161871;0,000210990543206397;0,462432802090506;0,510089083936148;0,534630807156762;0,559234726250606;0,605050098639459
"Gamma3[9, 2]";0,601587811029924;0,0383310616735391;0,00022130448775542;0,000221310920300609;0,525781971396127;0,576121134583289;0,602078694513407;0,627603074852914;0,675400940632047
"Gamma3[10, 2]";0,538432887393787;0,0349765172141785;0,000201937016289215;0,000201764617009386;0,470112628131293;0,51496197273824;0,53848628733826;0,562094817897988;0,60630129040578
"Gamma3[11, 2]";0,502746293982877;0,0432669428290247;0,000249801810893496;0,000247221931676806;0,417316154496703;0,473535467203166;0,502742984496688;0,5319436485773;0,587122393569371
"Gamma3[12, 2]";0,467435585230622;0,0475797246135511;0,00027470166813602;0,000274709211717428;0,374968645894113;0,435045484031232;0,467286983358671;0,499614388874279;0,560910601196458
"Gamma3[13, 2]";0,528582103363083;0,0502013896544184;0,000289837858306718;0,000291068256961243;0,430208130744273;0,494922571473891;0,528534000867467;0,562819615665204;0,627252655329709
"Gamma3[14, 2]";0,486051927392283;0,0467190319803153;0,000269732456901138;0,000270367763802836;0,394922129831835;0,454249832830355;0,486205920128189;0,517769980371291;0,578438281859402
"Gamma3[15, 2]";0,612343746008333;0,047876946234122;0,000276417677962476;0,000273939309742681;0,518057720492183;0,579798158714304;0,612889996098848;0,644866995073608;0,70583576726931
"Gamma3[16, 2]";0,522878349265586;0,0534436890625576;0,000308557282667543;0,000307848928864103;0,418787646673872;0,486761112567757;0,522892515025543;0,558713564383765;0,628148249464855
"Gamma3[17, 2]";0,494532676301683;0,0424355999781967;0,000245002050706352;0,000245007859326022;0,411501436749105;0,465539957046184;0,494331896287852;0,523015582286356;0,577610241364373
"Gamma3[18, 2]";0,540035538651477;0,0455162797925276;0,000262788363907262;0,0002612448221898;0,451541090123253;0,508843196077749;0,540160091947352;0,571266451669041;0,628431022260949
"Gamma3[19, 2]";0,485614093723332;0,0369244404676017;0,000213183356436462;0,000213195252797956;0,413001111026751;0,460892930310539;0,485453699632716;0,510214121529913;0,558135344831061
"Gamma3[20, 2]";0,544754485940357;0,0452550707815722;0,000261280272979363;0,000262172112901496;0,457134360887796;0,513659338598999;0,545277463768968;0,575458057132116;0,632745378559482
"Gamma3[21, 2]";0,544646957369755;0,043553713044673;0,000251457479505496;0,000248868321024536;0,459239628031303;0,515096114407564;0,545018264564997;0,57429898803755;0,629032179665475
"Gamma3[22, 2]";0,58109806950584;0,0553659451135699;0,000319655433152576;0,000318078867038041;0,471413207204351;0,543829546162645;0,582431194913684;0,618864801300921;0,68757784301738
"Gamma3[23, 2]";0,548064441753884;0,05578098856942;0,000322051687662181;0,000323292140700017;0,439497938618907;0,510557962014296;0,54779408364438;0,585437855159052;0,658185032540958
"Gamma3[24, 2]";0,683828210020489;0,0467033419053432;0,00026964187021105;0,000269649921498851;0,589338080366925;0,652599060458198;0,685302552532017;0,715692880521867;0,771656819836339
"Gamma4[1, 1]";0,848053353248689;0,0693729060328969;0,000400524659725596;0,00040355257065337;0,686637163918729;0,806532382269129;0,85772695089203;0,899131250879651;0,956198468685936
"Gamma4[2, 1]";0,889626315290321;0,0529570741454507;0,000305747810133709;0,000304751569248486;0,765361079506796;0,858933146474482;0,89709998004362;0,928541857819394;0,969218591030779
"Gamma4[3, 1]";0,861051622654695;0,0644480215544122;0,000372090825931787;0,000372102497406502;0,710431407360158;0,824810563234759;0,87116001617222;0,908363759566782;0,957103101594798
"Gamma4[4, 1]";0,849100469620126;0,0831591422215926;0,000480119531472148;0,000484493076330012;0,645006276960356;0,804917788344662;0,865470741328471;0,910066179870623;0,963968952935083
"Gamma4[5, 1]";0,839778575250463;0,0847172733796835;0,000489115405907714;0,000485281935036032;0,641109308374511;0,790698134871908;0,85336917375842;0,902614842169567;0,965116159755093
"Gamma4[6, 1]";0,864286348610748;0,0584181631579631;0,000337277422248135;0,000336993149174831;0,728575725580811;0,830291206296925;0,871868561141635;0,906913096813153;0,955382350508126
"Gamma4[7, 1]";0,897375407204925;0,0508421987480502;0,000293537571333792;0,000292785087008007;0,774570107821446;0,869651062147304;0,906485915658735;0,934622777784018;0,969887652016466
"Gamma4[8, 1]";0,867119391422113;0,0511539153561313;0,000295337268009657;0,000298524925552216;0,7522281091289;0,836000704547141;0,872645763623774;0,904478472657952;0,949823312095422
"Gamma4[9, 1]";0,843132617827857;0,0573475577028946;0,000331096278771338;0,000332868691638567;0,715582973980852;0,807312920563529;0,849796462780383;0,885227083500497;0,936295273674164
"Gamma4[10, 1]";0,877557672900136;0,0475088794981096;0,000274292643671311;0,000273253818144487;0,769600390828475;0,848538307329178;0,882520737428126;0,912457665902277;0,953704749973085
"Gamma4[11, 1]";0,730293034841465;0,0930982530510768;0,000537503014601231;0,000542385281698868;0,52681144253866;0,670656806225986;0,739366396290331;0,798133088455429;0,886110697334086
"Gamma4[12, 1]";0,74033124610629;0,0689384407496524;0,000398016273243249;0,000397401890467658;0,596644663723623;0,69505955148269;0,744381122814282;0,789423660476496;0,863918922629266
"Gamma4[13, 1]";0,873624117133525;0,0596247919475572;0,000344243896812976;0,000338696888073106;0,731307827726839;0,840742883836738;0,882757731038099;0,917013643305085;0,961722527037742
"Gamma4[14, 1]";0,824560922056941;0,0508228027349639;0,000293425588400027;0,000296554081638519;0,712464734043196;0,79268911914933;0,829148845340389;0,861191002028646;0,909865653593597
"Gamma4[15, 1]";0,844551852037157;0,0548972779177585;0,000316949581835956;0,000316960186139007;0,719566801151772;0,811195349477561;0,851166504924472;0,884829618828273;0,932185584925532
"Gamma4[16, 1]";0,775401742455071;0,0710690042347305;0,000410317087259603;0,000418855939886386;0,61979713482593;0,73140635920388;0,782104200430056;0,826686375812224;0,894977897986323
"Gamma4[17, 1]";0,832865177143956;0,0580478853244692;0,000335139622179708;0,000337731480988534;0,704162279389478;0,797227636218728;0,839027935332134;0,875535244910838;0,927522368245705
"Gamma4[18, 1]";0,879102587458931;0,0400137393310557;0,000231019431740686;0,000231405979905721;0,789875983611792;0,854745903900725;0,883314296116623;0,908120293696671;0,944828557537959
"Gamma4[19, 1]";0,851340895091383;0,0506085018572977;0,000292188321705945;0,00029437508294573;0,738758955474006;0,819855384018736;0,856539102661943;0,888232614636362;0,934992991210076
"Gamma4[20, 1]";0,877669237022822;0,045729424721042;0,000264018956725803;0,000265353152822203;0,772442186221069;0,850461375961318;0,883097741777884;0,911174979413974;0,951290413940844
"Gamma4[21, 1]";0,895721518538525;0,0412370275331896;0,00023808208946867;0,000235651962801203;0,802965141483265;0,871268803203259;0,900631189752327;0,925787312706003;0,961440351536422
"Gamma4[22, 1]";0,664061411664351;0,111883610719941;0,00064596032767065;0,00064593576431142;0,427650785077438;0,589265764414959;0,671573389604049;0,745910091784843;0,859124931763524
"Gamma4[23, 1]";0,742995418341268;0,116293110496356;0,000671418586499702;0,000664780779420036;0,474141740652436;0,672241508359463;0,758855442035357;0,830164247711977;0,920372014538003
"Gamma4[24, 1]";0,659572992162204;0,13515482896988;0,000780316768880379;0,000771093551335619;0,374446910851774;0,569279200076312;0,668927740551789;0,759518705816168;0,891665390179407
"Gamma4[1, 2]";0,151946646751311;0,0693729060328969;0,000400524659725596;0,00040355257065337;0,0438015313140639;0,100868749120349;0,14227304910797;0,193467617730871;0,313362836081271
"Gamma4[2, 2]";0,110373684709679;0,0529570741454507;0,000305747810133709;0,000304751569248486;0,0307814089692208;0,0714581421806057;0,10290001995638;0,141066853525518;0,234638920493203
"Gamma4[3, 2]";0,138948377345305;0,0644480215544122;0,000372090825931787;0,000372102497406502;0,0428968984052024;0,0916362404332181;0,12883998382778;0,175189436765241;0,289568592639842
"Gamma4[4, 2]";0,150899530379874;0,0831591422215926;0,000480119531472148;0,000484493076330012;0,036031047064917;0,0899338201293772;0,134529258671529;0,195082211655338;0,354993723039644
"Gamma4[5, 2]";0,160221424749537;0,0847172733796836;0,000489115405907714;0,000485281935036032;0,0348838402449069;0,097385157830433;0,14663082624158;0,209301865128092;0,358890691625489
"Gamma4[6, 2]";0,135713651389252;0,0584181631579631;0,000337277422248135;0,000336993149174831;0,0446176494918737;0,093086903186847;0,128131438858365;0,169708793703075;0,271424274419189
"Gamma4[7, 2]";0,102624592795075;0,0508421987480502;0,000293537571333792;0,000292785087008007;0,0301123479835337;0,0653772222159819;0,0935140843412652;0,130348937852696;0,225429892178554
"Gamma4[8, 2]";0,132880608577887;0,0511539153561313;0,000295337268009657;0,000298524925552216;0,0501766879045781;0,0955215273420478;0,127354236376226;0,163999295452859;0,247771890871099
"Gamma4[9, 2]";0,156867382172144;0,0573475577028946;0,000331096278771338;0,000332868691638567;0,0637047263258355;0,114772916499503;0,150203537219617;0,192687079436471;0,284417026019148
"Gamma4[10, 2]";0,122442327099864;0,0475088794981096;0,000274292643671311;0,000273253818144487;0,0462952500269154;0,0875423340977235;0,117479262571874;0,151461692670822;0,230399609171525
"Gamma4[11, 2]";0,269706965158535;0,0930982530510768;0,000537503014601231;0,000542385281698868;0,113889302665914;0,201866911544571;0,260633603709669;0,329343193774014;0,47318855746134
"Gamma4[12, 2]";0,25966875389371;0,0689384407496524;0,000398016273243249;0,000397401890467657;0,136081077370734;0,210576339523504;0,255618877185718;0,30494044851731;0,403355336276377
"Gamma4[13, 2]";0,126375882866475;0,0596247919475572;0,000344243896812976;0,000338696888073106;0,0382774729622577;0,082986356694915;0,117242268961901;0,159257116163262;0,268692172273161
"Gamma4[14, 2]";0,175439077943059;0,0508228027349639;0,000293425588400027;0,000296554081638519;0,0901343464064031;0,138808997971354;0,170851154659611;0,20731088085067;0,287535265956804
"Gamma4[15, 2]";0,155448147962843;0,0548972779177585;0,000316949581835956;0,000316960186139007;0,0678144150744683;0,115170381171727;0,148833495075528;0,188804650522439;0,280433198848228
"Gamma4[16, 2]";0,224598257544929;0,0710690042347305;0,000410317087259603;0,000418855939886386;0,105022102013677;0,173313624187776;0,217895799569944;0,26859364079612;0,38020286517407
"Gamma4[17, 2]";0,167134822856044;0,0580478853244692;0,000335139622179708;0,000337731480988534;0,0724776317542949;0,124464755089162;0,160972064667866;0,202772363781272;0,295837720610522
"Gamma4[18, 2]";0,120897412541069;0,0400137393310557;0,000231019431740686;0,000231405979905721;0,0551714424620408;0,0918797063033296;0,116685703883377;0,145254096099274;0,210124016388208
"Gamma4[19, 2]";0,148659104908617;0,0506085018572977;0,000292188321705945;0,00029437508294573;0,0650070087899236;0,111767385363638;0,143460897338057;0,180144615981264;0,261241044525994
"Gamma4[20, 2]";0,122330762977178;0,045729424721042;0,000264018956725803;0,000265353152822203;0,0487095860591559;0,0888250205860264;0,116902258222116;0,149538624038682;0,227557813778931
"Gamma4[21, 2]";0,104278481461475;0,0412370275331896;0,00023808208946867;0,000235651962801203;0,038559648463578;0,074212687293997;0,0993688102476731;0,128731196796741;0,197034858516734
"Gamma4[22, 2]";0,335938588335649;0,111883610719941;0,00064596032767065;0,000645935764311421;0,140875068236476;0,254089908215157;0,328426610395951;0,410734235585041;0,572349214922562
"Gamma4[23, 2]";0,257004581658732;0,116293110496356;0,000671418586499702;0,000664780779420036;0,0796279854619973;0,169835752288023;0,241144557964643;0,327758491640537;0,525858259347564
"Gamma4[24, 2]";0,340427007837796;0,13515482896988;0,000780316768880379;0,000771093551335619;0,108334609820593;0,240481294183832;0,331072259448211;0,430720799923688;0,625553089148226
"Mu_Alpha1";-2,09854733065821;0,112261583813946;0,000648142556346357;0,000639496063352649;-2,3200660184764;-2,17153187694175;-2,098738899286;-2,02618873785421;-1,87512939150768
"Mu_Alpha2[1]";0,85051753385834;0,113652937389988;0,000656175539963011;0,000652013161309477;0,629908749328095;0,775191209493229;0,848965331723757;0,924254049659506;1,0793249839815
"Mu_Alpha2[2]";2,67267632660851;0,197694111073058;0,00114138748245234;0,00114142560593421;2,29834217245375;2,53939723982008;2,66701695277061;2,79820648401866;3,08299512793323
"Mu_L1[1]";1,11825698744125;0,0226979098581641;0,000131046443666529;0,00013006352242884;1,073653793768;1,10292754132259;1,1183176291384;1,13366633401357;1,16249379246311
"Mu_L1[2]";1,09317797605057;0,0241945047152647;0,000139687038102678;0,000139470990795301;1,04476376816381;1,07707031835725;1,09329487227944;1,1095003731402;1,13987358758612
"Mu_L1[3]";1,07528263447136;0,0223722491848348;0,000129166240892418;0,00012730979982674;1,03065841637523;1,06037405667987;1,07550391550205;1,09065148147994;1,11825739785021
"Mu_L1[4]";1,08913837978775;0,0214858371211591;0,000124048538456657;0,000122710706975901;1,04619516309871;1,07471472127248;1,08924929607246;1,10364412510444;1,13092475772982
"Mu_L1[5]";1,06084681618861;0,0227464429834707;0,000131326649796133;0,000130448773623343;1,0158841354492;1,04575071712775;1,06110722402557;1,07604784261613;1,10515479126589
"Mu_L1[6]";1,04724467629315;0,0231921615125097;0,000133900006923367;0,000135843165089644;1,00114825628062;1,03172672962807;1,04751182591354;1,06284544165119;1,09242250963489
"Mu_L1[7]";1,10618792134731;0,0198030937617351;0,000114333215141251;0,000114311329746832;1,06688751862069;1,09295116829566;1,10630950917301;1,11970531242235;1,14420467947455
"Mu_L1[8]";1,11563993106441;0,0210313427581189;0,000121424514028192;0,000122191305100548;1,07372394713283;1,10161877459639;1,1159241681325;1,12987829875865;1,15636106150655
"Mu_L1[9]";1,04877604401567;0,0221424471897593;0,000127839478455246;0,00012827816117113;1,00430644177255;1,03415149127888;1,04889353259387;1,06364346500157;1,09142728960476
"Mu_L1[10]";1,08146480564418;0,0240198312577863;0,000138678560425723;0,000140709811517048;1,03395545414709;1,06525571150719;1,08161154644143;1,09776717691555;1,12789815088295
"Mu_L1[11]";1,02990827843658;0,0221393930323363;0,000127821845269143;0,000127830324655274;0,98528193198395;1,01529449618922;1,0301991286651;1,04494653962824;1,07235748768734
"Mu_L1[12]";1,07426751828484;0,0215942145617837;0,000124674255901844;0,000124676515538559;1,03125571012094;1,0597194132054;1,07448985006697;1,08899886767603;1,11594729537126
"Mu_L1[13]";1,0661154833736;0,0237764070465745;0,000137273150087019;0,000137166451039865;1,01826728435206;1,05032702183859;1,066530650637;1,08210056528092;1,11205599413832
"Mu_L1[14]";1,04127690091687;0,018626340043338;0,000107539224380387;0,000107545360398518;1,00455644763374;1,02878498142384;1,04151235938641;1,05385296971249;1,07757255071228
"Mu_L1[15]";0,985552895414481;0,0195276731570275;0,000112743073538569;0,000113430550740383;0,946307312876949;0,972753864775999;0,985825055461273;0,998783481407194;1,02299014597369
"Mu_L1[16]";1,06483962263377;0,0235570138308148;0,000136006482765247;0,000137660138455294;1,01748667967578;1,04938262682631;1,0649626694023;1,08077965372348;1,11046621052438
"Mu_L1[17]";0,983376593082221;0,0194310327428419;0,000112185119847122;0,000112850327406415;0,943942057236108;0,970609170854902;0,983613233887045;0,996502386213859;1,02091524579372
"Mu_L1[18]";0,975947379984748;0,0177681036283933;0,00010258419412842;0,000103157988080441;0,940537754702438;0,96411896100661;0,976140291983267;0,987881138495081;1,0102212665427
"Mu_L1[19]";1,05464944083622;0,0202271747339208;0,000116781647775748;0,000116411480310332;1,01419718956893;1,04121520024061;1,05490541880244;1,06841938022647;1,09331529699234
"Mu_L1[20]";1,02068481529073;0,0180662588867918;0,000104305594315387;0,000102980863080657;0,984528820337118;1,00869278548072;1,02095631094614;1,03291236990315;1,05560825035426
"Mu_L1[21]";1,02685914823509;0,0194429170359039;0,000112253733845107;0,000111896527544837;0,988454193918803;1,013813222324;1,02697417750903;1,03999585364881;1,06416165190593
"Mu_L1[22]";1,02972660715007;0,0201860229106267;0,000116544057613183;0,000116648165357401;0,989073222891913;1,0163392938633;1,03003363965781;1,04347691372728;1,06813601534245
"Mu_L1[23]";0,995148749984287;0,0211113677827891;0,000121886538723545;0,000120735999094303;0,953282882045113;0,980889777199727;0,995369178523748;1,00950870396143;1,03592037173711
"Mu_L1[24]";1,00972285230863;0,0209960350674159;0,000121220664980874;0,000121830176793697;0,967883888715704;0,995801114732657;1,00999316107623;1,02397742763499;1,05033336852153
"Mu_L1surv[1]";1,18108356086466;0,0216035969311363;0,000124728425036557;0,000124213282310229;1,13943221058821;1,16648417421931;1,18076475100774;1,19539870391622;1,22436730223716
"Mu_L1surv[2]";1,18732501670359;0,0220851236137546;0,000127508520634874;0,000127459915477798;1,1448174186839;1,17233017508484;1,18686054965717;1,20185043886071;1,23192042014135
"Mu_L1surv[3]";1,15978813929981;0,0208146758167791;0,000120173586859122;0,000118708391525254;1,11961052945631;1,14576506640808;1,15938103479592;1,17362963594106;1,20154173584219
"Mu_L1surv[4]";1,15844550405812;0,0204871129258352;0,000118282401626492;0,000118265787437283;1,11876968216404;1,14460740022817;1,15820964871957;1,17206881650306;1,19942748818398
"Mu_L1surv[5]";1,1411698113665;0,0219685774940688;0,000126835641299138;0,000125859314964777;1,09845850269146;1,12642050483827;1,14097021724668;1,15566450013925;1,18505885407305
"Mu_L1surv[6]";1,14492345084174;0,0217322851960534;0,000125471407080472;0,000126948330287943;1,10273552007869;1,13032732464058;1,14451709004999;1,15924761032337;1,18882567123155
"Mu_L1surv[7]";1,15882346943254;0,019009380740428;0,000109750710876142;0,000109244531822114;1,12158676548623;1,14591798658604;1,15861501128382;1,17163446932433;1,19667488963333
"Mu_L1surv[8]";1,18129450800026;0,0194823952672092;0,000112481661519819;0,000113440169392267;1,14340977817149;1,16818780190713;1,18100090572453;1,19412458456043;1,22038889776003
"Mu_L1surv[9]";1,13386087358501;0,0207662656163237;0,000119894090436477;0,000119892817916742;1,09378939278558;1,11996063501509;1,13356473569957;1,14750091617877;1,17544694346595
"Mu_L1surv[10]";1,17651924586104;0,0223808685880427;0,000129216005040041;0,000129364579544722;1,13341472294051;1,16130988712996;1,17628478050906;1,1915075274365;1,22112914676191
"Mu_L1surv[11]";1,11822989801597;0,0211146880202036;0,000121905708123195;0,000122170238383796;1,07734895832027;1,10392780071734;1,1178767252289;1,13215054337545;1,16020371466888
"Mu_L1surv[12]";1,15521506671965;0,0200789557055348;0,000115925904816371;0,000114040439237889;1,1160833912688;1,14168971795375;1,15510923019986;1,16862679972604;1,19494305266648
"Mu_L1surv[13]";1,16288825677918;0,0219681478372575;0,000126833160674381;0,000125898841459059;1,12070088352792;1,14802121384936;1,16271531864984;1,1773578712175;1,20678988858897
"Mu_L1surv[14]";1,10257142175603;0,017725504924359;0,000102338250396007;0,000102343623743056;1,06846223482383;1,09044989211666;1,10251631207054;1,1144237563423;1,13755124342037
"Mu_L1surv[15]";1,05612656384945;0,0189644244028982;0,000109491155340396;0,00010981099152145;1,01943876374663;1,04337696767797;1,05593536098953;1,0687876545658;1,09388461416144
"Mu_L1surv[16]";1,16276211598274;0,0217232429437733;0,000125419201612591;0,000126855274651558;1,12094835939548;1,14799754172909;1,16246874502615;1,17713866533885;1,2061964114947
"Mu_L1surv[17]";1,04945321258243;0,0190240896863809;0,000109835633015196;0,000109062412896059;1,01231925838983;1,0366059293351;1,04936994549937;1,0620398750469;1,08743108184948
"Mu_L1surv[18]";1,02915739728225;0,0176425217264583;0,000101859146679545;0,000102107134742335;0,995125989201036;1,01716214250951;1,02882286331938;1,04094818210233;1,06478461830404
"Mu_L1surv[19]";1,12684803765265;0,0190669988025157;0,000110083368912707;0,000108403886274159;1,08976002979785;1,11398573154935;1,12674870720721;1,13952962359018;1,16454554545809
"Mu_L1surv[20]";1,07827293434892;0,0175264620453702;0,000101189075798363;0,000100552685862591;1,04441162252236;1,06647369289022;1,07816251043927;1,08972888629714;1,11348683169095
"Mu_L1surv[21]";1,09319820157372;0,0187397103464535;0,000108193768130606;0,000107520947486077;1,057328020601;1,08059296692908;1,09296224722482;1,10577427350451;1,13067161666671
"Mu_L1surv[22]";1,10409046645208;0,0192163948394579;0,000110945907334151;0,000111619041557651;1,06710841268017;1,09101091600341;1,1039389062843;1,11688890235288;1,14262268913792
"Mu_L1surv[23]";1,0676300093276;0,0211073485360981;0,000121863333591955;0,000121585371823044;1,02691603871164;1,0533727559182;1,06730157188785;1,08165613484662;1,10992837303281
"Mu_L1surv[24]";1,07685747698317;0,0210659931295992;0,000121624568041209;0,000121190078836463;1,03600652046387;1,06256071419211;1,07663363784869;1,09074778832419;1,11946172519773
"Mu_L2[1]";2,94965028831956;0,0403925187970607;0,0002332063160073;0,000233364189479719;2,8697146468221;2,92286391650095;2,94989924088472;2,97640063088718;3,02916885793121
"Mu_L2[2]";2,92002660333459;0,0303079911891631;0,000174983268716601;0,000182652153203822;2,86070750291663;2,89971176134468;2,91990304660927;2,94043695264087;2,97985664123929
"Mu_L2[3]";2,90894513120324;0,0278011075724913;0,000160509769407476;0,000155670896454126;2,8543709151423;2,89005449793268;2,90911363374106;2,92760095152808;2,96352306251272
"Mu_L2[4]";2,94591367345932;0,0378194220297978;0,000218350534894998;0,000219225113602689;2,87125466073169;2,92077469927793;2,94561725069171;2,97124465284198;3,02120076948913
"Mu_L2[5]";2,8253515288037;0,040959288089467;0,000236478560042692;0,000239167365748787;2,74372801367962;2,79814122574056;2,82549226429719;2,85249545212536;2,90590694220746
"Mu_L2[6]";2,85058954847484;0,0333018425674833;0,00019226827770847;0,00019325882566562;2,78521962174567;2,82804600261216;2,8507980818562;2,8729110613027;2,91583215663496
"Mu_L2[7]";2,90269179553181;0,031867362589566;0,000183986303694494;0,000187463457960886;2,83984515115944;2,88157705752101;2,90273286672716;2,92402698958526;2,96504522840492
"Mu_L2[8]";2,92021188190024;0,0249592003636817;0,000144102010487294;0,000142923597619081;2,87066024213229;2,90359828637915;2,92040561177262;2,93696536373207;2,96875507925973
"Mu_L2[9]";2,92797766559445;0,0342100024075144;0,000197511540989562;0,00019679797079569;2,86139906008601;2,90496629433155;2,92793388872317;2,95101315896203;2,99460137855225
"Mu_L2[10]";2,93313385404681;0,0333535136501622;0,00019256660084341;0,00019029234807092;2,8677981089223;2,91079451892805;2,93300682462978;2,95558303410749;2,99875814063685
"Mu_L2[11]";2,80757065625296;0,0321020839967017;0,000185341468370437;0,000187075174981239;2,7444690297816;2,78622038612568;2,80749610206855;2,82901933370541;2,87079495461339
"Mu_L2[12]";2,69385764554278;0,027538001433484;0,000158990725405663;0,00016011160375698;2,6394772869915;2,67539931209326;2,69402000023091;2,71239451250837;2,747926748724
"Mu_L2[13]";2,64857834698339;0,0306372801724623;0,000176884419548091;0,000181449105594618;2,5882993591376;2,62829837207233;2,64865644927998;2,66938174259874;2,70842122339558
"Mu_L2[14]";2,801682993968;0,0234713844293399;0,000135512101185326;0,00013495567940173;2,75587292559532;2,78566889676061;2,80168776688937;2,81790307055002;2,84731982034965
"Mu_L2[15]";2,53155052768702;0,0251312593051265;0,000145095393248891;0,000144277284741901;2,48245412623907;2,51460886639623;2,53167893020839;2,54829608187131;2,58086948475489
"Mu_L2[16]";2,67164011681856;0,0275401977150402;0,00015900340564314;0,000157833806158014;2,61730062998412;2,65327007912306;2,67163213593172;2,69024345403708;2,72528964334084
"Mu_L2[17]";2,57116771403542;0,0290990960360477;0,000168003709295869;0,00016801026794292;2,51396458527979;2,55159781298159;2,57127751728287;2,59059312825503;2,6281504642991
"Mu_L2[18]";2,52317183019485;0,0262395324829334;0,000151494011424315;0,00015161249890692;2,47181793506478;2,50540761276074;2,5231648748129;2,54069583751048;2,57495528339243
"Mu_L2[19]";2,6099089700372;0,0255022248777109;0,000147237163980807;0,000147128147370969;2,55999377139143;2,59282983676251;2,60978917689963;2,62704950911018;2,66013462189445
"Mu_L2[20]";2,61221741654033;0,0239691005586202;0,000138385666597526;0,000137736498903459;2,56547897144604;2,59586647773117;2,61215367104627;2,62822239018821;2,65970128258148
"Mu_L2[21]";2,69377540504716;0,0239806442554348;0,000138452314162159;0,000138444372364587;2,6468217232321;2,6774694947297;2,69369401442092;2,70983757453661;2,74122853255124
"Mu_L2[22]";2,70730016774545;0,0243546679867897;0,00014061174118197;0,000141081576854113;2,65965544362568;2,69087736243495;2,70740301914193;2,7236221689005;2,75488671532423
"Mu_L2[23]";2,65814477845002;0,0294276922761274;0,000169900860572516;0,000169903471411581;2,60038148919879;2,63856589879138;2,65805299374919;2,67781964818749;2,71683028924048
"Mu_L2[24]";2,70956619562307;0,0304772788429008;0,00017596065144116;0,000177626213637398;2,65016192623582;2,68892072822318;2,70971552361531;2,73014278669233;2,769389806955
"Mu_L2m[1]";2,945572172181;0,0389845595551811;0,000225077459534228;0,000225335032097792;2,86795630963065;2,91979908823414;2,9459389571788;2,97178284358566;3,02135603375447
"Mu_L2m[2]";2,91927137974317;0,0300341729971783;0,000173402378648087;0,000181100700698042;2,86037181476352;2,89918004477352;2,91920112471448;2,93953237074282;2,97833946547717
"Mu_L2m[3]";2,9086375234973;0,0276825812984633;0,000159825457645315;0,000154991422095871;2,8542511580185;2,88983641095605;2,90883013765218;2,92718626576012;2,96284300454327
"Mu_L2m[4]";2,94339674266472;0,0369106925982657;0,000213103983075842;0,00021368933424969;2,87004021200429;2,91891640877484;2,94329877515631;2,96813938649685;3,01632250218147
"Mu_L2m[5]";2,8248027028294;0,0399740441692197;0,00023079025161697;0,000233408671662216;2,74524388796765;2,79818774381584;2,82500674853404;2,85126547437526;2,90344577404727
"Mu_L2m[6]";2,85017928115852;0,0329891748524235;0,000190463089813903;0,000191413013628172;2,78535398658731;2,82781884945324;2,85041320368046;2,87232575766767;2,91443176208531
"Mu_L2m[7]";2,90137313948477;0,0313615497227146;0,000181065991746131;0,000184556094094622;2,83925815822802;2,88058967903351;2,90150555095721;2,92247935816029;2,96264867710852
"Mu_L2m[8]";2,92009862341337;0,0249177600324388;0,00014386275462331;0,00014269110467107;2,87063830471003;2,9035281935321;2,9203160315213;2,93684070000324;2,96853632487048
"Mu_L2m[9]";2,92740123923445;0,0339680218646018;0,000196114465673669;0,000195424808858739;2,86120114115033;2,90449573895088;2,92741847633282;2,95037682508311;2,99347264278607
"Mu_L2m[10]";2,93242577547281;0,0330860894689444;0,000191022626613271;0,000188770219675066;2,8674207930698;2,91024435458561;2,93233399438296;2,95472669400295;2,99727235550415
"Mu_L2m[11]";2,80753878506896;0,0319535650966307;0,00018448399410108;0,000186206355394565;2,74475186817289;2,78627551268823;2,80747279799444;2,82889976876195;2,87043657030886
"Mu_L2m[12]";2,69414747697471;0,0274236868405109;0,00015833072979541;0,000159461070954406;2,64014327830904;2,67571120104602;2,69428364416627;2,7126263037473;2,74801418591556
"Mu_L2m[13]";2,64950824993326;0,0303157530579952;0,000175028081887197;0,000179590499614251;2,59003374123281;2,62939188523466;2,64946811270041;2,6700609656433;2,70891655562089
"Mu_L2m[14]";2,80168252565063;0,0234625646520279;0,000135461180177273;0,000134905224137517;2,7559010628897;2,78567181202196;2,80168725366624;2,8178997030074;2,847306281242
"Mu_L2m[15]";2,53217521756856;0,0249446545124965;0,000144018029976321;0,000143199024432616;2,48365203885732;2,51531060887281;2,53224897644892;2,54880447707766;2,58123902242798
"Mu_L2m[16]";2,67198810078494;0,0274113927070257;0,000158259749582638;0,000157101261890526;2,61804564329379;2,65370313952544;2,67193502734239;2,69047611120204;2,72545658019551
"Mu_L2m[17]";2,57184445510208;0,0288774603624846;0,000166724095137932;0,00016673050985049;2,51544212102778;2,55236599395506;2,57188658735633;2,59110545740915;2,6285501318791
"Mu_L2m[18]";2,52441509716423;0,0258932523921287;0,000149494762387904;0,000149603623220747;2,47404396074519;2,50688633756971;2,52430486268175;2,54166953308145;2,57561235044393
"Mu_L2m[19]";2,61016911131844;0,0254137731031642;0,000146726487422359;0,000146604526654899;2,56054010007202;2,59313416671615;2,61003562789754;2,62726210118971;2,66027780050961
"Mu_L2m[20]";2,61242842349067;0,0238997459810176;0,000137985247757042;0,000137323188713706;2,56582261313448;2,59611316347655;2,61231627129272;2,62839724137221;2,65979842889792
"Mu_L2m[21]";2,69391932539045;0,0239286173821475;0,000138151936869184;0,000138144005055402;2,64711880369042;2,67763919239891;2,69382344577853;2,7099274031513;2,74129648950406
"Mu_L2m[22]";2,70741140240126;0,0243096603290649;0,00014035188934894;0,0001408169803652;2,65995113358357;2,69101620289528;2,70749790519957;2,72369141838053;2,75495629298581
"Mu_L2m[23]";2,65862704428011;0,0292557847039394;0,000168908351741732;0,000168911035657742;2,60119954330724;2,63909911081651;2,65849235631506;2,67818561142898;2,71703614389304
"Mu_L2m[24]";2,70990578190611;0,0303201341023209;0,000175053375858405;0,000176708478953554;2,65091848191148;2,68929830398804;2,71005863313123;2,73035015320024;2,769471969155
"Mu_L2nm[1]";2,945572172181;0,0389845595551811;0,000225077459534228;0,000225335032097792;2,86795630963065;2,91979908823414;2,9459389571788;2,97178284358566;3,02135603375447
"Mu_L2nm[2]";2,91927137974317;0,0300341729971783;0,000173402378648087;0,000181100700698042;2,86037181476352;2,89918004477352;2,91920112471448;2,93953237074282;2,97833946547717
"Mu_L2nm[3]";2,9086375234973;0,0276825812984633;0,000159825457645315;0,000154991422095871;2,8542511580185;2,88983641095605;2,90883013765218;2,92718626576012;2,96284300454327
"Mu_L2nm[4]";2,94339674266472;0,0369106925982657;0,000213103983075842;0,00021368933424969;2,87004021200429;2,91891640877484;2,94329877515631;2,96813938649685;3,01632250218147
"Mu_L2nm[5]";2,8248027028294;0,0399740441692197;0,00023079025161697;0,000233408671662216;2,74524388796766;2,79818774381584;2,82500674853404;2,85126547437526;2,90344577404727
"Mu_L2nm[6]";2,85017928115852;0,0329891748524235;0,000190463089813903;0,000191413013628172;2,78535398658732;2,82781884945324;2,85041320368046;2,87232575766767;2,91443176208531
"Mu_L2nm[7]";2,90137313948477;0,0313615497227146;0,000181065991746131;0,000184556094094622;2,83925815822802;2,88058967903351;2,90150555095721;2,92247935816029;2,96264867710851
"Mu_L2nm[8]";2,92009862341337;0,0249177600324388;0,00014386275462331;0,00014269110467107;2,87063830471003;2,9035281935321;2,9203160315213;2,93684070000324;2,96853632487048
"Mu_L2nm[9]";2,92740123923445;0,0339680218646018;0,000196114465673669;0,000195424808858739;2,86120114115033;2,90449573895088;2,92741847633282;2,95037682508311;2,99347264278607
"Mu_L2nm[10]";2,93242577547281;0,0330860894689443;0,000191022626613271;0,000188770219675066;2,8674207930698;2,91024435458561;2,93233399438296;2,95472669400295;2,99727235550415
"Mu_L2nm[11]";2,80753878506896;0,0319535650966307;0,00018448399410108;0,000186206355394564;2,74475186817289;2,78627551268823;2,80747279799444;2,82889976876195;2,87043657030886
"Mu_L2nm[12]";2,69414747697471;0,0274236868405109;0,00015833072979541;0,000159461070954406;2,64014327830904;2,67571120104602;2,69428364416627;2,7126263037473;2,74801418591556
"Mu_L2nm[13]";2,64950824993326;0,0303157530579952;0,000175028081887197;0,000179590499614251;2,59003374123281;2,62939188523466;2,6494681127004;2,67006096564331;2,70891655562089
"Mu_L2nm[14]";2,80168252565063;0,0234625646520279;0,000135461180177273;0,000134905224137517;2,75590106288971;2,78567181202196;2,80168725366624;2,8178997030074;2,847306281242
"Mu_L2nm[15]";2,53217521756856;0,0249446545124965;0,000144018029976321;0,000143199024432616;2,48365203885732;2,51531060887281;2,53224897644892;2,54880447707766;2,58123902242798
"Mu_L2nm[16]";2,67198810078494;0,0274113927070257;0,000158259749582638;0,000157101261890526;2,61804564329379;2,65370313952544;2,67193502734239;2,69047611120204;2,72545658019551
"Mu_L2nm[17]";2,57184445510208;0,0288774603624846;0,000166724095137932;0,00016673050985049;2,51544212102778;2,55236599395506;2,57188658735633;2,59110545740915;2,6285501318791
"Mu_L2nm[18]";2,52441509716423;0,0258932523921288;0,000149494762387905;0,000149603623220747;2,47404396074518;2,50688633756971;2,52430486268175;2,54166953308145;2,57561235044393
"Mu_L2nm[19]";2,61016911131844;0,0254137731031642;0,000146726487422359;0,000146604526654899;2,56054010007202;2,59313416671615;2,61003562789754;2,62726210118971;2,66027780050961
"Mu_L2nm[20]";2,61242842349067;0,0238997459810176;0,000137985247757042;0,000137323188713706;2,56582261313448;2,59611316347655;2,61231627129272;2,62839724137221;2,65979842889792
"Mu_L2nm[21]";2,69391932539045;0,0239286173821475;0,000138151936869184;0,000138144005055402;2,64711880369042;2,67763919239892;2,69382344577853;2,7099274031513;2,74129648950406
"Mu_L2nm[22]";2,70741140240126;0,0243096603290649;0,00014035188934894;0,0001408169803652;2,65995113358357;2,69101620289528;2,70749790519957;2,72369141838053;2,75495629298581
"Mu_L2nm[23]";2,65862704428011;0,0292557847039395;0,000168908351741732;0,000168911035657742;2,60119954330724;2,63909911081651;2,65849235631506;2,67818561142898;2,71703614389304
"Mu_L2nm[24]";2,70990578190611;0,0303201341023209;0,000175053375858405;0,000176708478953554;2,65091848191148;2,68929830398804;2,71005863313123;2,73035015320024;2,769471969155
"Mu_Mu_L1";1,05011519165666;0,0126706829703272;7,31542222373484e-05;7,22805269952429e-05;1,02535537336014;1,04164840879798;1,04996023936726;1,05858142019527;1,07520096377671
"Mu_Mu_L1surv";1,1252722766383;0,00539503619741765;3,11482560086685e-05;3,13031592045278e-05;1,11490692040198;1,1215887070547;1,12530519114805;1,1289100587074;1,13581246703271
"Mu_Mu_L2";2,76458552893709;0,0327303488751603;0,000188968757337441;0,000188594046354233;2,70105871273327;2,74291697126932;2,76417744726865;2,78566784404972;2,83120894269651
"Mu_Mu_L2m";2,76328831569641;0,00618762542709469;3,57242720597769e-05;3,54526415119482e-05;2,75115248827154;2,75910594456938;2,763316220142;2,76746478137092;2,77524802266835
"Mu_Mu_L2nm";2,76328831569641;0,00618762542709469;3,57242720597769e-05;3,54526415119481e-05;2,75115248827154;2,75910594456938;2,763316220142;2,76746478137092;2,77524802266835
"Mu_N1[1]";2420,74732176106;311,976908088164;1,80119951865649;1,80994430757021;1865,27833114028;2203,33738641108;2401,61405149068;2619,97284230848;3089,35261391581
"Mu_N1[2]";10128,1737002736;273,430725435624;1,57865302934972;1,61723842618105;9603,57223876832;9941,15348290728;10123,5333345092;10311,7431574337;10676,2833612293
"Mu_N1[3]";5086,50094906793;364,769211015905;2,1059960217212;2,10387217975473;4407,09813926271;4833,86093228953;5073,6292555195;5326,46494068228;5846,31339870664
"Mu_N1[4]";2789,93435813665;221,495544742118;1,27880512381165;1,27964769935232;2382,59428910158;2635,89727389057;2781,38532268763;2933,68836822836;3246,75678032658
"Mu_N1[5]";3225,36410718589;258,129392876295;1,49031074462884;1,4992116628926;2748,77986334226;3043,96008762256;3218,62511036235;3393,9892043507;3757,49480079136
"Mu_N1[6]";12087,7047202342;720,697410842815;4,16094844154366;4,14424683854526;10737,578960387;11591,6295807175;12063,342157307;12557,7235377056;13561,0992636595
"Mu_N1[7]";1354,11417876514;85,8983654730976;0,495934444288418;0,499754352677542;1191,90966940838;1295,39010071547;1351,36651234875;1410,28796520869;1530,72842308804
"Mu_N1[8]";10271,5002787494;212,675737693581;1,22788394407491;1,21666355286676;9859,24216081106;10127,257309221;10269,9310913866;10413,8832828036;10696,0985510857
"Mu_N1[9]";7977,71592563839;169,519896255339;0,978723577360174;0,971033574800996;7648,82149829209;7862,35672044615;7975,42221731076;8091,63675768349;8311,75823241883
"Mu_N1[10]";10923,1538637087;256,470584207957;1,48073360831685;1,44633615060223;10429,3541822978;10749,2519577118;10918,749431188;11092,4450082162;11439,5093181253
"Mu_N1[11]";7470,49819198229;432,960241046326;2,49969711716501;2,51785689997537;6664,36688854696;7170,46279872415;7460,1154638584;7751,30030828072;8355,84447574605
"Mu_N1[12]";7708,26559391109;287,07227283492;1,65741253998119;1,67252267884037;7160,08409108055;7512,91062185818;7701,94601516453;7900,34983639541;8280,56819282435
"Mu_N1[13]";10664,3383889342;628,554952663237;3,62896371120593;3,68480072923833;9490,14506906401;10234,7096843917;10645,0293503212;11076,538297137;11946,2569605576
"Mu_N1[14]";14043,9422719258;646,002763630677;3,72969869479414;3,72946765402714;12811,6111740848;13600,3636256422;14025,3408681145;14466,4661349092;15362,7499794648
"Mu_N1[15]";10813,9751496503;464,09555947881;2,67945696194801;2,74279636615305;9927,75731686612;10496,0568528078;10803,3654912272;11125,6656738959;11744,2097232532
"Mu_N1[16]";9166,15485381538;687,294269805015;3,96809531684413;3,90696908754617;7894,98622909848;8688,69984675238;9136,11552930687;9616,96758465213;10580,1861054324
"Mu_N1[17]";8801,87060961097;837,965048004954;4,83799346037158;4,88635648638169;7280,93104396552;8209,82511528505;8767,50417809502;9348,62378152766;10541,1733750275
"Mu_N1[18]";9386,23287891244;1311,22403398905;7,57035548991485;7,59053252248039;7084,0658405268;8465,50825075073;9300,75357244888;10210,2961102904;12209,5314105359
"Mu_N1[19]";10544,3108969394;561,525942590032;3,24197154111314;3,24203990481694;9485,45496849165;10156,4345846872;10530,8306533839;10918,7112045291;11678,9141172964
"Mu_N1[20]";6960,10914694597;526,082278874567;3,03733745324123;3,01734580805796;5996,41621285791;6596,01315507441;6936,98840112492;7308,47363066339;8050,74110516092
"Mu_N1[21]";10003,0397352903;381,006496969516;2,19974203588347;2,20304255913212;9282,02075546476;9744,38874772967;9996,88831167736;10255,0853787559;10771,386738896
"Mu_N1[22]";6467,13467845193;449,149097157171;2,5931635214997;2,5932252505801;5631,66644876836;6156,98448820688;6452,25774724702;6755,66863202816;7401,48802752054
"Mu_N1[23]";5401,09570599982;498,856784707808;2,88015098938124;2,87607823840098;4490,47564537083;5056,62357238999;5374,87191519516;5720,74393220069;6451,59441106639
"Mu_N1[24]";5434,54462201509;285,063689878435;1,64581598087503;1,64588714340471;4892,20452964876;5239,65567659504;5426,36449138977;5622,96459221767;6015,72211466658
"Mu_N2[1, 1]";340,667025192978;40,4537082496178;0,233559593476354;0,233548516845448;265,220139677409;312,610022710589;339,328736892872;367,451007009617;423,328340028374
"Mu_N2[2, 1]";449,382877352571;46,4199674264356;0,268005806894263;0,274801416573362;361,662883768669;417,599879993555;447,870683630681;480,046639770148;544,886213115551
"Mu_N2[3, 1]";281,667766144542;27,338749656515;0,157840344734967;0,160034737716049;230,98849455849;262,73689989404;280,71213891655;299,157716939991;338,894920187998
"Mu_N2[4, 1]";324,45447300282;41,4106603512122;0,239084559010925;0,237272965121798;249,643393884738;295,559923094827;322,102047168321;350,907626377109;412,300039465196
"Mu_N2[5, 1]";223,217636171942;29,7214719277298;0,171596998181867;0,17338336912171;168,065272438041;202,556371240202;222,234028201674;242,336649929366;284,262611522739
"Mu_N2[6, 1]";530,379279879379;41,8874579649952;0,241837351317591;0,240453409415917;451,8103778888;501,230548823658;529,06980994844;557,824910000174;615,051354997463
"Mu_N2[7, 1]";273,125053795345;26,6953942112896;0,154125930340112;0,154668326948438;223,149605133983;254,790729611093;272,173080877579;290,314079452538;328,227420944259
"Mu_N2[8, 1]";892,486190090121;64,4238566314625;0,371951309684087;0,369514290815955;770,410589006257;848,424033030914;890,919858337591;934,814951448455;1022,02263115551
"Mu_N2[9, 1]";400,594386558446;33,7989837784222;0,195138523828078;0,196094072874068;337,200965961895;377,214261084376;399,46239953933;422,889799180177;469,821133792099
"Mu_N2[10, 1]";706,918807965192;52,7976259551938;0,304827235578043;0,303730092293833;606,621974199408;670,489557625131;705,945574040652;741,877881608794;813,506438083838
"Mu_N2[11, 1]";441,435692906969;41,3312280769981;0,238625956561927;0,23955657312794;363,437054614809;413,057273744131;440,317053163682;468,647136981401;525,354083129064
"Mu_N2[12, 1]";366,784683934923;34,7273016756003;0,200498169706372;0,199797867798487;301,924737975491;342,541617721354;365,705167127524;389,574118120151;438,199628461221
"Mu_N2[13, 1]";290,712550596654;30,8064712039646;0,177861244423914;0,178486931501507;234,679764402537;269,252899080769;289,546535941478;310,534584267224;354,769501432948
"Mu_N2[14, 1]";847,30455337455;62,6581996287852;0,361757284226164;0,36175210010388;728,961987082243;804,534614318963;845,791246705763;888,980595697974;973,064162492477
"Mu_N2[15, 1]";429,737256937178;42,4497083078044;0,245083505185319;0,246330209174513;350,798668411186;400,400932933403;428,134741313374;457,660080712371;517,055165545598
"Mu_N2[16, 1]";414,313487128018;46,7938322345386;0,27016431637025;0,270932986673406;328,225402846485;381,834233889786;412,532827043188;444,789124572093;510,499147087957
"Mu_N2[17, 1]";621,771799092514;48,8499947507918;0,282035576192814;0,280391647213636;529,199849516821;588,601846477769;620,715760586528;654,094788675233;720,776133281215
"Mu_N2[18, 1]";697,24230141275;59,7858939747611;0,345174019800707;0,34372524909175;584,304122933981;656,117017403905;695,894948741568;736,865546204006;817,160278743783
"Mu_N2[19, 1]";557,791355815846;43,1110843481476;0,248901961534597;0,248917517842186;476,872636240764;527,934668086225;556,508974065604;586,177953318504;645,382240056317
"Mu_N2[20, 1]";601,484130037011;48,7285480004836;0,281334403052988;0,28231365316281;508,541775146762;568,41339324774;600,483704072544;633,999528181254;698,947329902722
"Mu_N2[21, 1]";840,207142572532;72,6387127076094;0,419379803353262;0,419380790610387;701,652166576754;790,734387419311;838,704675155128;888,365830051161;987,18466794944
"Mu_N2[22, 1]";235,860465429343;31,681414932164;0,182912734393931;0,182572615589819;177,11634875288;214,206553544085;234,570476523845;256,053984582557;301,837995579783
"Mu_N2[23, 1]";215,04790785755;27,0924974472245;0,156418606941743;0,157753637676385;166,120435502234;196,020690665002;213,625247196644;232,600203883438;271,740743944482
"Mu_N2[24, 1]";244,670447389538;34,2696102880872;0,197855687248507;0,1994905710049;181,71830028548;220,978368122829;243,220159357377;266,936491494651;315,8595841942
"Mu_N2[1, 2]";328,302257432066;39,2847070063137;0,226810361651308;0,226013850114691;254,170644823932;301,171806358026;327,381149291776;354,341824119637;407,916827129874
"Mu_N2[2, 2]";515,873419847332;43,4449750820362;0,250829680585502;0,251824636397311;432,867786574952;486,058145281969;515,584406283386;544,82391510541;602,331588795367
"Mu_N2[3, 2]";174,981456782708;20,5175542497912;0,118458154692297;0,11928684193146;137,119449898757;160,772251115832;174,152215775326;188,288014701764;217,484884719811
"Mu_N2[4, 2]";167,036751501593;29,4927062980476;0,170276219203084;0,169321985668465;114,869620137525;146,316774664977;165,381761724723;185,550185673769;230,358383173571
"Mu_N2[5, 2]";258,748153929374;29,9458830545615;0,172892636426721;0,17290745484795;202,192982795727;238,055232149763;258,246189664986;278,270993762682;319,694892307392
"Mu_N2[6, 2]";386,95943460122;36,2127454105521;0,209074383108776;0,209757230928089;319,559760838412;361,919639378951;385,659547478968;410,764098848119;460,575177946104
"Mu_N2[7, 2]";142,422957151238;21,027943181884;0,121404886565649;0,121408883843786;104,032838707143;127,662185351205;141,462526242639;156,205638651832;186,25724315568
"Mu_N2[8, 2]";824,11727927675;62,3352360632128;0,359892653210948;0,360622354231082;704,687392397315;781,883984330256;823,230289877896;866,154260477187;948,637702862508
"Mu_N2[9, 2]";397,521365580212;30,6915011875725;0,177197464724787;0,176484661661024;338,890466476981;376,658562476443;396,77658095741;417,70222200481;459,2924945062
"Mu_N2[10, 2]";660,77792979686;50,5104317204775;0,291622113507019;0,291583894424414;564,292844562905;626,313685149298;659,880174775136;694,467875072663;763,415637809137
"Mu_N2[11, 2]";371,136314803725;38,0170900074117;0,219491771495854;0,218494968196344;299,895824569815;345,028772335718;370,112968254912;396,111253585464;449,200050991782
"Mu_N2[12, 2]";244,663535314418;28,3014003821593;0,16339821129083;0,161793272019952;192,099530528455;225,105742582382;243,557722581701;262,996455531906;303,156308435193
"Mu_N2[13, 2]";219,391861779029;27,0459847950502;0,156150066019208;0,154898721338987;169,532176716764;200,725760188141;218,306712564819;237,038473585174;275,113516111329
"Mu_N2[14, 2]";570,186424152332;56,2169357928403;0,324568630130122;0,325813236950526;463,655771400303;531,402626251186;569,224449868835;607,845460074746;683,872362191203
"Mu_N2[15, 2]";365,766991739542;33,8356066308269;0,195349965965022;0,19438238875564;301,909566691844;342,534019669353;364,835599826718;388,155699601867;434,585120121705
"Mu_N2[16, 2]";335,298158463183;43,007687832394;0,24830500147256;0,249952812052694;256,984139739389;305,475446538256;333,298301317543;362,761234472139;424,810629976166
"Mu_N2[17, 2]";451,898163690183;43,5221600901681;0,251275308437726;0,252249920098318;369,334225766186;422,224198614041;450,384240272166;480,177044957531;541,175142880919
"Mu_N2[18, 2]";542,129877343401;53,6323524287807;0,309646531120294;0,30765704364536;442,424379903336;505,110222566163;540,56822650478;577,471024608388;651,381761112643
"Mu_N2[19, 2]";419,205746073975;37,9516655881743;0,219114043435271;0,219122508354487;347,523494153732;393,360708991665;418,214959882679;444,273702827803;496,439856827284
"Mu_N2[20, 2]";489,648469014105;46,529666392504;0,268639154170157;0,268644557910917;401,100653641971;458,000622856773;488,649981870635;520,654004933536;583,718316013922
"Mu_N2[21, 2]";722,120703907734;61,0345672255286;0,352383238175313;0,349579323059796;602,962687983664;680,590835258256;721,685644843766;763,282224139705;842,802664537309
"Mu_N2[22, 2]";276,162418643452;33,9627107051907;0,196083801680513;0,19638804629861;214,009173406487;252,21419432873;274,88298306173;298,407543368448;346,400078312772
"Mu_N2[23, 2]";203,184772939579;25,4614944414906;0,147002006697648;0,147750548609357;156,995419974977;185,545068323847;201,811091198943;219,55926119321;256,209962659545
"Mu_N2[24, 2]";440,751286367044;44,3148880498676;0,255852125446992;0,258997172652919;358,610781835216;410,383354597911;439,484366048358;469,350203306885;532,145528259957
"Mu_N2m[1, 1]";280,137454698836;37,2393614725216;0,215001553706101;0,214988351856303;211,04742226102;254,227028573716;278,933772726366;304,531637591334;356,360102425185
"Mu_N2m[2, 1]";282,932410922812;37,649309155136;0,217368387755212;0,219740444332618;211,501046470881;257,306088055658;281,954415405551;307,711272246041;359,298761070397
"Mu_N2m[3, 1]";198,967362356085;23,0548168525822;0,133107047159558;0,134335517949161;155,625725251752;183,059883248197;198,286449270568;213,903673913736;246,131922906102
"Mu_N2m[4, 1]";252,255660933229;37,5148679433097;0,216592191056831;0,217619667499026;185,441798655897;226,05894278243;249,623140544665;276,227395954266;332,899260229747
"Mu_N2m[5, 1]";174,849292733798;26,9230726356258;0,155440432335904;0,15543666803553;125,128084635362;156,097957952504;173,972709361216;192,353689850742;230,19449093518
"Mu_N2m[6, 1]";425,28775803874;40,1059037711991;0,23155154338395;0,232162938610114;349,618832673477;397,613355562791;424,19171863306;451,510477998688;507,552547085815
"Mu_N2m[7, 1]";173,298359654537;22,3955289198606;0,129300646505256;0,129295966076884;132,280696684023;157,785711834094;172,406342655354;187,724557374409;219,732892474085
"Mu_N2m[8, 1]";690,676232587531;59,8013920278404;0,34526349785188;0,34337181048206;577,257372899692;649,893423114554;689,194963992927;730,351822612189;810,361214603604
"Mu_N2m[9, 1]";243,81867883665;25,9467144186626;0,149803425542012;0,150361571603459;194,816483266563;226,158366497298;242,944635189695;261,081387952701;296,1413980791
"Mu_N2m[10, 1]";547,0569424939;47,9754542406788;0,276986414203505;0,27856551694343;456,572572217309;514,26387409478;545,829895229445;578,695237441163;644,184688292532
"Mu_N2m[11, 1]";324,297970645364;34,8575722909156;0,20125028745457;0,201253758130047;258,864269499966;300,209317660474;323,498928950004;347,375503857464;394,993694790757
"Mu_N2m[12, 1]";219,819520316786;25,7486372288598;0,148659826353482;0,151646374245844;171,800535563254;201,883457692065;219,011357382813;236,610226074075;272,436179901818
"Mu_N2m[13, 1]";181,572785513058;25,1216887771629;0,14504013777993;0,145038762436552;135,282028698249;164,078060828633;180,42529117558;197,886904510677;233,51868963706
"Mu_N2m[14, 1]";532,089345550247;53,9203782408536;0,311309448921633;0,310544833545243;428,562311400748;495,527139657997;530,875524914664;567,99250625611;639,207484243055
"Mu_N2m[15, 1]";205,501218309349;28,1996148331502;0,16281055214963;0,163031011448833;152,09425404215;186,255039350848;204,763105918585;224,280905157531;263,185414253615
"Mu_N2m[16, 1]";267,095068806227;39,4539210473293;0,227787319372618;0,22779680162664;194,372827722304;239,892921420264;265,091024725401;292,312283651968;349,824090971236
"Mu_N2m[17, 1]";420,436507441599;43,4464643719442;0,250838279004795;0,250848173029661;338,636592304688;390,842374599061;419,341952863822;449,274637660974;508,553673126365
"Mu_N2m[18, 1]";430,009973636979;49,6945955235166;0,286911881027719;0,281176688300232;336,809393375807;395,80609011899;428,594014311238;463,345025762085;530,865313679609
"Mu_N2m[19, 1]";418,264584970483;38,0369182275896;0,219606249778427;0,222980515508014;346,466617529097;391,775862119042;417,267117489191;443,190152883049;495,706167331978
"Mu_N2m[20, 1]";383,86033034785;43,6721509335859;0,252141280975958;0,253018573408508;301,347632891939;353,779582361802;382,699889979325;413,187656994111;471,735938811086
"Mu_N2m[21, 1]";578,290806935674;58,3105686698868;0,336656225181593;0,334625821343435;466,623107890726;538,276617279299;577,804561287359;617,693659792475;693,940830084652
"Mu_N2m[22, 1]";177,656091464658;27,9057869684512;0,161114136181836;0,159387277197231;126,507417468234;158,359896485627;176,347619664321;195,545659373306;236,034595587162
"Mu_N2m[23, 1]";148,538670460011;23,0261790269274;0,13294170659605;0,132946425744198;105,57838940063;132,656486519462;147,64036899781;163,617787072528;196,18470404392
"Mu_N2m[24, 1]";190,673944594648;31,9318595665641;0,184358677164811;0,184362798611496;132,873318199861;168,310962796177;189,366485197882;211,259287182371;257,67572538623
"Mu_N2m[1, 2]";316,312637817294;38,4584133935032;0,22203975325345;0,222213956116374;243,815912348814;289,743202426302;315,426999872774;341,84412728907;394,48806007404
"Mu_N2m[2, 2]";494,917535949654;41,8539264866311;0,241643757236993;0,241752164682364;414,597542672292;466,324634169781;494,492903152509;522,723880393144;577,7126195692
"Mu_N2m[3, 2]";161,633011828077;19,7571651234599;0,114068046024535;0,113613840273141;125,089659313611;147,907055177425;160,851855011472;174,561345808156;202,361607663706
"Mu_N2m[4, 2]";154,041531258056;27,8596766635616;0,160847918212432;0,159489545567642;104,831219274311;134,561558410469;152,266857229643;171,262071374131;214,34189493563
"Mu_N2m[5, 2]";249,099192888721;29,1646990934936;0,16838246872463;0,16811920655879;193,912309845389;229,064091581684;248,587359074325;268,284741380942;307,910000038831
"Mu_N2m[6, 2]";370,311365892419;35,7254087859645;0,20626074379486;0,207229189052924;303,71231015224;345,672210256258;369,052515856008;393,945054615708;443,346156772592
"Mu_N2m[7, 2]";130,869245388722;19,7617200994005;0,114094344190389;0,113531100347137;94,8121517786197;116,934238123606;129,999671240253;143,739971909051;172,047001529371
"Mu_N2m[8, 2]";793,143280936505;60,9300159530069;0,351779611121967;0,351529553289825;676,504380297343;751,854124053856;791,967142422598;834,132091569999;914,309725315738
"Mu_N2m[9, 2]";368,145164554594;28,6669020774191;0,165508436312306;0,163541769061899;313,098092168268;348,670487308423;367,777769813967;387,177828984962;425,298808384102
"Mu_N2m[10, 2]";638,109686335156;49,4577468932106;0,285544434823075;0,285656290079137;543,299835697524;604,442279354244;637,31745032486;670,841339986885;738,641585263616
"Mu_N2m[11, 2]";327,842263962586;34,6394282529542;0,199990832264178;0,199227274639009;262,768813532931;304,140966641982;326,991034592016;350,835192124958;398,11294030103
"Mu_N2m[12, 2]";192,958612389962;24,6672998605735;0,142416722146833;0,142427918290491;147,225577746429;176,046029469392;192,024832499473;208,945625282389;244,184793000898
"Mu_N2m[13, 2]";203,496502377661;25,6392153906162;0,148028079075831;0,151598626161025;156,277599388098;185,91364039989;202,341997536371;220,038721634244;256,492755174575
"Mu_N2m[14, 2]";503,160173491732;52,9264165863633;0,305570808633791;0,304302187532337;402,238143868182;467,068017307514;502,61263605544;538,221266209366;608,149637456315
"Mu_N2m[15, 2]";324,436762872637;30,1315404213768;0,1739645297338;0,176385857536143;267,587291190256;303,611019597032;323,827178803272;344,555543056767;385,251262499435
"Mu_N2m[16, 2]";292,604516015679;40,2737699892477;0,232520719445732;0,231432901971727;218,407900095481;264,610345430892;290,77373891378;318,695686056706;376,553376384268
"Mu_N2m[17, 2]";411,231213738253;42,0745032726753;0,242917257904989;0,242916302307752;331,972178938152;382,683678062345;409,660462418928;438,519893120817;498,258928482127
"Mu_N2m[18, 2]";504,810783221157;51,6100316067511;0,297970656410428;0,299088305337296;408,762102576048;469,422014680569;503,18159876405;538,92048208903;610,235509334563
"Mu_N2m[19, 2]";394,814189092648;36,6225351582409;0,211440305320169;0,211449731843042;326,410275395852;369,768192203805;393,717273739554;418,972622106234;469,731931379215
"Mu_N2m[20, 2]";459,25313547381;45,0625973976013;0,260169027378889;0,261084986583872;373,489761052101;428,48722142062;458,18337041847;489,1720325497;550,322647697571
"Mu_N2m[21, 2]";691,665618831836;59,2430152530416;0,342039708039487;0,338992351268026;576,303772454986;651,352382944972;691,461896869779;731,705658482092;808,418112853071
"Mu_N2m[22, 2]";246,540422945563;32,1726332265389;0,185748784538814;0,185303750490514;187,961061712657;224,021968349955;245,390067120606;267,422071729618;313,129807265364
"Mu_N2m[23, 2]";180,018979839554;24,0551909272024;0,138882709572281;0,138879254238709;135,487148861698;163,330562822914;178,974963530378;195,80525338754;229,739056686266
"Mu_N2m[24, 2]";412,448997953099;43,3748106154629;0,250424585848866;0,253918813480307;331,908740776357;382,636001677773;411,254710952057;440,638026453669;501,184241228965
"Mu_N2nm[1, 1]";58,9708095229761;13,7392087245363;0,0793233585556351;0,0800556384171095;35,9597371187146;49,1840421052791;57,6590514967365;67,2881756446569;89,4396157823649
"Mu_N2nm[2, 1]";166,082146429672;26,6042584006807;0,153599757492234;0,154283707681623;118,952358515096;147,20866743013;164,306500556133;183,006765827777;222,844911354722
"Mu_N2nm[3, 1]";82,6072553127223;16,5092437258636;0,095316163092445;0,0953203074165701;54,2629983801735;70,9323393713713;81,2933111114413;92,7101938853739;119,058051591462
"Mu_N2nm[4, 1]";71,3062405578797;15,7294024502185;0,0908137473882561;0,09139556162652;43,885077460362;60,2090041529409;70,176992900839;81,1088759577809;105,467728154296
"Mu_N2nm[5, 1]";47,8460360780421;11,6548860209521;0,067289515815711;0,0657634437884194;28,0338862842633;39,5305909218794;46,7811818902684;54,971253228175;73,5220056339483
"Mu_N2nm[6, 1]";104,683312928405;16,9098450862513;0,0976290361250203;0,0979742964990819;74,3538603147359;92,877750261926;103,690670877682;115,480943970665;140,363310384299
"Mu_N2nm[7, 1]";99,3893501702326;13,6833140530313;0,079000650519238;0,0801970206806714;74,638859572581;89,8973233944389;98,6829642696914;108,138114018363;128,147750819249
"Mu_N2nm[8, 1]";201,706822001076;23,9714683380775;0,138399336978596;0,137968389812454;157,530213381075;185,198918446176;200,891964985981;217,31212391996;250,931915954088
"Mu_N2nm[9, 1]";156,53018721441;22,8144520440962;0,131719300290727;0,132575200187946;115,474345957933;140,542206742877;155,202699674394;171,022981015144;204,667170784473
"Mu_N2nm[10, 1]";159,331629380862;22,5048051422121;0,129931553069162;0,13010498799783;118,744462961467;143,567244383795;158,018090389218;173,535952210823;207,3867936622
"Mu_N2nm[11, 1]";116,991085932219;22,663838111259;0,130849730344055;0,130650771073025;75,9450927046774;101,330951198857;115,723336790279;131,525288243345;165,132422103526
"Mu_N2nm[12, 1]";146,850386244291;23,3197942425372;0,134636894833755;0,134639466150794;105,062903966432;130,51405154994;145,411529401969;161,537558675135;196,60402971418
"Mu_N2nm[13, 1]";108,859034172849;17,9222350356846;0,103474072223323;0,104061028265764;77,2647539076705;96,3132895965283;107,670061237857;120,069735704509;147,685367797557
"Mu_N2nm[14, 1]";315,199395578986;34,4242350811951;0,19874841390775;0,19709632466992;251,349389198226;291,506383659382;314,127363073751;337,549774692713;386,117114434882
"Mu_N2nm[15, 1]";223,937020456182;35,5280711301907;0,205121414308038;0,206021760598945;161,150034358585;198,953775240274;221,501649079365;246,246998465027;300,224422968698
"Mu_N2nm[16, 1]";147,068968762274;25,3109286752276;0,146132714840821;0,149406520080881;102,082124875713;129,205853988797;145,437444043818;162,960868281224;201,296843882801
"Mu_N2nm[17, 1]";200,885756980705;25,1659916514788;0,145295920544051;0,142242700330909;154,223294153134;183,431945902315;199,838863070216;217,237517173811;252,471379785494
"Mu_N2nm[18, 1]";266,265150555746;32,385417285146;0,186977293873974;0,184363209142347;207,82796747728;243,641189065175;264,461186774345;286,94534579045;334,887835213336
"Mu_N2nm[19, 1]";139,376317777011;20,7828768734291;0,119989995574091;0,119426328946481;102,590659846856;124,682208156079;137,974466747923;152,56295548985;183,319324137805
"Mu_N2nm[20, 1]";217,492591929261;22,4456617757848;0,129590088683887;0,130717611376274;175,259361549688;201,970470581007;216,769157868476;232,058414228541;263,116859098255
"Mu_N2nm[21, 1]";261,789546088693;44,7211121088584;0,258197461145088;0,257292308935754;184,637508815937;230,071915521529;258,230924527031;289,606935137869;359,188542201379
"Mu_N2nm[22, 1]";58,176007460707;13,46277891398;0,0777273903002675;0,0774411227402748;34,1554706388838;48,6776154587353;57,2613042021725;66,7048577987194;87,0427016083795
"Mu_N2nm[23, 1]";66,4022502222883;19,1328090950666;0,110463324813904;0,110238068565963;34,5675619977087;52,94499520557;64,3807494192798;77,6321529387606;109,571412490919
"Mu_N2nm[24, 1]";53,8993742625307;14,2072974151475;0,0820258698709246;0,0820248002771727;28,76369010735;43,9601781587116;53,0938901281017;62,9317900297343;84,0900020625212
"Mu_N2nm[1, 2]";10,4878025619353;5,21887871254158;0,0301312102955389;0,0307122049154933;2,86131947169488;6,67118269352375;9,66223359731463;13,3519341090149;22,881246872273
"Mu_N2nm[2, 2]";20,5325066313033;10,2276409559865;0,0590493125911365;0,0585783923691516;5,50955259883289;13,0329068186877;18,9354438738322;26,2500833154202;44,6095675480843
"Mu_N2nm[3, 2]";13,2905876739982;6,68927144538093;0,0386205266967316;0,0387768400861349;3,87178289569268;8,49556004034077;12,0931026378749;16,7424419943727;29,9481429742388
"Mu_N2nm[4, 2]";12,5353765164782;7,27139651928502;0,0419814273779371;0,0419603308295028;2,92886730107745;7,37960811282328;10,9976988892557;16,0797012815881;30,5404207203731
"Mu_N2nm[5, 2]";9,04284104899848;5,12620029283435;0,0295961311898785;0,0298062251211963;1,90236320761247;5,32356226835001;8,11098483009632;11,7382356537694;21,4261401509981
"Mu_N2nm[6, 2]";16,3500773462126;7,2914070614214;0,0420969582968278;0,0423874085817199;5,21934015172801;11,0534456182629;15,297958251782;20,4962992818609;33,4524521332615
"Mu_N2nm[7, 2]";11,3255667011095;5,75989344827369;0,0332547603286438;0,0332382258962274;3,29724629705395;7,16090495871607;10,2677444829772;14,3820358253188;25,3470105058159
"Mu_N2nm[8, 2]";30,8786806526359;12,2870499101365;0,0709393157316368;0,0716651876850161;11,5071016008728;21,8727955428086;29,3931721179386;38,2236238196791;58,933696336844
"Mu_N2nm[9, 2]";29,1324669510436;11,4208337059791;0,0659382141451699;0,0665639491342728;11,3702118142734;20,7939466023448;27,5024790668951;35,922375350944;55,428534038115
"Mu_N2nm[10, 2]";22,1727472047094;8,98504194405992;0,0518751638508308;0,0517873508620178;8,06163670938943;15,5673121264502;21,0565350818328;27,4823789185309;42,8770592982381
"Mu_N2nm[11, 2]";43,1707283448729;16,2695105241444;0,0939320628069821;0,0955377340245597;17,4635776972762;31,2900087467598;41,1512030883808;52,86577869019;80,3070823312937
"Mu_N2nm[12, 2]";51,6283797987111;15,7722295848115;0,0910610099651153;0,0885874455130809;25,3581492435829;40,2763175824353;50,1136404149608;61,3178162890707;86,69647694973
"Mu_N2nm[13, 2]";15,6834869901368;7,73307023096636;0,0446469017951071;0,0443926884327455;4,63066593457844;10,1229670810751;14,3195075060557;19,7400640703061;34,2346851815826
"Mu_N2nm[14, 2]";67,0156164988833;20,2787966343904;0,11707968695707;0,116941679146633;33,6873311028239;52,4871134710577;64,9355719797257;79,3080687568826;112,399492285302
"Mu_N2nm[15, 2]";41,0755739259286;15,4583159540407;0,0892486287728367;0,0896474467265791;17,377653544682;29,8462938757112;38,9219441646296;49,8762073240423;77,087447928168
"Mu_N2nm[16, 2]";42,572782360657;14,949537877033;0,0863111971756551;0,0863095726567645;19,0526391422178;31,8214085689927;40,7265213864339;51,3939127112342;76,5989813292138
"Mu_N2nm[17, 2]";40,3401274027395;14,8141447523035;0,0855295046055653;0,0852991733926838;16,8638460502489;29,5150880247788;38,4842360605028;49,1986900145179;74,4061942310638
"Mu_N2nm[18, 2]";36,5669093568805;12,7216332834079;0,0734483840070727;0,0734518916540097;16,2204032562593;27,4322732084198;34,9358786804417;44,0233623574674;65,6252170205332
"Mu_N2nm[19, 2]";24,278579558705;8,82470111190661;0,0509494356247727;0,0513995746561838;10,3018355826351;17,8831942490197;23,1991610532098;29,5189447396188;44,5438751589311
"Mu_N2nm[20, 2]";30,2883679475475;11,6102133073884;0,0670315977836966;0,0675961655023539;11,9108403225442;21,9090537182695;28,8221583884021;37,0901982493733;57,402510765041
"Mu_N2nm[21, 2]";30,3463119113597;12,7936969431059;0,073864443740327;0,0728783927872446;10,8860661184889;21,0633930907247;28,5480156655407;37,5911587280454;60,2156585355789
"Mu_N2nm[22, 2]";29,5887217780637;11,5030506024009;0,0664128936179805;0,0665637321722782;11,5523042176788;21,2348865051907;28,0846243915328;36,3921259793056;56,1830594711059
"Mu_N2nm[23, 2]";23,0645918296674;12,474135580668;0,0720194553540654;0,0717962430547336;6,44229330115006;14,0539987676529;20,525491086496;29,3059657229384;54,0602137339629
"Mu_N2nm[24, 2]";28,1270053798736;13,0108555420507;0,075118209495903;0,074032747301075;8,15972247541659;18,6521940250161;26,3251337595246;35,6101422826266;58,1916796511515
"Mu_N3[1]";455,317770022133;31,0299178728503;0,179151314368221;0,17856644170014;397,885508995304;433,92327184489;454,333557599205;475,6101974692;519,089760220445
"Mu_N3[2]";593,794699113451;27,9722973008357;0,161498133764897;0,163316291157807;540,978192769416;574,437312016868;593,318355371851;612,148968959702;650,553460029482
"Mu_N3[3]";275,274931302386;22,2080444611032;0,128218204477931;0,127988967973012;234,185122959744;259,781376753986;274,355809598828;289,872076141432;320,552725586059
"Mu_N3[4]";310,158945125466;37,4451987125275;0,216189955565368;0,214995153907396;243,056381407545;283,937244971154;307,655500594984;333,959055483397;389,979828044954
"Mu_N3[5]";323,633580579394;19,9766470808309;0,115335225696239;0,117326888380455;286,31582418262;309,818446927388;322,960742132978;336,767530850253;364,536463355127
"Mu_N3[6]";607,344056921412;38,3981114911603;0,221691600057946;0,221697676206964;534,920665979185;580,882400527161;606,230472210212;632,354899816233;685,46366680303
"Mu_N3[7]";232,195312531575;19,9508371897404;0,11518621222055;0,114845914784054;195,389017133726;218,28265260462;231,372603566193;245,143490871103;273,825948075008
"Mu_N3[8]";1132,71738992113;40,4032846277431;0,233268472559726;0,234882267106957;1055,82045528736;1105,02118910131;1132,24180063799;1159,62706849031;1214,60772906326
"Mu_N3[9]";467,160649320445;20,9884573268316;0,121176914875212;0,121184463728284;427,057979060088;452,64903870033;466,733555904805;481,184833950014;509,376305302929
"Mu_N3[10]";904,731901820438;38,8968336304786;0,224570973671809;0,222006076741092;831,130064603772;878,203090663206;903,886016165045;930,302245429577;984,23985737603
"Mu_N3[11]";497,830482531734;30,880169666963;0,178286742698424;0,176839384085987;440,298942938028;476,456834164537;497,053619157316;518,083934910423;560,82729249725
"Mu_N3[12]";315,106362218988;24,0335182909875;0,138757582548754;0,137689712975098;270,645080549116;298,630799441562;314,183935694843;330,548081808337;365,205366655746
"Mu_N3[13]";293,953998274669;25,0173408653997;0,144437684830471;0,14492453202847;248,152561240351;276,561757743822;292,840941319319;310,165005327016;345,714226330782
"Mu_N3[14]";790,288254358736;34,543456601072;0,199436739673691;0,200013200254311;724,584292639293;766,583391970671;789,564507631522;813,066983941608;859,865581684074
"Mu_N3[15]";404,543788104597;21,8087451694938;0,125912848942952;0,127869766532907;363,691074772494;389,514026831411;404,026128104159;419,04489816712;448,858274266729
"Mu_N3[16]";427,263186041893;40,0380738868662;0,231159927364163;0,227778158108561;353,276377049258;399,467222235392;425,537330548754;453,093890142898;510,03425713681
"Mu_N3[17]";634,878084450559;36,7563982828618;0,212213164430514;0,209597030984476;566,544797621595;609,713717885086;633,79995635217;659,13316975196;710,252618635251
"Mu_N3[18]";713,622996665958;41,7150925114357;0,240842198907476;0,243964703676582;635,473184771539;684,773450521233;712,535879035004;741,086312067075;798,670287693788
"Mu_N3[19]";620,687663400341;33,7334418633288;0,194760117404855;0,194991725124655;557,034610835352;597,50554369167;619,767579551156;643,154817232109;689,117908691522
"Mu_N3[20]";643,61553120753;34,4798894615301;0,199069734622429;0,199308178123308;578,15929553806;619,996431491617;642,882312551471;666,343377718278;713,30539787695
"Mu_N3[21]";969,458694132239;30,3108892525602;0,175000000693426;0,17566637372198;911,032515470988;948,828780520219;969,094765648399;989,57009121227;1030,39950649317
"Mu_N3[22]";323,82292066993;28,1324280297862;0,162422648959549;0,161413288598127;272,453770691992;304,103431440888;322,549523614614;342,036008837682;382,328917246553
"Mu_N3[23]";250,814172946187;22,5478020943148;0,13017979608787;0,130174978926199;209,49339841442;234,996150064642;249,805013886313;265,513665038744;297,731159001922
"Mu_N3[24]";460,411686905053;36,5311066880785;0,21091244280157;0,211617971195374;392,163168295378;435,251710151343;459,086602355685;484,057481073798;535,763521119875
"Mu_N4[1]";41,7095894674256;8,85721374570947;0,0511371474035542;0,0512893157307262;26,802592580626;35,42630999197;40,8519939520421;47,1102046561661;61,4556099173784
"Mu_N4[2]";112,0612741047;16,3484078778958;0,0943875768912494;0,0943892319003587;83,5278489296382;100,373387154121;110,890903580087;122,34059978181;147,082774158532
"Mu_N4[3]";57,5862307311585;10,5158395972458;0,0607132282222477;0,0606624836381776;39,6897591018369;50,1519297996023;56,7413542231393;64,0116247929145;80,9877100408952
"Mu_N4[4]";50,3465203736229;9,49356330953249;0,0548111133232734;0,0551867356372739;34,1464057558577;43,6188483995051;49,5670550419328;56,1984507991526;71,18469810981
"Mu_N4[5]";34,1615191983821;7,31945220320878;0,0422588769984319;0,0418821276178324;21,8565609127769;28,9096887276918;33,4775019909935;38,6431901532927;50,4108964250918
"Mu_N4[6]";72,6800157485671;10,2952963240124;0,0594399210405551;0,0601106770127052;54,5267956398368;65,4862215461004;72,0366872152599;79,1726250630461;94,5387627578495
"Mu_N4[7]";66,4838180898085;8,13626592182129;0,046974753201619;0,0471990841609242;51,8945698473007;60,8013384524865;66,0219378784968;71,5945215663342;83,888671052125
"Mu_N4[8]";139,666566039382;14,202320852303;0,0819971376719455;0,0813456396284273;113,816618002389;129,838489733622;139,041850225456;148,842038440869;169,585811531593
"Mu_N4[9]";111,489602976905;14,3881026220932;0,0830697492199345;0,0847764217439201;85,9487237921916;101,446109710483;110,470543431204;120,591953093975;142,264475546962
"Mu_N4[10]";108,992575674712;13,9505687390717;0,0805436461685143;0,0810467531694865;84,0570399246074;99,2402281775467;108,148290914742;117,763513733077;138,923307335626
"Mu_N4[11]";96,176461367945;13,77415984096;0,0795251489203917;0,0795131620212582;72,1828010631754;86,407641293453;95,2140317507779;104,763136039474;125,974505696687
"Mu_N4[12]";119,185621496937;15,8134678254756;0,0912990990585981;0,0898797687577082;91,3117121809687;107,983057043293;118,122464783187;129,179412849249;153,056900515232
"Mu_N4[13]";74,7872333325063;10,9180790580127;0,0630355588317724;0,0630387292774268;55,7318124951369;67,1399121141102;74,0089611780257;81,4621292503405;98,4907382134692
"Mu_N4[14]";229,518424908437;20,3287884539018;0,117368314861591;0,117363783189381;192,598363526071;215,291114942764;228,624639788449;242,789166948054;272,130353047014
"Mu_N4[15]";159,138891256026;22,3814143329373;0,129219155899659;0,129591343728032;119,910262181252;143,457429309007;157,421008586357;173,17197601179;207,185354233751
"Mu_N4[16]";113,879033107536;16,386519486545;0,0946076143663781;0,0953018365450514;85,0930873953809;102,434093130216;112,593115627872;124,253840483114;149,227563120113
"Mu_N4[17]";144,855077067337;15,177369826538;0,0876265855494221;0,0851127214033766;117,028315821245;134,280894315193;144,129934293256;154,685086365305;176,442908787227
"Mu_N4[18]";181,849313100143;20,2143260522349;0,116707465877447;0,116364267962297;145,255515063471;167,69282453036;180,78008203183;194,750913666437;224,53064579958
"Mu_N4[19]";98,2740423010726;13,1572387242155;0,0759633531921799;0,0757753859228922;75,0212502976694;89,0414999714515;97,3659641060636;106,648988055225;126,319045232126
"Mu_N4[20]";148,791370919883;13,0714949080085;0,0754683110384955;0,0764132531624578;124,766214875859;139,675475250951;148,22012957405;157,274949633542;175,865589100515
"Mu_N4[21]";175,42629114156;28,3535511381848;0,163699303821128;0,163695895169872;126,421636967932;155,531984996051;173,266585856894;192,902578531149;237,602607002866
"Mu_N4[22]";52,7023318835374;8,76843634225862;0,0506245908257511;0,0506261166844445;37,7234960053818;46,4489606840576;52,0318304781208;58,1846078721452;71,7765067150583
"Mu_N4[23]";53,7244431024947;13,0671068091575;0,0754429763379667;0,0762294790547658;32,6366318990794;44,4188904477755;52,1718598759019;61,3081635791618;83,5244561351529
"Mu_N4[24]";49,2564783212403;8,98136042048672;0,0518539085645706;0,0523725576722618;33,9579529028139;42,9092205035818;48,5004746077763;54,7710409027759;69,1325249389216
"Mu_Sd_L1";0,201519453870812;0,00550948356495442;3,18090181932225e-05;3,13685542579812e-05;0,191205700735241;0,197865175403876;0,201318943829356;0,204972415014451;0,213015401839527
"Mu_Sd_L1surv";0,198132842752342;0,00313905862755061;1,81233634361836e-05;1,84659838733727e-05;0,192072897917097;0,195988852468849;0,198105028279682;0,20024324535738;0,204373758110835
"Mu_Sd_L2";0,289646601300228;0,009033601413827;5,2155522080248e-05;5,11575106775086e-05;0,272919223125347;0,283590928993891;0,289276118524247;0,295285171116463;0,308650180373984
"Mu_Sd_L2m";0,287102715678532;0,00430511989355717;2,48556212943885e-05;2,49875035042398e-05;0,278808712463961;0,284165476012074;0,287051148624258;0,289986611700237;0,295762010411471
"Mu_Sd_L2nm";0,287102715678532;0,00430511989355717;2,48556212943885e-05;2,49875035042398e-05;0,278808712463961;0,284165476012074;0,287051148624258;0,289986611700237;0,295762010411471
"Sd_Alpha1";0,528366308347756;0,0882666559769675;0,000509607775887703;0,000513668449993103;0,385572691940723;0,465329694887944;0,518148318967107;0,580578127759702;0,730738349675916
"Sd_Alpha2[1]";0,483553490250474;0,0957711651094729;0,000552935079565583;0,000547494907361048;0,324405144266656;0,416015505823928;0,473817405672762;0,540199086302912;0,698394536339624
"Sd_Alpha2[2]";0,741683013550218;0,180128118009171;0,00103997017421215;0,00104784322680642;0,43770972371126;0,616257975295013;0,725742507000155;0,847011703358822;1,14219111504245
"Sd_L1[1]";0,205108944024848;0,0133417933201912;7,70288796488473e-05;7,83737788485112e-05;0,180902696879336;0,195858704627455;0,204380631627013;0,213452020680164;0,233411842424038
"Sd_L1[2]";0,222144342240957;0,0140400671447749;8,10603654547619e-05;8,10625384238595e-05;0,197460629886564;0,212294282967699;0,221253968563828;0,230976311085832;0,252447051458336
"Sd_L1[3]";0,209185141162647;0,0126865256872815;7,32456902063308e-05;7,33339447250374e-05;0,186243400196816;0,200435719809702;0,20849434285904;0,217229998833739;0,236027364368311
"Sd_L1[4]";0,200144322224615;0,0127388694247263;7,35478969153722e-05;7,21739511886533e-05;0,176808248555204;0,191381691896361;0,199528490507912;0,208206712440381;0,227000699454751
"Sd_L1[5]";0,211925454411367;0,0135538003985413;7,82529030864029e-05;7,81015137748967e-05;0,187663127340276;0,202608683356269;0,211079722085084;0,220296748119071;0,241038917200549
"Sd_L1[6]";0,223055573884411;0,0136639733973415;7,88889871915501e-05;7,7464821862925e-05;0,198643987081901;0,213489508318666;0,222200933343821;0,23171142512391;0,252272360588439
"Sd_L1[7]";0,190928686964323;0,0121839603706899;7,03441279981357e-05;7,03472361288237e-05;0,168660128861886;0,182502225584352;0,190544997006674;0,198937390763582;0,215869188963699
"Sd_L1[8]";0,193377920503132;0,0122767881981703;7,08800697099764e-05;7,0914334465138e-05;0,170709453360808;0,184918915735438;0,192944174077821;0,201233504063756;0,218854036904511
"Sd_L1[9]";0,21108901191973;0,0127736206761155;7,37485333588144e-05;7,30402235179811e-05;0,187973479712939;0,202197341532716;0,210357576959313;0,219218930842915;0,238123449528769
"Sd_L1[10]";0,227689486607428;0,0146493779458507;8,45782230049747e-05;8,37654727225022e-05;0,201927138346127;0,217523116478885;0,226699741437948;0,236840383227385;0,259656710627539
"Sd_L1[11]";0,216311959211459;0,013001205509463;7,50624950067809e-05;7,58609896464121e-05;0,192950989197558;0,207199338911665;0,215548227828078;0,224534377692477;0,24407233072133
"Sd_L1[12]";0,203205902175997;0,0123954901467266;7,15653957294998e-05;7,14147549739724e-05;0,180751049684454;0,194708062165231;0,202558698083909;0,2110618646188;0,229593414706088
"Sd_L1[13]";0,218156334601303;0,0135674425819053;7,83316662687784e-05;7,83185342697356e-05;0,194073038674144;0,208753405042974;0,21728316836605;0,226705929122511;0,247054591022898
"Sd_L1[14]";0,178771692981979;0,0118094924596611;6,81821365057817e-05;6,82680223272945e-05;0,156368998804853;0,170661148701524;0,178448559491061;0,18664465434914;0,202723380444842
"Sd_L1[15]";0,188633439141219;0,0115598748247073;6,67409684184312e-05;6,67456733252651e-05;0,1668010628678;0,180668342906184;0,188295059113753;0,196223875890293;0,212044357359545
"Sd_L1[16]";0,224432328978995;0,0138990352759304;8,02461175803451e-05;8,09066153979731e-05;0,199765100448867;0,214671042782155;0,223600126706856;0,232960785477509;0,25425070334329
"Sd_L1[17]";0,188135906178844;0,0116844584113152;6,74602520910783e-05;6,82994303577058e-05;0,166147429566245;0,180029229581877;0,187843558601096;0,195800723092733;0,21199569108269
"Sd_L1[18]";0,169809111260964;0,0119447086785115;6,89628077093025e-05;6,78951161822591e-05;0,147472300851188;0,161471162395064;0,169405192835876;0,177698043526207;0,194026109865883
"Sd_L1[19]";0,193288732656267;0,0118860332916509;6,86240452053152e-05;6,86241311556136e-05;0,171032094097657;0,185052707553367;0,192863530900379;0,200975818371982;0,217697626004712
"Sd_L1[20]";0,179525060894254;0,0115111877385028;6,64598733951691e-05;6,64353302588424e-05;0,15792262671698;0,171493796489365;0,179262045530949;0,187156932224056;0,203012975737304
"Sd_L1[21]";0,192822358241505;0,0117702938538106;6,79558232493857e-05;6,87479965181136e-05;0,170730022988049;0,18481640803134;0,192467894618577;0,20041034757759;0,217028805741985
"Sd_L1[22]";0,194509936322358;0,0118471101272074;6,83993222106231e-05;6,88392935972277e-05;0,172475273168373;0,186404845094387;0,194030137091531;0,202188733388701;0,219063271343997
"Sd_L1[23]";0,191670779079503;0,0123756038466949;7,14505821227344e-05;7,10801384335547e-05;0,168539595261881;0,183238632767702;0,191291645619431;0,199718134855719;0,217184929839362
"Sd_L1[24]";0,190143233386769;0,012612713319436;7,28195343018795e-05;7,34781373098089e-05;0,166524057222638;0,181474915705146;0,189740541429013;0,198320211365806;0,215966893497914
"Sd_L1surv[1]";0,200467487765817;0,0122337246484892;7,06314421899701e-05;7,19286953066039e-05;0,177877985773046;0,191997689495767;0,199970346753034;0,208255536116747;0,225829925611837
"Sd_L1surv[2]";0,218262819669177;0,012724062582622;7,34624095726245e-05;7,34642965120436e-05;0,195310188760279;0,209344803605991;0,217655382658237;0,226427015636707;0,245130936406221
"Sd_L1surv[3]";0,206485710799284;0,0119073117141841;6,87468962350899e-05;6,90554100924682e-05;0,184561094792544;0,198313985125696;0,205965729155809;0,214195811181838;0,231208287269989
"Sd_L1surv[4]";0,196801179850827;0,0119524750670592;6,9007646974489e-05;6,82023509321467e-05;0,17466434001532;0,188590283891364;0,196315824191794;0,204491950879418;0,221806650626732
"Sd_L1surv[5]";0,208067473302954;0,0124913581409591;7,21188898522675e-05;7,20184977717763e-05;0,185307837169871;0,199457803626893;0,207420091835959;0,215928209301742;0,234483106885174
"Sd_L1surv[6]";0,219625784275194;0,0125060811801541;7,22038933586928e-05;7,08514979474969e-05;0,196798756415011;0,210920899404854;0,219010806053177;0,227741917750899;0,245866192311626
"Sd_L1surv[7]";0,187185345519776;0,0114251740480148;6,59632731215965e-05;6,59442867652503e-05;0,16606033200333;0,179268649755758;0,186879448671902;0,194750016294501;0,210301854891788
"Sd_L1surv[8]";0,190497422642723;0,011609270392836;6,70261538639901e-05;6,7892794330174e-05;0,168781027786795;0,182573353887381;0,190163781998557;0,198025325209581;0,214255476870388
"Sd_L1surv[9]";0,208081300302207;0,0119249825982536;6,88489191318333e-05;6,81653130788856e-05;0,186173332979836;0,199799011376035;0,207500466102211;0,2158365383379;0,232987348833189
"Sd_L1surv[10]";0,222730555332728;0,0130330332055161;7,52462522956208e-05;7,45398984708951e-05;0,199084005740798;0,213709603644162;0,222105536506482;0,231095986938707;0,250299847050072
"Sd_L1surv[11]";0,212716269025234;0,0120012779266638;6,92894104157883e-05;6,97479561839466e-05;0,190784072247287;0,20432152404297;0,212178204368275;0,220462865159833;0,237918154517014
"Sd_L1surv[12]";0,201025623955636;0,0117808590696242;6,80168215513259e-05;6,7662768761564e-05;0,179380693405329;0,192983310002611;0,200466294803059;0,208554097956304;0,225737154227187
"Sd_L1surv[13]";0,215724758551767;0,0126202918092733;7,28632887333559e-05;7,28508067387253e-05;0,192790379832943;0,206970253717028;0,215098826428622;0,223890741146606;0,242020584747213
"Sd_L1surv[14]";0,177180801923648;0,0114700330014258;6,62222664098706e-05;6,62894333453314e-05;0,155369051976952;0,169300586696083;0,176931978679752;0,184821611591913;0,200307024217296
"Sd_L1surv[15]";0,186903050129192;0,0111183800616508;6,41919972154664e-05;6,41964833190499e-05;0,165721061567924;0,179262973020807;0,186657317429614;0,194272865653998;0,209225267958954
"Sd_L1surv[16]";0,220735784491819;0,0126288557689072;7,29127327773555e-05;7,34966739724349e-05;0,19777304286183;0,211910155793372;0,220207452726392;0,228743852953477;0,247271476944992
"Sd_L1surv[17]";0,18576753431007;0,0111191053630381;6,41961847449787e-05;6,4995256815554e-05;0,164615506935199;0,178114341393762;0,185535149364125;0,19311516940443;0,208196581960359
"Sd_L1surv[18]";0,168050454441177;0,011527575478192;6,65544880543786e-05;6,54974440368872e-05;0,14632293511211;0,160013187731906;0,167732532998121;0,175699893381887;0,191241745557657
"Sd_L1surv[19]";0,191327735743685;0,0114204730207119;6,59361317278088e-05;6,59362150473753e-05;0,16978792968496;0,18344796448107;0,190985011139985;0,198778177016736;0,214553538422227
"Sd_L1surv[20]";0,177317675785621;0,0110478215518377;6,37846274691247e-05;6,37546565218492e-05;0,156436900445217;0,169613153921888;0,177105918474218;0,184705051377935;0,199679644159712
"Sd_L1surv[21]";0,190030977008334;0,0111686630535317;6,44823062044475e-05;6,50194895377202e-05;0,168870605711612;0,182438267385463;0,189745954490823;0,197318458674383;0,21281607862809
"Sd_L1surv[22]";0,192649073593804;0,0113822099914082;6,57152200251236e-05;6,61044096325905e-05;0,171262203450949;0,184865788402948;0,192262946641884;0,200089270988804;0,215959737968861
"Sd_L1surv[23]";0,189799301502245;0,0118734531702201;6,85514138403698e-05;6,81815209052251e-05;0,1673245865165;0,181700260940027;0,189517528317825;0,197622532622522;0,214080828517243
"Sd_L1surv[24]";0,1877541061333;0,0120324192193889;6,94692047531662e-05;7,03501486431057e-05;0,165009040725367;0,179510587152006;0,187473998777227;0,195655690300275;0,212070481436598
"Sd_L2[1]";0,354277332681836;0,0258423667850034;0,000149200974198187;0,000149207973670569;0,309327849452787;0,336158394086202;0,352266121551632;0,370271056346111;0,410057399433622
"Sd_L2[2]";0,303074543605387;0,0192763914839603;0,000111292298122691;0,000111960366344224;0,268186368014435;0,289674241624532;0,301888988270858;0,315278660648967;0,344145065345607
"Sd_L2[3]";0,28297242881535;0,0177995590173354;0,000102765801901152;0,000102503898945774;0,250453545589083;0,270688981300814;0,282137544527642;0,294342324322405;0,320560580113003
"Sd_L2[4]";0,334302006745514;0,0236650126889279;0,000136630014463284;0,000136611361490732;0,292441665218457;0,317826121069545;0,332596834035343;0,349053431674892;0,38514663317015
"Sd_L2[5]";0,351219957067123;0,0257960464003675;0,000148933543332803;0,000149989220790281;0,306463379829464;0,333052005650201;0,34912629782967;0,367273874633597;0,407195868070011
"Sd_L2[6]";0,315050533819321;0,0209281468113584;0,000120828711951778;0,000121207022359095;0,277765766721389;0,300483642172484;0,313645296728005;0,328100323862682;0,359617453936408
"Sd_L2[7]";0,328207636382129;0,020675392961102;0,000119369436916935;0,000119369129395011;0,29130780012256;0,313627421995777;0,327043060558031;0,34127668450264;0,372087811178315
"Sd_L2[8]";0,258534023246366;0,0163232899521888;9,42425584795651e-05;9,75827232836326e-05;0,228155955212384;0,247277184881139;0,25789092191259;0,269097043042124;0,292225774908387
"Sd_L2[9]";0,291172048342859;0,0208448914332985;0,000120348036802434;0,000121622666557253;0,253656907996781;0,27662594335911;0,290043387619874;0,304448564666682;0,335017165066292
"Sd_L2[10]";0,295819027854616;0,0205646063107484;0,000118729809892893;0,000118025362754686;0,258735066499961;0,281578985429228;0,294643309114227;0,308744215124302;0,339319450376283
"Sd_L2[11]";0,297363433362923;0,0199071246824509;0,000114933837942045;0,000115139628973379;0,26148216180722;0,283579054994806;0,296239532089773;0,310000619304205;0,339382912633756
"Sd_L2[12]";0,282374135780727;0,0177036540940146;0,000102212094568194;0,000101005661830932;0,250366020412724;0,270066126930249;0,281464200207124;0,293662911016657;0,319680267854226
"Sd_L2[13]";0,29856192228608;0,0195212566078605;0,00011270602757468;0,000111650133328921;0,263919731641092;0,284832383922192;0,297377661465033;0,311002434449827;0,340290860883515
"Sd_L2[14]";0,247500193565475;0,0160289095137839;9,25429522259929e-05;9,33673083302399e-05;0,217704413105402;0,236388523435837;0,246789903419966;0,258033817232762;0,280394298118319
"Sd_L2[15]";0,254359343201806;0,0169596885740904;9,79168076362332e-05;9,61113543758825e-05;0,223274278243566;0,242540351974251;0,253690547325072;0,265445195348954;0,289978435026776
"Sd_L2[16]";0,279811878965231;0,0177737560641243;0,000102616828481329;0,000102211377966681;0,247303800476954;0,267422184456224;0,279051785369155;0,291345998101385;0,316943988492604
"Sd_L2[17]";0,266661921030702;0,0186783650496988;0,000107839590894657;0,000110119380391323;0,232655624128715;0,253681482655741;0,265857233674236;0,27873792156715;0,305871150352355
"Sd_L2[18]";0,270041264296363;0,0171888722105209;9,92399999781032e-05;9,83767148398853e-05;0,238836517592249;0,25820033816057;0,269168419976439;0,280971234725056;0,306603342460072
"Sd_L2[19]";0,255977876144594;0,0170997635116608;9,87255306653629e-05;9,9482582577033e-05;0,224781322741271;0,243964469287972;0,255234332468614;0,267061281383873;0,291408836625146
"Sd_L2[20]";0,252850601316176;0,0162243188048945;9,36711482942416e-05;9,3539865115947e-05;0,222865264118225;0,241554583779157;0,252202422277317;0,263411299851877;0,286269655742421
"Sd_L2[21]";0,267797697080882;0,0158524464950085;9,15241425120732e-05;9,12260119575212e-05;0,238510418202444;0,256913316670195;0,267120126558059;0,278084829060696;0,30062934297853
"Sd_L2[22]";0,266332566382371;0,0160713431899565;9,27879431696022e-05;9,26408076207806e-05;0,236787508792285;0,255173600398517;0,265559577702034;0,276723501729196;0,300064363369848
"Sd_L2[23]";0,28352201718864;0,018595977409457;0,000107363925631942;0,000106006222447995;0,24983685842604;0,270674925310691;0,282599677002915;0,295425641677639;0,322503788093074
"Sd_L2[24]";0,290935954148771;0,0189867324140291;0,000109619950702711;0,000108502750864585;0,256592831366456;0,27768685407495;0,289749124378932;0,302988268515667;0,331113341571991
"Sd_L2m[1]";0,347542792917861;0,0222223021517991;0,000128300521293544;0,000128305343365038;0,307175174615425;0,332048699132084;0,346444266678627;0,361924557796066;0,39374580043777
"Sd_L2m[2]";0,301508446946046;0,0183595426936963;0,00010599886916404;0,000106626816215797;0,267720364738914;0,288774880902153;0,300591938593503;0,313317269415206;0,339888554967809
"Sd_L2m[3]";0,282177298561643;0,0173583278246004;0,000100218352422148;9,99507285961335e-05;0,250137379005678;0,270215458021676;0,281479181036613;0,293372757449179;0,318295423339427
"Sd_L2m[4]";0,330028915147104;0,0212308149626825;0,000122576167338199;0,000122585423584954;0,291244098118109;0,315333844282852;0,328950763725038;0,343656285406577;0,374443266817733
"Sd_L2m[5]";0,346947675944246;0,0229060838223476;0,000132248336609125;0,000133243053100843;0,305517182460292;0,330863428809067;0,345680242740395;0,361876832734165;0,394982973020272
"Sd_L2m[6]";0,313437240027549;0,0198491934943269;0,000114599372071466;0,000114531619426863;0,277362588856632;0,299646611066718;0,312356737022654;0,326095324577193;0,354927094202381
"Sd_L2m[7]";0,325369644982874;0,0190730117886427;0,000110118084904298;0,000110090632647952;0,290499591543095;0,311980950779299;0,324635404017075;0,337725472972553;0,364773091392473
"Sd_L2m[8]";0,258099631631262;0,01614983816485;9,32411341184503e-05;9,65460613329164e-05;0,227882244600139;0,246971339602178;0,257500388284038;0,268618104242918;0,291279369783935
"Sd_L2m[9]";0,289951884977438;0,0200535798566975;0,000115779397284799;0,000117007690314338;0,253306381639758;0,275976028706518;0,289092665469275;0,302978944251808;0,33144788879828
"Sd_L2m[10]";0,294392110827995;0,0196742217729928;0,000113589172367338;0,000112902341854855;0,258297818779865;0,280806858344022;0,293483148269222;0,306967033245718;0,335450208663252
"Sd_L2m[11]";0,296503311611789;0,0193311288810418;0,000111608324632088;0,000111812194894772;0,261204678984344;0,283133091105341;0,295575051175997;0,30896051673852;0,336850137724612
"Sd_L2m[12]";0,281606686149636;0,0172757634675994;9,97416668847481e-05;9,85402130649034e-05;0,250067731778976;0,269639335336654;0,28083217139865;0,29274861008976;0,317655778587599
"Sd_L2m[13]";0,296843231550536;0,0185177764725887;0,000106912432312424;0,000105918390594623;0,263367179203358;0,283832066773025;0,29595832941878;0,308872890652842;0,335737755075954
"Sd_L2m[14]";0,24722922498584;0,0159927943130141;9,23344410171303e-05;9,31591303614852e-05;0,217446111807026;0,236142876167423;0,246540938321502;0,257762832377279;0,279990496649852
"Sd_L2m[15]";0,253164243984141;0,0163227363779002;9,423936241692e-05;9,22022407573553e-05;0,222856012348158;0,24182414351795;0,252693850395608;0,263954458463218;0,286998600148533
"Sd_L2m[16]";0,278983188146936;0,0173141021534394;9,99630153906493e-05;9,95750288283002e-05;0,246986535732821;0,266928372787936;0,278372969383645;0,290307315178067;0,31481399724886
"Sd_L2m[17]";0,265397414866892;0,0179543783910733;0,000103659651972185;0,000106222705902155;0,232240663462275;0,252922268439552;0,264845278752747;0,277161800750476;0,302621784674272
"Sd_L2m[18]";0,268004982203328;0,016153491065128;9,32622241480389e-05;9,2432869515869e-05;0,238184122911621;0,256935076577563;0,267394581514144;0,278536443940429;0,301655900493074
"Sd_L2m[19]";0,255317828483874;0,0167634679445453;9,67839273033492e-05;9,75211521144989e-05;0,224459401765596;0,243580855350488;0,254683998933166;0,266255679549857;0,289851998681092
"Sd_L2m[20]";0,252265056848078;0,0159523869981733;9,21011492761246e-05;9,19687394868342e-05;0,222568353448918;0,241165842558068;0,251718631931147;0,262717166742038;0,284960443052772
"Sd_L2m[21]";0,267302052221226;0,0156353976838289;9,02710106164549e-05;8,99752950326167e-05;0,238231247757918;0,256564553927995;0,266705393957892;0,277519416630216;0,299561201757493
"Sd_L2m[22]";0,26588638536814;0,0158839450642513;9,1705999586387e-05;9,15540358934083e-05;0,23653320177265;0,254868508817253;0,26517797655351;0,276212052319272;0,299002382978417
"Sd_L2m[23]";0,282490635135434;0,0180036023097013;0,00010394384639889;0,000102637301431857;0,249509513800954;0,27007325493683;0,281775425943241;0,294184627206759;0,31972265921707
"Sd_L2m[24]";0,29001529276489;0,0184238139940134;0,000106369939689432;0,00010527901184086;0,256283065285268;0,277172690716353;0,289000912032703;0,301862615971617;0,328558944658232
"Sd_L2nm[1]";0,347542792917861;0,0222223021517991;0,000128300521293544;0,000128305343365038;0,307175174615425;0,332048699132084;0,346444266678628;0,361924557796066;0,39374580043777
"Sd_L2nm[2]";0,301508446946046;0,0183595426936963;0,00010599886916404;0,000106626816215797;0,267720364738914;0,288774880902153;0,300591938593503;0,313317269415206;0,339888554967809
"Sd_L2nm[3]";0,282177298561643;0,0173583278246004;0,000100218352422148;9,99507285961335e-05;0,250137379005678;0,270215458021676;0,281479181036613;0,293372757449179;0,318295423339427
"Sd_L2nm[4]";0,330028915147104;0,0212308149626825;0,000122576167338199;0,000122585423584954;0,291244098118109;0,315333844282852;0,328950763725038;0,343656285406577;0,374443266817733
"Sd_L2nm[5]";0,346947675944246;0,0229060838223476;0,000132248336609125;0,000133243053100843;0,305517182460292;0,330863428809067;0,345680242740395;0,361876832734165;0,394982973020272
"Sd_L2nm[6]";0,313437240027549;0,0198491934943269;0,000114599372071466;0,000114531619426863;0,277362588856632;0,299646611066718;0,312356737022654;0,326095324577193;0,354927094202381
"Sd_L2nm[7]";0,325369644982874;0,0190730117886427;0,000110118084904298;0,000110090632647952;0,290499591543095;0,311980950779299;0,324635404017075;0,337725472972553;0,364773091392473
"Sd_L2nm[8]";0,258099631631262;0,01614983816485;9,32411341184503e-05;9,65460613329164e-05;0,227882244600139;0,246971339602178;0,257500388284038;0,268618104242918;0,291279369783936
"Sd_L2nm[9]";0,289951884977438;0,0200535798566975;0,000115779397284799;0,000117007690314338;0,253306381639758;0,275976028706518;0,289092665469275;0,302978944251808;0,33144788879828
"Sd_L2nm[10]";0,294392110827995;0,0196742217729928;0,000113589172367338;0,000112902341854855;0,258297818779865;0,280806858344022;0,293483148269222;0,306967033245718;0,335450208663252
"Sd_L2nm[11]";0,296503311611789;0,0193311288810418;0,000111608324632088;0,000111812194894772;0,261204678984344;0,283133091105341;0,295575051175997;0,30896051673852;0,336850137724612
"Sd_L2nm[12]";0,281606686149636;0,0172757634675994;9,97416668847481e-05;9,85402130649034e-05;0,250067731778976;0,269639335336654;0,28083217139865;0,29274861008976;0,317655778587599
"Sd_L2nm[13]";0,296843231550536;0,0185177764725887;0,000106912432312424;0,000105918390594623;0,263367179203358;0,283832066773025;0,29595832941878;0,308872890652842;0,335737755075954
"Sd_L2nm[14]";0,24722922498584;0,0159927943130141;9,23344410171303e-05;9,31591303614852e-05;0,217446111807026;0,236142876167422;0,246540938321502;0,257762832377279;0,279990496649852
"Sd_L2nm[15]";0,253164243984141;0,0163227363779002;9,423936241692e-05;9,22022407573553e-05;0,222856012348158;0,24182414351795;0,252693850395608;0,263954458463218;0,286998600148533
"Sd_L2nm[16]";0,278983188146936;0,0173141021534394;9,99630153906493e-05;9,95750288283002e-05;0,246986535732821;0,266928372787936;0,278372969383645;0,290307315178068;0,31481399724886
"Sd_L2nm[17]";0,265397414866892;0,0179543783910733;0,000103659651972185;0,000106222705902155;0,232240663462275;0,252922268439551;0,264845278752747;0,277161800750476;0,302621784674272
"Sd_L2nm[18]";0,268004982203328;0,016153491065128;9,32622241480389e-05;9,2432869515869e-05;0,238184122911621;0,256935076577563;0,267394581514144;0,278536443940429;0,301655900493074
"Sd_L2nm[19]";0,255317828483874;0,0167634679445453;9,67839273033492e-05;9,75211521144989e-05;0,224459401765596;0,243580855350488;0,254683998933166;0,266255679549857;0,289851998681092
"Sd_L2nm[20]";0,252265056848078;0,0159523869981733;9,21011492761246e-05;9,19687394868342e-05;0,222568353448918;0,241165842558068;0,251718631931148;0,262717166742038;0,284960443052772
"Sd_L2nm[21]";0,267302052221226;0,0156353976838289;9,02710106164549e-05;8,99752950326167e-05;0,238231247757918;0,256564553927995;0,266705393957892;0,277519416630216;0,299561201757493
"Sd_L2nm[22]";0,26588638536814;0,0158839450642513;9,1705999586387e-05;9,15540358934083e-05;0,23653320177265;0,254868508817253;0,26517797655351;0,276212052319272;0,299002382978417
"Sd_L2nm[23]";0,282490635135434;0,0180036023097013;0,00010394384639889;0,000102637301431857;0,249509513800954;0,27007325493683;0,281775425943241;0,294184627206759;0,31972265921707
"Sd_L2nm[24]";0,29001529276489;0,0184238139940134;0,000106369939689432;0,00010527901184086;0,256283065285268;0,277172690716353;0,289000912032703;0,301862615971617;0,328558944658233
