"Parameter";"Rhat";"zchain1";"zchain2";"zchain3";"zchain4";"zchain5";"zchain6";"Effective"
"Alpha1[1]";1,00005232930836;1,20981443299376;-0,0801219367480604;0,189589778088271;-0,834564304537493;-0,729836428376068;0,367511554644501;14036,2282121522
"Alpha1[2]";0,999969461503227;-0,374163894069602;-0,429399705693594;0,921584339528402;1,40487508782;-0,87616838099575;-0,635793724814605;30320,9539640296
"Alpha1[3]";1,00009481536232;-0,988051767227957;-0,330121525007846;0,453172939731182;-0,282753269043462;2,69553581797828;-0,47395653935869;30156,5209610057
"Alpha1[4]";1,00001075733156;1,32997794489677;-0,0510665363952047;0,528745746814694;-0,316867177806654;-1,7766807098748;-0,974363180797221;30049,5063631995
"Alpha1[5]";1,00002310814054;-0,442364206896802;0,904158007595043;-0,461302175633009;0,790556431198552;0,793913339021337;0,913791536029045;30159,3027349147
"Alpha1[6]";1,00002056526122;0,43203729212226;-0,223173034122379;-0,83839275183861;0,366927264540014;-1,30250362224532;-1,38602157662605;30351,5437250903
"Alpha1[7]";1,00008372375767;1,82795049976918;0,721649046524753;0,155824386044524;-0,478035942115512;-0,00361472405218938;-0,884982512476402;11902,973272389
"Alpha1[8]";0,99999081330114;-1,2842659857299;0,133408987857331;-0,558437724682087;-0,0762818663922481;-1,40563970597368;-0,230488898239393;30374,9499573762
"Alpha1[9]";0,999978150565629;1,08403920781852;-0,307040510393518;0,595688987154596;-0,835445516204385;-0,75622471062011;-1,21421802920164;30091,8726631713
"Alpha1[10]";1,00017203766267;0,00638256205977863;-0,870098835119493;0,67020730373144;-0,333261418649389;1,4825423998858;-0,681103480010161;8534,63844563567
"Alpha1[11]";1,00005662253311;0,949645905739501;-0,158836136488194;-2,31082720478245;0,971732906737018;-0,887444942165266;0,82980174133976;30278,482472747
"Alpha1[12]";1,00015729016506;2,1026515622608;0,184695430291013;1,46795914651484;0,0988527937592094;0,00720949059074037;0,47919967050086;31009,1687212821
"Alpha1[13]";1,00008445719474;-0,13133026218145;-0,406072679820319;1,33558687248106;-0,591663106684938;0,239173402241393;-0,95453103415442;25319,5251455616
"Alpha1[14]";0,999930804791795;1,62005912345358;-0,657496608578807;0,917985791544484;1,98786445117829;-1,32627584519371;-2,55260803130685;30569,0307137058
"Alpha1[15]";0,999979958159839;-1,68920327568896;-0,628327351650203;0,66497134401061;-0,157770264359404;0,389224344104938;-0,139712300153626;11983,6923577538
"Alpha1[16]";1,00001543651121;-1,01799659547429;-1,81153737481081;0,781132149897951;-1,03592965298349;-2,39552393967533;-0,353158410241043;30263,8886480714
"Alpha1[17]";1,00009665033648;-0,184607682526744;-0,446312348443029;1,18761362887134;-0,303492729687043;0,889717277981167;0,210718714338855;30213,1573582329
"Alpha1[18]";1,00000458984131;1,41312491405202;-0,170342174219442;-0,351024697207282;-0,249572437786517;-0,151042855442346;0,513655137105637;22276,573135944
"Alpha1[19]";0,999979209689301;1,79227595143545;-0,975490418761749;1,04994689020152;-2,13502445068703;-2,34102066520861;-1,47895854560735;14180,5932619027
"Alpha1[20]";1,00000108213534;-0,616157549781071;0,278970223463138;2,27581427496416;-1,93436432476317;0,59171530211419;0,5394883139301;9461,69012715389
"Alpha1[21]";1,00003797783797;-2,26812961602758;-0,0924960701833316;-0,935882836512341;-1,33475086357248;1,16272041767984;1,03460654894424;30154,1197993156
"Alpha1[22]";1,00013766720703;-0,207383658351695;-0,881821476367014;-0,060770646364083;0,246382557673868;1,74707380664435;-1,28503128368213;30332,4657414571
"Alpha1[23]";1,00001713629291;-1,5921983424607;0,2998939845687;1,94718311084741;-0,0944250131969256;1,69611918301997;-0,575304792218049;10150,6868217998
"Alpha1[24]";1,00005732929183;-0,396387585167546;-0,907870678264078;1,89583830245074;-0,137087587499851;-1,06579255587509;0,472944790354639;23960,4053801756
"Alpha2[1, 1]";1,00001991176802;-2,04499999004897;-1,94617457576991;-1,08752479610301;-0,0481063464810079;-1,01774728539318;-0,321967372540708;29344,1196479119
"Alpha2[1, 2]";0,999992318694901;1,04312742575126;2,46362483401767;-1,11877997462068;0,528361531807565;1,49431174016785;-0,583551451626414;30378,9655908098
"Alpha2[2, 1]";1,00007249011934;-0,0561523730823817;-0,882569088526844;-1,12974201949853;0,806939878372701;1,09105403460435;1,34825260953105;29052,0723035885
"Alpha2[2, 2]";0,999967069309118;0,367404468243973;-0,219937036864654;0,543602219710513;0,866636893306137;0,585716016464054;0,232021272289237;18320,9365213397
"Alpha2[3, 1]";1,00004980010152;0,793320274579089;-0,741366886788256;-0,400457774218827;0,587439449740534;-1,04918915601508;1,73484602800678;16954,8278057385
"Alpha2[3, 2]";0,999965945795829;1,69090483151124;2,08769837600243;-0,994370158762598;1,46429005474604;-0,266939487977602;-0,614019654109176;18684,0515070065
"Alpha2[4, 1]";0,999978231070664;-0,614633570690361;0,0575088548108927;0,455640621196379;-0,59264803584989;-1,08180942153855;0,865793880770888;30137,6631879761
"Alpha2[4, 2]";1,00029926648357;-0,886928052108205;-1,66048135357746;-1,33643067514685;-1,20172008008389;0,748289312282596;-0,412348342767348;30042,0088107102
"Alpha2[5, 1]";1,00006159176553;0,899747082542765;0,192933428488012;-1,70307041410193;-0,130695748607041;0,972629929658741;-0,144674377903512;30358,8236831351
"Alpha2[5, 2]";1,00006912134706;-0,0680710380581464;-1,44957679732177;0,05927506426046;-0,0675870325734332;-0,119170530495104;1,65934536689782;30249,7061751617
"Alpha2[6, 1]";0,999963522302548;0,789141702156961;0,765851663941631;0,283264137860249;1,00625056515544;-0,388856776586454;-2,09323098222034;24830,278686782
"Alpha2[6, 2]";0,999979528576613;0,399851194918874;-0,334603021616897;-0,158693250095908;-1,26595577264798;-0,342707336927428;-0,681154122638575;23783,5046507471
"Alpha2[7, 1]";1,00009671816908;-0,111235762029803;-0,863330925724457;1,76263542348257;-1,57691121022713;0,880418846326278;-0,462795667984188;20212,598196279
"Alpha2[7, 2]";1,00005167153287;-1,21654237816577;0,839209573193038;-0,361804999843767;0,659946746880669;0,359118755354442;-1,1000423338353;16258,6411794257
"Alpha2[8, 1]";0,99997515330886;0,744199074766996;-0,843851493233587;-1,38108536869021;0,604257288463618;-0,942402341152351;1,924577616881;17052,1952844925
"Alpha2[8, 2]";1,00015747719833;0,998257017489487;0,374170557777598;0,886123929035252;0,029536684049289;-0,594421722725714;-0,983454728418869;5400,75127470491
"Alpha2[9, 1]";0,999993219736904;0,797767883694026;-0,993291974595106;-0,375922912754627;1,53091870765896;0,522501081070071;1,90111168039916;23463,8094551129
"Alpha2[9, 2]";0,999996842302308;2,06780716633347;1,73619605069915;-0,421247265367727;-0,340104205041952;-0,753083233719482;-0,462356439846681;27986,616602201
"Alpha2[10, 1]";1,00011450909533;0,202553439341465;0,19990278415836;1,41871748557474;1,24341698054824;-1,21262794331793;-0,0871757474088776;30288,1117608186
"Alpha2[10, 2]";1,00024140900318;-0,506970847751027;0,87690770016912;2,23086019124916;-0,606583610535738;0,399506649996378;-0,0539749206191973;26930,5063386614
"Alpha2[11, 1]";1,0001888868183;1,25985056811927;1,27361200732728;-0,623909816015936;0,332409655973931;-0,352611031051915;1,10788079508626;5943,92580176598
"Alpha2[11, 2]";1,00018334786634;0,289822274553218;-2,24065425096664;-1,08188396654494;-1,48212254155251;0,0375393350653422;-2,57626605225411;2021,17990002361
"Alpha2[12, 1]";1,00007069392939;-0,660932836283209;-1,01135575601556;-0,0780240459726375;-0,124587145206867;-1,46051813409942;-0,432840940013591;21125,0241369853
"Alpha2[12, 2]";1,00006213363223;-0,79356500303185;1,32676255385638;-0,880865688735727;-1,24463467714139;-1,08794225031776;-0,169500552810214;14850,5912994862
"Alpha2[13, 1]";0,999977327633184;1,06805172363766;-0,293384620287715;0,935810446245796;-0,982825209231227;-0,445007779739503;-0,499024925755981;19549,318512311
"Alpha2[13, 2]";0,99997003486945;-0,517517526262125;1,69596564368671;-1,11896102626295;2,34137894871731;-0,176442707802741;0,168211984207123;30141,8678764213
"Alpha2[14, 1]";1,00009479241393;-0,772238362377815;-1,90225700220876;0,393791104164033;1,07243920379639;1,1134186827037;-1,14652720945582;30241,5001247911
"Alpha2[14, 2]";1,00023467366693;-0,438492398196075;-0,0180897651860873;0,234544999031994;1,04583155092088;-1,04116531025911;3,06764578963067;18096,5202971406
"Alpha2[15, 1]";1,00008752691717;0,372629858640762;1,00662271761463;-1,94700929122976;-0,130206269858234;0,403367009137576;0,999291486696887;24464,1259161697
"Alpha2[15, 2]";1,00004056394965;1,26294254844225;0,634771934431572;0,433636454367231;0,515984689305292;-0,544960921268529;-0,481355795969467;23033,8657206073
"Alpha2[16, 1]";0,999978470993817;-0,228739047703163;0,859376324619123;-0,40327363417099;1,9183223439599;0,579728882257168;1,00971307047151;27281,0527786815
"Alpha2[16, 2]";1,00009095133068;0,661739822899379;0,515904384012151;-0,319277444985401;1,0535511193227;-0,188403450284299;0,44676174397416;30254,647707879
"Alpha2[17, 1]";1,00008584359945;-1,44370124490568;-0,0194004907473376;0,000962294862273467;0,531698388133944;0,408519051852731;-0,253003256682513;30086,6430812522
"Alpha2[17, 2]";1,00004085381301;0,550355420369381;1,20304197953976;-1,61477677368092;0,738904010056336;-0,858797347095311;-0,349113362741757;29003,0252660192
"Alpha2[18, 1]";0,999968242203111;-0,69192135700954;-0,12216384312809;1,48128507651708;-1,23139085037287;0,819450361043291;-0,646083425876378;24227,8617495613
"Alpha2[18, 2]";1,00000825478701;0,830402534838303;-0,665582408935434;-0,731920935832878;0,41234594500874;0,519842550267529;-0,806447983532715;30526,0168732148
"Alpha2[19, 1]";0,999980716807575;-0,860428813872168;-3,42444251914996;0,036741036657294;-1,29337740419438;0,0798113242234531;0,5192975359695;23755,9706699307
"Alpha2[19, 2]";1,00020365749105;0,447344719550646;0,0826191610184962;0,238082538949769;-0,255061986704969;0,149066410212208;0,258630484462696;23991,815206071
"Alpha2[20, 1]";1,00001789320483;-1,75974960267253;-1,29530438623373;-1,43233558664231;-0,161533769857512;-0,968883297562245;-0,251511336433845;24468,300015533
"Alpha2[20, 2]";1,00008384132052;0,106275223297441;0,405456173924458;1,57955737756022;1,17001679842629;-0,578594799329463;-0,428139940291463;11991,7370836933
"Alpha2[21, 1]";0,999961855289098;0,941029198064099;0,486798803869347;0,729091455974363;-0,490673245216999;-0,248322894511398;-0,347008993526328;30379,5022326443
"Alpha2[21, 2]";1,00010925424906;1,43421718410923;-0,351542200567428;0,455031050407891;-1,58561824257873;-1,24343751794437;-1,27406968921965;26417,2825589725
"Alpha2[22, 1]";1,00002342032374;1,43306760033248;0,241695776894017;-0,588222386262614;-0,598923432952748;0,468943806650333;-0,815976314678391;30366,645088748
"Alpha2[22, 2]";1,00004146070977;-1,43896811716127;-0,531081912406733;0,848446990593478;1,96794359265449;2,56552562260975;0,196252487367402;30044,1500806429
"Alpha2[23, 1]";0,999966801058931;-0,534548197648372;-1,44690842712723;-0,237690095778986;-0,420277663692834;1,73809795362053;0,0698767815885995;30638,798957171
"Alpha2[23, 2]";1,00002511703998;0,673068745027541;0,309447979137853;2,66550620955867;0,923463485623241;0,690969598930949;1,04561866123399;23384,8232526565
"Alpha2[24, 1]";1,00011909320874;0,235575336723915;0,773594089728421;-1,45506728845669;-1,49028461371635;2,93608753756951;0,252882931005627;20213,0824568106
"Alpha2[24, 2]";1,00009506070082;-1,1622347126436;-0,522887400874604;0,440481566871893;-0,185050498856279;-2,10967138325742;-1,45764277640196;30498,1682393469
"Beta1";1,00005726737195;0,134039219236027;-0,201537306181341;1,03962534401403;-0,179786122961115;1,20387646711802;0,151405595784931;29404,2289873774
"Gamma1[1, 1]";1,00003609589496;-2,06181618083081;-0,880699719958115;1,68059347980004;-0,0935949613402972;0,0109582593857557;-0,523612361115246;30328,9513821081
"Gamma1[1, 2]";1,00003609589496;2,06181618083079;0,880699719958137;-1,68059347980004;0,0935949613403196;-0,0109582593857322;0,523612361115224;30328,951382108
"Gamma1[2, 1]";0,999973513460286;-1,39234627395072;-0,846704778540964;-0,513985333048846;1,62619329607691;-1,09267967829133;-1,11525688774403;4247,56042278905
"Gamma1[2, 2]";0,999973513460286;1,39234627395074;0,846704778540907;0,513985333048815;-1,62619329607694;1,0926796782913;1,115256887744;4247,56042278905
"Gamma1[3, 1]";1,00020628457715;-0,960467344512637;-1,44005955028738;-0,363012768214007;1,04917816915506;-1,08361253268893;-0,757446964101243;30663,6871812236
"Gamma1[3, 2]";1,00020628457715;0,960467344512669;1,44005955028735;0,363012768214007;-1,04917816915503;1,0836125326889;0,757446964101212;30663,6871812236
"Gamma1[4, 1]";1,00000942787343;2,21504408782397;-1,70001689484497;-0,313237989814303;-0,576253849436454;1,06546878650911;0,238444173313144;30078,1078447622
"Gamma1[4, 2]";1,00000942787343;-2,21504408782397;1,70001689484499;0,313237989814278;0,576253849436454;-1,06546878650914;-0,238444173313144;30078,1078447622
"Gamma1[5, 1]";1,00009711617888;-1,30678720320712;0,713764781093599;-0,271256465746276;1,73436236891422;0,874637402305236;0,250631598036869;30499,5946520916
"Gamma1[5, 2]";1,00009711617888;1,30678720320712;-0,71376478109362;0,271256465746254;-1,73436236891418;-0,874637402305258;-0,25063159803689;30499,5946520916
"Gamma1[6, 1]";1,00007636235839;0,561123445202529;0,210283675666619;-0,987265623603485;-0,455614889096747;-0,0788209158627782;-0,768743393890337;30430,404437165
"Gamma1[6, 2]";1,00007636235839;-0,561123445202529;-0,210283675666619;0,987265623603485;0,455614889096711;0,0788209158627782;0,768743393890301;30430,404437165
"Gamma1[7, 1]";1,00004243257336;1,45789424688039;0,0829997843718394;0,415556379251898;-0,392119222012347;-1,33321126847037;-1,00850097546976;30343,0904937297
"Gamma1[7, 2]";1,00004243257336;-1,45789424688036;-0,0829997843718652;-0,415556379251927;0,392119222012373;1,33321126847037;1,00850097546976;30343,0904937297
"Gamma1[8, 1]";1,00008256832319;0,232545073350039;1,51321666452057;-3,47222663273341;0,70479176370493;-0,0649432875676542;-0,305339674311923;30046,6345776581
"Gamma1[8, 2]";1,00008256832319;-0,232545073350073;-1,51321666452057;3,47222663273337;-0,704791763704999;0,0649432875676542;0,305339674311886;30046,6345776581
"Gamma1[9, 1]";0,99998029487035;1,31919782014933;-1,8346292167628;0,0518715417067442;-1,26204495914591;0,342474084042269;0,335761681670854;30084,7427017656
"Gamma1[9, 2]";0,99998029487035;-1,31919782014937;1,8346292167628;-0,0518715417067442;1,26204495914597;-0,342474084042269;-0,335761681670822;30084,7427017656
"Gamma1[10, 1]";1,00002753913272;-0,403546127654014;0,152174061324275;-0,298574506199086;-0,569833861234099;-0,543306240145113;0,305791002690196;18599,8984573351
"Gamma1[10, 2]";1,00002753913272;0,403546127654014;-0,152174061324238;0,298574506199121;0,569833861234172;0,543306240145149;-0,305791002690267;18599,8984573345
"Gamma1[11, 1]";1,00018703480655;0,651819988356379;1,99992981343945;-1,25867337910914;-0,999815878037755;-1,47322964035624;-0,0315625950368851;30437,3760828571
"Gamma1[11, 2]";1,00018703480655;-0,651819988356408;-1,99992981343942;1,25867337910914;0,999815878037726;1,47322964035618;0,0315625950368851;30437,3760828572
"Gamma1[12, 1]";1,00002349436769;0,562770469061135;0,621895605963173;1,08877064353646;1,64063315493554;0,479236596165788;-0,452043951279044;30505,508557012
"Gamma1[12, 2]";1,00002349436769;-0,562770469061166;-0,621895605963202;-1,08877064353646;-1,64063315493551;-0,479236596165818;0,452043951279014;30505,508557012
"Gamma1[13, 1]";1,00006425063295;-0,358923682977438;1,01369450768646;0,530315308975107;0,458162253986037;-0,479605490262095;0,339568775389678;30172,6695565369
"Gamma1[13, 2]";1,00006425063295;0,358923682977466;-1,01369450768646;-0,530315308975107;-0,458162253986037;0,479605490262123;-0,339568775389648;30172,6695565369
"Gamma1[14, 1]";1,00008098454482;-0,505032775632837;0,0328810830736419;-0,730168175313283;2,24696880368168;0,981880471346351;-1,19302671604553;30062,3939248226
"Gamma1[14, 2]";1,00008098454482;0,505032775632807;-0,0328810830736419;0,730168175313314;-2,24696880368171;-0,98188047134632;1,19302671604553;30062,3939248226
"Gamma1[15, 1]";0,999997347197136;-0,0159936206782829;0,174149763133701;1,34331629136316;-0,842136042295831;-0,542470135749775;0,450777049542688;30496,3222813425
"Gamma1[15, 2]";0,999997347197136;0,0159936206783417;-0,174149763133701;-1,34331629136316;0,842136042295892;0,542470135749775;-0,450777049542688;30496,3222813425
"Gamma1[16, 1]";1,00003415559792;-1,43970188280959;-0,670724084425414;0,99897864095139;0,170692992695153;0,167666854100908;0,814003166764265;30092,272417548
"Gamma1[16, 2]";1,00003415559792;1,43970188280959;0,670724084425388;-0,998978640951363;-0,170692992695153;-0,167666854100908;-0,814003166764265;30092,272417548
"Gamma1[17, 1]";0,999968104382148;-0,689236197317693;1,93847042823312;-1,11364412606363;-0,541783681966436;0,490468028284733;-0,229422443511543;16124,0436649438
"Gamma1[17, 2]";0,999968104382148;0,689236197317722;-1,93847042823315;1,11364412606363;0,541783681966467;-0,490468028284701;0,229422443511509;16124,0436649432
"Gamma1[18, 1]";1,00004783661924;-1,11045434534055;0,628579908363357;0,412412740277687;-1,10922235204345;1,15276190155913;0,467618656507998;30035,3136936943
"Gamma1[18, 2]";1,00004783661924;1,11045434534052;-0,628579908363429;-0,412412740277717;1,10922235204345;-1,15276190155916;-0,467618656507968;30035,3136936943
"Gamma1[19, 1]";0,999973683489836;-0,0168360505417856;-0,29104371897562;-0,0972961705765563;-0,684514207351364;1,27338500382435;-0,0634294533534949;18323,7605886092
"Gamma1[19, 2]";0,999973683489836;0,0168360505418197;0,29104371897562;0,0972961705765175;0,684514207351399;-1,27338500382431;0,063429453353421;18323,7605886085
"Gamma1[20, 1]";1,00007908851499;-2,27155349035326;0,432789069218946;-0,889539566248431;-0,110184318814662;-1,06704924726661;1,7675186105484;24267,2048590403
"Gamma1[20, 2]";1,00007908851499;2,2715534903532;-0,432789069218916;0,889539566248462;0,110184318814689;1,06704924726657;-1,76751861054843;24267,2048590398
"Gamma1[21, 1]";0,9999717786424;0,484979262219002;0,853717991148864;-0,0129815912783898;-0,793291988971355;-1,04220134684121;0,905997413468784;30389,8170570502
"Gamma1[21, 2]";0,9999717786424;-0,484979262219002;-0,853717991148865;0,0129815912783603;0,793291988971355;1,04220134684127;-0,905997413468845;30389,8170570502
"Gamma1[22, 1]";1,00001247331314;-1,45144696671794;0,95982028707126;0,489473589337052;0,106969779653875;-0,00741348824474143;0,148414957200955;12936,923298623
"Gamma1[22, 2]";1,00001247331314;1,45144696671794;-0,959820287071281;-0,489473589337052;-0,106969779653897;0,00741348824476901;-0,148414957200977;12936,923298623
"Gamma1[23, 1]";1,000025436791;-0,558599180508595;0,690543987328059;-0,556850595685809;-1,29708544957282;1,35727585636862;0,0550718268976813;8479,27183609942
"Gamma1[23, 2]";1,000025436791;0,558599180508569;-0,690543987328025;0,556850595685809;1,29708544957279;-1,35727585636859;-0,0550718268976813;8479,27183609942
"Gamma1[24, 1]";0,99994751126072;-0,243905308886281;0,552217817688422;-0,559291916112543;-2,60308550562675;0,703062910468058;-0,268312979146524;30108,7281922149
"Gamma1[24, 2]";0,99994751126072;0,243905308886281;-0,552217817688422;0,559291916112543;2,60308550562675;-0,703062910468001;0,268312979146496;30108,7281922149
"Gamma1_F[1]";1,00003609589496;-2,06181618083081;-0,880699719958115;1,68059347980004;-0,0935949613402972;0,0109582593857557;-0,523612361115246;30328,9513821081
"Gamma1_F[2]";0,999973513460286;-1,39234627395072;-0,846704778540964;-0,513985333048846;1,62619329607691;-1,09267967829133;-1,11525688774403;4247,56042278905
"Gamma1_F[3]";1,00020628457715;-0,960467344512637;-1,44005955028738;-0,363012768214007;1,04917816915506;-1,08361253268893;-0,757446964101243;30663,6871812236
"Gamma1_F[4]";1,00000942787343;2,21504408782397;-1,70001689484497;-0,313237989814303;-0,576253849436454;1,06546878650911;0,238444173313144;30078,1078447622
"Gamma1_F[5]";1,00009711617888;-1,30678720320712;0,713764781093599;-0,271256465746276;1,73436236891422;0,874637402305236;0,250631598036869;30499,5946520916
"Gamma1_F[6]";1,00007636235839;0,561123445202529;0,210283675666619;-0,987265623603485;-0,455614889096747;-0,0788209158627782;-0,768743393890337;30430,404437165
"Gamma1_F[7]";1,00004243257336;1,45789424688039;0,0829997843718394;0,415556379251898;-0,392119222012347;-1,33321126847037;-1,00850097546976;30343,0904937297
"Gamma1_F[8]";1,00008256832319;0,232545073350039;1,51321666452057;-3,47222663273341;0,70479176370493;-0,0649432875676542;-0,305339674311923;30046,6345776581
"Gamma1_F[9]";0,99998029487035;1,31919782014933;-1,8346292167628;0,0518715417067442;-1,26204495914591;0,342474084042269;0,335761681670854;30084,7427017656
"Gamma1_F[10]";1,00002753913272;-0,403546127654014;0,152174061324275;-0,298574506199086;-0,569833861234099;-0,543306240145113;0,305791002690196;18599,8984573351
"Gamma1_F[11]";1,00018703480655;0,651819988356379;1,99992981343945;-1,25867337910914;-0,999815878037755;-1,47322964035624;-0,0315625950368851;30437,3760828571
"Gamma1_F[12]";1,00002349436769;0,562770469061135;0,621895605963173;1,08877064353646;1,64063315493554;0,479236596165788;-0,452043951279044;30505,508557012
"Gamma1_F[13]";1,00006425063295;-0,358923682977438;1,01369450768646;0,530315308975107;0,458162253986037;-0,479605490262095;0,339568775389678;30172,6695565369
"Gamma1_F[14]";1,00008098454482;-0,505032775632837;0,0328810830736419;-0,730168175313283;2,24696880368168;0,981880471346351;-1,19302671604553;30062,3939248226
"Gamma1_F[15]";0,999997347197136;-0,0159936206782829;0,174149763133701;1,34331629136316;-0,842136042295831;-0,542470135749775;0,450777049542688;30496,3222813425
"Gamma1_F[16]";1,00003415559792;-1,43970188280959;-0,670724084425414;0,99897864095139;0,170692992695153;0,167666854100908;0,814003166764265;30092,272417548
"Gamma1_F[17]";0,999968104382148;-0,689236197317693;1,93847042823312;-1,11364412606363;-0,541783681966436;0,490468028284733;-0,229422443511543;16124,0436649438
"Gamma1_F[18]";1,00004783661924;-1,11045434534055;0,628579908363357;0,412412740277687;-1,10922235204345;1,15276190155913;0,467618656507998;30035,3136936943
"Gamma1_F[19]";0,999973683489836;-0,0168360505417856;-0,29104371897562;-0,0972961705765563;-0,684514207351364;1,27338500382435;-0,0634294533534949;18323,7605886092
"Gamma1_F[20]";1,00007908851499;-2,27155349035326;0,432789069218946;-0,889539566248431;-0,110184318814662;-1,06704924726661;1,7675186105484;24267,2048590403
"Gamma1_F[21]";0,9999717786424;0,484979262219002;0,853717991148864;-0,0129815912783898;-0,793291988971355;-1,04220134684121;0,905997413468784;30389,8170570502
"Gamma1_F[22]";1,00001247331314;-1,45144696671794;0,95982028707126;0,489473589337052;0,106969779653875;-0,00741348824474143;0,148414957200955;12936,923298623
"Gamma1_F[23]";1,000025436791;-0,558599180508595;0,690543987328059;-0,556850595685809;-1,29708544957282;1,35727585636862;0,0550718268976813;8479,27183609942
"Gamma1_F[24]";0,99994751126072;-0,243905308886281;0,552217817688422;-0,559291916112543;-2,60308550562675;0,703062910468058;-0,268312979146524;30108,7281922149
"Gamma3[1, 1]";1,00007037877444;-2,50077514830558;-1,37387714262561;1,32316573126029;-0,086980012215412;-0,410727777863825;-0,446160012299002;30228,0005416398
"Gamma3[1, 2]";1,00007037877444;2,50077514830557;1,37387714262559;-1,32316573126027;0,0869800122154567;0,410727777863825;0,446160012299023;30228,0005416398
"Gamma3[2, 1]";0,999981068110288;-1,18672760453636;-0,953874617673208;-0,893612688804503;1,4879176957602;-0,495054890218734;-0,33663828919083;5773,0418570534
"Gamma3[2, 2]";0,999981068110288;1,18672760453638;0,953874617673256;0,893612688804503;-1,4879176957602;0,495054890218683;0,336638289190804;5773,0418570534
"Gamma3[3, 1]";1,00025711994687;-0,854798973694748;-1,9467857561913;-0,111649574029159;0,957407116679685;-1,38037657477671;0,0475493780961233;30221,8133454831
"Gamma3[3, 2]";1,00025711994687;0,854798973694722;1,94678575619128;0,111649574029159;-0,957407116679659;1,38037657477671;-0,0475493780961233;30221,8133454831
"Gamma3[4, 1]";1,00001126371832;2,12771808472357;-1,21795886569262;0,13210465123156;-0,628248895703379;0,596728215822098;0,491025160246682;28939,8614501778
"Gamma3[4, 2]";1,00001126371832;-2,12771808472355;1,2179588656926;-0,13210465123156;0,628248895703379;-0,596728215822098;-0,491025160246682;28939,8614501778
"Gamma3[5, 1]";1,00008585439666;-0,960935411973613;0,782851284984218;-0,732726058371178;1,4311806926354;0,981888943219617;-0,0346673837390045;30357,8948434559
"Gamma3[5, 2]";1,00008585439666;0,960935411973574;-0,782851284984218;0,732726058371159;-1,4311806926354;-0,981888943219617;0,0346673837389848;30357,8948434559
"Gamma3[6, 1]";1,0000478222745;0,68283766326854;0,463276527957873;-0,693868350340579;-0,0947174048487921;-0,177076972343111;-1,07439179605575;30510,9745102986
"Gamma3[6, 2]";1,0000478222745;-0,682837663268507;-0,463276527957904;0,693868350340548;0,0947174048487921;0,177076972343111;1,07439179605578;30510,9745102986
"Gamma3[7, 1]";1,00016070792899;1,44519863914665;-0,372503212099878;0,967081465988004;-0,962234261409689;-1,22595288828789;-0,679152228095302;30521,8074938868
"Gamma3[7, 2]";1,00016070792899;-1,44519863914665;0,372503212099857;-0,967081465987983;0,962234261409648;1,22595288828789;0,679152228095302;30521,8074938868
"Gamma3[8, 1]";1,00003951037042;0,283597591247866;1,08958800734211;-3,65939875180247;0,788697109997224;-0,192058591634446;0,31664271978692;23322,9081281837
"Gamma3[8, 2]";1,00003951037042;-0,283597591247866;-1,08958800734214;3,65939875180254;-0,788697109997284;0,192058591634506;-0,316642719786953;23322,9081281837
"Gamma3[9, 1]";0,999993464447922;1,03867280611063;-2,33727649155824;-0,0543668977886303;-0,243543877825568;0,619824056098586;1,37456914522725;30318,0720819148
"Gamma3[9, 2]";0,999993464447922;-1,03867280611063;2,33727649155827;0,0543668977886596;0,243543877825567;-0,619824056098586;-1,37456914522725;30318,0720819148
"Gamma3[10, 1]";1,00007153381803;-0,308344206254857;0,0682467144770117;-0,141922530486054;-0,120037821507648;-0,774032347383477;0,229227596848073;11746,3510197318
"Gamma3[10, 2]";1,00007153381803;0,308344206254825;-0,0682467144770117;0,141922530486022;0,12003782150768;0,774032347383444;-0,229227596848073;11746,3510197318
"Gamma3[11, 1]";1,00006919876604;1,07993986308479;3,01350423066356;-1,08166411283392;-0,455006392896803;-1,39663607751645;1,01502412640991;30188,207582998
"Gamma3[11, 2]";1,00006919876604;-1,07993986308478;-3,0135042306635;1,08166411283398;0,455006392896803;1,39663607751645;-1,01502412640989;30188,207582998
"Gamma3[12, 1]";1,00001979982527;0,508384075253088;-0,317004776939895;1,1622214917759;1,92939576182029;0,339145123496481;-0,248988697817722;30018,8203681872
"Gamma3[12, 2]";1,00001979982527;-0,508384075253088;0,317004776939895;-1,1622214917759;-1,92939576182029;-0,339145123496507;0,248988697817722;30018,8203681872
"Gamma3[13, 1]";1,00005140350086;0,12791583962218;0,282939387203822;1,00130158366665;-0,276318415072806;-0,576487827285503;-0,0347478087607983;22610,4657644327
"Gamma3[13, 2]";1,00005140350086;-0,12791583962218;-0,282939387203846;-1,00130158366667;0,276318415072806;0,576487827285503;0,0347478087607541;22610,4657644327
"Gamma3[14, 1]";1,00008771689739;-0,570240839249395;-0,571633180016915;-0,524457422386151;1,8500433424657;1,30441823504082;-1,73541142467738;24631,3364093919
"Gamma3[14, 2]";1,00008771689739;0,570240839249444;0,571633180016916;0,524457422386127;-1,8500433424657;-1,3044182350408;1,73541142467735;24631,3364093926
"Gamma3[15, 1]";1,00006680881186;-0,134219145188616;0,466034219321559;-0,301362572253024;-0,689718592439174;-0,0710680779063843;0,865435903784411;30347,3053320206
"Gamma3[15, 2]";1,00006680881186;0,134219145188568;-0,466034219321536;0,301362572253024;0,689718592439174;0,0710680779063843;-0,865435903784411;30347,3053320206
"Gamma3[16, 1]";0,999990599200595;-1,34587901549343;-0,360678555993838;0,641096766643542;0,690609939871719;0,379171577227777;0,917040242927999;30118,6154388293
"Gamma3[16, 2]";0,999990599200595;1,34587901549341;0,360678555993838;-0,641096766643521;-0,690609939871696;-0,379171577227777;-0,917040242927978;30118,6154388293
"Gamma3[17, 1]";1,00001449939777;-1,10519482194336;1,29804384934216;-0,584587571345815;-0,388169717503685;0,659491827013967;-0,298161651660428;12508,6653770332
"Gamma3[17, 2]";1,00001449939777;1,10519482194341;-1,29804384934216;0,584587571345815;0,38816971750371;-0,659491827013967;0,298161651660453;12508,6653770332
"Gamma3[18, 1]";1,00001543562759;-1,30614572037453;0,527595996316373;0,936172048863902;-1,45989152591422;1,12874477981606;0,303636629844217;30008,8664276814
"Gamma3[18, 2]";1,00001543562759;1,30614572037453;-0,527595996316323;-0,936172048863902;1,45989152591425;-1,12874477981606;-0,303636629844242;30008,8664276814
"Gamma3[19, 1]";0,999979942897298;-0,254466221868744;-1,21708224025394;-0,106721760356395;-0,917017971314084;1,21324926365721;0,149846075970738;24506,1500457251
"Gamma3[19, 2]";0,999979942897298;0,254466221868802;1,21708224025397;0,106721760356427;0,917017971314115;-1,21324926365718;-0,149846075970678;24506,1500457251
"Gamma3[20, 1]";1,00003448488357;-2,44184473733735;-0,0501114610431881;-1,35298177674703;-0,226809715247391;-1,21388765557739;1,35640857713327;23843,2751371278
"Gamma3[20, 2]";1,00003448488357;2,44184473733735;0,0501114610431881;1,35298177674706;0,226809715247369;1,21388765557736;-1,35640857713329;23843,2751371278
"Gamma3[21, 1]";0,999960697207508;0,685204783548706;0,916446770744863;0,153370331848358;-0,703845759707513;-0,841981974166494;0,794295479527753;30709,8001521905
"Gamma3[21, 2]";0,999960697207508;-0,685204783548706;-0,916446770744863;-0,153370331848332;0,703845759707485;0,841981974166494;-0,794295479527753;30709,8001521905
"Gamma3[22, 1]";1,00003955839759;-0,601494097315969;0,971653012559291;-0,0391269156358737;-0,340674530612536;-0,298560449732877;-0,15888809936053;25084,0080345836
"Gamma3[22, 2]";1,00003955839759;0,601494097315948;-0,97165301255929;0,0391269156358737;0,340674530612556;0,298560449732877;0,158888099360508;25084,0080345836
"Gamma3[23, 1]";1,00001846615155;-0,812650699460824;-0,173577931501123;-1,19539296809567;-1,51595317151377;1,7906642788129;-0,0675860607251482;12328,9387424269
"Gamma3[23, 2]";1,00001846615155;0,812650699460844;0,173577931501146;1,19539296809569;1,51595317151379;-1,7906642788129;0,0675860607251277;12328,9387424266
"Gamma3[24, 1]";0,999990990230063;0,146238014092429;0,794105869058211;-0,889792295518075;-2,73561091563128;1,68789857378316;-0,05800759581732;10018,3428707044
"Gamma3[24, 2]";0,999990990230063;-0,146238014092405;-0,794105869058234;0,889792295518051;2,73561091563125;-1,68789857378311;0,05800759581732;10018,3428707047
"Gamma4[1, 1]";0,99998321808365;0,922887008847878;2,59569313260335;0,531395592819323;0,274029858189312;1,98895448439733;-0,859339612734369;30557,1515332609
"Gamma4[1, 2]";0,99998321808365;-0,922887008847877;-2,59569313260333;-0,531395592819298;-0,27402985818932;-1,98895448439731;0,859339612734395;30557,151533261
"Gamma4[2, 1]";0,999929165887818;-0,265162148224073;0,210143239259658;0,740736083359657;1,48773735716953;-0,247037606521296;-1,08579799235459;26301,9632791731
"Gamma4[2, 2]";0,999929165887818;0,265162148224062;-0,210143239259676;-0,740736083359657;-1,48773735716956;0,247037606521276;1,08579799235462;26301,9632791736
"Gamma4[3, 1]";1,00003528694149;0,938896645466037;1,50211759044063;-0,242216936673943;1,20082490020659;0,413119376046711;-0,90481494374691;22399,9979594269
"Gamma4[3, 2]";1,00003528694149;-0,938896645466029;-1,50211759044064;0,242216936673931;-1,20082490020658;-0,413119376046712;0,904814943746892;22399,9979594269
"Gamma4[4, 1]";1,00006735627104;-0,0294761921155826;-1,6728777030113;-0,969799003557375;-0,800259404743779;1,17192543934913;-0,775074321917235;30480,0401813678
"Gamma4[4, 2]";1,00006735627104;0,0294761921155826;1,67287770301131;0,969799003557368;0,800259404743786;-1,17192543934913;0,775074321917228;30480,0401813678
"Gamma4[5, 1]";1,00004518279064;-0,596291259918737;-1,39010116805784;0,954244589951354;0,843784564615885;0,40188655633948;0,752402007236009;30390,1919077404
"Gamma4[5, 2]";1,00004518279064;0,59629125991873;1,39010116805784;-0,954244589951341;-0,843784564615885;-0,401886556339494;-0,752402007235996;30390,1919077404
"Gamma4[6, 1]";1,00005503752356;0,170991601092319;-0,547426457436584;-0,755789290269607;-0,998065483464795;-0,588883769985087;-0,164803725443733;25378,1621729985
"Gamma4[6, 2]";1,00005503752356;-0,170991601092357;0,547426457436564;0,755789290269588;0,998065483464805;0,588883769985097;0,164803725443724;25378,1621729985
"Gamma4[7, 1]";1,00009277356226;-0,638654913905705;1,30962822025794;-0,483376875331233;0,746665466933018;0,107729369781599;-1,53861181131087;7807,82329625578
"Gamma4[7, 2]";1,00009277356226;0,638654913905726;-1,30962822025791;0,483376875331239;-0,746665466933012;-0,107729369781588;1,53861181131085;7807,82329625578
"Gamma4[8, 1]";1,00017053095198;0,559920676809126;1,10129454047793;0,428566115257687;-0,0849128603529232;-0,15090135434602;-1,18812118381481;11711,0919685671
"Gamma4[8, 2]";1,00017053095198;-0,559920676809136;-1,10129454047791;-0,428566115257664;0,0849128603529346;0,15090135434602;1,18812118381482;11711,0919685671
"Gamma4[9, 1]";0,999949304923973;2,1274535607693;1,06490016429884;-0,177083296999654;-1,41960081796445;-0,520299870869479;-0,821961137676696;24689,1975919089
"Gamma4[9, 2]";0,999949304923973;-2,12745356076929;-1,06490016429886;0,177083296999674;1,41960081796443;0,520299870869471;0,821961137676696;24689,1975919089
"Gamma4[10, 1]";1,00015897912191;-0,368339870029698;1,32929473279251;1,75762995462836;-1,12222802305298;0,192667622819542;-0,0369421851053132;30174,0081860242
"Gamma4[10, 2]";1,00015897912191;0,368339870029704;-1,3292947327925;-1,75762995462835;1,12222802305299;-0,192667622819577;0,0369421851053189;30174,0081860242
"Gamma4[11, 1]";1,0002016139624;-0,21191650823222;-1,35790833323143;-0,839737344438505;-1,39969783364328;-0,489489634816641;-2,10028636834326;2311,06834756251
"Gamma4[11, 2]";1,0002016139624;0,21191650823222;1,35790833323142;0,839737344438505;1,39969783364328;0,48948963481663;2,10028636834327;2311,06834756251
"Gamma4[12, 1]";1,00015692685386;0,000300406703643301;1,35617180555857;-0,115394098040513;-0,172667821730683;-0,0121112932270951;-0,24543181867387;27442,9263403563
"Gamma4[12, 2]";1,00015692685386;-0,000300406703643301;-1,35617180555857;0,115394098040513;0,172667821730683;0,0121112932270951;0,245431818673838;27442,9263403563
"Gamma4[13, 1]";1,00004986554842;-0,326001391731736;1,98616666708892;-0,885648554715013;2,04756071831305;-0,383425164123181;0,2502580578987;30316,5185204639
"Gamma4[13, 2]";1,00004986554842;0,326001391731726;-1,98616666708893;0,885648554715004;-2,04756071831303;0,38342516412319;-0,25025805789869;30316,5185204639
"Gamma4[14, 1]";1,00011520562965;-0,2167922075862;0,590161052245917;-0,354667569650971;1,67163654955032;-0,776721562068623;2,55427583291836;29260,5417140224
"Gamma4[14, 2]";1,00011520562965;0,216792207586211;-0,590161052245928;0,354667569650983;-1,67163654955031;0,776721562068646;-2,55427583291836;29260,5417140218
"Gamma4[15, 1]";1,00003518494521;0,772135694386358;0,511479809172015;1,50612563107878;0,140818917346198;-0,799988130649162;-0,289438295811373;24161,2190619758
"Gamma4[15, 2]";1,00003518494521;-0,772135694386374;-0,511479809172047;-1,50612563107877;-0,140818917346198;0,799988130649191;0,289438295811373;24161,2190619758
"Gamma4[16, 1]";1,00011505420886;-0,078208740655518;-0,167299004381683;0,569302250837431;0,190826515520791;-0,442278096027723;0,298016222046561;30210,9922066806
"Gamma4[16, 2]";1,00011505420886;0,0782087406555541;0,167299004381691;-0,569302250837406;-0,190826515520791;0,44227809602773;-0,298016222046554;30210,9922066805
"Gamma4[17, 1]";0,99997450960999;0,818347531735068;1,67341426962457;-1,63465742359018;0,187028242043467;-0,486822073754885;-0,170143840682436;30012,3652878083
"Gamma4[17, 2]";0,99997450960999;-0,818347531735057;-1,67341426962458;1,63465742359017;-0,187028242043438;0,486822073754896;0,170143840682426;30012,3652878083
"Gamma4[18, 1]";1,00000093241792;0,310107881295208;-0,357192145897597;-0,921729921795904;0,459475490667455;0,835351897839925;-0,504515427798017;30007,5784436365
"Gamma4[18, 2]";1,00000093241792;-0,310107881295195;0,357192145897605;0,921729921795882;-0,459475490667462;-0,835351897839925;0,504515427798003;30007,5784436365
"Gamma4[19, 1]";1,00015109797753;0,308461409235704;1,19451579413311;0,380031358952822;-0,0315644573560805;0,316984321982984;-0,0473567854377236;16421,207020277
"Gamma4[19, 2]";1,00015109797753;-0,308461409235713;-1,19451579413311;-0,38003135895281;0,0315644573560577;-0,316984321982996;0,0473567854377237;16421,2070202764
"Gamma4[20, 1]";1,00012795221106;-0,370565288295752;0,780382292962808;1,09161430450678;1,07826893516681;-0,35787352688711;0,121944611769408;18077,0912449194
"Gamma4[20, 2]";1,00012795221106;0,370565288295764;-0,780382292962814;-1,09161430450679;-1,0782689351668;0,357873526887103;-0,121944611769391;18077,0912449194
"Gamma4[21, 1]";1,0000739662518;1,04842852308362;-0,30996475417546;0,213220898565812;-1,71422550512931;-1,49347810510502;-0,313533708945984;10730,4018442048
"Gamma4[21, 2]";1,0000739662518;-1,04842852308363;0,309964754175467;-0,213220898565826;1,7142255051293;1,49347810510503;0,313533708945956;10730,4018442051
"Gamma4[22, 1]";1,00003855954364;-2,08418935136238;-0,146376170669268;1,03191854003486;1,74090549115248;1,50010942610894;0,763622329639578;30042,6502672246
"Gamma4[22, 2]";1,00003855954364;2,08418935136238;0,146376170669257;-1,03191854003486;-1,74090549115248;-1,50010942610895;-0,763622329639577;30042,6502672246
"Gamma4[23, 1]";0,999962329233264;0,713616192028224;1,26179224869002;1,79405457546664;0,411776796718018;-0,156199095026417;0,590778281812868;30374,0900078412
"Gamma4[23, 2]";0,999962329233264;-0,713616192028214;-1,26179224869;-1,79405457546664;-0,411776796718018;0,156199095026417;-0,590778281812878;30374,0900078412
"Gamma4[24, 1]";1,00014849262735;-1,13375599708566;-0,455183289553475;0,473370045087081;-0,287196969245217;-2,74928927423769;-1,19416259956752;30535,6768543464
"Gamma4[24, 2]";1,00014849262735;1,13375599708565;0,455183289553484;-0,473370045087089;0,287196969245217;2,74928927423769;1,19416259956752;30535,6768543464
"Mu_Alpha1";0,999970083346145;-0,0871618034499905;0,341751218742782;-0,173685927158002;-1,63118321719452;0,146060206476654;-0,9406732889566;24730,576570366
"Mu_Alpha2[1]";0,999971333177524;-0,573092342352982;0,632171530800401;-0,698497226760998;0,835573592874986;0,473877786659807;1,53237839608768;30156,119837332
"Mu_Alpha2[2]";1,00001002646057;0,416964426933458;0,75069185119244;-0,760235783099695;-0,106312810513134;0,321137946452471;-0,66352048528005;24905,3686710873
"Mu_L1[1]";1,00020597734789;0,0402479740227308;0,695768496731957;0,19207105926601;1,39770593901125;0,567013506692462;-0,67146773673118;29225,4386048532
"Mu_L1[2]";0,999956848248246;-0,891842354321453;0,0540803123205174;-1,96591595568981;0,0424513027637373;1,01916563307496;0,891955672635561;30091,7072046768
"Mu_L1[3]";1,0000530307404;0,110757527609427;1,8039653268599;-0,695445073756307;-0,349740599438995;-1,3289235929761;-0,669813837719295;29743,1036819823
"Mu_L1[4]";1,00004032927685;-0,284154514459801;0,00867226352660186;-1,12892168001779;0,191742271437442;1,10813889824811;0,441272404679925;30325,4121754409
"Mu_L1[5]";0,999943676907065;0,1627986047906;-0,118354968982931;0,524992909947288;1,61136236316153;-0,904326308944771;1,34908272241969;30611,8416714406
"Mu_L1[6]";1,00003157151465;-1,03582272923493;-1,34038351755786;-1,55371925867738;-0,22595204360074;0,576950596790567;0,543962875366513;26240,7359894211
"Mu_L1[7]";1,00031923000956;0,293578502485989;-1,72250387740676;0,886051769382769;0,37989133949078;-0,682407789142193;-0,0230722434285653;29964,0470817065
"Mu_L1[8]";1,0000301389912;0,208795753947772;1,70319615245397;0,406131533439645;-0,169396318504719;1,6625138579798;-0,699392087407282;30220,5401976983
"Mu_L1[9]";1,00007805502336;-1,60835268625174;0,261608552770697;-0,763535475521036;0,656542077670704;0,448746685188728;-0,81285763438239;13838,3485211212
"Mu_L1[10]";1,00004305217954;-0,279419540632495;1,15601192007976;-2,63510110633824;0,0419138374131646;-0,998083354545542;0,697960451365165;27771,1236299782
"Mu_L1[11]";0,999994852934216;-0,678094460013832;-0,327747733836234;0,21153489297802;1,2600012673776;1,22606596153548;0,0855818546470166;30437,3166821857
"Mu_L1[12]";1,00001751896403;0,00761118694878078;0,431440237797599;-2,61652807864282;-0,287870770135767;-0,883807015461546;1,39018478228122;30046,4194762618
"Mu_L1[13]";1,00011399894391;-0,0958426730218855;-0,40708070765804;-1,48936826333806;0,0204650582351766;0,895675678263177;0,00923023814334398;30679,9225462131
"Mu_L1[14]";0,999989448842162;-0,314030076225804;0,777906533979334;-2,12757860602136;-0,720820860033823;1,08910981532134;1,02451106565811;30212,9919489494
"Mu_L1[15]";1,00004432101365;1,97638838587611;-1,39900757338215;-1,30845540027968;-2,05039640398399;-1,37577682754459;0,877194465724393;14250,5480584294
"Mu_L1[16]";1,00010223401024;0,497652681828659;-0,299381303986519;-3,1094326435043;0,0404341365942406;0,815078330147293;0,100902712602073;30024,1480781524
"Mu_L1[17]";1,00001319905958;1,78679941152403;-0,823794293003946;-0,318805004086558;-0,644697720177412;1,18835483407328;-0,406695477138685;15369,3321152128
"Mu_L1[18]";0,999962941268896;-0,413754093989581;-0,821175158818987;-1,53427663645926;-0,249249318198507;-0,666476843189965;0,275017141616423;30233,914842384
"Mu_L1[19]";1,00001706495255;-1,24264518275026;2,77703417887102;-1,30442746410582;1,43553835624131;0,292696585243727;-0,842513232318433;30369,3323908986
"Mu_L1[20]";1,00010376835189;-1,53495058849724;-0,358176786327819;-0,446066435746733;0,961512523767978;-1,31148804092302;0,13596645982007;30246,1779136721
"Mu_L1[21]";1,00000573195708;2,28821503742056;-0,244305435826582;-1,38681288033094;0,263873244717208;-1,17695586970839;0,747539955683423;30223,4683879694
"Mu_L1[22]";1,00010293449249;-0,633089693040229;0,803913960736901;-0,461105632675012;-0,275924543309461;-0,312294534555005;1,71941162474547;30576,9522290609
"Mu_L1[23]";0,99999943515822;0,165471605341068;-0,72013681066147;-1,9604734931412;0,147652398010303;-1,21726216268102;-0,621945004766123;30801,1642649064
"Mu_L1[24]";1,00000185526697;-1,09834347860707;-0,0976754573948932;0,0196737402122325;0,0721314371329056;-1,42595469668034;-0,611578956708985;30539,2576629758
"Mu_L1surv[1]";1,00008172413887;0,201449844508469;0,865101622630916;0,903105382396018;1,11621707132979;0,835209615731654;-0,245453533317562;9227,13373497767
"Mu_L1surv[2]";0,999928561761567;0,0396131371972451;-0,0762399060371061;-1,30890960567423;-1,14004753118469;1,92392550223354;1,2241480481802;30852,0583642658
"Mu_L1surv[3]";0,999978291798757;1,02527344761296;3,06280161005876;-0,903403252142546;-0,391202807504625;-0,364905557726223;-0,564301607441771;23735,6045707648
"Mu_L1surv[4]";1,00013587537034;0,00129219182324344;-0,665703180532209;-0,976886654721176;-0,162849252885084;1,74266112993336;0,762867048551442;30147,0608713818
"Mu_L1surv[5]";0,999998162217395;0,223181533860292;0,146426816583827;0,825375123953221;0,941074697922823;-0,32736849932547;0,748623600881805;30564,8041723815
"Mu_L1surv[6]";1,00003100469844;-0,571718732042564;-0,783000425592136;-1,07642831347661;0,425605790801239;0,851592989228896;1,01495936296806;26419,8054713442
"Mu_L1surv[7]";1,00031711116852;-0,401249454792986;-2,15112377338013;1,13880255970852;0,547575955871254;-0,0445330940591391;0,246262533536108;30515,336067684
"Mu_L1surv[8]";1,00003079341539;0,545221680212465;1,94748617705642;1,09649107985802;-0,38306314807954;2,18403701364676;-1,00910411137055;30146,8670559425
"Mu_L1surv[9]";1,00007189082312;-1,098350177912;-0,304999458257755;-0,546026347314261;0,381190011755524;0,929317421037389;-0,594499501293861;30080,1036467513
"Mu_L1surv[10]";1,00001787430176;0,203359658364841;1,42862059117919;-1,80697402392125;-0,14047860049343;-0,184850210459408;0,398253027943818;30303,9444136016
"Mu_L1surv[11]";0,999962220680937;-0,999931371148024;0,813566706834797;0,533022914446357;1,04823520013858;2,52750908224436;-0,159756496643691;30578,6575752995
"Mu_L1surv[12]";1,00012488738796;0,392948648543883;0,199512554098139;-1,82951741823402;0,263734184228539;0,734236790949054;2,03352419886763;30887,4094646554
"Mu_L1surv[13]";1,00015034256744;-1,01853159203257;-0,71017412629339;-0,979789223375309;-0,402329897378605;1,5269770228294;-0,57247692220582;30671,2947257699
"Mu_L1surv[14]";0,99998978251081;-0,0390600842305168;1,53432581080654;-2,15103757116087;-0,29972160962915;1,82419985678002;0,839752775319789;30162,0899081154
"Mu_L1surv[15]";1,00000613716767;2,50884917001789;-1,21764484552489;-1,2069686884343;-1,20305159877956;-1,15343369032065;0,483276339882722;7645,09259499716
"Mu_L1surv[16]";1,00005277122628;1,77117260702079;-0,23555633215282;-3,22721618448321;-0,7544362464592;2,24086060367758;0,754507451467181;21593,670131853
"Mu_L1surv[17]";1,00009802050822;1,50214623572747;-1,14442497740342;0,20508881984862;-0,480840972777108;1,27921335594813;-0,763743913265658;28623,1147950234
"Mu_L1surv[18]";0,999967406172605;-0,497818306293385;-1,30425485658695;-1,66110478339234;0,54031668550609;-0,456033975360365;0,234405743032421;27853,8180289981
"Mu_L1surv[19]";1,00004240431451;-1,40252351806207;2,36164156495893;-0,67421813914114;0,993105319710358;0,195016703091677;-0,578392776273525;30856,6808940638
"Mu_L1surv[20]";1,0000684441676;-1,5176134510952;-0,183143249648779;-0,00816899605398943;1,82007967148008;-1,0385815247113;0,392952449892887;30507,0819724745
"Mu_L1surv[21]";1,00000055378713;2,01518021888171;-0,587921418994969;0,0851020373020141;0,536551620139688;-0,699193693704729;0,883018197741154;28816,0238233192
"Mu_L1surv[22]";1,0000122756947;-0,273248999582112;0,683360334087901;0,517871539286674;-0,128233667701468;-0,355935380501819;1,68400538248833;30524,8760424577
"Mu_L1surv[23]";1,00002377345711;-0,0474221787471607;-0,60794722253515;-1,69589989528514;0,592800570057989;-0,463444622152891;0,35973223296972;30809,4001004658
"Mu_L1surv[24]";1,00003369696129;-0,519095047025095;-0,252032630948377;0,681043690529209;0,00731554785645203;-1,73297635397583;-1,11074731207389;30173,7938289463
"Mu_L2[1]";1,00029047183455;0,727851395776564;0,521455982318161;0,83294495683793;-0,676287009780185;0,227645252957224;1,14688600243094;18230,2434400231
"Mu_L2[2]";0,99998407007583;-0,930281089530693;1,07819128858161;-0,780786731754573;0,402752612098193;1,5891470698622;-0,460717174135479;30347,1046702106
"Mu_L2[3]";1,0000532593633;-0,628072830958904;0,529361498677944;0,447215030621492;0,176297041822125;0,576938981715324;-1,91818730476551;30114,2813028343
"Mu_L2[4]";1,00002163086667;-0,0383898921021201;-0,299500738024147;-1,46021934838062;0,0051355477733173;0,684793779118482;0,520296446407914;23129,7272946977
"Mu_L2[5]";1,00013160282784;-0,41584880153194;-1,80886696831772;-0,998760021598955;0,519188099204029;-0,343814327593678;2,12569505826436;30228,5310556036
"Mu_L2[6]";0,999938319966453;-0,339843415207932;-1,02288585997844;-0,403006766756864;1,71973425463333;-0,0181003181920784;-1,91573738291395;30307,6582780381
"Mu_L2[7]";1,00027737940925;1,23080950898335;0,356620757362283;0,122726001346721;0,453883931691726;-0,471711506638831;1,16240025726934;4726,98817267492
"Mu_L2[8]";0,99996256537471;0,268047086100738;0,337419971305164;0,643959758808396;0,440620352741201;-0,0771774529377798;0,495595260441797;30321,0299633346
"Mu_L2[9]";1,00007637928537;1,07418422252554;-0,229938428036848;-0,691691935213878;-0,106181278417846;-0,877115048259205;-1,42064123803241;30150,4370492428
"Mu_L2[10]";0,999949105544183;-0,416844349435995;0,252163185833366;-0,529666135395026;-0,523560205121761;-1,76242295165987;-0,795582701689675;30437,0106035562
"Mu_L2[11]";1,00020976397546;0,994826295378616;-1,74130047839715;-1,47557791320593;0,0738337383185806;1,45435989885994;-0,663168408311104;30358,8018790136
"Mu_L2[12]";1,00002937296632;-0,53763776661281;1,55366648059531;0,309186532769971;0,47083909509991;1,26523505146084;0,805825189739891;29966,1465781829
"Mu_L2[13]";1,00008853854254;-0,751210157967125;1,49636165529685;-0,853876195953677;-1,7614364747653;-1,52299965713412;0,43384138898079;19695,7217100144
"Mu_L2[14]";1,00005701612658;-2,95116407055965;0,193906523031486;0,852319534566372;0,752941033723965;-1,00491715690811;0,487990496012079;30293,0528179281
"Mu_L2[15]";1,00003907715967;0,779839764758558;1,48731814156881;-0,125519746652669;1,40349893466854;-2,41064118882051;-0,890794926390979;30121,1887169341
"Mu_L2[16]";1,00015119525669;0,972365780687768;0,319444517223201;0,297936670427592;-0,225012149992201;-1,67102928146998;0,325750254223746;30516,4948534055
"Mu_L2[17]";0,99998116515651;-0,598748588356841;0,317616186178128;-0,618516789216093;-0,0562431008907819;-0,633479011061933;-0,872363071022803;30223,9931588416
"Mu_L2[18]";1,00002495311814;0,267987813104202;-0,179323465018218;2,7079368611877;0,863805784748966;0,256470740827945;1,08654522936454;13630,7399073621
"Mu_L2[19]";1,00005873639863;-0,197988299187427;0,472001190281905;-1,3767444180823;0,0194206399584829;1,1446740309849;1,79673038190165;28398,3443722332
"Mu_L2[20]";1,00006809848811;-0,904824055836086;-1,33577487317955;1,42559332171059;-0,620234919110608;-1,05326731770409;-1,86898946872001;30185,8147855768
"Mu_L2[21]";1,00013613605018;1,11369148772532;-0,0628995571705595;1,37841487783189;-0,157489298232696;0,877230050601978;1,21664348921272;29457,1316877663
"Mu_L2[22]";1,00018128865731;0,576328827877169;-0,568461915183599;0,492331608310391;1,03655210169413;-1,02461345540443;-0,317971149684778;29082,5482713696
"Mu_L2[23]";0,999999482563539;-1,0098309933546;0,276034460412702;-1,8127152188155;-1,33006530832452;-0,603870565223183;-1,33058273457663;26179,3488249017
"Mu_L2[24]";1,00000128402517;-0,658814278257619;0,603729178572148;1,22875080222203;1,63296318078179;1,10630847556328;-0,830010257447172;24853,7680920927
"Mu_L2m[1]";1,00029316271646;0,781935592404046;0,57735112375911;0,848706682485786;-0,734404751766603;0,322575131223807;1,27767433173781;14266,2127967309
"Mu_L2m[2]";0,999982551844749;-0,89824010000981;1,0797463747672;-0,766684466146995;0,406818187290511;1,60138909713473;-0,43465854801027;30352,8733549783
"Mu_L2m[3]";1,00005170796403;-0,603595350373587;0,529639840561411;0,44743535320371;0,169119205980233;0,573705548667425;-1,92017861702947;30112,8819195043
"Mu_L2m[4]";1,00001473901439;-0,0227693549001198;-0,325357408109799;-1,36969397259798;0,0478972738805899;0,693279254416649;0,553210264378466;23865,6810471613
"Mu_L2m[5]";1,00013219337469;-0,407582885489276;-1,82702675481498;-1,02242485570632;0,520377672707072;-0,330469691825095;2,14404903274742;30236,3119928107
"Mu_L2m[6]";0,999937352963807;-0,339536888624946;-1,01653146413911;-0,390341867020051;1,73797626257153;0,0050473207137002;-1,89931196346923;30322,1815445558
"Mu_L2m[7]";1,00028395007089;1,2303410701987;0,391475011787333;0,146932218530988;0,434424394187698;-0,477464928606731;1,13985093313901;4675,35950374198
"Mu_L2m[8]";0,999961822326958;0,263894281558936;0,338657552381298;0,643098902074405;0,446382477931263;-0,0809386194071604;0,486649123578357;30320,9857393411
"Mu_L2m[9]";1,00007711823341;1,05830262576615;-0,219698650785932;-0,688157999540041;-0,120420108954006;-0,886209085767185;-1,41537365609513;30140,8539594603
"Mu_L2m[10]";0,999948819374874;-0,409518058408729;0,226614498656474;-0,54041450916231;-0,52751622614614;-1,79906528761586;-0,828457123496017;30441,1990715887
"Mu_L2m[11]";1,00021022570405;1,00064237705712;-1,73922989530533;-1,46616007572011;0,072258393908406;1,45085146909702;-0,661968248417679;30358,2018475904
"Mu_L2m[12]";1,00003087045449;-0,53505486239231;1,54501210745877;0,300347196742769;0,460053721931265;1,27363373115995;0,804577686002678;30002,2449724957
"Mu_L2m[13]";1,00008828579602;-0,741392138845194;1,49093643966541;-0,844158763819546;-1,79130782557328;-1,51614025503157;0,43863904779738;20182,1729394386
"Mu_L2m[14]";1,00005704221535;-2,95176113228428;0,193545854105729;0,85202589782614;0,753345990189152;-1,00483774084924;0,487341783691294;30292,9629654106
"Mu_L2m[15]";1,00004137782213;0,769815583117701;1,48704172657265;-0,128280555023506;1,42412490306978;-2,40308739915573;-0,855336999230548;30119,2769756226
"Mu_L2m[16]";1,00015234349123;0,955002371839168;0,323010765057482;0,306614691327753;-0,229034271211625;-1,67886338446531;0,315115132856844;30515,2316842807
"Mu_L2m[17]";0,999982461545779;-0,580919707795612;0,314785789248196;-0,610885693687435;-0,0267171367313838;-0,659013510654411;-0,877653005367348;30223,0359697048
"Mu_L2m[18]";1,00001998289427;0,309428575726827;-0,16388679266421;2,70095107635788;0,805632057510461;0,223265799256596;1,06981820622444;14503,8589499193
"Mu_L2m[19]";1,00005764446009;-0,226668525693039;0,473678527626847;-1,35045639658336;0,00628559773116955;1,1568850065721;1,79871998178875;28460,0692094478
"Mu_L2m[20]";1,00006693985078;-0,901437698498005;-1,3381282198858;1,42560509972428;-0,624028019321459;-1,05933287251919;-1,85846216315531;30190,4448264195
"Mu_L2m[21]";1,00013615828027;1,1049822427306;-0,0614912766747472;1,38373912446131;-0,164048020760402;0,895174434345504;1,21916662545017;29466,547873423
"Mu_L2m[22]";1,00018212697303;0,57315013865836;-0,564958439467309;0,496029231983282;1,03023774346609;-1,02313225665222;-0,310925965064837;29071,0213319734
"Mu_L2m[23]";0,999998802782186;-1,02894508366601;0,286130078072028;-1,82842638132805;-1,30691755567439;-0,606118683351478;-1,33698900292566;26156,73910091
"Mu_L2m[24]";1,00000157150877;-0,679556501385612;0,596658303914217;1,22917954258391;1,62417962566963;1,12043290265292;-0,818997027383845;24877,8258141325
"Mu_L2nm[1]";1,00029316271646;0,781935592404047;0,577351123759109;0,848706682485785;-0,734404751766603;0,322575131224034;1,27767433173781;14266,2127967302
"Mu_L2nm[2]";0,999982551844749;-0,898240100009808;1,0797463747672;-0,766684466147306;0,40681818729051;1,60138909713473;-0,434658548010271;30352,8733549783
"Mu_L2nm[3]";1,00005170796403;-0,603595350373587;0,52963984056141;0,447435353203711;0,169119205980234;0,573705548667426;-1,92017861702947;30112,8819195043
"Mu_L2nm[4]";1,00001473901439;-0,0227693549001199;-0,325357408109799;-1,36969397259798;0,0478972738808138;0,693279254416649;0,553210264378215;23865,6810471608
"Mu_L2nm[5]";1,00013219337469;-0,407582885489275;-1,82702675481524;-1,02242485570632;0,520377672707072;-0,330469691825095;2,14404903274742;30236,3119928107
"Mu_L2nm[6]";0,999937352963807;-0,339536888624946;-1,01653146413911;-0,390341867020051;1,73797626257153;0,00504732071370021;-1,89931196346923;30322,1815445558
"Mu_L2nm[7]";1,00028395007089;1,23034107019838;0,391475011787333;0,146932218530989;0,434424394187698;-0,47746492860673;1,13985093313872;4675,35950374192
"Mu_L2nm[8]";0,999961822326958;0,263894281558936;0,338657552381297;0,643098902074404;0,446382477931263;-0,0809386194071603;0,486649123578358;30320,9857393412
"Mu_L2nm[9]";1,00007711823341;1,05830262576643;-0,219698650785932;-0,68815799954004;-0,120420108954006;-0,886209085767444;-1,41537365609513;30140,8539594603
"Mu_L2nm[10]";0,999948819374874;-0,40951805840873;0,226614498656474;-0,54041450916231;-0,527516226146141;-1,79906528761613;-0,828457123496016;30441,1990715888
"Mu_L2nm[11]";1,00021022570405;1,00064237705712;-1,73922989530533;-1,46616007572011;0,0722583939084061;1,45085146909702;-0,661968248417677;30358,2018475904
"Mu_L2nm[12]";1,00003087045449;-0,53505486239231;1,54501210745877;0,300347196742769;0,460053721931265;1,27363373115995;0,804577686002677;30002,2449724958
"Mu_L2nm[13]";1,00008828579602;-0,741392138845198;1,49093643966541;-0,844158763819546;-1,79130782557328;-1,51614025503157;0,438639047797379;20182,172939437
"Mu_L2nm[14]";1,00005704221535;-2,95176113228428;0,193545854105729;0,852025897826139;0,75334599018915;-1,00483774084924;0,487341783691292;30292,9629654106
"Mu_L2nm[15]";1,00004137782213;0,7698155831177;1,48704172657266;-0,128280555023506;1,42412490306978;-2,40308739915573;-0,855336999230547;30119,2769756226
"Mu_L2nm[16]";1,00015234349123;0,955002371839526;0,323010765057482;0,306614691327753;-0,229034271211956;-1,67886338446571;0,315115132857163;30515,2316842807
"Mu_L2nm[17]";0,999982461545779;-0,580919707795612;0,314785789248195;-0,610885693687434;-0,0267171367313837;-0,659013510654412;-0,87765300536735;30223,0359697049
"Mu_L2nm[18]";1,00001998289427;0,309428575726827;-0,16388679266421;2,70095107635788;0,805632057510818;0,223265799256597;1,06981820622444;14503,8589499191
"Mu_L2nm[19]";1,00005764446009;-0,22666852569304;0,473678527626847;-1,35045639658335;0,00628559773116955;1,1568850065721;1,79871998178875;28460,0692094473
"Mu_L2nm[20]";1,00006693985078;-0,901437698498006;-1,33812821988581;1,42560509972428;-0,624028019321456;-1,05933287251876;-1,85846216315531;30190,4448264195
"Mu_L2nm[21]";1,00013615828027;1,10498224273061;-0,0614912766747472;1,38373912446131;-0,164048020760402;0,895174434345511;1,21916662545017;29466,547873423
"Mu_L2nm[22]";1,00018212697303;0,573150138658359;-0,564958439467309;0,496029231983282;1,03023774346609;-1,02313225665254;-0,310925965064836;29071,0213319733
"Mu_L2nm[23]";0,999998802782186;-1,02894508366601;0,286130078072027;-1,82842638132805;-1,30691755567439;-0,606118683351477;-1,33698900292566;26156,7391009097
"Mu_L2nm[24]";1,00000157150877;-0,679556501385614;0,596658303914217;1,22917954258391;1,62417962566963;1,12043290265292;-0,818997027383846;24877,8258141333
"Mu_Mu_L1";0,999970645881816;-0,664698801139357;-0,505817192453052;-1,41702920211773;-0,428494236389438;-0,155721712134496;0,416752991438569;30086,4353204852
"Mu_Mu_L1surv";1,00004309768497;0,336613322508104;0,350636721344101;-2,11697243435047;0,506814814605521;1,79905514146701;0,91435765641726;27883,3533022503
"Mu_Mu_L2";0,999956926227002;-0,836655123691679;1,27243673470967;-0,780012075171129;-0,0708539271512968;0,463989882107875;-0,930871001094888;29787,6182573344
"Mu_Mu_L2m";1,00011133258814;-0,446530311564538;0,383152551501372;-0,296608367186389;0,736515391210059;-0,699847676128089;-0,147189709715545;30049,8138963486
"Mu_Mu_L2nm";1,00011133258814;-0,446530311564539;0,383152551501369;-0,29660836718639;0,736515391210061;-0,699847676128088;-0,147189709715545;30049,8138963486
"Mu_N1[1]";1,00011309494823;-0,874500099246466;0,542025115423766;-0,430913277691492;0,736210419409774;0,817531551364473;-0,521539314063139;9682,6242701427
"Mu_N1[2]";1,00012130655897;-0,357980750826358;1,36759705393695;-0,194589458863669;-0,57118705284594;-0,820100306564929;1,09652587994393;11808,6505331805
"Mu_N1[3]";1,00012361718851;-0,279788487599199;-0,240249012580801;-0,899643619641561;0,381834692413676;-1,7007124783852;0,203640831914714;30189,1010812561
"Mu_N1[4]";1,00014040001205;-0,86111948547203;0,0675473316450858;-0,168401655997624;0,439617273170608;1,15257171528581;-0,866291941621606;12360,0170906174
"Mu_N1[5]";0,999983075778841;0,0121365156178458;-0,0348124171711784;0,286283245639645;-0,796966591219096;-0,227119752735046;-1,40894451143557;8315,5629819558
"Mu_N1[6]";0,999982009118971;-0,60885354669026;1,13261470507268;1,17194789193437;-0,281279487344259;-0,0480658082960928;1,03155069605089;30196,7558975781
"Mu_N1[7]";1,00008520245428;-1,2640192628996;1,06819500675943;-0,172266679360734;-0,0438049133249614;0,541967739655979;1,19773474934944;8746,80321332775
"Mu_N1[8]";1,00008709064254;-0,346156364583867;-1,34037812799641;-0,501876131131987;0,79849359589612;-0,394948352904232;-0,361534304734041;23835,1591224282
"Mu_N1[9]";1,00002829478102;-0,795555938458362;-0,891545531245944;-1,72308493565169;0,406389056976778;-0,822703350963658;-1,33714153662667;30973,9063190599
"Mu_N1[10]";0,999951921786688;1,471028980491;-0,373873664506476;-1,17179032668931;-1,23939578578645;-0,603225733350874;0,0777323307898809;30345,9247667268
"Mu_N1[11]";1,00000244810965;-0,918849096507438;0,771623070614253;0,351057243366433;-1,41525856898118;-0,775012282167266;-0,798300164639561;30170,3283005741
"Mu_N1[12]";1,00003788387838;-1,17899196894655;0,302585124384549;-1,08281198366033;0,535442933785487;0,907800370111657;-1,83345294559249;28290,1978229631
"Mu_N1[13]";1,0000902938199;0,192239611029164;1,7732813426244;-1,08645156469133;0,557183062698675;-0,899361594633117;0,376401493581314;25177,6620455719
"Mu_N1[14]";1,00012364069427;-0,680183677666521;1,34601933824571;1,56648406978898;-0,641900918318001;0,58146389745463;1,85660346219998;30038,356697375
"Mu_N1[15]";0,999990572379102;-0,339584682875055;-0,484194828163796;0,387863991621803;1,27427919418829;-0,982392185585955;-0,195811120205221;30357,9708955364
"Mu_N1[16]";1,00000828709468;0,708034473999662;1,64707899395944;-0,00597144447407784;0,214595733147143;1,18962628863253;-0,0630558849870051;30511,6054042806
"Mu_N1[17]";1,00004863284046;0,0782968476301194;1,30788021246098;-2,47270906515811;0,79816028222325;0,182158791511257;0,647274269471354;30152,8659286484
"Mu_N1[18]";0,999998395113435;-1,81890301097214;0,480360540952092;1,25680854089668;0,0484076511788114;0,387750520252614;0,215785632344102;29950,6558767883
"Mu_N1[19]";1,00001931499281;-1,31573973101944;0,593166135886017;0,0642028632414987;1,8780301869914;0,965673182700866;3,27949703386859;17019,676582259
"Mu_N1[20]";1,00000985569629;1,30801468436195;-0,428361020279736;-2,12843083756068;-0,0143505666814589;0,381726286838437;0,596084238014009;26732,18056531
"Mu_N1[21]";0,999930929734637;0,367533527731463;0,496863928450478;0,458809083589996;1,36299002873418;-0,248993135258113;-1,83343284122213;28319,6369478891
"Mu_N1[22]";1,00009191299523;1,25016265998831;0,646640765296713;0,31195528622825;0,86687429004336;-1,70874962776943;0,363229158326153;13795,7332001052
"Mu_N1[23]";1,0000257525835;0,76059230257674;0,616890466790506;-1,18350546472479;0,864396615546133;-1,23368090334724;-1,55242080224679;30015,0434057333
"Mu_N1[24]";0,999980249996419;1,4061514562783;0,868268661560762;-2,57919367363189;-0,0650507046947734;2,24713309678695;-0,789314629764266;30094,1034169937
"Mu_N2[1, 1]";1,00009663907515;-1,3186200610741;-0,106307785016067;1,61590928982493;0,397460067352805;0,0582291010386483;-0,649219064599207;30133,939433641
"Mu_N2[1, 2]";1,00002695941939;2,20756964427757;1,32508253530743;-1,40367711148118;0,473455643931558;0,0611863114379173;0,178754568491473;30217,4319877753
"Mu_N2[2, 1]";0,999982459050797;-1,50732642527505;-0,725613169220381;-0,278017209420077;1,92401016233115;-0,9789660915666;-0,68297132993911;4918,15051678466
"Mu_N2[2, 2]";0,999947992388348;0,639539246865175;0,787389027947481;0,493452118146313;-0,749968255539713;0,956417325239932;1,31577703747075;6732,87160744838
"Mu_N2[3, 1]";0,999966262178101;-1,45019954815785;-0,461338855031962;-0,586889674799943;0,465716941112754;0,835779634567247;-0,924858394176073;29799,7859495657
"Mu_N2[3, 2]";1,00016495899643;-0,0440814158570171;1,28342794995649;-0,066068097400093;-0,929214258938251;2,19684052074162;0,140940236227337;30750,0956056331
"Mu_N2[4, 1]";1,00005435490483;1,91580666198078;-1,12720290324237;0,162448882332479;-0,218580729252586;0,0549631729911844;-1,24694113096458;30418,4640720638
"Mu_N2[4, 2]";1,00014066061498;-0,998522388553464;1,32030681645417;0,421693880453082;0,440933362736374;-1,37629831375965;-0,863392549261927;30169,1382792317
"Mu_N2[5, 1]";1,00007539778853;-1,68962699902876;1,54773675264255;-0,168141397197235;1,90324659833872;0,92930115275225;0,433407665398413;30369,9228448759
"Mu_N2[5, 2]";1,00009622490914;0,756253228953973;0,164107555357827;0,430852313996076;-0,839880041197719;-0,386305195640802;-0,0501938304129188;30636,6045100455
"Mu_N2[6, 1]";1,00009430907418;-0,158336934677059;0,200123853259338;-1,30255642954788;-0,0430092668837704;-0,934566969988047;-1,19403237430794;30407,7142849656
"Mu_N2[6, 2]";1,00004693566135;-0,943756612934979;-0,11101438752993;-0,0329781988658801;0,590885111170919;-0,711500023887809;0,211933738474051;30333,8467271236
"Mu_N2[7, 1]";1,00000299887633;2,0450300644714;0,84537007797364;0,559643670238393;-0,686254115367866;-0,680051039383965;-0,630094257477319;30107,2377081643
"Mu_N2[7, 2]";1,000043306217;-0,406379244522833;0,494655988424261;0,111612028511278;-0,0700850083805507;1,52358430046083;0,854365423602524;30368,7713899707
"Mu_N2[8, 1]";1,0000602007855;-0,696546828158189;1,92700983654244;-3,11276338524428;0,596198008661717;0,0595576906190164;-0,820460497629242;30201,6205394535
"Mu_N2[8, 2]";1,00005826852349;-1,03454221719932;-0,739167094307044;2,75466073871063;-0,661197974077743;0,192804830135807;-0,287997660251497;22289,910076661
"Mu_N2[9, 1]";1,00000449286114;0,904406288169193;-1,88715809089982;-0,1323939667225;-1,25651354196535;-0,178465562136409;-1,29566205853986;13913,1351349077
"Mu_N2[9, 2]";0,999988658785834;-1,38804146910567;1,08766329563775;-0,164309830052885;0,732095056047329;-0,922638545413234;-2,08896225346951;30666,6386657208
"Mu_N2[10, 1]";1,00009147971347;0,0262722840959772;-0,0662607220275398;-0,864446902523691;-1,42583503766562;0,617628457751489;0,207405228752052;29718,6788905104
"Mu_N2[10, 2]";1,00004605386742;0,678394225722576;-0,243638570813775;-0,448034903565566;-0,427528502738575;1,46771132300105;-0,244903947173566;21603,6549391647
"Mu_N2[11, 1]";1,00026603071139;0,315119365880547;2,04027589178514;-2,89883486105714;-0,193742786401297;-1,60253537844972;0,40631732277728;30248,3780054263
"Mu_N2[11, 2]";1,00016360432315;-0,653496950687372;-1,07967092972043;-0,645930874380647;1,01420082974431;0,668074338788787;0,373571302122195;30169,8511559567
"Mu_N2[12, 1]";1,0000863067812;1,92839291501481;0,813058464358458;0,986741275250237;1,33800965738596;0,962166804890457;0,165247828513179;30497,7963647977
"Mu_N2[12, 2]";0,99996996632554;0,911572623767786;-0,192795183749425;-0,695963966653794;-1,31341224996657;0,174131571560077;0,893703916386397;30589,1585700149
"Mu_N2[13, 1]";1,00005379158317;-0,395453841003789;0,987953269957022;0,772203158642215;-0,0638151510255214;0,168964100882357;-0,622871748161917;30175,7680855071
"Mu_N2[13, 2]";1,00004402091104;0,0861019919885986;-0,474879721081074;-0,0302826215615002;-0,601805448516063;0,75707312192813;-0,702712981533687;15024,7244241263
"Mu_N2[14, 1]";1,00007504046106;0,659917796982128;0,747760698662032;0,625740460014407;2,99055658115466;0,772642651900859;-1,69440398178575;30169,3432819433
"Mu_N2[14, 2]";1,00005578595985;1,3199830902421;0,491107400429943;1,56417390030048;-1,09844779500937;-0,951989034258923;0,567269320289109;30026,6488979186
"Mu_N2[15, 1]";0,999989875076178;-0,554332835006242;-1,13940542861202;0,978844973284782;-1,03728760296095;-1,05540683506725;0,209333954892949;18687,3569239785
"Mu_N2[15, 2]";0,999984032627524;-0,648574284575989;-1,42136762835664;-1,01449956849543;0,486975774230628;-0,213491824731988;-0,408827794426717;30375,3035270854
"Mu_N2[16, 1]";1,00007958000364;-1,23085908606301;-1,19428563017337;0,51330809418496;-0,635809578280872;-0,987369211736301;0,271039589127179;29792,7680581193
"Mu_N2[16, 2]";0,999986190276119;0,990606434015912;-0,0744133862868214;-0,986502231908433;-0,833436542281964;-1,08879233141565;-0,869635581510446;21465,2408951729
"Mu_N2[17, 1]";0,999966151367064;0,0764264738643377;2,4127651384368;-2,22743855981604;-0,186996885409014;2,51683271013799;0,670449835207382;30214,9516229525
"Mu_N2[17, 2]";1,0000893105256;1,28056348968002;-1,16499439576632;-0,129976550137616;0,661549880979243;1,08565985916233;0,81644903273219;10545,9498340195
"Mu_N2[18, 1]";1,00008228481471;-1,55680958509994;0,987616397921831;0,696925373376864;-1,08881450168843;0,97516492262462;1,93580370662481;30183,8268389235
"Mu_N2[18, 2]";1,00003282649755;0,43352217212485;-0,124319158324727;-0,043903226944646;0,617291156026056;-0,888749297700648;0,928415502206625;30000,3309236705
"Mu_N2[19, 1]";0,999970189352806;0,234063363019645;0,42328090538497;0,774573816366742;-0,843707716059551;-0,499619042175299;0,249171206657765;25093,0588288987
"Mu_N2[19, 2]";1,00002915004289;0,229120198669485;0,795897070267183;0,98430591330079;0,332877751960368;-2,30500811484857;0,294949307048453;12286,0948278224
"Mu_N2[20, 1]";1,00009547751581;-1,79246970336237;0,0519331015093681;-0,195955693804035;-0,990628381907455;-0,345497947471786;2,74826412873592;14662,3035832075
"Mu_N2[20, 2]";1,00002694032501;1,95514350875369;-0,485588816305716;1,1684390826183;-0,81217159485413;1,30315020732128;-0,605546046162271;23384,4074987226
"Mu_N2[21, 1]";1,00003374968139;0,125524555303638;0,634510797773261;-0,773989838741698;-0,910648515029697;-0,410178470768398;1,05041777912308;30302,4567344947
"Mu_N2[21, 2]";0,999985422947986;-0,888245410277874;-0,735668806758418;-0,771406782370679;0,534564603265245;1,4609568848831;-0,697163004767359;30535,7993886456
"Mu_N2[22, 1]";0,999950945289209;-0,799339370473431;0,742289178803712;0,503417433714021;0,678891086025284;0,354142329729347;-0,105845005270869;30290,0413256393
"Mu_N2[22, 2]";1,00013669107867;1,52842061741459;-0,813794468633705;-0,361247405512123;0,498167401153496;0,464827090731717;-0,519582863765558;9769,16565869935
"Mu_N2[23, 1]";1,00003084168752;-1,40495795472594;1,14229879392321;0,145704081898353;-0,381056832061115;1,54734871713009;-1,87253000554346;6403,72050347097
"Mu_N2[23, 2]";1,00015619449103;-0,529197320138669;0,305100359082187;1,0229066757102;1,42402514434527;-0,224268221088325;-2,27011702822194;24224,6475241712
"Mu_N2[24, 1]";1,0000093224524;-0,265560367742463;0,0748443900249702;0,238547605239159;-2,28249147889346;0,231610978107967;-0,270291236524912;29673,1096505563
"Mu_N2[24, 2]";1,00005154651911;0,263577847071155;-0,753427209201688;1,30748173983655;1,83629721516323;-0,777743592595071;-0,0599631730183325;10895,6027676448
"Mu_N2m[1, 1]";1,00012247435265;-1,93163677755125;-0,661912355361785;0,649077951648628;0,3792756934441;-0,419456380137675;-0,604408260525599;30039,1002106396
"Mu_N2m[1, 2]";1,00003516403792;2,36326713671994;1,57662046159202;-1,43686672797251;0,45358073357833;0,363233710551716;0,104888328701901;30203,061375068
"Mu_N2m[2, 1]";1,00002116797923;-1,19642544627777;-0,919042295609228;-0,896671330830952;1,93011441543215;-0,0857897042616802;0,232770016540497;3988,43862829839
"Mu_N2m[2, 2]";0,999962050693597;0,737079991816055;0,790391386867409;0,634542448810981;-0,46263988035561;1,07167105512577;1,15355813737651;9854,73182172425
"Mu_N2m[3, 1]";1,00004411489666;-0,659471760597294;-0,861609984222875;-0,580171810585437;0,716499346920645;0,0153391589929329;0,0608787731305344;17731,8721968489
"Mu_N2m[3, 2]";1,00014141424994;0,615347755392297;1,85980591618233;-0,286688868140146;-0,603937193975167;2,25126650156347;0,00839541183607632;30592,3085069346
"Mu_N2m[4, 1]";1,00005373587472;1,44384351727586;-0,945965751285862;0,381883779193721;-0,464862522036679;-0,360879911761195;-0,81842995256752;30430,8624086947
"Mu_N2m[4, 2]";1,00010671446784;-1,262298468865;0,927560256656169;0,197184502062076;0,313929261103973;-1,22424610873874;-0,900450272621292;30115,9784699798
"Mu_N2m[5, 1]";1,00007646561842;-0,98265637390115;1,22591601042287;-0,810200181207987;1,61401620837;1,27438976767831;0,193112606963454;30059,7547223475
"Mu_N2m[5, 2]";1,00008514441945;0,771867686989474;-0,137947786919008;0,465826548203632;-0,807450941973316;-0,241492204886855;0,144259488642751;30663,1124644188
"Mu_N2m[6, 1]";1,00004665751761;0,172385935206154;0,477157660954718;-1,01197028409184;0,349004784825224;-0,919837965525702;-1,77578935008754;30637,2135634862
"Mu_N2m[6, 2]";1,00002841229334;-0,851191984080447;-0,177379523688265;-0,0980465449999035;0,49870167462387;-0,787361074487936;0,0604037548660985;30285,062683994
"Mu_N2m[7, 1]";1,00008090903435;1,40220463319628;0,253585321701817;1,39740842276994;-1,33704363828392;-0,0325964968076423;-0,79131945779828;30180,929213676
"Mu_N2m[7, 2]";1,0001213474883;-0,795138164081317;0,796445680813969;0,088454992534325;0,0810634054538524;1,79483191115241;0,330755706968281;30590,320742802
"Mu_N2m[8, 1]";1,00002122395999;-0,311980541323307;1,29861042344332;-3,32552312988475;0,744677782127493;-0,30101596896451;0,108556990164979;26783,1027629599
"Mu_N2m[8, 2]";1,00003830621869;-0,877702176807441;-0,616719530517518;2,92518401505452;-0,719637973148561;0,0754205703300715;-0,480255332817985;21077,84412433
"Mu_N2m[9, 1]";0,999991707615075;1,16175155588983;-2,25107775848466;-0,316924827463334;0,00713295247913814;0,077871715027312;0,253779953693501;25736,899412772
"Mu_N2m[9, 2]";0,99999981752855;-0,540226092761343;1,85954569243098;-0,185088768017638;0,511394892617724;-1,03338829959066;-2,32982102435877;30675,0146509666
"Mu_N2m[10, 1]";1,00007383946227;0,0629403757728674;0,0222925913799252;-0,14942444362825;-0,655204038552754;0,0595740322276045;0,0718386985102745;20410,7542288794
"Mu_N2m[10, 2]";1,00004902905599;0,648156635250527;0,00257586823852638;-0,0330492635631215;-0,52346810509979;1,44577614168569;-0,239956740914733;16591,8059537735
"Mu_N2m[11, 1]";1,0000175274798;0,996731494484653;2,43094306847117;-2,81671555719012;-0,0599886931739786;-1,68284593699427;0,935893524157608;25852,4136272487
"Mu_N2m[11, 2]";1,00016002768552;-0,723618241178698;-2,1178575335246;-1,13487766719666;0,466150307861476;0,479209973246817;-0,797779282091423;30041,8999612377
"Mu_N2m[12, 1]";1,00010621184647;1,22420042970722;-0,0565833493861916;0,74540266498801;0,854309821121165;-0,0686142027468154;-0,0839973622386545;27131,0444707867
"Mu_N2m[12, 2]";0,999927617825965;0,368446422233327;0,437206864066655;-0,951330046642491;-2,12215387907587;-0,380861223485472;0,412868809756305;30180,4176319011
"Mu_N2m[13, 1]";1,00004752431559;0,245768063316366;0,513711304042517;1,33992144412558;-0,675449760865904;-0,270367289370308;-0,750753769618836;20565,2569141674
"Mu_N2m[13, 2]";1,00004824045627;0,108091738889012;0,0682151308700076;-0,282739528578756;-0,0758787244688409;0,651142395613461;-0,626592278028037;23250,5850726853
"Mu_N2m[14, 1]";1,00006133538;0,0929185391801436;-0,554448606928654;0,640755401406089;2,69208600148957;1,16220983341124;-1,82240225913395;25807,0597950783
"Mu_N2m[14, 2]";1,0001075074249;1,13286305595635;0,510856382184279;1,5357487402808;-0,604535190949411;-1,24513952810944;1,4664133654969;29620,9649470523
"Mu_N2m[15, 1]";1,00006464979568;-0,306803046702563;0,0863020659553071;-0,947433260688543;-0,716471447538766;-0,433247466099656;0,862372028663771;29721,5636405892
"Mu_N2m[15, 2]";1,00001230555259;0,0302309283071373;-0,956434211475736;-0,776052888196338;0,597204218584757;-0,52847734898631;-0,480412584657971;30238,0678052273
"Mu_N2m[16, 1]";0,999966463254097;-1,01798862046334;-0,500983698642158;0,166301026086743;0,550496698642077;-0,416367229602768;0,824611877478496;30051,7398513381
"Mu_N2m[16, 2]";0,999982707240275;1,1620849487366;0,109622007147388;-0,936203730619175;-0,582164460019526;-1,17275686361866;-0,689574841294543;29003,8035817332
"Mu_N2m[17, 1]";0,999985582719185;-0,82626287561499;1,73556969956272;-1,91679097391797;0,142418695696194;1,86801918594106;0,30246488911627;25663,9296740982
"Mu_N2m[17, 2]";1,00008903369276;1,38402223925834;-0,586167192611505;-0,5451253429358;0,815873797196869;0,812360050812217;0,738103101875209;15373,8951314618
"Mu_N2m[18, 1]";0,999988719057337;-1,60228390302483;0,566262751313384;1,32888713223657;-1,59367560035948;1,20274630467277;1,1142122935707;25419,0338752465
"Mu_N2m[18, 2]";1,00003523271584;0,603973363670829;-0,287430293846186;-0,184445857270081;0,765875665528184;-0,749701790565523;0,652304729715117;30175,4826072185
"Mu_N2m[19, 1]";0,999953976730936;-0,16472218519636;-1,20459523499813;0,664199834559537;-1,36686061270069;-0,352955051806419;0,472951396923773;15017,5000361247
"Mu_N2m[19, 2]";1,00001979688104;0,231731228922401;0,840311785021697;0,979761357010752;0,240637465897488;-2,30087045690755;0,29749148494521;13547,8165276578
"Mu_N2m[20, 1]";0,999987590412653;-2,23023720837622;-0,673981629792988;-0,799134057540092;-0,686588552626997;-0,732091776231313;1,79589646604616;17960,6836402976
"Mu_N2m[20, 2]";1,00002450094122;1,90416200653081;-0,29946335539816;1,47049836654464;-0,618374994235467;1,21644809738373;-0,720279543522716;15128,0255180592
"Mu_N2m[21, 1]";0,999986601044328;0,672023534588393;0,770611731498236;-0,251630159450353;-1,11472882530003;-0,523857654849177;0,756743105816708;30637,9621778008
"Mu_N2m[21, 2]";0,999956281083631;-0,627712154040102;-0,828062106695523;-0,687685111767623;0,148366676600283;1,17115160741743;-0,882055129507616;30630,1992980056
"Mu_N2m[22, 1]";0,999968047122208;-0,0797518845017344;0,823048382539025;0,0858123122306453;0,445377531480471;0,484596449046566;-0,465871055969229;30324,5878012604
"Mu_N2m[22, 2]";1,00011101884714;0,919856118142476;-0,933158083080616;-0,00321649062624328;1,11601213180193;1,33487946301291;-0,340390702827329;17523,5115844943
"Mu_N2m[23, 1]";0,999977835617971;-1,56259061699395;0,0695607569434024;-0,0934311423975512;-0,532403009668353;2,31379768467327;-1,32666150310571;25017,4223885854
"Mu_N2m[23, 2]";1,00010453094263;-0,12752865685229;0,290462422084517;2,11928713539303;1,87216334411374;-0,208668448695685;-1,67805962465768;21463,9636642276
"Mu_N2m[24, 1]";0,999999235521817;-0,0158837423595612;0,429836468667976;-0,332465965614799;-2,59134947241424;1,2745151161481;-0,243099351770659;16823,4870189216
"Mu_N2m[24, 2]";1,00009476396374;-0,219000662624638;-0,871908837225582;1,23107336024442;1,51491103077796;-1,35730271309513;-0,476921455713527;4740,67435317421
"Mu_N2nm[1, 1]";1,00003462933027;1,36553211322962;1,79603296598972;1,6085067798476;0,120590045714759;1,142363320759;-0,155198546049867;30073,8008759586
"Mu_N2nm[1, 2]";0,999987398217169;-0,406797130103332;-1,5736383309262;0,117328660236092;0,0987182980902052;-2,19934093745823;0,901929803153516;30415,5258500509
"Mu_N2nm[2, 1]";1,00001939794994;-1,01803612570149;0,082596504070376;0,835230590165269;0,525168793062946;-1,59491183168835;-1,59679564251115;30057,4213290268
"Mu_N2nm[2, 2]";0,999942678912006;-0,227209954330703;0,132336908104367;-0,470272581252833;-1,41954897546616;-0,0775346091136171;0,888969237134428;19306,9434449363
"Mu_N2nm[3, 1]";1,00001144684187;-1,57059148133522;0,422401560849496;-0,200111554878358;-0,278827430220899;1,34221329990667;-1,71664468103745;29209,8597006929
"Mu_N2nm[3, 2]";0,999992118021202;-1,61488446012735;-1,59981695114891;0,749310816942439;-1,11401325611507;0,300421916246199;0,407073651423102;11677,1434835404
"Mu_N2nm[4, 1]";1,00006528076831;1,72867831195797;-0,786101158968639;-0,377045068659131;0,568457804973791;1,19460564163357;-1,21187220487254;30118,7334621593
"Mu_N2nm[4, 2]";1,00023280456619;0,746139419329796;1,96066358747555;1,07632047870054;0,648594226302267;-0,838215260568683;0,0462038522462156;30466,5641689453
"Mu_N2nm[5, 1]";1,0000782408608;-2,15395105161948;0,770080556628785;1,48625002209605;1,08724554017369;-0,245294161890604;0,685599583957147;30759,3173840251
"Mu_N2nm[5, 2]";1,00004488327376;0,0494628246142582;1,57920950261527;-0,249979564850521;-0,401338895567718;-0,832981037442367;-0,848369560151079;30152,5638744434
"Mu_N2nm[6, 1]";1,00002095679875;-0,89118330757722;-0,60776999374175;-0,789376788149971;-0,86026307940834;0,0609209999733002;1,35249705527264;6837,89891449969
"Mu_N2nm[6, 2]";1,00007913728416;-0,585592325337974;0,335575529056712;0,310703225509038;0,569915557152167;0,384075795068806;0,807029922762127;23474,9434710434
"Mu_N2nm[7, 1]";0,999990715163988;1,42267862109265;1,31733874905961;-1,21811972981909;0,79918922201105;-1,24882628264738;0,0303588486574535;9549,52158060458
"Mu_N2nm[7, 2]";1,00007525330711;1,12571275053358;-0,882579408302345;0,138503303359738;-0,56393182523876;-0,551725476325207;1,6835418234291;9249,42231376774
"Mu_N2nm[8, 1]";1,0000772094339;-1,09746436453151;1,90128595717234;-0,166631581731097;-0,299958748192973;0,902316787139912;-2,2545541161586;30095,8686235837
"Mu_N2nm[8, 2]";1,00016344841389;-0,931053883566464;-0,634835279711667;-0,48244124527058;0,241920833446132;0,481966792880353;0,895782384028107;10905,9722887483
"Mu_N2nm[9, 1]";1,0000147247249;-0,00913627527451883;-0,262477648206836;0,179723908728288;-2,07174894201676;-0,35273403683848;-2,06992343702412;13363,4143649139
"Mu_N2nm[9, 2]";0,999971287383019;-2,46301365441889;-1,34757784905451;0,038304156541776;0,693808482494208;0,415855344528836;0,108023879634343;27244,8048683773
"Mu_N2nm[10, 1]";1,00015230446312;-0,0754384585072348;-0,237007122084446;-1,81162308723727;-1,72430970545973;1,33064470856221;0,319270388785242;30588,158675858
"Mu_N2nm[10, 2]";1,00017912647427;0,265800728716696;-1,4017240242127;-2,46515034574147;0,492969152429732;0,204096921214782;-0,111522451379296;30100,1747659712
"Mu_N2nm[11, 1]";1,00050502292212;-1,05463308535943;0,0553352991197473;-0,904470111401634;-0,25856390602575;-0,450330143310162;-0,781861744569895;18349,1353374369
"Mu_N2nm[11, 2]";1,00013370775238;0,010682397660268;1,60723265980565;0,913151460700456;1,52192766872541;0,536806934200052;2,30680952935376;2002,38705374209
"Mu_N2nm[12, 1]";1,00004626413692;1,5503265966482;1,29775412753811;0,655576425923512;0,754530707806005;1,53496652713866;0,342697980325433;30302,2873499771
"Mu_N2nm[12, 2]";1,00009156500574;0,904379608446639;-1,01178977099031;0,369072052726604;0,89329269460699;0,909929202886693;0,803853549134843;30041,5789929359
"Mu_N2nm[13, 1]";0,999983272636215;-1,02922990228221;0,981094529554933;-0,354675638493423;0,805346038369896;0,709443458778468;0,0277832532970554;30177,2126578854
"Mu_N2nm[13, 2]";0,999997501076003;-0,085593472372833;-2,00657347602119;0,851988069755522;-1,96928372024174;0,459533245930005;-0,373837105892208;29324,2910873648
"Mu_N2nm[14, 1]";1,00005779146485;1,09725897909741;2,19155894726298;0,138697354021541;1,05962844613401;-0,437845150320243;-0,286385763550662;30686,3463151172
"Mu_N2nm[14, 2]";1,00008766763702;0,73703839519441;0,0321858156325087;0,36870456327297;-1,51867596471835;0,617605514150093;-2,96156356743353;19603,6283200246
"Mu_N2nm[15, 1]";1,00004490158645;-0,460979290699234;-1,38171044388937;1,92345457278516;-0,671629751189855;-0,835198009413732;-0,452920299831831;13801,0522602303
"Mu_N2nm[15, 2]";1,00009021818832;-1,24891854340846;-1,29533404832139;-0,768080418228192;-0,110386004775059;0,507012408649345;0,316602535693604;24197,5936997889
"Mu_N2nm[16, 1]";1,00013280326325;-0,66687953702193;-1,43444697168395;0,659619321421049;-2,07950417989053;-1,08697868671796;-0,889062542109828;23259,5533878977
"Mu_N2nm[16, 2]";1,00011696442257;-0,334166900025369;-0,514693862529052;-0,32803240711552;-1,16990713698499;0,0537675472729456;-0,686522686586298;28909,0588687708
"Mu_N2nm[17, 1]";1,00011770615245;1,48065263518798;1,41872876012816;-1,50470977275994;-0,741871774656513;1,28251398454586;0,65098890358131;30637,3445722355
"Mu_N2nm[17, 2]";0,999975801899861;-0,296900140011486;-1,37756656980849;1,33129244017907;-0,439782071438869;0,948592484830382;0,354261507500604;24494,3060406404
"Mu_N2nm[18, 1]";1,00007770973955;-0,402692027378707;0,667215967261743;-0,732669471074372;0,281024966659772;0,0570705003139385;1,86257845595284;30239,0420718702
"Mu_N2nm[18, 2]";0,99998635897348;-0,598185848457017;0,685116960591815;0,62124274913639;-0,414043907856355;-0,702634409704177;1,25931406681072;30180,0547228539
"Mu_N2nm[19, 1]";1,00001978488787;0,820006476058109;3,0991277754114;0,3311281494204;0,692415017276256;-0,397858612385866;-0,341767838961726;30059,8711860485
"Mu_N2nm[19, 2]";1,00023196075295;0,057069907271226;-0,0536407473445002;0,0851387871035393;0,47108546748817;-0,345326581657026;0,029362278220885;26402,3169901495
"Mu_N2nm[20, 1]";1,00017301553102;0,334646707810482;1,30347124816524;1,2051512018952;-0,912824366071619;0,689722193805422;2,19784806732273;21373,709309888
"Mu_N2nm[20, 2]";1,00010132344785;0,400958244980668;-0,573013777873257;-0,873047154510584;-1,38170749213848;0,505201510408738;0,31470681976751;22300,1869563559
"Mu_N2nm[21, 1]";1,00001732676435;-0,656186959763729;0,0276393188387258;-0,910628827208713;-0,0295176969260198;-0,00907218388884356;0,778213137455151;30158,014117247
"Mu_N2nm[21, 2]";1,00018603966169;-1,05993584377712;0,259466027293063;-0,565443825203941;1,71079768658598;1,44347539595648;0,732670806840679;21148,4626259127
"Mu_N2nm[22, 1]";0,999985675839316;-1,62725068864882;0,0422071452575438;0,98243813254866;0,713889330807084;-0,136691327179808;0,711676788163691;30294,5260602089
"Mu_N2nm[22, 2]";1,0000817469345;1,87195331734623;0,279758098709405;-1,03874419181207;-1,65839388081808;-1,90298040661839;-0,548084893606606;22419,0994506756
"Mu_N2nm[23, 1]";1,00006802899945;-0,199154009029557;1,69840312974502;0,312606373574435;0,0990918469875542;-0,667016492591557;-1,12040087052643;30309,0678117962
"Mu_N2nm[23, 2]";1,000078236454;-0,897644769855049;0,0747160627152123;-1,90002679509831;-0,660852820079499;-0,092376307643134;-1,30506577288035;24536,5037542947
"Mu_N2nm[24, 1]";1,00007097449143;-0,577330814156521;-0,866626145998935;1,34026254540123;0,230332412272016;-2,27749685472778;-0,106986781650945;30122,8567684281
"Mu_N2nm[24, 2]";1,00010756000667;1,64171948203886;0,362637854214491;0,193937578836056;0,311100158081587;1,75972337901456;1,26295432575789;30600,909832589
"Mu_N3[1]";1,00017444720971;0,342773564922343;0,8761145658605;-0,781360877707971;0,701808718095315;-0,0283220065625455;-0,463709592981906;29142,8358457305
"Mu_N3[2]";1,00007085220198;-0,490768378889211;-0,0384521125384129;-0,301566425868227;1,58321436242887;1,15713837022929;1,60132042590691;4762,69471961439
"Mu_N3[3]";0,999952567886238;-0,198202883399044;0,504179257928788;-0,639668604860569;0,211697633654133;1,83503488490628;0,0563723982725191;29438,9049883026
"Mu_N3[4]";1,00010116039996;0,293727818461175;-0,133781471349115;0,413644200457205;-0,227127632872647;-0,929724835725298;-1,1274952834681;30542,3575925916
"Mu_N3[5]";1,00000823495485;-0,129875036708548;1,10787491199743;-0,359310821887368;0,910170940708149;1,15396096990294;0,367357621233611;30169,1293191667
"Mu_N3[6]";1,00000650825986;-0,405630358456235;0,255129346667561;-0,979560471862367;0,698355807897312;-1,22720797107518;-1,34343094929762;30455,3416831746
"Mu_N3[7]";0,999972176298009;0,59894908034197;0,825620413894174;1,37968342809758;-1,12888457798005;1,33169921346453;-0,450379213332487;30179,9303469911
"Mu_N3[8]";0,999951959851569;-1,59474829729613;0,723392672787092;0,345830553869707;0,043211432953941;-0,238387425856371;-0,431293106398785;29837,6481423245
"Mu_N3[9]";0,99997785170854;0,597855826582529;-0,207394735054991;-0,479568202223303;0,531451925015921;-0,990074513766562;-1,90945002326105;28905,0588258198
"Mu_N3[10]";1,00007255690232;0,70175468223982;0,0217964397964892;-0,173106558489703;-1,33018878043475;1,45335958641596;-0,178254838371126;30099,6835523014
"Mu_N3[11]";1,00009672154837;0,228941159951201;0,405813187664143;-3,31965820489753;0,363380983988923;-1,03455761905581;0,167112002980709;9642,86928441751
"Mu_N3[12]";1,00005508283706;1,25944451460433;0,307919415770388;-0,194416039056641;-0,699942019720877;-0,352862314606747;0,292886231187354;30147,458571951
"Mu_N3[13]";1,00002265830889;0,293024398185593;0,439084636939598;0,694819372266902;-0,567516873576144;0,29317205852365;-1,035269857631;22103,7001954027
"Mu_N3[14]";0,999997014458861;1,20218246897862;-0,0440771321900555;2,55472310892662;2,47168294595253;-0,0113313576725769;-0,412404430082927;30296,6800968016
"Mu_N3[15]";0,999955211757717;-0,263467854073358;-0,901567315285911;-1,42135513082343;-0,0544109267047648;-1,04057124778866;0,171411528602236;5065,69731030788
"Mu_N3[16]";0,999958161667086;0,153322506235324;-0,283988600232045;-0,613410894284589;-0,0235838014867527;-1,22957963146911;0,0928447406664872;25424,7026573436
"Mu_N3[17]";1,00001961823743;0,403408262568649;1,1445517449029;-2,18903290124884;0,867997172258848;2,57348909936198;0,820074883472962;30120,9396066114
"Mu_N3[18]";0,999993888007911;-0,833808113307967;0,246106603145866;1,03340013558029;-0,666194913472747;0,291355027373464;1,64381432561458;30063,1603761576
"Mu_N3[19]";0,99996291847709;0,0573550045328527;-0,332607032116476;1,33650744876106;-0,982547581473639;-2,23408480075406;0,651739316519782;4533,3737748838
"Mu_N3[20]";0,999987598117413;-0,288624173329377;-1,06875763306148;0,625326086744596;-1,41710121729248;0,466902713744529;0,950492159691307;6232,69964865967
"Mu_N3[21]";1,00007993129651;0,0515664432935261;-0,144866511466881;-1,40867931010617;-1,23665014786747;0,989695344154233;-0,143918238697239;29892,5670215973
"Mu_N3[22]";1,00009314129188;0,711459787806706;-0,287782673693673;0,0700797924422797;1,36484934265055;1,54598740173852;-0,666791044969167;30263,9563284905
"Mu_N3[23]";1,00013060996101;-1,30835230931311;0,260373878847879;1,68979574199528;1,1517480030042;1,67339549853923;-2,40889499670945;30155,5075038691
"Mu_N3[24]";1,00012473815615;-0,212856536152195;-0,532277177141533;0,874522211861184;-0,415394773541565;-0,40214988233166;-0,569273632317816;7186,99213910809
"Mu_N4[1]";1,00002558071139;1,11325003016752;1,0013324187111;1,80402619247366;0,147716473837074;0,550649439353027;0,17922493550578;29537,2618109645
"Mu_N4[2]";1,00001235447755;-1,09153295076945;0,125693387094335;0,583064890116182;0,0208408088310471;-1,60816478973213;-1,07050005910704;26685,0525994807
"Mu_N4[3]";1,00003728027269;-2,10298494948479;-0,183068623750669;0,0700265349403084;-0,721915162056867;1,33612765876456;-1,34961012436218;18063,2591948426
"Mu_N4[4]";1,0001041105839;2,08247071265255;0,161646146124653;0,139230125763015;0,861590258220368;0,763976756927186;-1,20487803680545;23068,4023416379
"Mu_N4[5]";0,999996529141918;-1,90431259695352;1,66002790502763;1,30904900411;0,871176764061935;-0,551071560601076;0,303587379080035;30678,1654075493
"Mu_N4[6]";1,00004443817183;-1,16007315708653;-0,467678817862761;-0,665350380442674;-0,668929854060852;0,193119465604264;1,96981356708012;5549,49947943247
"Mu_N4[7]";0,999999866294767;1,97866334606626;0,909513234930599;-1,24587203885903;0,58766865633021;-1,4987688973831;0,777420672202302;16329,2505017998
"Mu_N4[8]";1,00004689485166;-1,58646494319578;1,31793880028134;-0,389770374355514;-0,170950548963977;1,16086491801842;-1,7961918046647;29937,3451608484
"Mu_N4[9]";1,00006809949115;-1,14425411243837;-1,07750073064856;0,203577053132684;-1,47527845097417;-0,119762611370883;-1,93211984384999;17542,4091807009
"Mu_N4[10]";1,00022689594367;0,0281564562845442;-0,795344451657674;-2,67204432530368;-1,48876341227045;1,40660469636991;0,273666406288658;30469,5690494239
"Mu_N4[11]";1,00026076137545;-1,09925893637692;1,10750773664598;-0,254364500237637;0,786548771223113;-0,0402607600212539;1,04660490339074;19833,6867012864
"Mu_N4[12]";0,999992200456043;1,89646104511365;0,520625719771086;0,805600206239276;1,28815265823223;1,96501480635315;0,82403950349454;30546,4345609581
"Mu_N4[13]";1,00000688722726;-1,10194257281399;0,0907930321750031;0,0102288630431429;-0,0763670825580232;0,894119840349134;-0,137418199643347;15836,163050966
"Mu_N4[14]";1,00007478064024;1,5318769355166;2,31583986074179;0,352768279964248;0,228913566107467;-0,0968184891260471;-1,73607139055811;30594,0381850495
"Mu_N4[15]";1,00005676129223;-1,03287876491759;-1,84358186195635;1,48677903565399;-0,670213916856005;-0,547226976372448;-0,294945170462485;13908,9204292654
"Mu_N4[16]";1,00008503500655;-0,802199063521554;-1,62225028990396;0,355514165460849;-2,36495531481137;-0,965818010890177;-1,16312134601614;8242,14366041466
"Mu_N4[17]";1,00015970548505;1,12176113449097;0,406298526053288;-0,648863112341648;-0,947929040006846;1,75978975138369;0,852583813945642;30475,0388999313
"Mu_N4[18]";1,00006250606668;-0,635622903769223;0,895289520145995;-0,493962113961024;0,135627735787133;-0,197824540999635;2,43446203481531;30500,7287911267
"Mu_N4[19]";1,00012695702231;0,800969450205683;2,96649088908897;0,334440110121515;0,929890108906097;-0,522469077834323;-0,310070448805707;30263,2037654615
"Mu_N4[20]";1,00006278470451;0,629823688192442;1,02525830214599;0,753036692248795;-1,64618750192157;0,968825250253521;2,56278487743852;29862,9478585661
"Mu_N4[21]";1,00008559208915;-0,948168145252674;0,100463348600937;-1,00936299711551;0,467985346866001;0,374704611756127;0,916538644926165;30302,0930922614
"Mu_N4[22]";0,999994210677967;0,0553513842597802;0,265958379241825;0,119897411995119;-0,606266764463252;-1,69670748229064;0,216693653908155;29673,0287715006
"Mu_N4[23]";1,00001096278677;-0,667375659157073;1,27911575779544;-0,781520487817558;-0,28803530010351;-0,627732679544678;-1,82638071543518;16786,8682721704
"Mu_N4[24]";1,00008232097249;0,939869881981806;-0,443361350425896;1,50803185386156;0,474269041500224;-0,721799723079006;0,943624350767366;30335,5257128237
"Mu_Sd_L1";0,999958617446589;0,613259455976433;-0,937593429199567;1,53646548748601;-0,810863339003648;-1,24527902887977;-0,443918842839865;30220,638315951
"Mu_Sd_L1surv";1,00001713904252;1,41775893627565;0,439863079550793;-0,0413634600467063;0,64301165282983;-0,18894641905098;-0,165702886795197;30308,6031090169
"Mu_Sd_L2";1,00007048333294;0,223902660152408;0,949996924448568;-1,50608373906292;0,0929060960813653;0,355450735631956;0,0145463538155749;30095,4672875121
"Mu_Sd_L2m";1,00010168057937;-1,86604441355352;-0,213619207007018;-0,569258971874539;-1,1082871816638;0,107494387161094;-0,519082231916238;29590,9543588168
"Mu_Sd_L2nm";1,00010168057937;-1,86604441355352;-0,213619207007018;-0,569258971874539;-1,1082871816638;0,107494387161094;-0,519082231916237;29590,9543588166
"Sd_Alpha1";1,00015902096934;0,820386123144024;-1,1152920490344;0,726262061972572;-0,320651794320191;0,876442688191208;2,08287854202646;13858,5989827667
"Sd_Alpha2[1]";1,00043905031914;0,260701473992872;0,000395295931822158;-0,341318821667364;-1,38094151332451;1,01736114454723;-0,0796189144250586;30427,8900439819
"Sd_Alpha2[2]";1,00009206684621;0,446929605994649;-1,95673987327412;0,802421958637374;0,53117046850861;0,432338812275457;0,329960303955522;30416,9724723231
"Sd_L1[1]";0,999978235027627;0,650368237513556;0,2255311989408;0,923874978028749;-1,42382868505938;-0,899808819119371;1,2438763428205;3064,88712869565
"Sd_L1[2]";1,0000188147813;1,65705533037953;-0,0332974754846708;0,374178207761817;-1,9155167107305;0,218279716510111;0,132305442784997;24747,7797263209
"Sd_L1[3]";1,00008534340209;1,78629816312088;1,22737060977957;-1,3909397821996;0,131773286321172;1,22097818709093;0,309104837934052;24679,5648078199
"Sd_L1[4]";1,0001740813072;0,971092566185976;-1,24234972818487;-0,4755991741578;-0,830881500394637;-0,526234202538436;0,125773648269628;30299,5475023742
"Sd_L1[5]";1,00004796446705;-0,0487424512102082;0,731633577691294;-0,485084646514891;-0,999629439773464;0,265211739476577;-1,36013720813337;30102,7167713578
"Sd_L1[6]";0,999987181948263;0,913500440544652;1,46552218649048;-0,226876665822476;1,40003633211433;-0,809410631665721;0,443375970886091;30044,6836568409
"Sd_L1[7]";1,00007726035444;-1,52217986102608;-0,587940397329779;-0,187637541776748;0,348096710300755;0,961878434162588;0,726715563518796;30218,9428501472
"Sd_L1[8]";0,9999714205907;0,493172500732856;0,49694120768644;0,617244218254639;-0,297231112515256;0,0876757172091889;-0,496447046849777;8335,07151310145
"Sd_L1[9]";1,00014066207362;1,3664366173212;-1,30261133320674;-0,420537000233948;-0,155691586866214;-0,262509736212696;0,369076216336711;17724,4257844371
"Sd_L1[10]";1,00010064289102;1,01743443256595;0,596359790070627;-0,538566317927753;-0,258701035257127;0,533421049822113;-0,968835433150182;30048,0794925491
"Sd_L1[11]";1,00005752610341;-0,813571025374672;2,40025802179418;-0,691417866456343;-0,216419338608068;1,07226321350744;-0,349124167997252;28292,8510497436
"Sd_L1[12]";1,00000803377865;0,862073981945584;-0,198956329811228;1,21711997262194;1,51034255645062;2,25022549292378;1,17951088714528;30223,9015451706
"Sd_L1[13]";1,00028712023772;-1,93970956058737;-0,402941639494154;-0,0489771064392117;-0,49560363929679;-0,407935916799164;-1,16511936171903;30244,4438851926
"Sd_L1[14]";1,00000818471314;0,525532732256752;1,72437095817005;-0,662152958327084;1,08406708505026;1,26520671655745;-0,659626817215523;11793,6566547677
"Sd_L1[15]";0,999927595409698;1,09601621726978;0,616272272021046;-0,664493078048614;1,39787305454586;-0,735010848224487;-1,20702576682831;30395,4243408155
"Sd_L1[16]";0,999947862492836;2,02392679597619;0,258561302940833;-0,414511543698621;-1,21605665162542;1,04762049120639;0,960885061444356;19975,1558062293
"Sd_L1[17]";1,00002795083139;-0,532703718322654;-0,702671986400813;0,387846698982221;0,219193983690563;-0,764284218272787;-1,70067540907675;30413,7770099963
"Sd_L1[18]";0,999970461500877;-0,062224321422396;-1,34789292890092;-1,25974043006072;2,10830659298973;-0,571125807319274;-0,0265028692017412;30606,7589614494
"Sd_L1[19]";1,00006893530764;-0,266303921069005;-1,07132441367647;0,634717771162695;-1,21411386738052;-1,80257217072998;0,458330429723291;15575,0254954493
"Sd_L1[20]";1,00010851430343;-0,0464690677302113;0,415992069302862;0,419516806207406;1,94097546567147;-0,155580833913161;0,75575646612036;30253,0747648698
"Sd_L1[21]";1,00002338240104;-1,12770851633365;-0,619333767467607;2,06043682474109;1,20363711555075;0,446997213080226;0,159515761339779;12002,6563280468
"Sd_L1[22]";1,00009512555725;0,828814542769074;-0,51142878627234;0,964081759627249;0,73491434452362;-1,07249678648912;-0,60613717592303;11145,2965063187
"Sd_L1[23]";0,999965790565761;-0,484527927015548;0,358889503327941;0,162785252037917;1,35332252049205;0,409543564038416;1,60064737026265;30504,8753554084
"Sd_L1[24]";1,00013955836032;1,08098238010091;-0,278180540865289;0,900854223792733;0,18859449775539;-1,95423795817936;-1,1651277658874;18416,0638246788
"Sd_L1surv[1]";0,999974494128222;0,641607491282411;0,249386369316181;0,852079923843937;-1,37155126953451;-1,0169266451507;1,24299032441408;3037,0334730147
"Sd_L1surv[2]";1,00001913318725;1,66207286901365;-0,0336890279020744;0,303728519683837;-1,85884712185183;0,139109098640659;0,126382074631485;25355,7421680315
"Sd_L1surv[3]";1,00008196509334;1,79926348024654;1,19865685021874;-1,43732405371196;0,148739581659573;1,15793540380657;0,352240716549225;24434,9642496295
"Sd_L1surv[4]";1,000157614679;0,947263995784674;-1,20848720796757;-0,552110524807526;-0,829650800130367;-0,531253739112199;0,100902948389405;30294,6788998038
"Sd_L1surv[5]";1,00003417521417;-0,0635685249699293;0,727171640422252;-0,545695947623469;-0,977804991597469;0,157130533380128;-1,37442270270917;30030,8154959994
"Sd_L1surv[6]";0,999991376951054;0,923575812774242;1,46798885721774;-0,314545423106685;1,39940904664599;-0,824876845109455;0,445115750077057;30086,5583579096
"Sd_L1surv[7]";1,00007593486975;-1,57502682007554;-0,54597284306241;-0,254835071362473;0,355533071491262;0,894521667400271;0,739102046324702;30238,7366390735
"Sd_L1surv[8]";0,999969802359004;0,47741094889456;0,493200695973612;0,579212564628836;-0,293765576868965;0,0228798428607247;-0,448208302184831;8159,83058859482
"Sd_L1surv[9]";1,00012928614398;1,36253736838822;-1,31293212250833;-0,468951890400629;-0,148036522437922;-0,314205648679565;0,409234469810903;20167,1188638687
"Sd_L1surv[10]";1,00010423685184;1,03711782091903;0,616593083486977;-0,613685645888965;-0,288656349239126;0,401869084967551;-0,956935337152914;30061,1565958515
"Sd_L1surv[11]";1,00005877091632;-0,838255759641749;2,39208714314386;-0,720467097865;-0,240760752419476;1,01327690821547;-0,341094148774942;28706,3904136009
"Sd_L1surv[12]";1,00000226222385;0,849003159230038;-0,158160332144889;1,20027197190066;1,58838407043106;2,21947955897614;1,16578725966825;30219,9876106856
"Sd_L1surv[13]";1,00028836077732;-1,92970648384042;-0,383272716352213;-0,139591706879906;-0,500319274712794;-0,446176547916769;-1,1592009335295;30272,1676310325
"Sd_L1surv[14]";1,00000619038361;0,499157272167265;1,74375251154475;-0,686149057357958;1,05304061691025;1,24142322158169;-0,640914268109662;11761,7435372575
"Sd_L1surv[15]";0,999929303711539;1,11433533578477;0,619184670701878;-0,697146114625956;1,37489471569193;-0,783199213176393;-1,21911590664924;30382,7234378237
"Sd_L1surv[16]";0,999949585503626;1,97290404820357;0,345516305253053;-0,403467667937701;-1,17010598383669;1,02423435352733;0,991100999967547;22087,8650943803
"Sd_L1surv[17]";1,00002304058059;-0,503319793616104;-0,701422377438594;0,334972609075503;0,205052710620676;-0,814000857183574;-1,73032398759426;30398,8705355796
"Sd_L1surv[18]";0,999978228691912;-0,0980626962755616;-1,33046818845772;-1,27334643715324;2,09411227443963;-0,607534271806327;-0,0230472581410073;30603,1808600687
"Sd_L1surv[19]";1,00006161841252;-0,281766655340249;-1,05557916423114;0,607248703779437;-1,18219471468251;-1,80236095698891;0,463456177622547;15999,0300931891
"Sd_L1surv[20]";1,00010661642271;-0,0551037329232471;0,401203932562097;0,35125741189136;1,94115184939136;-0,21117834198634;0,745619294452127;30231,6664475636
"Sd_L1surv[21]";1,00001257151788;-1,09421075068562;-0,599765289445279;1,99003880662743;1,24849440060375;0,391689211445688;0,134460674198052;12330,5004496821
"Sd_L1surv[22]";1,00009464783473;0,811165376120084;-0,479929548623172;0,930664668346617;0,741580544197482;-1,11370734392193;-0,609099895417797;11945,9475711123
"Sd_L1surv[23]";0,999968133706438;-0,451506504850426;0,371163147441655;0,106884480389852;1,33484162925388;0,337132236150296;1,58846894018671;30511,5156517255
"Sd_L1surv[24]";1,00013722183775;1,06482951503001;-0,242272225892455;0,848781222727697;0,209340185301457;-2,00162119543784;-1,24420497374226;20408,6832433596
"Sd_L2[1]";0,999999706707068;-0,679664892415335;-1,26723923122592;-0,457482153864796;0,279167383643077;-1,29511507675739;-1,7138707194344;25154,6217376585
"Sd_L2[2]";0,999995159471307;-1,37253272605799;-0,286363000636231;-0,32968381109786;0,58746649915702;-0,704677885891031;-1,32979470896981;16831,0430005763
"Sd_L2[3]";1,0001671027275;-1,90529220425286;1,03176186976656;0,0495910554470119;0,0488409639517859;0,79227215030426;0,208197180192865;9044,0967911763
"Sd_L2[4]";1,00004290755511;-0,461879836148218;0,750098258712845;-1,28131226802668;-1,13228112985569;-0,231868727882489;-0,695416888736211;17570,9194677118
"Sd_L2[5]";1,00006147485568;0,1113020384215;-0,221795051996123;-0,123979700052736;0,297717558905442;-0,632451839916335;-1,80613781175179;17903,0973588079
"Sd_L2[6]";1,00019450187191;0,586663364108001;0,493830010260288;-1,03038402565673;-1,51582036095088;-2,73726795354994;-1,9027780039092;11533,9988207233
"Sd_L2[7]";1,00012908359896;0,177165454602206;-1,15380128781804;-0,900970933881313;0,885182568284485;0,137153607121773;0,45239344228676;30121,7581563443
"Sd_L2[8]";0,999998224100444;0,50137841779678;-0,354922005702065;-0,356162785479083;-0,380635904688557;0,119183643395041;1,88243872865944;4161,55804548687
"Sd_L2[9]";1,00002123834966;1,50632714531681;-0,362971381650738;-0,187617926065769;0,642091984862056;0,329789471640748;-1,32431007995216;29788,8004968896
"Sd_L2[10]";0,999933709545655;0,0957618673317105;1,11925538632311;1,03868735906896;0,502997820625372;1,80264869716606;1,87063889572012;23017,0370939462
"Sd_L2[11]";1,00001662916127;0,225269629853708;-0,980128114978675;-1,35094024463653;-0,665934427900804;0,730002315974849;-1,80044920507222;30165,3584034078
"Sd_L2[12]";1,00007937568981;-0,435385443984872;-0,0448123008486985;-1,34139265078769;-1,31675118544332;0,754094337810801;1,05042178303395;30164,875678562
"Sd_L2[13]";1,00008351169628;0,156453660807164;-0,931122246016881;0,54613024257218;-0,619982685861401;0,374314371060797;0,128426727779803;30174,5674736405
"Sd_L2[14]";0,999977714459966;-0,323008592969172;1,38696470362874;0,827498168241204;-0,946379603666544;0,396603753992652;-0,0241450836738877;30301,4642191657
"Sd_L2[15]";1,00001350958696;0,642380031775464;-0,214711590266893;0,0599997194849609;1,08242837739943;0,284680938920541;2,05373279982841;30652,8315876081
"Sd_L2[16]";0,999942010771326;-0,885551957378918;-0,313620701028077;1,01310334754496;0,152148486123655;-1,00862424779727;1,24768741991874;7039,97241062753
"Sd_L2[17]";0,999989409426934;-0,329753113384076;0,293816175524556;0,148295054422087;0,6900697078232;-2,23805824214966;-0,507438390423138;14929,9136569123
"Sd_L2[18]";1,00004329353667;0,614119347078334;0,263958273461416;0,310753589813859;-0,976969045902529;-0,903892768059033;-1,08064961388091;30645,916523798
"Sd_L2[19]";1,00002435900738;-3,99504339320917;0,0319905159041666;2,77297366313376;-1,4418178367642;1,87595526803137;-0,022607347713221;9206,69937585446
"Sd_L2[20]";0,999992121481629;-1,04292565934819;-0,280042037066312;-0,349175287138953;-0,887540471148817;-0,221156312607794;0,501912574837816;30069,3818337529
"Sd_L2[21]";0,999988553282312;-2,39375407998715;0,594806959158098;-0,062672302909406;-0,787481170233952;3,46546626302396;0,927524937777932;30631,5448176737
"Sd_L2[22]";0,999958179851307;-0,477728073830249;0,578856323763003;0,848315530391179;-0,567810052492495;-0,117222555104072;1,62697839553294;30167,268537111
"Sd_L2[23]";0,999973280718841;-0,974656535544274;0,236087378073925;-1,15652005309179;1,37874765853236;-0,6514961845772;-0,368857828717362;30148,0710040034
"Sd_L2[24]";1,0002465844646;-2,70823802670919;-1,19684006519383;-0,858139730534938;-1,21787247043457;0,839864032579303;-0,0494738812912527;22146,6014086655
"Sd_L2m[1]";1,00000623309641;-0,683184329405007;-1,33381912345628;-0,540511092640865;0,240923250455904;-1,24595861811;-1,64666854330891;20707,8917607262
"Sd_L2m[2]";0,9999956721902;-1,34404642640352;-0,316996338407695;-0,286027645456495;0,612322768067176;-0,756923248385351;-1,30982244210088;17196,8765771645
"Sd_L2m[3]";1,00015865545297;-1,8607721222172;1,04803714936159;0,0485777882743413;0,0331104143447149;0,796900595525641;0,221800308554824;9057,2729867456
"Sd_L2m[4]";1,00004122498203;-0,521099246983813;0,744632988505418;-1,13859911368296;-1,15933912463392;-0,257286125455044;-0,709050168233211;17931,9273313549
"Sd_L2m[5]";1,00005337171915;0,138434531439835;-0,215670229107937;-0,179446025556734;0,229880238130495;-0,578416259818091;-1,77177223286154;18491,3639661588
"Sd_L2m[6]";1,00019316661026;0,626094491055972;0,532186583261143;-1,00088891990898;-1,51209574786831;-2,72177924088204;-1,88449678299929;11924,5140102748
"Sd_L2m[7]";1,00014143241545;0,16125395320929;-1,1195903166736;-0,886027941292048;0,899086076799152;0,131128182738882;0,396743645605453;30132,0105691214
"Sd_L2m[8]";0,99999445427804;0,494147589933376;-0,35497862013234;-0,364581594148267;-0,369924277905034;0,113258511874307;1,88655974260113;4166,31016817248
"Sd_L2m[9]";1,00002169534972;1,50604477496522;-0,347372748528597;-0,177092414915921;0,623301928176592;0,325122815409527;-1,33180223769554;29787,6803844177
"Sd_L2m[10]";0,999932084840379;0,122484700938851;1,10332672618708;1,04781052142331;0,522069899438443;1,80700847602379;1,88878502420759;23364,6186249117
"Sd_L2m[11]";1,00001477284768;0,231132981096693;-0,994552986309886;-1,35521552883265;-0,670847246155296;0,736814999217119;-1,78638545907624;30175,3158545536
"Sd_L2m[12]";1,00007616060956;-0,452301155009887;-0,0132610979532244;-1,34275370667685;-1,31126231333446;0,76024623385023;1,09158642425392;30169,8761801368
"Sd_L2m[13]";1,00008151902204;0,124114224351787;-0,932888686898178;0,537759343577361;-0,608984795925593;0,351508502121731;0,132624959734823;30180,4415214964
"Sd_L2m[14]";0,999977110080096;-0,323576560786721;1,38767645313069;0,823525266094814;-0,94590678199181;0,397227941339048;-0,02440132255444;30302,7165446533
"Sd_L2m[15]";1,00001228653332;0,693651795704759;-0,196390189022547;0,0656567878676939;1,10544009837361;0,2369710387565;2,03643883731081;30645,7713423904
"Sd_L2m[16]";0,999941041679236;-0,855801425899743;-0,321414305205921;1,02291941182198;0,160047795189869;-1,02579861980567;1,2323101982518;7008,59826014839
"Sd_L2m[17]";0,999993554935161;-0,383560426941799;0,318256307975979;0,128925858858096;0,646543119584022;-2,28583029107216;-0,53025627272966;14332,3322754276
"Sd_L2m[18]";1,0000325125728;0,588201550858739;0,242626977327715;0,415483402102681;-0,893261924164311;-0,876954763479232;-1,08023847163591;30673,5783703088
"Sd_L2m[19]";1,00002202770655;-3,98142708673827;0,0339499211726747;2,77963566798776;-1,44030261511228;1,88336029071458;-0,0125824264182426;9320,510759901
"Sd_L2m[20]";0,999988676326994;-1,07478630547496;-0,289968731602237;-0,347007710153569;-0,899723876021093;-0,217730519286808;0,471911691295851;30072,532838416
"Sd_L2m[21]";0,999988259669828;-2,39157783008881;0,598290901290603;-0,0713343937876596;-0,787352090504866;3,47442601346621;0,9385313245027;30630,8994445613
"Sd_L2m[22]";0,999957476701412;-0,471895798705296;0,574713562246451;0,84764213719674;-0,551793886885745;-0,127083800097999;1,62397311477601;30158,8777490377
"Sd_L2m[23]";0,999973749608095;-0,972707677843357;0,223418275119315;-1,17171175159536;1,35304807194908;-0,671322844717272;-0,379702799049349;30146,3753568581
"Sd_L2m[24]";1,00024750408438;-2,71626818529968;-1,18339570291705;-0,877251668325542;-1,20820806383253;0,841689521055746;-0,0905248081535111;21857,2734284994
"Sd_L2nm[1]";1,00000623309641;-0,683184329405007;-1,33381912345628;-0,540511092640865;0,240923250455904;-1,24595861811;-1,64666854330897;20707,8917607258
"Sd_L2nm[2]";0,9999956721902;-1,34404642640352;-0,316996338407695;-0,286027645456495;0,612322768067176;-0,756923248385351;-1,30982244210088;17196,8765771645
"Sd_L2nm[3]";1,00015865545297;-1,8607721222172;1,04803714936166;0,0485777882743413;0,0331104143447149;0,796900595525641;0,221800308554824;9057,2729867456
"Sd_L2nm[4]";1,00004122498203;-0,521099246983765;0,744632988505418;-1,13859911368296;-1,15933912463392;-0,257286125455044;-0,709050168233211;17931,9273313541
"Sd_L2nm[5]";1,00005337171915;0,138434531439835;-0,215670229107937;-0,179446025556734;0,229880238130495;-0,578416259818091;-1,77177223286154;18491,3639661588
"Sd_L2nm[6]";1,00019316661026;0,626094491055972;0,532186583261143;-1,00088891990898;-1,51209574786831;-2,72177924088204;-1,88449678299935;11924,5140102748
"Sd_L2nm[7]";1,00014143241545;0,16125395320929;-1,1195903166736;-0,886027941292048;0,899086076799152;0,131128182738882;0,396743645605454;30132,0105691214
"Sd_L2nm[8]";0,99999445427804;0,494147589933376;-0,354978620132341;-0,364581594148267;-0,369924277905034;0,113258511874307;1,88655974260113;4166,31016817248
"Sd_L2nm[9]";1,00002169534972;1,50604477496522;-0,347372748528598;-0,177092414915921;0,623301928176592;0,325122815409527;-1,33180223769554;29787,6803844177
"Sd_L2nm[10]";0,999932084840379;0,122484700938851;1,10332672618708;1,04781052142331;0,522069899438443;1,80700847602379;1,88878502420759;23364,6186249118
"Sd_L2nm[11]";1,00001477284768;0,231132981096693;-0,994552986309886;-1,35521552883265;-0,670847246155296;0,736814999217119;-1,78638545907624;30175,3158545536
"Sd_L2nm[12]";1,00007616060956;-0,452301155009887;-0,013261097953292;-1,34275370667685;-1,31126231333446;0,76024623385023;1,09158642425392;30169,8761801368
"Sd_L2nm[13]";1,00008151902204;0,124114224351787;-0,932888686898178;0,537759343577361;-0,608984795925592;0,351508502121731;0,132624959734823;30180,4415214964
"Sd_L2nm[14]";0,999977110080096;-0,323576560786721;1,38767645313069;0,823525266094848;-0,945906781991809;0,397227941339048;-0,0244013225544041;30302,7165446533
"Sd_L2nm[15]";1,00001228653332;0,693651795704759;-0,196390189022547;0,065656787867694;1,10544009837361;0,2369710387565;2,03643883731081;30645,7713423904
"Sd_L2nm[16]";0,999941041679236;-0,855801425899743;-0,321414305205921;1,02291941182197;0,160047795189869;-1,02579861980567;1,2323101982518;7008,59826014858
"Sd_L2nm[17]";0,999993554935161;-0,383560426941799;0,318256307976043;0,128925858858096;0,646543119584022;-2,28583029107216;-0,53025627272966;14332,3322754276
"Sd_L2nm[18]";1,0000325125728;0,588201550858807;0,242626977327715;0,41548340210268;-0,89326192416431;-0,876954763479233;-1,08023847163591;30673,5783703088
"Sd_L2nm[19]";1,00002202770655;-3,98142708673827;0,0339499211726747;2,77963566798769;-1,44030261511228;1,88336029071458;-0,0125824264182426;9320,510759901
"Sd_L2nm[20]";0,999988676326994;-1,07478630547496;-0,289968731602237;-0,347007710153569;-0,899723876021093;-0,217730519286808;0,471911691295851;30072,532838416
"Sd_L2nm[21]";0,999988259669828;-2,39157783008873;0,598290901290603;-0,0713343937876596;-0,787352090504866;3,47442601346621;0,9385313245027;30630,8994445613
"Sd_L2nm[22]";0,999957476701412;-0,471895798705296;0,574713562246451;0,84764213719674;-0,551793886885745;-0,127083800097999;1,62397311477601;30158,8777490377
"Sd_L2nm[23]";0,999973749608095;-0,972707677843357;0,223418275119315;-1,17171175159536;1,35304807194908;-0,671322844717272;-0,379702799049348;30146,3753568581
"Sd_L2nm[24]";1,00024750408438;-2,71626818529968;-1,18339570291705;-0,877251668325542;-1,20820806383253;0,841689521055746;-0,0905248081535112;21857,2734284988
