"Parameter";"Mean";"SD";"Naive SE";"Time-series SE";"2.5%";"25%";"50%";"75%";"97.5%"
"Alpha1[1, 1]";-0,91360177610668;0,332992757457215;0,00192253458156119;0,00191482962725881;-1,51395350054667;-1,14234874530325;-0,932378488535086;-0,703254140843232;-0,204672707274953
"Alpha1[2, 1]";-2,39269589920429;0,216842102015624;0,00125193845970365;0,00126718393909194;-2,79191312170769;-2,54311588042342;-2,40102730456118;-2,25283825576781;-1,94546472085573
"Alpha1[3, 1]";-2,42369328454262;0,177821221422488;0,00102665130055902;0,00102650871435376;-2,77224253264299;-2,54212705945677;-2,42246253151194;-2,30381300368767;-2,08122520827577
"Alpha1[4, 1]";-1,69507723580691;0,230572460165793;0,00133121071944435;0,00131957601643677;-2,13889325178007;-1,85182302354706;-1,69857295506632;-1,54297503055161;-1,23019299636131
"Alpha1[5, 1]";-1,68858326201657;0,277545650693926;0,00160241056140548;0,00159653599862116;-2,20788823823513;-1,87711950915941;-1,69670783311816;-1,50932045105973;-1,12112406766803
"Alpha1[6, 1]";-2,73246841425637;0,162534516661885;0,000938393469473453;0,000941979430705796;-3,06022012785906;-2,83967230288455;-2,73028843619848;-2,62272398633243;-2,41837383621261
"Alpha1[7, 1]";-0,7709322952312;0,258177203974675;0,00149058678213404;0,00147772818110328;-1,24036973318787;-0,948226373371916;-0,78496120994453;-0,607391358269852;-0,223124582151333
"Alpha1[8, 1]";-1,66023843138602;0,18498729390798;0,00106802463934433;0,00106451000086897;-2,00000469370535;-1,78756926983287;-1,66978117954968;-1,54274309028746;-1,27191265850015
"Alpha1[9, 1]";-2,12360388956567;0,181300944538971;0,00104674149133908;0,0010467604270439;-2,46669009607114;-2,24755507380778;-2,12764582999199;-2,00428627826416;-1,75526184527867
"Alpha1[10, 1]";-2,20510686644501;0,161598855506654;0,00093299142727502;0,00092807330350346;-2,51096696060056;-2,31457190422432;-2,20961428328739;-2,10108618905164;-1,87565712035473
"Alpha1[11, 1]";-2,28133460872472;0,187195273742474;0,00108077241686243;0,00107352810740525;-2,64188972810189;-2,40821919107315;-2,28505745631833;-2,1569635139265;-1,90589163570353
"Alpha1[12, 1]";-2,54850997441093;0,175292663249539;0,00101205266314088;0,00100523196694163;-2,88033083051856;-2,6678587374716;-2,55320980219765;-2,43385054222814;-2,1914914054246
"Alpha1[13, 1]";-3,2268212058841;0,192250073822142;0,00110995631872939;0,00112933541165153;-3,60005701409768;-3,35640410573557;-3,22693654272102;-3,09869942563531;-2,84624146256174
"Alpha1[14, 1]";-2,2887712971305;0,145344729499736;0,000839148187019662;0,000844649369384458;-2,56796043545137;-2,38708029136997;-2,29000171437148;-2,19322507127075;-1,9969789718785
"Alpha1[15, 1]";-2,84765051546527;0,171306080068763;0,0009890361144152;0,000989049686307246;-3,18014285797373;-2,96348578948611;-2,84880603724447;-2,73222189160425;-2,50639255982117
"Alpha1[16, 1]";-2,62701322904427;0,208312347499457;0,00120269189904334;0,00118741163129315;-3,03046863451427;-2,76768000883708;-2,62981877420346;-2,49014152460104;-2,21082949296092
"Alpha1[17, 1]";-1,66253414374587;0,187666840479379;0,00108349500868736;0,00108538066904656;-2,02402142482426;-1,78931509463649;-1,66612577450501;-1,53784967987627;-1,28442172218939
"Alpha1[18, 1]";-1,56218377835587;0,262744429594031;0,00151695567154189;0,00151504192430023;-2,04962608130913;-1,74433562145067;-1,57170851867239;-1,39122389055849;-1,02164262042874
"Alpha1[19, 1]";-2,37542088783409;0,154539262078225;0,000892232845612293;0,000892257138500257;-2,67004379983746;-2,47989977477968;-2,37866566907206;-2,27226083493745;-2,06499992134939
"Alpha1[20, 1]";-1,54080655176301;0,199052143842776;0,00114922808830399;0,00114283540653302;-1,91533486186182;-1,67689527020832;-1,54587328395119;-1,41200555527079;-1,13344871518949
"Alpha1[21, 1]";-1,58945572191815;0,181910155686827;0,00105025877354116;0,0010573789712808;-1,92416500116132;-1,71364322046486;-1,59655923120384;-1,47285170021445;-1,21186640790148
"Alpha1[22, 1]";-2,23007025192497;0,261488798184134;0,00150970628021682;0,00148986334463882;-2,7265652026717;-2,40761309290483;-2,23561785426785;-2,05964192537149;-1,70277393882747
"Alpha1[23, 1]";-2,62632265958195;0,308072129075439;0,00177865526651526;0,00180031477813649;-3,26956288063996;-2,8237270762965;-2,61111123731528;-2,41538675576823;-2,06050030606471
"Alpha1[24, 1]";-1,20579116376479;0,294035418747022;0,00169761428164878;0,00169245614125363;-1,78595496280174;-1,40054514056992;-1,20844583932672;-1,01229841863117;-0,619866167505153
"Alpha1[1, 2]";-1,55138419025119;0,285699577460565;0,0016494872795422;0,00165315523411127;-2,08058619704716;-1,74878886967455;-1,56377367711376;-1,36956064068312;-0,952840798799991
"Alpha1[2, 2]";-2,43849116782053;0,187629501389916;0,00108327943135383;0,0010828667723981;-2,79317890866376;-2,56736019602092;-2,4446313699839;-2,31577210903123;-2,05737330468794
"Alpha1[3, 2]";-2,44757900986833;0,223141070039973;0,00128830556854839;0,00129118381453289;-2,89393902240445;-2,59528942381765;-2,44451759206396;-2,29794119457162;-2,01215986344547
"Alpha1[4, 2]";-1,730798474461;0,292639909791398;0,00168955730693691;0,00168959709986713;-2,27937653710036;-1,9317330095031;-1,7396088191765;-1,54039967387424;-1,13136794172463
"Alpha1[5, 2]";-1,96679569275339;0,239826236069771;0,00138463741953617;0,00135485306208552;-2,42796453140934;-2,1294685877817;-1,97114223008492;-1,80839348338099;-1,48876502139535
"Alpha1[6, 2]";-2,35453166929595;0,184436818691986;0,00106484646920296;0,00108053423463821;-2,71963842348611;-2,47648828436739;-2,35400481420357;-2,23047853343192;-1,99607223528898
"Alpha1[7, 2]";-1,38105080535153;0,308114763957393;0,00177890141912099;0,00178150358446478;-1,94409323196464;-1,59361508653818;-1,39464581369028;-1,18702605421965;-0,735215069710813
"Alpha1[8, 2]";-1,9406917900625;0,179314889547937;0,00103527499750209;0,00101939245184336;-2,27459316876151;-2,06342085102085;-1,94707246721192;-1,82433805559615;-1,57326407360108
"Alpha1[9, 2]";-2,38303066209346;0,158665979500166;0,000916058459756567;0,000924838489588627;-2,68905266760148;-2,49063681163018;-2,3842371539702;-2,27821461470942;-2,06590101044675
"Alpha1[10, 2]";-1,95258177491377;0,198111052798568;0,00114379469662694;0,00114373574825622;-2,31895218142414;-2,0882346777726;-1,96176268037383;-1,82420338211485;-1,54419485531983
"Alpha1[11, 2]";-1,96190182344707;0,21302362177637;0,00122989245376336;0,00121266751984571;-2,36163230692074;-2,10678077251343;-1,96816740880822;-1,82294386943751;-1,52175427991689
"Alpha1[12, 2]";-2,55921343691448;0,22030572256782;0,00127193568228546;0,00127439921419664;-2,98036586693881;-2,71205325581344;-2,56108894061759;-2,41148354052506;-2,12102254999229
"Alpha1[13, 2]";-2,871935990512;0,239086779580268;0,00138036816550349;0,00137995094144057;-3,3324240628782;-3,03509874925194;-2,87501149462831;-2,71166570496889;-2,39980760236826
"Alpha1[14, 2]";-2,09746467005656;0,210535303377376;0,00121552614078848;0,00121545220750782;-2,4962604775555;-2,2404245763946;-2,10198604878817;-1,95968500324334;-1,67407752550034
"Alpha1[15, 2]";-1,95920117851482;0,216830036660399;0,00125186880034278;0,00125663307769421;-2,36196037774854;-2,10901776283001;-1,96645677801506;-1,81999387484745;-1,51151439929129
"Alpha1[16, 2]";-2,36967484698978;0,237747799112791;0,00137263755817011;0,00138232078259539;-2,82730265846478;-2,5305640886983;-2,37351611830022;-2,21213718280692;-1,88781627340562
"Alpha1[17, 2]";-2,17382172131188;0,20711627468343;0,00119578636942031;0,00120622650168342;-2,57642773548902;-2,31180648754648;-2,17340882300093;-2,03619413842049;-1,76911992197929
"Alpha1[18, 2]";-2,00146108709034;0,246583948780214;0,00142365309206097;0,00141164003490134;-2,46034774130795;-2,17061520642505;-2,00972156112847;-1,83988289187737;-1,49581064995676
"Alpha1[19, 2]";-2,29502109408572;0,192441184792022;0,00111105969842845;0,00110739571383873;-2,66460972950019;-2,42470121960275;-2,29794351139063;-2,16962303033582;-1,90602309173634
"Alpha1[20, 2]";-1,83348181503121;0,215980969684297;0,00124696670987066;0,00123341353191709;-2,24016562392806;-1,98005620074764;-1,83961147583545;-1,69322548914445;-1,38747341997455
"Alpha1[21, 2]";-1,8087589520105;0,204665924499838;0,00118163926603925;0,00118948164962702;-2,19282046909609;-1,94841064823079;-1,81554447710659;-1,67705516542282;-1,3885508455526
"Alpha1[22, 2]";-2,62919046595739;0,215199084341467;0,00124245249273907;0,00124917630531189;-3,05628041976657;-2,77312992868002;-2,62727740290101;-2,48302388464097;-2,21327970387338
"Alpha1[23, 2]";-2,21535205015407;0,247229555521989;0,00142738050432252;0,00142743945483513;-2,72834243678824;-2,37461439365934;-2,20882845725444;-2,04644491377291;-1,75278285698652
"Alpha1[24, 2]";-2,45281389570849;0,271728430214392;0,00156882482330753;0,00154774602451104;-3,03078513870847;-2,62385645431053;-2,43628541793972;-2,26392078666283;-1,96552109447606
"Alpha2[1]";6,45664547102465;0,526773554299835;0,00304132853376986;0,00783027030415322;5,44046986955216;6,10153588660862;6,45155579772532;6,80517200140124;7,51086350608766
"Alpha2[2]";5,66778026051159;0,494400231773501;0,00285442106901844;0,007548189278225;4,71982983105398;5,33368727472983;5,66270011416514;5,99490609582606;6,66275259464657
"Alpha2[3]";5,62349078182345;0,511493956033379;0,00295311173204738;0,00764640165592304;4,63881563240029;5,27818977618561;5,61665175934471;5,96187765611689;6,6461824747929
"Alpha2[4]";5,88126022008167;0,518073855718598;0,0029911008005924;0,00764285109384981;4,88605643484328;5,53306914818984;5,87208610375153;6,22385022941412;6,92160987949499
"Alpha2[5]";6,4600880283229;0,547118497110812;0,00315879011585551;0,00806413358158851;5,40389107977906;6,08904954488277;6,45603801180583;6,82396369054848;7,54608182840208
"Alpha2[6]";6,27925490854828;0,506294164541573;0,00292309072187214;0,00783251395727416;5,30359116316928;5,93737441146566;6,27188403163642;6,61674107521078;7,29709478407391
"Alpha2[7]";5,3032572379985;0,496366813074177;0,00286577513145173;0,00748066691085564;4,3516484703347;4,9651105312633;5,29825962082924;5,63313624714895;6,29663801120913
"Alpha2[8]";6,07863895210359;0,479453145347621;0,00276812402530262;0,00757765387346861;5,15216321835027;5,7514570625683;6,07530204672821;6,39774742725267;7,03663414068542
"Alpha2[9]";5,37748163360208;0,487274061757954;0,00281327810725077;0,00762532308845599;4,44476022741535;5,04897520416111;5,37040165111867;5,69893518718308;6,34827198403611
"Alpha2[10]";6,12376106887012;0,488439217837197;0,00282000513901076;0,00763930160190898;5,18841994142784;5,79046597360157;6,1223086631455;6,44792848943762;7,09569114717031
"Alpha2[11]";5,83406453227685;0,512174892229064;0,00295704311900618;0,00805603569501895;4,85088670857944;5,48825926712681;5,82826281492283;6,17355499537191;6,86881913437127
"Alpha2[12]";5,31798303134411;0,5283984548488;0,00305070990146337;0,00831359378121111;4,30563604983642;4,956955788569;5,31437594977639;5,67106371639459;6,37714898427423
"Alpha2[13]";5,81079154618301;0,541934574043312;0,00312886072207072;0,0082943967000405;4,77054785803483;5,44441826619204;5,80165270984235;6,17232155052233;6,89998272807031
"Alpha2[14]";5,41902125479317;0,495867781407497;0,00286289397078081;0,0077656727422748;4,46488731700995;5,08668335130749;5,41345811474797;5,74659580588264;6,41207034421829
"Alpha2[15]";5,58996957467595;0,552429334350074;0,00318945224895261;0,00856429995883475;4,53192194928293;5,21553569504835;5,58424956212576;5,95966955501718;6,69142066023504
"Alpha2[16]";5,72719791786072;0,538060841723843;0,00310649571809657;0,0082284417906506;4,69639924088171;5,36050257898612;5,72296299523533;6,08264058435985;6,81822488244498
"Alpha2[17]";6,0153931819173;0,540392476445624;0,0031199574174393;0,00851505961032203;4,97781126405012;5,64692536226637;6,0089803861317;6,37132257204382;7,10166519085934
"Alpha2[18]";6,00945887123505;0,55161636573132;0,00318475857244381;0,00865935890984268;4,95305744442515;5,6351271434881;6,00366625851377;6,37432128240687;7,11646053869701
"Alpha2[19]";6,34921187507874;0,540954433249762;0,00312320187656072;0,00838956172334082;5,30556162398271;5,98465518210094;6,34237993516211;6,70678382658891;7,43386186233677
"Alpha2[20]";5,97108913202615;0,532760121930633;0,00307589199810149;0,00845699645993481;4,9435776145873;5,61110068476631;5,96459462749806;6,32508809203144;7,03634956563663
"Alpha2[21]";6,10065143672924;0,531154193161184;0,00306662016402808;0,00825503982705532;5,07694230783753;5,74239068751673;6,09149110278506;6,45497136685826;7,16411098752086
"Alpha2[22]";6,11176170101573;0,536581983957528;0,00309795752880182;0,00817497390744575;5,07001624801002;5,75117018766361;6,10831636049655;6,46469844284571;7,1828106810665
"Alpha2[23]";5,94587484465066;0,570507674115886;0,00329382759225554;0,00835636369135899;4,85649823760067;5,55318423292016;5,94283044748854;6,32708353238048;7,09292763798102
"Alpha2[24]";6,51580745898871;0,552018332744816;0,00318707933007828;0,00824798338654433;5,46451336760588;6,13551757248276;6,50700549656866;6,88032706493414;7,63042300828609
"Beta1";2,19956336719302;0,282255800039158;0,00162960462132941;0,00160988668951246;1,65245281926615;2,00935753090901;2,19862649425036;2,38458651493718;2,76115670345706
"Beta2";2,73441300043844;0,299089395603012;0,00172679343063161;0,00486183431981927;2,15887854267434;2,53210084943151;2,7316040977978;2,93346803042674;3,33168172112486
"Gamma1[1, 1]";0,482300700135927;0,0670382993517089;0,000387045801767238;0,000387058530488575;0,352103906557042;0,436328531146591;0,481603794213529;0,527681098019055;0,614318303895206
"Gamma1[2, 1]";0,465220146512271;0,0703665490386221;0,000406261460293935;0,000407836774445703;0,328047106355253;0,416570512860449;0,465084542880666;0,513587023102296;0,602075794230652
"Gamma1[3, 1]";0,618061764493308;0,0407336077886794;0,000235175594218587;0,000234274867208184;0,535770285639092;0,591022160774271;0,618781313433939;0,646228195488467;0,695345702135428
"Gamma1[4, 1]";0,65004357727748;0,0585334512874235;0,000337943038573918;0,000348865607758622;0,529300675508972;0,611522450519842;0,651724248533953;0,690902709620415;0,758583837148531
"Gamma1[5, 1]";0,461488727449597;0,0688564141547356;0,00039754269247669;0,000397555774562996;0,327852496606269;0,414332765674861;0,461238274078534;0,508512377658161;0,595748769275088
"Gamma1[6, 1]";0,615935261242115;0,0346860024213844;0,000200259728350983;0,00020151399924179;0,545975925258109;0,592994692612223;0,616474455258583;0,639526658332501;0,682098573812797
"Gamma1[7, 1]";0,592592005000888;0,0663980533671992;0,000383349339852196;0,000386992556150147;0,459155816394021;0,548099315712167;0,5942156268425;0,638375575739022;0,718950965789765
"Gamma1[8, 1]";0,495185277566392;0,059688816669012;0,000344613543714643;0,000339986131249985;0,378902173856423;0,454555233210948;0,495471541174071;0,535822255871927;0,611827948473845
"Gamma1[9, 1]";0,453767939579845;0,0548730833085919;0,000316809894194803;0,000318180974925032;0,347582073869642;0,416308262631518;0,453469136328378;0,490908972709733;0,56254217796826
"Gamma1[10, 1]";0,574290288736663;0,0603196418285711;0,000348255614471473;0,000351640763573875;0,453144291025317;0,53367640014832;0,575471687619736;0,616112246173169;0,689156818386975
"Gamma1[11, 1]";0,576238753977059;0,0615745524089466;0,00035550084408536;0,000358072696193341;0,452390674209068;0,534747566283699;0,577425244787522;0,618886991916918;0,692507247655407
"Gamma1[12, 1]";0,592257064055089;0,0656507380943484;0,000379034713112697;0,000385217219265282;0,460013849984818;0,548495651265039;0,594123662600902;0,637753060685341;0,714775035122409
"Gamma1[13, 1]";0,611282770803059;0,0662121410688246;0,000382275974697074;0,000382127872083462;0,475624859100585;0,566721483412204;0,612948228589558;0,657877247609816;0,734491502743446
"Gamma1[14, 1]";0,639715888906392;0,0541365627138556;0,000312557590558456;0,000313739989774405;0,528113119362292;0,604290789077888;0,641273000741852;0,677548945258944;0,739918641870295
"Gamma1[15, 1]";0,642424719464469;0,0574596381460095;0,000331743375511371;0,000333698921278282;0,52531229599257;0,604385772669855;0,644423595308201;0,682263289352097;0,750011649539707
"Gamma1[16, 1]";0,597401447593717;0,0653956552002111;0,000377561991336738;0,000383708016774672;0,464832474773409;0,553448390602611;0,599068617200705;0,642930070688851;0,719133022668687
"Gamma1[17, 1]";0,542258572041588;0,0459522512665436;0,000265305446386083;0,000261554893114175;0,452134008626863;0,511266964408094;0,542202716709125;0,573397522706913;0,632052669601138
"Gamma1[18, 1]";0,529526134368589;0,0728317577433997;0,000420494349387054;0,000417995504195238;0,385532407925814;0,480130870084509;0,530267062567398;0,579713742328778;0,669040234466457
"Gamma1[19, 1]";0,595034426753203;0,0541847969942026;0,000312836071305881;0,000317258769552332;0,485524130524131;0,559116691873178;0,596063124096229;0,632035218560212;0,698421469404052
"Gamma1[20, 1]";0,538610321404574;0,0579581156082343;0,000334621336481375;0,000332842616968927;0,424418247355344;0,499786214566745;0,539174303792094;0,57769981945584;0,651640096750273
"Gamma1[21, 1]";0,543575005560551;0,0613792623725727;0,000354373336534655;0,000350661297137827;0,421271940295533;0,502018423017409;0,54423923947063;0,585421321708026;0,662495456349778
"Gamma1[22, 1]";0,416232879022116;0,0686355354181069;0,000396267448496181;0,000395556936196356;0,284493335008606;0,368378255477869;0,415487065994239;0,463273005235978;0,553141437144595
"Gamma1[23, 1]";0,525369858281412;0,0443091290981018;0,000255818876123469;0,000255757654778311;0,438995926685901;0,49519453836311;0,525486429706622;0,555719778316719;0,610976680766105
"Gamma1[24, 1]";0,329157869105874;0,0436409482578664;0,000251961132243697;0,000251916924942106;0,247119033645503;0,299215694321695;0,32810831955256;0,3580769005913;0,417168625683962
"Gamma1[1, 2]";0,517699299864073;0,0670382993517089;0,000387045801767238;0,000387058530488575;0,385681696104794;0,472318901980945;0,518396205786471;0,563671468853409;0,647896093442958
"Gamma1[2, 2]";0,534779853487729;0,0703665490386221;0,000406261460293935;0,000407836774445703;0,397924205769348;0,486412976897704;0,534915457119334;0,583429487139551;0,671952893644746
"Gamma1[3, 2]";0,381938235506692;0,0407336077886794;0,000235175594218587;0,000234274867208184;0,304654297864572;0,353771804511533;0,381218686566061;0,408977839225729;0,464229714360908
"Gamma1[4, 2]";0,34995642272252;0,0585334512874235;0,000337943038573918;0,000348865607758622;0,241416162851468;0,309097290379585;0,348275751466047;0,388477549480158;0,470699324491028
"Gamma1[5, 2]";0,538511272550403;0,0688564141547356;0,00039754269247669;0,000397555774562996;0,404251230724912;0,491487622341839;0,538761725921466;0,585667234325139;0,672147503393731
"Gamma1[6, 2]";0,384064738757885;0,0346860024213844;0,000200259728350983;0,00020151399924179;0,317901426187203;0,360473341667499;0,383525544741417;0,407005307387777;0,454024074741891
"Gamma1[7, 2]";0,407407994999112;0,0663980533671992;0,000383349339852196;0,000386992556150147;0,281049034210235;0,361624424260978;0,4057843731575;0,451900684287833;0,540844183605979
"Gamma1[8, 2]";0,504814722433608;0,059688816669012;0,000344613543714643;0,000339986131249985;0,388172051526155;0,464177744128073;0,504528458825929;0,545444766789052;0,621097826143577
"Gamma1[9, 2]";0,546232060420155;0,0548730833085919;0,000316809894194803;0,000318180974925032;0,43745782203174;0,509091027290266;0,546530863671622;0,583691737368482;0,652417926130358
"Gamma1[10, 2]";0,425709711263337;0,0603196418285711;0,000348255614471473;0,000351640763573875;0,310843181613025;0,383887753826831;0,424528312380264;0,46632359985168;0,546855708974682
"Gamma1[11, 2]";0,423761246022941;0,0615745524089466;0,00035550084408536;0,000358072696193341;0,307492752344593;0,381113008083082;0,422574755212478;0,465252433716301;0,547609325790931
"Gamma1[12, 2]";0,407742935944911;0,0656507380943484;0,000379034713112697;0,000385217219265283;0,285224964877591;0,362246939314659;0,405876337399098;0,451504348734961;0,539986150015181
"Gamma1[13, 2]";0,388717229196941;0,0662121410688246;0,000382275974697074;0,000382127872083462;0,265508497256554;0,342122752390184;0,387051771410442;0,433278516587796;0,524375140899415
"Gamma1[14, 2]";0,360284111093608;0,0541365627138556;0,000312557590558456;0,000313739989774405;0,260081358129705;0,322451054741056;0,358726999258148;0,395709210922112;0,471886880637708
"Gamma1[15, 2]";0,357575280535531;0,0574596381460095;0,000331743375511371;0,000333698921278282;0,249988350460293;0,317736710647903;0,355576404691799;0,395614227330145;0,47468770400743
"Gamma1[16, 2]";0,402598552406283;0,0653956552002111;0,000377561991336738;0,000383708016774672;0,280866977331313;0,357069929311149;0,400931382799295;0,446551609397389;0,535167525226591
"Gamma1[17, 2]";0,457741427958412;0,0459522512665436;0,000265305446386083;0,000261554893114175;0,367947330398862;0,426602477293087;0,457797283290875;0,488733035591906;0,547865991373137
"Gamma1[18, 2]";0,470473865631411;0,0728317577433997;0,000420494349387054;0,000417995504195238;0,330959765533543;0,420286257671222;0,469732937432602;0,519869129915491;0,614467592074186
"Gamma1[19, 2]";0,404965573246797;0,0541847969942026;0,000312836071305881;0,000317258769552332;0,301578530595948;0,367964781439788;0,403936875903771;0,440883308126822;0,514475869475869
"Gamma1[20, 2]";0,461389678595426;0,0579581156082343;0,000334621336481375;0,000332842616968927;0,348359903249727;0,42230018054416;0,460825696207906;0,500213785433255;0,575581752644656
"Gamma1[21, 2]";0,456424994439449;0,0613792623725727;0,000354373336534655;0,000350661297137827;0,337504543650222;0,414578678291974;0,45576076052937;0,497981576982591;0,578728059704467
"Gamma1[22, 2]";0,583767120977884;0,0686355354181069;0,000396267448496181;0,000395556936196356;0,446858562855405;0,536726994764022;0,584512934005761;0,631621744522131;0,715506664991394
"Gamma1[23, 2]";0,474630141718588;0,0443091290981018;0,000255818876123469;0,000255757654778311;0,389023319233895;0,444280221683281;0,474513570293378;0,50480546163689;0,561004073314099
"Gamma1[24, 2]";0,670842130894126;0,0436409482578664;0,000251961132243697;0,000251916924942106;0,582831374316038;0,6419230994087;0,67189168044744;0,700784305678305;0,752880966354497
"Gamma1_F[1]";0,482300700135927;0,0670382993517089;0,000387045801767238;0,000387058530488575;0,352103906557042;0,436328531146591;0,481603794213529;0,527681098019055;0,614318303895206
"Gamma1_F[2]";0,465220146512271;0,0703665490386221;0,000406261460293935;0,000407836774445703;0,328047106355253;0,416570512860449;0,465084542880666;0,513587023102296;0,602075794230652
"Gamma1_F[3]";0,618061764493308;0,0407336077886794;0,000235175594218587;0,000234274867208184;0,535770285639092;0,591022160774271;0,618781313433939;0,646228195488467;0,695345702135428
"Gamma1_F[4]";0,65004357727748;0,0585334512874235;0,000337943038573918;0,000348865607758622;0,529300675508972;0,611522450519842;0,651724248533953;0,690902709620415;0,758583837148531
"Gamma1_F[5]";0,461488727449597;0,0688564141547356;0,00039754269247669;0,000397555774562996;0,327852496606269;0,414332765674861;0,461238274078534;0,508512377658161;0,595748769275088
"Gamma1_F[6]";0,615935261242115;0,0346860024213844;0,000200259728350983;0,00020151399924179;0,545975925258109;0,592994692612223;0,616474455258583;0,639526658332501;0,682098573812797
"Gamma1_F[7]";0,592592005000888;0,0663980533671992;0,000383349339852196;0,000386992556150147;0,459155816394021;0,548099315712167;0,5942156268425;0,638375575739022;0,718950965789765
"Gamma1_F[8]";0,495185277566392;0,059688816669012;0,000344613543714643;0,000339986131249985;0,378902173856423;0,454555233210948;0,495471541174071;0,535822255871927;0,611827948473845
"Gamma1_F[9]";0,453767939579845;0,0548730833085919;0,000316809894194803;0,000318180974925032;0,347582073869642;0,416308262631518;0,453469136328378;0,490908972709733;0,56254217796826
"Gamma1_F[10]";0,574290288736663;0,0603196418285711;0,000348255614471473;0,000351640763573875;0,453144291025317;0,53367640014832;0,575471687619736;0,616112246173169;0,689156818386975
"Gamma1_F[11]";0,576238753977059;0,0615745524089466;0,00035550084408536;0,000358072696193341;0,452390674209068;0,534747566283699;0,577425244787522;0,618886991916918;0,692507247655407
"Gamma1_F[12]";0,592257064055089;0,0656507380943484;0,000379034713112697;0,000385217219265282;0,460013849984818;0,548495651265039;0,594123662600902;0,637753060685341;0,714775035122409
"Gamma1_F[13]";0,611282770803059;0,0662121410688246;0,000382275974697074;0,000382127872083462;0,475624859100585;0,566721483412204;0,612948228589558;0,657877247609816;0,734491502743446
"Gamma1_F[14]";0,639715888906392;0,0541365627138556;0,000312557590558456;0,000313739989774405;0,528113119362292;0,604290789077888;0,641273000741852;0,677548945258944;0,739918641870295
"Gamma1_F[15]";0,642424719464469;0,0574596381460095;0,000331743375511371;0,000333698921278282;0,52531229599257;0,604385772669855;0,644423595308201;0,682263289352097;0,750011649539707
"Gamma1_F[16]";0,597401447593717;0,0653956552002111;0,000377561991336738;0,000383708016774672;0,464832474773409;0,553448390602611;0,599068617200705;0,642930070688851;0,719133022668687
"Gamma1_F[17]";0,542258572041588;0,0459522512665436;0,000265305446386083;0,000261554893114175;0,452134008626863;0,511266964408094;0,542202716709125;0,573397522706913;0,632052669601138
"Gamma1_F[18]";0,529526134368589;0,0728317577433997;0,000420494349387054;0,000417995504195238;0,385532407925814;0,480130870084509;0,530267062567398;0,579713742328778;0,669040234466457
"Gamma1_F[19]";0,595034426753203;0,0541847969942026;0,000312836071305881;0,000317258769552332;0,485524130524131;0,559116691873178;0,596063124096229;0,632035218560212;0,698421469404052
"Gamma1_F[20]";0,538610321404574;0,0579581156082343;0,000334621336481375;0,000332842616968927;0,424418247355344;0,499786214566745;0,539174303792094;0,57769981945584;0,651640096750273
"Gamma1_F[21]";0,543575005560551;0,0613792623725727;0,000354373336534655;0,000350661297137827;0,421271940295533;0,502018423017409;0,54423923947063;0,585421321708026;0,662495456349778
"Gamma1_F[22]";0,416232879022116;0,0686355354181069;0,000396267448496181;0,000395556936196356;0,284493335008606;0,368378255477869;0,415487065994239;0,463273005235978;0,553141437144595
"Gamma1_F[23]";0,525369858281412;0,0443091290981018;0,000255818876123469;0,000255757654778311;0,438995926685901;0,49519453836311;0,525486429706622;0,555719778316719;0,610976680766105
"Gamma1_F[24]";0,329157869105874;0,0436409482578664;0,000251961132243697;0,000251916924942106;0,247119033645503;0,299215694321695;0,32810831955256;0,3580769005913;0,417168625683962
"Gamma3[1, 1]";0,591554525610002;0,0569367140298726;0,000328724271719197;0,000327643561219972;0,476606462769394;0,553519255183023;0,5923813697494;0,631171853940434;0,69958936751332
"Gamma3[2, 1]";0,474649491970932;0,0476099747555139;0,000274876317412072;0,00027797231030935;0,381806478354303;0,442315275272802;0,474491116309108;0,506804885798885;0,567402211286401
"Gamma3[3, 1]";0,622392164929403;0,0568365599216877;0,000328146031705987;0,000332328914048104;0,507711837957151;0,584517024407817;0,623616141646186;0,66134274598249;0,731254618124474
"Gamma3[4, 1]";0,656866362064667;0,0596170953803755;0,000344199460661634;0,000345454285234275;0,535149813377227;0,616871002932663;0,659281554289194;0,698655378904866;0,767364568464235
"Gamma3[5, 1]";0,517225917755374;0,0721045424840683;0,000416295770129716;0,000412205073396844;0,374797416973801;0,468257312110548;0,518097291462362;0,566850407699146;0,655565989264897
"Gamma3[6, 1]";0,533041753808812;0,0535436070307765;0,000309134159326023;0,000309086257886006;0,427412438869316;0,49681262453995;0,533341721232796;0,570207860189039;0,636788170979737
"Gamma3[7, 1]";0,6883051396599;0,0520904992876037;0,0003007446378592;0,000301901653676818;0,580313659367898;0,654682251890784;0,690537693692315;0,724386009352722;0,785177913341069
"Gamma3[8, 1]";0,551405903272106;0,0369492182447013;0,000213326410999245;0,000211958660027914;0,478578692049139;0,526327176168274;0,551565988883163;0,576508350916989;0,622996763436783
"Gamma3[9, 1]";0,50990773427782;0,040723993470152;0,000235120085924688;0,000237169929243017;0,429921817527716;0,482229973284825;0,510094444243153;0,53779643249772;0,588405722179187
"Gamma3[10, 1]";0,522629282942466;0,0348944653159397;0,000201463289433858;0,000202274966000864;0,453521914837135;0,498734800043367;0,523040130872465;0,5465645333361;0,590753807255798
"Gamma3[11, 1]";0,508877214286551;0,0460621641345148;0,000265940028625188;0,000266201445548902;0,418714352836914;0,477804683952653;0,509182670802907;0,539993317230147;0,599195735239734
"Gamma3[12, 1]";0,595680284490032;0,0435209166781996;0,000251268129595378;0,000247273055195485;0,510097558618068;0,566511934582987;0,596107427346241;0,625256114601339;0,679697375664018
"Gamma3[13, 1]";0,532052988490756;0,0527757761642541;0,000304701085751235;0,000305591061477114;0,426876173680286;0,496444645532078;0,532116860890052;0,568249682136565;0,6346998833574
"Gamma3[14, 1]";0,601344782196037;0,0432833023078077;0,000249896262388287;0,00025587999153713;0,513785822843717;0,572445963487521;0,602311751985231;0,631028094362447;0,683964052779153
"Gamma3[15, 1]";0,448018559983522;0,0465890904762384;0,000268982239277561;0,000269058057989934;0,358291523005205;0,416366357861376;0,447712952995294;0,479195258045013;0,540311416575375
"Gamma3[16, 1]";0,542473373160928;0,0531702024217606;0,000306978306810703;0,000305983789835828;0,438129598701209;0,506158085219474;0,542489516970068;0,579204014819447;0,645959412650651
"Gamma3[17, 1]";0,64715072554611;0,0461894681383001;0,000266675018633732;0,000268299559353686;0,553920989161276;0,616516555964797;0,648151470213141;0,678651945371023;0,735273404472461
"Gamma3[18, 1]";0,620446261707143;0,0395381391318412;0,000228273552710254;0,000225476107972483;0,541599997289109;0,593876928232293;0,621262503581675;0,647728934933399;0,695644033769242
"Gamma3[19, 1]";0,578571656458892;0,0375003518051643;0,000216508382094173;0,000215074223476642;0,503534655599695;0,553214063272947;0,579193791526202;0,6041787041895;0,650707962973728
"Gamma3[20, 1]";0,597676867822157;0,0454074665947596;0,000262160130617034;0,000259910189546975;0,506581584044705;0,56719547059711;0,598631428859692;0,628692197697602;0,684155215507841
"Gamma3[21, 1]";0,588051294139187;0,0419891791728726;0,000242424638985094;0,000240567703542623;0,504434504135644;0,559994432832088;0,588658775848363;0,616708271367311;0,669411485316847
"Gamma3[22, 1]";0,503381829032863;0,0647741105535963;0,000373973501646374;0,000379789774455103;0,376179602459956;0,459223518751721;0,502966673510114;0,547908080090033;0,629688310106001
"Gamma3[23, 1]";0,435260193298435;0,0982581636009357;0,000567293772050785;0,000563976008701052;0,246876531278946;0,366359297137426;0,434286107197402;0,503010177034503;0,628076251921695
"Gamma3[24, 1]";0,578051102108527;0,0939853646635032;0,000542624755883587;0,000539376899283695;0,389135483575942;0,514032010724145;0,58098668667098;0,643773528463856;0,753907895952212
"Gamma3[1, 2]";0,408445474389998;0,0569367140298726;0,000328724271719197;0,000327643561219972;0,30041063248668;0,368828146059566;0,407618630250601;0,446480744816977;0,523393537230607
"Gamma3[2, 2]";0,525350508029068;0,0476099747555139;0,000274876317412072;0,00027797231030935;0,432597788713598;0,493195114201115;0,525508883690892;0,557684724727198;0,618193521645697
"Gamma3[3, 2]";0,377607835070597;0,0568365599216877;0,000328146031705987;0,000332328914048104;0,268745381875526;0,33865725401751;0,376383858353814;0,415482975592183;0,492288162042849
"Gamma3[4, 2]";0,343133637935333;0,0596170953803755;0,000344199460661634;0,000345454285234275;0,232635431535765;0,301344621095134;0,340718445710806;0,383128997067337;0,464850186622773
"Gamma3[5, 2]";0,482774082244626;0,0721045424840683;0,000416295770129716;0,000412205073396844;0,344434010735103;0,433149592300854;0,481902708537638;0,531742687889452;0,625202583026199
"Gamma3[6, 2]";0,466958246191188;0,0535436070307765;0,000309134159326023;0,000309086257886006;0,363211829020263;0,429792139810961;0,466658278767204;0,50318737546005;0,572587561130684
"Gamma3[7, 2]";0,3116948603401;0,0520904992876037;0,0003007446378592;0,000301901653676818;0,214822086658931;0,275613990647278;0,309462306307685;0,345317748109216;0,419686340632101
"Gamma3[8, 2]";0,448594096727893;0,0369492182447013;0,000213326410999245;0,000211958660027914;0,377003236563217;0,423491649083011;0,448434011116837;0,473672823831726;0,521421307950861
"Gamma3[9, 2]";0,49009226572218;0,040723993470152;0,000235120085924688;0,000237169929243017;0,411594277820813;0,46220356750228;0,489905555756847;0,517770026715175;0,570078182472284
"Gamma3[10, 2]";0,477370717057534;0,0348944653159397;0,000201463289433858;0,000202274966000864;0,409246192744203;0,4534354666639;0,476959869127534;0,501265199956633;0,546478085162865
"Gamma3[11, 2]";0,491122785713449;0,0460621641345148;0,000265940028625188;0,000266201445548902;0,400804264760266;0,460006682769853;0,490817329197093;0,522195316047347;0,581285647163086
"Gamma3[12, 2]";0,404319715509968;0,0435209166781996;0,000251268129595378;0,000247273055195485;0,320302624335981;0,374743885398661;0,403892572653759;0,433488065417013;0,489902441381932
"Gamma3[13, 2]";0,467947011509244;0,0527757761642541;0,000304701085751235;0,000305591061477114;0,3653001166426;0,431750317863435;0,467883139109948;0,503555354467922;0,573123826319714
"Gamma3[14, 2]";0,398655217803963;0,0432833023078077;0,000249896262388287;0,00025587999153713;0,316035947220847;0,368971905637553;0,397688248014769;0,427554036512479;0,486214177156283
"Gamma3[15, 2]";0,551981440016478;0,0465890904762384;0,000268982239277561;0,000269058057989934;0,459688583424625;0,520804741954987;0,552287047004706;0,583633642138624;0,641708476994795
"Gamma3[16, 2]";0,457526626839072;0,0531702024217606;0,000306978306810703;0,000305983789835828;0,354040587349349;0,420795985180553;0,457510483029932;0,493841914780526;0,561870401298791
"Gamma3[17, 2]";0,35284927445389;0,0461894681383001;0,000266675018633732;0,000268299559353686;0,264726595527539;0,321348054628977;0,351848529786859;0,383483444035203;0,446079010838725
"Gamma3[18, 2]";0,379553738292857;0,0395381391318412;0,000228273552710254;0,000225476107972483;0,304355966230758;0,352271065066601;0,378737496418325;0,406123071767707;0,458400002710891
"Gamma3[19, 2]";0,421428343541108;0,0375003518051643;0,000216508382094173;0,000215074223476642;0,349292037026272;0,3958212958105;0,420806208473798;0,446785936727053;0,496465344400305
"Gamma3[20, 2]";0,402323132177842;0,0454074665947596;0,000262160130617034;0,000259910189546975;0,31584478449216;0,371307802302398;0,401368571140308;0,43280452940289;0,493418415955294
"Gamma3[21, 2]";0,411948705860813;0,0419891791728726;0,000242424638985094;0,000240567703542623;0,330588514683153;0,383291728632689;0,411341224151638;0,440005567167912;0,495565495864356
"Gamma3[22, 2]";0,496618170967137;0,0647741105535963;0,000373973501646374;0,000379789774455103;0,370311689893999;0,452091919909967;0,497033326489886;0,540776481248279;0,623820397540044
"Gamma3[23, 2]";0,564739806701565;0,0982581636009357;0,000567293772050785;0,000563976008701052;0,371923748078305;0,496989822965497;0,565713892802598;0,633640702862574;0,753123468721054
"Gamma3[24, 2]";0,421948897891473;0,0939853646635032;0,000542624755883587;0,000539376899283695;0,246092104047788;0,356226471536144;0,41901331332902;0,485967989275855;0,610864516424057
"Gamma4[1, 1]";0,591554525610002;0,0569367140298726;0,000328724271719197;0,000327643561219972;0,476606462769394;0,553519255183023;0,592381369749399;0,631171853940434;0,69958936751332
"Gamma4[2, 1]";0,474649491970932;0,0476099747555139;0,000274876317412072;0,00027797231030935;0,381806478354303;0,442315275272802;0,474491116309108;0,506804885798885;0,567402211286401
"Gamma4[3, 1]";0,622392164929403;0,0568365599216877;0,000328146031705987;0,000332328914048104;0,507711837957151;0,584517024407817;0,623616141646186;0,66134274598249;0,731254618124474
"Gamma4[4, 1]";0,656866362064667;0,0596170953803755;0,000344199460661634;0,000345454285234275;0,535149813377227;0,616871002932663;0,659281554289195;0,698655378904866;0,767364568464234
"Gamma4[5, 1]";0,517225917755374;0,0721045424840683;0,000416295770129716;0,000412205073396844;0,374797416973801;0,468257312110548;0,518097291462362;0,566850407699146;0,655565989264897
"Gamma4[6, 1]";0,533041753808812;0,0535436070307765;0,000309134159326023;0,000309086257886006;0,427412438869316;0,496812624539949;0,533341721232796;0,570207860189039;0,636788170979737
"Gamma4[7, 1]";0,6883051396599;0,0520904992876037;0,0003007446378592;0,000301901653676818;0,580313659367898;0,654682251890784;0,690537693692315;0,724386009352722;0,785177913341069
"Gamma4[8, 1]";0,551405903272106;0,0369492182447013;0,000213326410999245;0,000211958660027914;0,47857869204914;0,526327176168274;0,551565988883163;0,576508350916989;0,622996763436783
"Gamma4[9, 1]";0,50990773427782;0,040723993470152;0,000235120085924688;0,000237169929243017;0,429921817527716;0,482229973284825;0,510094444243153;0,53779643249772;0,588405722179187
"Gamma4[10, 1]";0,522629282942466;0,0348944653159397;0,000201463289433858;0,000202274966000864;0,453521914837135;0,498734800043367;0,523040130872465;0,5465645333361;0,590753807255797
"Gamma4[11, 1]";0,508877214286551;0,0460621641345148;0,000265940028625188;0,000266201445548902;0,418714352836914;0,477804683952653;0,509182670802907;0,539993317230147;0,599195735239734
"Gamma4[12, 1]";0,595680284490032;0,0435209166781996;0,000251268129595378;0,000247273055195485;0,510097558618068;0,566511934582988;0,596107427346241;0,625256114601339;0,679697375664019
"Gamma4[13, 1]";0,532052988490756;0,0527757761642541;0,000304701085751235;0,000305591061477114;0,426876173680286;0,496444645532078;0,532116860890052;0,568249682136565;0,6346998833574
"Gamma4[14, 1]";0,601344782196037;0,0432833023078077;0,000249896262388287;0,00025587999153713;0,513785822843717;0,572445963487521;0,602311751985231;0,631028094362447;0,683964052779153
"Gamma4[15, 1]";0,448018559983522;0,0465890904762384;0,000268982239277561;0,000269058057989934;0,358291523005205;0,416366357861376;0,447712952995294;0,479195258045013;0,540311416575375
"Gamma4[16, 1]";0,542473373160928;0,0531702024217606;0,000306978306810703;0,000305983789835828;0,438129598701209;0,506158085219474;0,542489516970068;0,579204014819447;0,645959412650651
"Gamma4[17, 1]";0,64715072554611;0,0461894681383001;0,000266675018633732;0,000268299559353686;0,553920989161276;0,616516555964798;0,648151470213141;0,678651945371023;0,735273404472461
"Gamma4[18, 1]";0,620446261707143;0,0395381391318412;0,000228273552710254;0,000225476107972483;0,541599997289109;0,593876928232293;0,621262503581675;0,647728934933399;0,695644033769243
"Gamma4[19, 1]";0,578571656458892;0,0375003518051643;0,000216508382094173;0,000215074223476642;0,503534655599695;0,553214063272947;0,579193791526203;0,6041787041895;0,650707962973728
"Gamma4[20, 1]";0,597676867822157;0,0454074665947596;0,000262160130617034;0,000259910189546975;0,506581584044705;0,56719547059711;0,598631428859692;0,628692197697602;0,68415521550784
"Gamma4[21, 1]";0,588051294139187;0,0419891791728726;0,000242424638985094;0,000240567703542623;0,504434504135644;0,559994432832088;0,588658775848362;0,61670827136731;0,669411485316847
"Gamma4[22, 1]";0,503381829032863;0,0647741105535963;0,000373973501646374;0,000379789774455103;0,376179602459956;0,459223518751721;0,502966673510114;0,547908080090033;0,629688310106001
"Gamma4[23, 1]";0,435260193298435;0,0982581636009357;0,000567293772050785;0,000563976008701052;0,246876531278946;0,366359297137426;0,434286107197402;0,503010177034503;0,628076251921695
"Gamma4[24, 1]";0,578051102108527;0,0939853646635032;0,000542624755883587;0,000539376899283695;0,389135483575942;0,514032010724145;0,58098668667098;0,643773528463856;0,753907895952212
"Gamma4[1, 2]";0,408445474389998;0,0569367140298726;0,000328724271719197;0,000327643561219972;0,30041063248668;0,368828146059566;0,407618630250601;0,446480744816977;0,523393537230606
"Gamma4[2, 2]";0,525350508029068;0,0476099747555139;0,000274876317412072;0,000277972310309351;0,432597788713598;0,493195114201115;0,525508883690892;0,557684724727198;0,618193521645697
"Gamma4[3, 2]";0,377607835070597;0,0568365599216877;0,000328146031705987;0,000332328914048104;0,268745381875526;0,33865725401751;0,376383858353814;0,415482975592183;0,492288162042848
"Gamma4[4, 2]";0,343133637935333;0,0596170953803755;0,000344199460661634;0,000345454285234275;0,232635431535765;0,301344621095134;0,340718445710806;0,383128997067337;0,464850186622773
"Gamma4[5, 2]";0,482774082244626;0,0721045424840683;0,000416295770129716;0,000412205073396844;0,344434010735103;0,433149592300854;0,481902708537638;0,531742687889452;0,625202583026199
"Gamma4[6, 2]";0,466958246191188;0,0535436070307765;0,000309134159326023;0,000309086257886006;0,363211829020263;0,42979213981096;0,466658278767203;0,503187375460051;0,572587561130684
"Gamma4[7, 2]";0,3116948603401;0,0520904992876037;0,0003007446378592;0,000301901653676818;0,214822086658931;0,275613990647278;0,309462306307685;0,345317748109216;0,419686340632101
"Gamma4[8, 2]";0,448594096727893;0,0369492182447013;0,000213326410999245;0,000211958660027914;0,377003236563217;0,423491649083011;0,448434011116837;0,473672823831726;0,52142130795086
"Gamma4[9, 2]";0,49009226572218;0,040723993470152;0,000235120085924688;0,000237169929243017;0,411594277820813;0,46220356750228;0,489905555756847;0,517770026715175;0,570078182472284
"Gamma4[10, 2]";0,477370717057534;0,0348944653159397;0,000201463289433858;0,000202274966000864;0,409246192744203;0,4534354666639;0,476959869127534;0,501265199956633;0,546478085162865
"Gamma4[11, 2]";0,491122785713449;0,0460621641345148;0,000265940028625188;0,000266201445548902;0,400804264760266;0,460006682769854;0,490817329197093;0,522195316047347;0,581285647163086
"Gamma4[12, 2]";0,404319715509968;0,0435209166781996;0,000251268129595378;0,000247273055195485;0,320302624335981;0,374743885398661;0,403892572653759;0,433488065417012;0,489902441381932
"Gamma4[13, 2]";0,467947011509244;0,0527757761642541;0,000304701085751235;0,000305591061477114;0,365300116642599;0,431750317863435;0,467883139109948;0,503555354467922;0,573123826319714
"Gamma4[14, 2]";0,398655217803963;0,0432833023078077;0,000249896262388287;0,00025587999153713;0,316035947220847;0,368971905637553;0,397688248014769;0,42755403651248;0,486214177156283
"Gamma4[15, 2]";0,551981440016478;0,0465890904762384;0,000268982239277561;0,000269058057989934;0,459688583424625;0,520804741954987;0,552287047004706;0,583633642138624;0,641708476994795
"Gamma4[16, 2]";0,457526626839072;0,0531702024217606;0,000306978306810703;0,000305983789835828;0,354040587349349;0,420795985180553;0,457510483029932;0,493841914780526;0,561870401298791
"Gamma4[17, 2]";0,35284927445389;0,0461894681383001;0,000266675018633732;0,000268299559353686;0,264726595527539;0,321348054628977;0,351848529786859;0,383483444035203;0,446079010838724
"Gamma4[18, 2]";0,379553738292857;0,0395381391318412;0,000228273552710254;0,000225476107972483;0,304355966230757;0,352271065066601;0,378737496418325;0,406123071767707;0,458400002710891
"Gamma4[19, 2]";0,421428343541108;0,0375003518051643;0,000216508382094173;0,000215074223476642;0,349292037026272;0,3958212958105;0,420806208473797;0,446785936727053;0,496465344400305
"Gamma4[20, 2]";0,402323132177842;0,0454074665947596;0,000262160130617034;0,000259910189546975;0,31584478449216;0,371307802302398;0,401368571140308;0,43280452940289;0,493418415955295
"Gamma4[21, 2]";0,411948705860813;0,0419891791728726;0,000242424638985094;0,000240567703542623;0,330588514683153;0,38329172863269;0,411341224151638;0,440005567167912;0,495565495864356
"Gamma4[22, 2]";0,496618170967137;0,0647741105535963;0,000373973501646374;0,000379789774455103;0,370311689893999;0,452091919909967;0,497033326489886;0,540776481248279;0,623820397540044
"Gamma4[23, 2]";0,564739806701565;0,0982581636009357;0,000567293772050785;0,000563976008701052;0,371923748078305;0,496989822965497;0,565713892802598;0,633640702862574;0,753123468721054
"Gamma4[24, 2]";0,421948897891473;0,0939853646635032;0,000542624755883587;0,000539376899283695;0,246092104047788;0,356226471536144;0,41901331332902;0,485967989275855;0,610864516424057
"Mu_Alpha1[1]";-2,05081231884562;0,150297037886483;0,000867740352821642;0,000873355966092544;-2,34403029226303;-2,1489841171241;-2,05152218143089;-1,9535286643427;-1,74989395321592
"Mu_Alpha1[2]";-2,14076731682222;0,106431241286616;0,000614481058070135;0,000614597572881313;-2,34587043180157;-2,21046096740445;-2,14168863058182;-2,07246230724036;-1,9267888850428
"Mu_Alpha2";5,91490119395905;0,503055692021663;0,00290439339206081;0,00801561066968719;4,95190286562045;5,57365460461211;5,90837009671829;6,24804773873519;6,92309656953969
"Mu_L1[1]";1,11988074078179;0,0224271576882464;0,000129483255284672;0,000130430902064206;1,07546890678894;1,10488159941294;1,11997280605288;1,13509442093624;1,16333035360687
"Mu_L1[2]";1,09102625865009;0,0239754074970091;0,000138422079723292;0,00013841744897994;1,04349575552606;1,07528024646371;1,09120605430646;1,10713931339282;1,13732316612197
"Mu_L1[3]";1,07309897629674;0,0221953525927302;0,000128144927941715;0,000128153752434876;1,02898906434083;1,05835705760708;1,07336527451025;1,08810216517009;1,11572599168877
"Mu_L1[4]";1,0900082675573;0,0214379579466373;0,00012377210791367;0,00012438015121197;1,04710630198592;1,0758790536227;1,09020357232106;1,10439589255727;1,13190476520994
"Mu_L1[5]";1,06082969573132;0,0225861517056289;0,000130401207672026;0,000131330069751025;1,01627207402039;1,04565077433655;1,06093699206144;1,07597848581566;1,10508090885849
"Mu_L1[6]";1,04553126491037;0,0232362647835138;0,000134154637277231;0,000133374777644703;0,99912143521434;1,0301887720259;1,04593493839527;1,0612034694557;1,09044793006132
"Mu_L1[7]";1,10827342288628;0,0196605039731287;0,000113509972612896;0,000113598659446913;1,06919856162545;1,09505307519137;1,10855092401598;1,12160717775986;1,14645385669499
"Mu_L1[8]";1,11573829876698;0,0206778096320794;0,000119383389573329;0,000119390836670903;1,07421920997702;1,10203603347317;1,11603966313983;1,1298276484646;1,15533231878854
"Mu_L1[9]";1,04719013328544;0,0219475202436395;0,0001267140672071;0,000127343682467571;1,00341257724063;1,03248243759811;1,04732534628008;1,06205064662952;1,08965931515481
"Mu_L1[10]";1,08134800390882;0,0237988144451632;0,000137402519263089;0,000136263362911222;1,03393199177089;1,06549797229722;1,08160904990064;1,09753654572798;1,12742996919889
"Mu_L1[11]";1,02964890889805;0,0219681212975707;0,000126833007447428;0,000126829686189681;0,985655179979696;1,01495155255659;1,02991241320787;1,04471045764823;1,0713222191429
"Mu_L1[12]";1,07181102900247;0,0215091585569711;0,000124183184829096;0,00012280531926803;1,02876849102036;1,05743237813812;1,07195123573653;1,08636659590506;1,11356049758841
"Mu_L1[13]";1,06235991383405;0,023976865359931;0,000138430496698796;0,000139844579637202;1,01471418893135;1,04649002937054;1,06260926644292;1,07857541552035;1,10847913367807
"Mu_L1[14]";1,04075510421832;0,0187049285249998;0,000107992955190813;0,000107981647271139;1,00337415313955;1,0282925146104;1,0409035101325;1,05336015538717;1,07689738605645
"Mu_L1[15]";0,985768606667735;0,0195287558486695;0,000112749324461678;0,000112744388554427;0,946641138563309;0,972770016988102;0,986072331571122;0,998891240016799;1,02374489680072
"Mu_L1[16]";1,06309576309723;0,0234790463842625;0,000135556337502697;0,000136076294204957;1,01608071304823;1,04763021107055;1,0632899932742;1,07877545974787;1,10885150959631
"Mu_L1[17]";0,98304201146149;0,0193461137357271;0,000111694839730951;0,000111698488879908;0,944946765390216;0,970064088421436;0,983153251953096;0,996209897236488;1,02021015118447
"Mu_L1[18]";0,975900739592419;0,0176398984080068;0,000101844000943404;0,000104667031537127;0,940287597347102;0,964190271919849;0,976096833042348;0,987866018346104;1,01007939964154
"Mu_L1[19]";1,0533553928294;0,0203149102337707;0,000117288188920306;0,00011648946459681;1,01294583210934;1,0396275289467;1,0535709746954;1,06716482688261;1,09251807076933
"Mu_L1[20]";1,02117025142154;0,0179312768228924;0,000103526275006106;0,00010396093781673;0,985805868943501;1,00909090531948;1,02136090386328;1,03317039214593;1,05614100865936
"Mu_L1[21]";1,02719690846539;0,0192692468468578;0,000111251048541147;0,000111644786157704;0,988618231316628;1,01447437152058;1,02735938095417;1,04029437929272;1,06455658023288
"Mu_L1[22]";1,02820942257374;0,0201953170498853;0,000116597717351211;0,000116924629305512;0,987694243706598;1,01494167490996;1,02852645519206;1,04181465685771;1,06712228047767
"Mu_L1[23]";0,994445920922543;0,0210075148285597;0,00012128694341274;0,000120505095997033;0,952459647694837;0,980657531646668;0,994624669682033;1,00866646293709;1,03534897501255
"Mu_L1[24]";1,01016588236377;0,0210017762619018;0,000121253811782693;0,000120545543002044;0,968313392375325;0,996163093612799;1,0104522129493;1,02445970578691;1,05088219337832
"Mu_L1surv[1]";1,18365647365829;0,0214652477989905;0,000123929665949692;0,000124520105107702;1,14267327373602;1,16908374521735;1,18344239702431;1,19790512615858;1,22635295843055
"Mu_L1surv[2]";1,18656717673109;0,0216954439649168;0,000125258704133332;0,000126488404332574;1,1444699919768;1,17178998549524;1,18647390158703;1,20120584361601;1,22925851400378
"Mu_L1surv[3]";1,15896891406645;0,0204973145842265;0,000118341300928676;0,00011834748831032;1,11969313978549;1,14509589011812;1,15855575841524;1,17249580861722;1,20004419797534
"Mu_L1surv[4]";1,16049112937161;0,0205507603272281;0,000118649870069767;0,000119839129199738;1,1204526265197;1,14660648067535;1,16020407927721;1,17407610722055;1,20178056276225
"Mu_L1surv[5]";1,14186037043767;0,0219116061086404;0,000126506716852006;0,00012750991389237;1,0996740331873;1,12685452919154;1,14147082641217;1,15627016636897;1,18547315703431
"Mu_L1surv[6]";1,1444228632076;0,0215368869416847;0,000124343274732882;0,000123653061472032;1,10278708314516;1,13002600489505;1,14410984090432;1,15870265921186;1,18755725506208
"Mu_L1surv[7]";1,16113797518638;0,0190440509278065;0,0001099508792963;0,000110427043152202;1,12426655047586;1,14828326568618;1,16099291657278;1,17398868373436;1,19873741702449
"Mu_L1surv[8]";1,18212252748628;0,0193245006477332;0,000111570056509239;0,000111576788795763;1,1442888858478;1,16901736685524;1,18203393494803;1,19506372879187;1,22027236601895
"Mu_L1surv[9]";1,13343141236782;0,0208079790602812;0,000120134923117454;0,0001213875575261;1,09394808363834;1,11919726417464;1,13305041850666;1,14719660182524;1,17499313421164
"Mu_L1surv[10]";1,17762162905221;0,0222421122060974;0,000128414894695362;0,000128236335353391;1,13441367025073;1,16269900430725;1,1773825397957;1,19246428155057;1,22191026303
"Mu_L1surv[11]";1,11916543791367;0,0211117801081029;0,000121888919284854;0,000121757913589621;1,07827394944305;1,10477894188186;1,1190199244462;1,13332322966255;1,16095821231118
"Mu_L1surv[12]";1,15408297171469;0,0199266467899268;0,000115046548882108;0,000115050675934368;1,11585270269055;1,14051697233111;1,153820793415;1,16742956221568;1,19337981050613
"Mu_L1surv[13]";1,16052405625422;0,0218707352195151;0,000126270748663621;0,000127895433455365;1,11860036963276;1,14561574961662;1,16025212762009;1,175049708462;1,20397547959355
"Mu_L1surv[14]";1,10306218132409;0,017911183560201;0,000103410266499868;0,000103399290473813;1,06822800127405;1,09096090685244;1,10290842768709;1,11492135531387;1,13875790968889
"Mu_L1surv[15]";1,05650516316515;0,0190869222015887;0,000110198396710887;0,000110797582081855;1,01960118747029;1,04357905608337;1,05639152658519;1,0691146291195;1,09456367155264
"Mu_L1surv[16]";1,16219965635917;0,0215445292441747;0,00012438739758688;0,000127174575346115;1,12094373258412;1,14750217681468;1,16185762976697;1,17658715945756;1,20523599577424
"Mu_L1surv[17]";1,04976830835363;0,0189619132251517;0,000109476657048917;0,000109986531827814;1,0134406632369;1,03682932018275;1,04944163138714;1,06239553267106;1,0876948734013
"Mu_L1surv[18]";1,02967660992636;0,0174935710377093;0,000100999179477093;0,00010217238138756;0,996056078996936;1,0179098161277;1,02946431224332;1,04122178602376;1,06467231606394
"Mu_L1surv[19]";1,12672122408728;0,0191372032980834;0,00011048869475685;0,000110048487125287;1,09003972928625;1,11373681645872;1,1263497425144;1,13951847360868;1,16491959632628
"Mu_L1surv[20]";1,07944220557552;0,0175154991549941;0,000101125781521265;0,0001007895638042;1,04576544296493;1,06758117826653;1,0792554060156;1,0910194672216;1,11431289909038
"Mu_L1surv[21]";1,09440100625641;0,018715458716684;0,000108053751280848;0,000108051803735688;1,05818668112078;1,08188875999255;1,09429458895833;1,10687149257734;1,13134086117885
"Mu_L1surv[22]";1,10324372266638;0,019204984208595;0,000110880028026149;0,000109762039903201;1,06583272929889;1,09037004977795;1,1030375078829;1,11607391139453;1,14127917258543
"Mu_L1surv[23]";1,06747446103126;0,0208443286762344;0,000120344787723009;0,000118940269220894;1,02731970774085;1,05324020017045;1,06729965108511;1,08136341142573;1,10873079174246
"Mu_L1surv[24]";1,07523308206875;0,0209292892007091;0,000120835307539769;0,000121256738697954;1,03485106945204;1,0609778095536;1,07484002524458;1,08929794451124;1,11688177062065
"Mu_L2[1]";2,99307387677911;0,0396889497277827;0,000229144258091889;0,000231606135308194;2,91590945634224;2,96606163130784;2,99267509339566;3,01974247172586;3,07085551596449
"Mu_L2[2]";2,9453902882671;0,0297754540564714;0,000171908664147471;0,000175095322448669;2,88725277877921;2,92525217623661;2,94523640737534;2,96530077057981;3,00441928222361
"Mu_L2[3]";2,9320705944559;0,0273950326282192;0,00015816529462361;0,000158499722524709;2,8789370597838;2,91354915293437;2,93203972195659;2,95060966102539;2,98576069018404
"Mu_L2[4]";2,97795666782372;0,0372530482179423;0,000215080574167631;0,000216559494755996;2,90509446846146;2,95272578466287;2,97746664034189;3,00307603569867;3,05097903777713
"Mu_L2[5]";2,86586536387885;0,0399865030551285;0,000230862183028303;0,000233272275479951;2,78911589039919;2,83917099882768;2,86533389480018;2,89221990324737;2,94552294329606
"Mu_L2[6]";2,89607435833455;0,0331099547484825;0,000191160412868927;0,000193333472505457;2,83199479715203;2,87364891761338;2,89588373304742;2,91825542504009;2,96165228563148
"Mu_L2[7]";2,91946196707639;0,0313438657183934;0,000180963893099579;0,000180710976605936;2,85757785771079;2,89858483893923;2,91934970727772;2,94048759426557;2,98103590490203
"Mu_L2[8]";2,94538799454453;0,0246280005323032;0,000142189827369275;0,000143172118743863;2,8982148779195;2,92855832308566;2,94529744973949;2,96204676472978;2,99412773046084
"Mu_L2[9]";2,94940138041168;0,0333825138703524;0,000192734033692744;0,000192842792403763;2,88411743664373;2,92683777726387;2,94933648077161;2,97200613073485;3,01525160127231
"Mu_L2[10]";2,96525846617679;0,0328582487318399;0,000189707187504275;0,000192614608084505;2,90127703506327;2,94316936710385;2,96489924359062;2,98695279945026;3,03119972219811
"Mu_L2[11]";2,83449874595053;0,0314201697450939;0,000181404434603137;0,000182045482238562;2,7732872248351;2,8133468905495;2,83439748602493;2,85527412261534;2,89703900225894
"Mu_L2[12]";2,70050937672764;0,027271089316078;0,00015744970757732;0,000156106423884948;2,64707612281542;2,68240331651546;2,7003473446122;2,71872861337381;2,75393486219244
"Mu_L2[13]";2,66951223614392;0,030337555538534;0,000175153958567278;0,000172984866230621;2,60958889350913;2,64911346179197;2,66960829256596;2,69007751748573;2,72875175527701
"Mu_L2[14]";2,81482060943515;0,0234026499916332;0,0001351152627242;0,000135592724126469;2,76952808893323;2,79881174556828;2,81478231601351;2,8303926507056;2,8611406273955
"Mu_L2[15]";2,54470548565742;0,0251000902373439;0,000144915438552144;0,000148511083804978;2,4953226541348;2,52787834653588;2,54465263628761;2,56156906938727;2,59482795410997
"Mu_L2[16]";2,68257558975474;0,0273955680385079;0,000158168385816353;0,000158504234167318;2,62898556530041;2,66423650090861;2,68248489435423;2,70094470326598;2,73660092353325
"Mu_L2[17]";2,60182970884145;0,0290161709709151;0,000167524941209101;0,000172393682188666;2,54605924657948;2,58239859121602;2,60113363244797;2,62102626326118;2,65964083575972
"Mu_L2[18]";2,54352377029646;0,0259684180681788;0,000149928731620918;0,000150056822564915;2,49316973194649;2,52595295081886;2,54338596365035;2,56108193258145;2,59476216190354
"Mu_L2[19]";2,63653533708283;0,0255941010819271;0,000147767611493171;0,000154299294284244;2,58644546005729;2,61922405001155;2,63641934681773;2,65353696016112;2,68693190079832
"Mu_L2[20]";2,63046493821742;0,0238593442147049;0,000137751988050478;0,000138767842129929;2,58384683846303;2,61432329107205;2,63032536592891;2,64639695517415;2,67742752758784
"Mu_L2[21]";2,71572124565183;0,0236775593541547;0,000136702452668746;0,000137729164143176;2,67022667745644;2,69947810500713;2,71543837720489;2,73172154033206;2,76257526733014
"Mu_L2[22]";2,72994052773591;0,0243204927374497;0,000140414430287909;0,000141745699792986;2,6820359673003;2,71356494502818;2,7299480357133;2,74607662448436;2,77792367771824
"Mu_L2[23]";2,66595706941094;0,0293521067828538;0,000169464467523633;0,000169519398387058;2,60863486915569;2,64609542203287;2,6660472301716;2,68577328319671;2,72358558357304
"Mu_L2[24]";2,73016274073522;0,0299481432812852;0,000172905685851795;0,000172912113733962;2,67219550596143;2,71021536367399;2,73004207890882;2,74997134229215;2,78997401064142
"Mu_L2m[1]";3,0082756834512;0,0379424272260709;0,000219060705726798;0,000229222414010056;2,93369106377551;2,9826378493666;3,00818949898627;3,03400179568135;3,08172253430627
"Mu_L2m[2]";2,97467801825644;0,0300291756496344;0,00017337352644859;0,00018508720358451;2,91624321061593;2,95434955109715;2,97437914866603;2,99485294802784;3,0345272017043
"Mu_L2m[3]";2,95961664472889;0,027772178286216;0,000160342746095291;0,000167132324665087;2,90627550468119;2,94072547823963;2,95955962915863;2,97823549108942;3,01460577687188
"Mu_L2m[4]";3,00449287915798;0,0363319702867869;0,000209762728252659;0,00021891115099028;2,93330593456344;2,97988500530765;3,00412536436387;3,02890524944453;3,07571806675294
"Mu_L2m[5]";2,88881553385349;0,0394293604633246;0,000227645518774752;0,000230768513266955;2,8129757437843;2,86214352156104;2,88822168399181;2,9149560853265;2,96746696937088
"Mu_L2m[6]";2,91680238887939;0,0333628307425087;0,000192620393101153;0,000205182476055019;2,85247213340761;2,894134336295;2,9165001012614;2,93918747687118;2,98293808122253
"Mu_L2m[7]";2,96537062657532;0,031599841123205;0,000182441767788318;0,000194957864968263;2,90396315392264;2,944137559143;2,9650216480317;2,98662326297569;3,02781583947539
"Mu_L2m[8]";2,96110353657504;0,0249443294011931;0,000144016152945335;0,000145866557346854;2,91322679247144;2,94407847135573;2,96094335178378;2,9778986356091;3,01085251355834
"Mu_L2m[9]";2,98303563014006;0,0337525733206199;0,000194870572925025;0,000196296979898374;2,91792045662037;2,96012252599565;2,98270433935621;3,00560994370355;3,05023214995821
"Mu_L2m[10]";2,98372811742799;0,0328815389633681;0,000189841653718697;0,000194943734026747;2,91999591824538;2,96143244923962;2,9833469326335;3,00550346474379;3,04967057198694
"Mu_L2m[11]";2,86441606078056;0,0320321971415154;0,000184937976423891;0,000199522527868963;2,80239851511135;2,84266157541799;2,86425941812191;2,88557646044142;2,92883440900204
"Mu_L2m[12]";2,74709309184681;0,0281879668193369;0,000162743302310524;0,000175195460448225;2,69285099651249;2,72819019754597;2,746731473442;2,76576261498107;2,80347523170993
"Mu_L2m[13]";2,70861703762662;0,0312814950882483;0,000180603796098541;0,00019885776318515;2,64758261355966;2,68738938688019;2,708391394209;2,72968901339575;2,77086923936349
"Mu_L2m[14]";2,84407047514714;0,0242299869922166;0,000139891895124174;0,000146390011475037;2,79781079808502;2,82754847840315;2,84376472619199;2,85998571541793;2,89259965250214
"Mu_L2m[15]";2,58349190395206;0,0263366502115382;0,000152054720891846;0,000172988928313544;2,53302457636474;2,56559896402258;2,58286079853045;2,60106351484025;2,63680220470761
"Mu_L2m[16]";2,71848731120337;0,0280452892031214;0,00016191955270923;0,000169256406966263;2,66377791774992;2,69958217190965;2,71816656205372;2,73709333533006;2,77439442477437
"Mu_L2m[17]";2,63155085573585;0,0301978021019304;0,000174347091724845;0,000196470339416306;2,57427129663004;2,61113394510093;2,63071513204014;2,65140292641001;2,69238632324665
"Mu_L2m[18]";2,57693155756119;0,0269752815806741;0,000155741860820682;0,000164798114593278;2,52525283017979;2,55854086589444;2,57654975177596;2,59493121434144;2,6310982954584
"Mu_L2m[19]";2,65673385634886;0,0262917768310543;0,000151795644308827;0,000165791727511029;2,60582638316381;2,63891470264533;2,65640886409963;2,67414048826076;2,70909564015685
"Mu_L2m[20]";2,65684416794483;0,0246951489694282;0,000142577509051773;0,000149061815850108;2,60931460003869;2,64014312543387;2,65657003610072;2,67337748677352;2,70599052976379
"Mu_L2m[21]";2,73958751971585;0,0243370312137548;0,000140509915225377;0,000154712578073827;2,69297330230677;2,72308001789575;2,73916962844067;2,75580889956086;2,78849300862094
"Mu_L2m[22]";2,75284414427857;0,0248847456455693;0,000143672145971848;0,000153194689352725;2,7045915369411;2,73599645743581;2,75281174089282;2,76940230530866;2,80258845329043
"Mu_L2m[23]";2,69858783039161;0,0295594304478074;0,000170661451261336;0,000173329836462714;2,64169606874253;2,67856753719412;2,6983063014844;2,71841394960576;2,7578211354617
"Mu_L2m[24]";2,75014112056597;0,0301858412166096;0,000174278035521249;0,000178143105738251;2,69195816266641;2,72984407326559;2,74981816857665;2,77007948911748;2,81077437700519
"Mu_L2nm[1]";2,7989501953334;0,0453107052362212;0,000261601478653041;0,000327251569065828;2,70661240969673;2,7694439697499;2,80016389672004;2,82993216103089;2,88444214442131
"Mu_L2nm[2]";2,81633170568639;0,0334581836187321;0,000193170913188709;0,000239614463636626;2,74902915020053;2,79436259036275;2,81697509250309;2,83928365179977;2,88039745999891
"Mu_L2nm[3]";2,81996697873221;0,0303430547630807;0,000175185708355002;0,000211738696296957;2,75829179080219;2,80003437082518;2,8205356862699;2,84073678689909;2,8771993462808
"Mu_L2nm[4]";2,81724196172474;0,0418669992691914;0,000241719232982295;0,000294890852117003;2,73180065631346;2,78979144525214;2,8184069793869;2,84554768001686;2,89630183332395
"Mu_L2nm[5]";2,68157447183778;0,0449215329077097;0,000259354591166768;0,000321040112829966;2,59039657011872;2,65189053681517;2,68263305962542;2,71224561069816;2,76691751719973
"Mu_L2nm[6]";2,74648398453067;0,0361812129246833;0,000208892330216731;0,000248991565854433;2,67285834482039;2,72296540972135;2,74719741490394;2,77082941932956;2,81537341988262
"Mu_L2nm[7]";2,7833986242443;0,0355438913255531;0,000205212752248549;0,000260408830732267;2,71127436123833;2,76038781117391;2,78409550171659;2,80758699536585;2,85119789910932
"Mu_L2nm[8]";2,84219273575591;0,0274730934904336;0,000158615979221736;0,000197546774154934;2,7870623620376;2,82405042671784;2,84260120955364;2,861089149178;2,89445454245619
"Mu_L2nm[9]";2,83659615461796;0,0366715117269444;0,000211723071671419;0,00025023349256626;2,76244695235891;2,81243364863252;2,83741424880599;2,86174454937656;2,90577148660482
"Mu_L2nm[10]";2,83177725899484;0,0365424228720999;0,00021097777682048;0,000242383784341672;2,75771854336477;2,80764153087132;2,83254361336877;2,8567677762659;2,90087320747327
"Mu_L2nm[11]";2,71103885233618;0,0343661289034021;0,000198412937733846;0,000234418262750861;2,64171809743517;2,68808696189495;2,71185013032395;2,73437580195921;2,77693516888479
"Mu_L2nm[12]";2,60805752574701;0,0296901186796067;0,000171415980119429;0,000204319943291456;2,54878615306476;2,58851863327332;2,60836452772738;2,62813211193754;2,66483298848761
"Mu_L2nm[13]";2,5549531735479;0,0323731178064324;0,000186906282800512;0,000216660996431662;2,48981332523621;2,53344690877252;2,55541551310715;2,5771369727519;2,61682493322662
"Mu_L2nm[14]";2,73490726199457;0,0254753168819967;0,000147081810595118;0,000173029186537093;2,68364682141317;2,71812999252877;2,73550793196744;2,75220789180794;2,78390488123077
"Mu_L2nm[15]";2,46936512847664;0,0260813321491299;0,000150580641371242;0,000172292257209849;2,41695667916148;2,45200408971137;2,46972869712957;2,48706568370926;2,51969417308551
"Mu_L2nm[16]";2,58123728441701;0,0301063937577397;0,000173819345403599;0,000208514896503844;2,51990488719955;2,56154147957627;2,58178471253327;2,60181940764019;2,63895212930526
"Mu_L2nm[17]";2,50616334651261;0,029606203731847;0,000170931496942648;0,000191713453673466;2,4475750369142;2,48640612719398;2,50630952378812;2,52623575169703;2,56327097665895
"Mu_L2nm[18]";2,44913734335922;0,0270884733990241;0,000156395374088626;0,000180430503222512;2,39490195639377;2,43087089816613;2,44958277281631;2,46751175904718;2,50117058638473
"Mu_L2nm[19]";2,53997649743291;0,0270182071835589;0,000155989691904488;0,000186542921720829;2,48602229485242;2,52190881402529;2,54049135908225;2,55849136636489;2,59170913139448
"Mu_L2nm[20]";2,54322747723818;0,0255074535792285;0,000147267351903094;0,000170533714593548;2,4920453345306;2,52633241728492;2,54372016883498;2,56067016429818;2,59187293970379
"Mu_L2nm[21]";2,61255737036565;0,0260523672299223;0,000150413412332226;0,000185709907690593;2,560279933013;2,59510554204075;2,61287553226874;2,63034056241675;2,66232792431336
"Mu_L2nm[22]";2,62729430430233;0,0266801356965131;0,000154037835263976;0,000189121598218555;2,57315417061934;2,60991249855592;2,62796881600426;2,64560029009453;2,67785367071821
"Mu_L2nm[23]";2,55771841778388;0,0322098743347974;0,000185963796177593;0,000215481866574263;2,49304870794213;2,53637016473223;2,55845036282227;2,57976099942334;2,61899139248318
"Mu_L2nm[24]";2,60128362212122;0,0337922456670019;0,000195099621323655;0,000244724956363637;2,53315275691431;2,57897286661694;2,60200100645793;2,62425430716014;2,66582116806887
"Mu_Mu_L1";1,04955265011913;0,0125759482946458;7,26072713322857e-05;7,30880479075645e-05;1,02490450698994;1,04122009214361;1,0494014333006;1,05777866480968;1,07445590998185
"Mu_Mu_L1surv";1,12549085659425;0,00537958778253603;3,1059064543764e-05;3,10969249478147e-05;1,11474333361219;1,12190285361585;1,12548217515103;1,12911427567835;1,13607607533251
"Mu_Mu_L2";2,78794021439242;0,0335911796062249;0,00019393876588051;0,000193937578567408;2,72297251790503;2,76564073493253;2,78754552954421;2,80948773163516;2,85595396966442
"Mu_Mu_L2m";2,81563816633938;0,00809691260125977;4,6747546699422e-05;8,82509270439759e-05;2,79987636165194;2,81010113812779;2,81566004704235;2,82109972281065;2,83153908144904
"Mu_Mu_L2nm";2,66964298654556;0,0112314931530085;6,48450559529091e-05;0,000151286696197398;2,6475711359615;2,66202720678318;2,66964471842349;2,67719571921601;2,69159449256994
"Mu_N1[1]";2552,21843442393;317,832484233796;1,83500670329589;1,81590218750965;1990,33755150863;2329,87946374817;2531,53724861022;2753,41166105227;3233,20161463626
"Mu_N1[2]";10117,9659187676;274,663271555972;1,58576913769344;1,59587366678214;9584,62934665534;9930,401037506;10115,2955123464;10300,3324450934;10665,086881776
"Mu_N1[3]";5047,38744919724;359,028022253851;2,0728492529488;2,07035147860828;4378,22890671954;4803,02110551325;5035,24791222878;5279,22019886385;5788,01960252121
"Mu_N1[4]";2823,00369578564;222,676217020138;1,28562173838704;1,28570821248338;2414,84981713039;2669,23313810746;2814,03279476056;2966,53637142295;3284,32844749754
"Mu_N1[5]";3240,31283681709;257,422860934689;1,48623158056206;1,47186596242652;2766,4872582061;3062,95962156614;3230,27906615983;3405,94470599325;3778,06348871728
"Mu_N1[6]";12038,5309425109;716,627523968028;4,13745093871636;4,13756025153219;10695,7499615492;11543,4204780096;12021,6556047881;12514,3002978175;13494,4043921723
"Mu_N1[7]";1373,18212062496;86,1279585415814;0,49726000048735;0,500237153404266;1213,06910548843;1313,29843571236;1369,99197287271;1430,39607276427;1549,27846460438
"Mu_N1[8]";10273,4335980487;213,099860433301;1,23033261785438;1,24968499393171;9860,97277348638;10128,336453324;10270,6784952046;10416,5470560797;10697,3047731225
"Mu_N1[9]";7973,7213120431;168,699020064444;0,973984246462331;0,97532208148997;7650,68010479792;7859,46673261937;7971,86199884048;8086,28258305494;8307,62340864859
"Mu_N1[10]";10929,4505148926;253,616376067245;1,46425482993321;1,46462965075594;10440,5332485524;10756,4750284119;10927,7333719052;11097,2508311951;11435,7256404379
"Mu_N1[11]";7487,42009462907;430,919253280003;2,48791346880202;2,5223908117081;6679,68682089012;7191,3672924739;7476,21239773469;7770,65281501404;8366,39679470466
"Mu_N1[12]";7689,12212939854;282,761750488496;1,63252572761063;1,63943813137235;7146,49958420313;7497,78351889689;7682,65796321971;7874,69233851515;8261,46739720956
"Mu_N1[13]";10533,4838721738;617,753985898594;3,56660430051517;3,56667998219723;9381,89125537105;10107,438238047;10511,8675538986;10942,728142609;11798,7818606573
"Mu_N1[14]";14044,6270689836;635,341718136899;3,66814711993738;3,66836166629922;12840,2569166814;13607,1464267847;14032,2459065409;14467,0826492391;15321,2460929415
"Mu_N1[15]";10829,9401281813;461,029428903177;2,66175464881589;2,69173538826069;9955,9273995988;10512,6382386904;10818,7690221946;11135,9500762438;11760,0342498929
"Mu_N1[16]";9104,79686365142;677,525539251904;3,91169552469933;3,8833843570899;7852,000798203;8634,74145434925;9075,22272111278;9545,36130473806;10504,4815251903
"Mu_N1[17]";8780,65860191943;813,703938518008;4,6979218794403;4,70371366943454;7290,87163196481;8212,14362726478;8749,0565017756;9301,56855946398;10482,2761505319
"Mu_N1[18]";9471,82701098754;1279,34127122018;7,3862802732437;7,44231561333255;7184,37634609938;8575,55264530237;9391,64774735691;10284,4647454976;12193,4053689019
"Mu_N1[19]";10513,2597866677;561,518510973281;3,24192863465382;3,21547606072714;9453,86253098622;10127,540125161;10498,5982452398;10881,6843690657;11651,0228582975
"Mu_N1[20]";7011,34909010095;525,840755523406;3,03594301752315;3,03859887074008;6036,94668143834;6649,3119742758;6993,27320812983;7348,90316670632;8109,40018273033
"Mu_N1[21]";10025,9191749833;381,292412623562;2,20139277068175;2,21106974347813;9293,99972342054;9766,90787112207;10018,1675169494;10279,5775757328;10786,3430580098
"Mu_N1[22]";6411,06123685444;441,614796219879;2,54966421475669;2,53112819007271;5585,24304544928;6109,16900342915;6396,86161012504;6696,94406691606;7315,08104426183
"Mu_N1[23]";5379,42994341738;490,923469080222;2,83434797024971;2,84100525130357;4478,13108302594;5035,81991877511;5353,51062245765;5697,02868701232;6399,39143696768
"Mu_N1[24]";5429,40652417524;283,777718560968;1,63839142201193;1,63867379843841;4893,99860806806;5234,32391478117;5422,08754427183;5618,57959912899;6004,57724327481
"Mu_N2[1, 1]";390,532906690772;45,9055766782703;0,265035970525044;0,264783628143777;303,322899993676;358,88768793818;389,579515498372;421,049626157841;482,852573195675
"Mu_N2[2, 1]";458,7114923333;51,2793489269537;0,296061459068454;0,29676866705058;361,073871508027;423,43732268625;457,831150051003;492,636505819616;561,750121924319
"Mu_N2[3, 1]";285,84142343224;34,791876072539;0,200870990160925;0,201839592573238;221,522904417928;261,45406693087;284,940234288822;308,75270067681;356,600966624571
"Mu_N2[4, 1]";320,276773218285;46,3843703428796;0,267800287036528;0,2651950016306;236,522765434986;287,917022694843;317,837525226084;349,980332009557;417,770315479355
"Mu_N2[5, 1]";248,719994119341;38,578490887856;0,222733020990332;0,222732641812128;175,487786926721;222,052651242996;248,054774645949;274,470708270757;326,091739615111
"Mu_N2[6, 1]";491,75111494317;57,739233039721;0,333357617382855;0,333038130604779;381,014706982824;452,188481441723;490,806800955715;530,203980093758;608,396031400147
"Mu_N2[7, 1]";281,013106947618;30,0327584573489;0,173394211798574;0,173362233946002;223,715507149119;260,339934511246;280,613758684409;300,932505502417;341,758262083599
"Mu_N2[8, 1]";945,695385549099;71,6182420133189;0,413488113052774;0,410698748217268;808,179530061753;896,344240965748;944,720698220838;993,416595658907;1088,95330050548
"Mu_N2[9, 1]";408,439047793069;37,9991983714903;0,219388474087699;0,222823002774891;336,041696778825;382,278593608014;407,542412463284;433,699295520217;486,091765169615
"Mu_N2[10, 1]";712,813147221161;56,3506694192999;0,325340741582484;0,326589158590873;604,525786862971;674,225375090642;711,943572274405;750,758550309438;824,688756707106
"Mu_N2[11, 1]";412,25713231887;44,7302371530672;0,258250144612392;0,259214921405818;328,419480795872;381,302370472719;411,016880864822;441,826555959492;502,606841529995
"Mu_N2[12, 1]";368,909288041153;37,5069939993821;0,216546730820369;0,216533029086121;299,917028456172;342,927082110079;367,549342540554;393,279873675995;446,607520874031
"Mu_N2[13, 1]";276,515730928033;34,5730104209275;0,199607368732182;0,20233193364326;212,000174896996;252,569680286172;275,404999287952;298,940769306195;348,037782178144
"Mu_N2[14, 1]";851,555906824809;70,759738249306;0,408531539260243;0,409754054996642;713,547416592609;804,150862545612;851,249986189498;899,670619344038;990,287006270137
"Mu_N2[15, 1]";356,810360248517;43,186064311181;0,249334858553008;0,248204818975905;276,996186515743;326,963602284172;355,099005633261;384,869616961328;445,961802209073
"Mu_N2[16, 1]";409,903327870459;53,0638812483975;0,306364461230086;0,307357732939764;312,464869458922;372,583056097701;407,661537634772;444,500512330683;519,974731372306
"Mu_N2[17, 1]";695,789902481478;62,0475307513052;0,358231585818176;0,357068122527995;576,428316677614;652,957801597591;694,719490215061;737,471769918341;820,296567317738
"Mu_N2[18, 1]";768,840577197452;63,979597421123;0,369386377937293;0,365326684882263;646,512097242277;725,159454993591;767,855413081247;811,064371621542;897,564651504136
"Mu_N2[19, 1]";566,940686375425;46,7489345119824;0,269905099248212;0,270510534706775;478,091700402445;534,83467354934;566,435532061333;597,988118303869;660,759755098951
"Mu_N2[20, 1]";649,943415907613;58,4013845751827;0,337180551055286;0,333508740372935;536,538164939217;609,742283595028;649,290772594833;689,450697620154;766,445363079971
"Mu_N2[21, 1]";918,238378627048;76,0610919877673;0,439138919339944;0,438620009468532;771,2777539882;866,69336914948;917,547279791687;968,870655251985;1070,02445894205
"Mu_N2[22, 1]";260,935056146665;39,5916254492235;0,22858235610764;0,230511187169496;187,806672367502;233,403116970555;259,378786457006;287,114292595941;342,315439489605
"Mu_N2[23, 1]";185,488208777548;46,302795033343;0,267329311767326;0,264460144715293;101,299698307045;152,929002636031;183,111071693534;215,730789877646;281,935984983572
"Mu_N2[24, 1]";396,759958998939;72,4558083330705;0,418323804454502;0,419592607317403;257,678996540854;346,933063174193;395,891173711488;445,832829782648;540,001937862782
"Mu_N2[1, 2]";269,578768544006;41,3477372080724;0,238721272074625;0,23845573438945;193,090896864787;240,652370189653;268,091330049288;296,600362910316;355,033877561655
"Mu_N2[2, 2]";507,661232718141;51,8892919672415;0,29958296685346;0,301046352079843;408,740390702144;472,043973816177;506,835462689579;541,933878541297;612,723049420182
"Mu_N2[3, 2]";173,305535260573;28,9526949585805;0,167158462281015;0,166837705549791;120,095623181095;153,200821572524;171,888335837402;192,020232270406;233,626453529736
"Mu_N2[4, 2]";167,018945061855;33,3183432535351;0,192363544463809;0,192977758980319;108,386547530657;143,581534045773;164,629010753478;187,951127111088;238,9695128415
"Mu_N2[5, 2]";231,981794837527;37,0327842101362;0,213808879325634;0,212297245035867;162,201651952319;206,488581135354;230,769896157533;256,533872540149;307,09274532319
"Mu_N2[6, 2]";430,616163811352;54,6110007948447;0,315296760096185;0,316248733843445;329,099022952473;392,320095902917;429,321510044421;466,845088645317;541,82779279346
"Mu_N2[7, 2]";127,16963107752;22,9105920462876;0,132274364852178;0,131803748466854;86,0736875569291;111,328440481505;125,671495058384;141,687276537096;176,234990928562
"Mu_N2[8, 2]";769,317029877926;68,394906705363;0,394878177975407;0,393332333042377;639,073456330528;722,650937831452;768,058762488073;814,685748272538;907,373659760366
"Mu_N2[9, 2]";392,534195697032;37,2663300101659;0,215157256630787;0,215164139943549;322,638602183458;366,781263453039;391,688133311878;417,416181203149;467,79399962011
"Mu_N2[10, 2]";651,033033832631;54,3904403654764;0,314023353863501;0,316303477433663;548,581302221998;613,591926541781;649,838597952003;687,185263714142;760,704102172183
"Mu_N2[11, 2]";397,78545240946;43,4875037241495;0,251075219815226;0,249848351446914;316,490713694445;367,71023466197;396,531763370727;426,430303280216;485,40992128101
"Mu_N2[12, 2]";250,330273078435;31,7259270862342;0,183169725435278;0,179310625078472;191,644645914882;228,37829909981;248,774202048313;271,075529126251;315,977259617463
"Mu_N2[13, 2]";243,1581294885;32,7630141802026;0,189157350564035;0,190850356004854;182,862972145335;220,197022268471;242,104127854548;264,882166797728;310,556873946722
"Mu_N2[14, 2]";564,451996601187;64,9609604012425;0,37505227974474;0,370487756857951;442,1057766251;520,064392899684;562,36677154657;607,447684092988;696,182232088769
"Mu_N2[15, 2]";439,516625205249;45,0623481617756;0,260167588415178;0,261415271744043;354,518322858181;408,80008530951;438,431845270447;468,933050751358;531,289788854049
"Mu_N2[16, 2]";345,495030077332;48,1295496147079;0,277876084260271;0,274596016112109;256,849581894897;312,000682739838;343,62116794981;376,925344700645;444,995204190595
"Mu_N2[17, 2]";379,268326747899;52,9381640294941;0,30563863252833;0,305580273751931;280,135470592853;342,794978167964;377,216133604732;414,181957752592;487,239666473131
"Mu_N2[18, 2]";470,263246429451;54,5084349799142;0,314704596087587;0,310778173524811;369,175789676812;432,185265066254;468,366688903977;506,073709311692;581,386225569712
"Mu_N2[19, 2]";412,955629325443;42,3377249293938;0,244436968848618;0,24441309524715;333,522869839089;383,732826217975;411,695270863702;441,056654314652;498,898940637852
"Mu_N2[20, 2]";437,416657191823;52,9481153190095;0,305696086325135;0,30631849410063;338,033521099033;401,080278131406;435,729412138409;471,967707791649;546,693604931301
"Mu_N2[21, 2]";643,133119873676;69,8267799640343;0,4031451020888;0,40136864997487;511,374683941699;595,328466205974;641,242979291148;689,262844295084;785,407833438062
"Mu_N2[22, 2]";257,372955439026;39,0521165460625;0,225467500002938;0,225618446984401;184,553656762153;230,178775789432;255,974449340892;282,760732649415;337,543380898459
"Mu_N2[23, 2]";240,2054358864;46,5621904022106;0,268826931627749;0,267255279589082;153,467006856993;208,007238683099;238,67394239454;271,021108584808;335,806673323058
"Mu_N2[24, 2]";289,187923688829;67,0694136489293;0,387225440245997;0,383694875742454;166,557850232405;242,084118126423;286,421964548781;333,17438244609;427,583292151714
"Mu_N2m[1, 1]";351,032126523341;41,6495189140053;0,240463609566194;0,24111622162959;272,233616089459;322,345079521474;350,166409971283;378,650676767369;435,823086522522
"Mu_N2m[2, 1]";370,76101033019;41,2039984836316;0,237891396162136;0,236177332771493;292,883241103406;342,661169884431;370,05511697142;398,120574186609;454,507072925578
"Mu_N2m[3, 1]";228,497454518481;28,4552636155728;0,164286541083127;0,165024603145995;176,003536078224;208,642055120406;227,638745719513;247,37259812934;286,8688415735
"Mu_N2m[4, 1]";269,370411058543;41,3706517027138;0,238853568971121;0,236441914400405;195,488079026247;240,149075754191;267,150686806612;295,39283067118;357,956968235925
"Mu_N2m[5, 1]";219,050301424316;33,9431677399381;0,195970970318019;0,195326234532963;154,295602142159;195,576707895076;218,519119193157;242,015508958;286,779758018097
"Mu_N2m[6, 1]";429,497270801072;51,4325293940767;0,296945846907735;0,298302074285191;331,785809318523;394,159695965215;428,363650224275;463,382126391974;534,133287915535
"Mu_N2m[7, 1]";207,589219296529;24,1709462600727;0,139551023298209;0,140758027489654;162,757537018004;190,813496381735;206,883737823606;223,665964113328;257,009257265859
"Mu_N2m[8, 1]";819,418976326882;62,7961411496096;0,362553689967968;0,359453994734886;698,734068425604;776,494070112595;818,315987002892;861,190566628086;945,682338411462
"Mu_N2m[9, 1]";312,363229174507;28,75131351354;0,165995785965976;0,166664814808158;257,208070773463;292,902553890767;311,813740371888;331,310635763031;370,357899097477
"Mu_N2m[10, 1]";621,516690002588;49,6117220238056;0,286433410654051;0,287489108303003;526,521770692016;587,450667001837;620,991480150826;654,748978503685;719,681700064739
"Mu_N2m[11, 1]";331,281879109418;36,5405795568328;0,210967134434824;0,210977421974419;262,371744899123;306,043198290587;330,173352634915;355,22852933619;404,999690321357
"Mu_N2m[12, 1]";245,750618961111;26,2663306468702;0,151648730695942;0,147785338649797;197,475142972053;227,554489619905;244,646316166918;262,708101113251;300,549516272513
"Mu_N2m[13, 1]";207,196484919634;27,1820151822642;0,156935437825967;0,157807154808124;157,17331042947;188,360676530768;206,039901250662;224,817240133333;263,697816078616
"Mu_N2m[14, 1]";623,215607768589;52,8141741239162;0,304922776474708;0,317805088610222;519,795048155294;587,70982575812;622,688956116578;658,686854904125;726,982520156654
"Mu_N2m[15, 1]";236,70285235741;27,9093331897961;0,161134610300317;0,160817874543686;184,629015233579;217,291941476494;235,91095531659;255,274566050105;293,733139071198
"Mu_N2m[16, 1]";303,498557875163;41,9541562508464;0,242222434050498;0,240082968187472;227,72256648418;274,025376592644;301,483388944581;330,63938223232;391,752746815961
"Mu_N2m[17, 1]";533,084812816911;49,6578526968954;0,286699746219314;0,284631411796873;438,619997582014;499,149424253168;532,126343047191;566,258582573054;632,504722668268
"Mu_N2m[18, 1]";573,026614417044;49,7527325780695;0,287247535468679;0,282921310150794;478,63737577782;539,203771221004;571,578954090579;605,905497903144;673,566232877007
"Mu_N2m[19, 1]";469,532572554515;39,6516019593928;0,228928630650553;0,230469165461595;394,528909570886;442,030379657341;468,858815861918;495,778479249672;549,946651023789
"Mu_N2m[20, 1]";499,893167078689;46,9466572722043;0,271046652136603;0,26815680040255;409,398638286791;467,63294786569;499,034356814746;531,333703144532;593,9733825821
"Mu_N2m[21, 1]";745,763507440296;58,4673074858564;0,337561157157518;0,33611521056067;631,578050582752;706,086488754775;745,681259645908;784,975489778175;860,977317005342
"Mu_N2m[22, 1]";213,479143675533;33,2928880331456;0,192216578680367;0,193907541314739;152,379849230774;190,11947024429;212,121848300487;235,496215067156;281,977310736237
"Mu_N2m[23, 1]";142,706499386022;35,2537469176658;0,203537602728573;0,201980632177755;78,2625267915308;117,74369936285;141,276938114732;165,818172551426;215,54791974976
"Mu_N2m[24, 1]";343,984339788486;63,541749253546;0,366858460363145;0,366900274055858;223,329025179639;300,157717605227;343,248373746508;386,772790804729;470,043103100846
"Mu_N2m[1, 2]";242,318659120086;37,4094801647518;0,215983734433634;0,215775023406155;173,016762187943;216,079457111866;240,893135721169;266,84615718059;319,105194922762
"Mu_N2m[2, 2]";410,330947360435;41,7094555549758;0,24080965392418;0,242857130292672;330,807821170316;381,638760800398;409,691815481651;437,902193318587;493,896566947529
"Mu_N2m[3, 2]";138,526437577048;23,3576671644513;0,134855554250376;0,136131467937983;95,7514932648139;122,278197316564;137,441585170861;153,702421242228;187,248705588423
"Mu_N2m[4, 2]";140,455097625555;28,8593365006016;0,166619456972564;0,167604872204271;90,0288475130877;120,228338631646;138,22832917561;158,342598460871;203,020406172451
"Mu_N2m[5, 2]";204,323295745349;32,6861365277231;0,188713497230498;0,18659656084323;142,976366441888;181,647174498701;203,317205490139;225,795270194724;270,839223692578
"Mu_N2m[6, 2]";376,095650822468;48,484916963749;0,279927798606571;0,281425163364843;286,424711865183;342,207361870087;374,558497778986;407,887993670999;475,521450927628
"Mu_N2m[7, 2]";93,9393809618641;17,4719082995023;0,100874109599741;0,101108119016819;62,9689314328067;81,8541563832141;92,7677331750183;104,950493891011;131,319566345979
"Mu_N2m[8, 2]";666,580976228947;59,6376275470973;0,344318003181473;0,342669431750427;553,417997469103;625,858288909773;665,437228385326;706,128450768695;785,788590588843
"Mu_N2m[9, 2]";300,200512567808;28,2192896649488;0,162924144843982;0,162928424279849;246,992112999906;280,686377047174;299,656988663148;318,817912368839;357,37970443601
"Mu_N2m[10, 2]";567,651452835469;47,8709348262714;0,276382971083068;0,280397467585091;477,150056044732;534,859870738199;566,731413984008;599,310826597003;664,25958991545
"Mu_N2m[11, 2]";319,675880223731;35,7191745408833;0,206224750364102;0,206224369015201;252,731003363084;294,815074241267;318,560697190135;343,235701890652;392,546735029504
"Mu_N2m[12, 2]";166,764938156638;21,890489194855;0,126384798293421;0,126120345777181;126,628486926741;151,518159967198;165,828813061965;180,953569064327;212,10178616388
"Mu_N2m[13, 2]";182,201883268419;25,6164532601338;0,147896661854217;0,148500039210666;135,239803753006;164,122175847066;181,19951888531;198,923503064214;234,916223534229
"Mu_N2m[14, 2]";413,10028396423;48,0620660145599;0,277486467513157;0,273095474970175;322,127578648131;380,065836400251;411,480370658783;445,002147099564;510,474537668057
"Mu_N2m[15, 2]";291,590707487474;29,072605809604;0,167850767902188;0,164734372513728;236,240227870829;271,873233264715;290,968218409152;310,532075365206;350,775781838522
"Mu_N2m[16, 2]";255,798837024963;37,6560587192824;0,21740735638198;0,214020391956634;187,037079358691;229,528266538139;253,98998591428;280,278136950429;334,42820274564
"Mu_N2m[17, 2]";290,570047711793;41,2553879052777;0,238188093126345;0,240167666163727;213,843204266701;262,230032386283;289,041599494001;317,482383903628;375,607376686246
"Mu_N2m[18, 2]";350,49694928538;41,5804340014989;0,240064747637868;0,237560556183079;273,55731815009;321,380166889428;348,872089839705;378,02074344587;436,554941507706
"Mu_N2m[19, 2]";342,003418691001;35,6125711257343;0,205609275259774;0,205592987498375;275,226393878134;317,380383281458;340,75059219084;365,529999430045;414,613212795792
"Mu_N2m[20, 2]";336,425085750874;41,6958839346928;0,240731298137943;0,243686081003045;258,692036122801;307,643646833766;334,657438384911;363,528358657211;422,498011706715
"Mu_N2m[21, 2]";522,376669780034;55,3689042221646;0,319672517574013;0,31873996140746;417,367460169303;484,473281043847;521,358926326018;559,302627431919;633,892762506736
"Mu_N2m[22, 2]";210,558887870568;32,808993433395;0,189422811906113;0,189458145942564;150,059267416871;187,808778417212;209,406894717223;231,663965597842;278,595127129322
"Mu_N2m[23, 2]";184,889563691003;35,679921756855;0,20599812430985;0,205140518316707;118,067295193644;159,941705380715;184,129381102784;208,771005741577;257,634771479544
"Mu_N2m[24, 2]";250,7255381502;58,5881219507377;0,33825867979573;0,339586140375632;143,949885960789;209,543472301114;248,264995131272;289,068807073866;371,88249177571
"Mu_N2nm[1, 1]";37,4631257790181;8,77900021461303;0,0506855813712261;0,0505670222655859;23,0003483400905;31,2191146748396;36,5383557954378;42,74749503194;57,1631776129085
"Mu_N2nm[2, 1]";87,5295342880982;15,7591785609773;0,0909856598438763;0,0914287333759495;60,4390940058671;76,3884424093851;86,2613045372858;97,1273886123808;121,740230385381
"Mu_N2nm[3, 1]";57,2364133451296;12,0814974115365;0,0697525578276438;0,0697560007411188;37,0005734560495;48,6241445892312;56,079823507391;64,5171133305112;84,085831754237
"Mu_N2nm[4, 1]";49,9468040686739;10,5948647458616;0,0611694801305087;0,06078530974315;32,3455133394313;42,401993871959;48,8443472705553;56,3548386164024;73,5388600101712
"Mu_N2nm[5, 1]";29,1302018097574;7,69179749236345;0,0444086135276813;0,0446762425116697;16,6850874785358;23,6516844492953;28,2086310843235;33,6623924469958;46,6818269051015
"Mu_N2nm[6, 1]";61,8393176136574;10,7342027034494;0,061973948203725;0,0612255579444491;42,9834144876128;54,319275988073;61,0562944602452;68,4688072201855;85,1786921343318
"Mu_N2nm[7, 1]";72,9622440235973;10,7068240624087;0,0618158775459763;0,0618165219379274;53,6668243874453;65,4639032276303;72,2932502928373;79,7463258284335;95,8414148048918
"Mu_N2nm[8, 1]";126,140316893515;15,3805796114211;0,0887998177894644;0,0890467332953599;98,393999926856;115,337865880248;125,294959439824;136,01869436285;158,71165911983
"Mu_N2nm[9, 1]";95,7995104257936;14,9434134785504;0,0862758379445294;0,0847488927925325;69,7977745779346;85,262334156104;94,6825433980323;105,251220082327;128,349232436923
"Mu_N2nm[10, 1]";90,6641224172412;13,0711526896531;0,0754663352398991;0,0754685654864428;67,5671520874465;81,5737909299054;89,7507888902349;98,7882946226868;118,994279413213
"Mu_N2nm[11, 1]";80,8495695548563;13,7893886756984;0,0796130726387486;0,0792044244520752;56,7581824044211;71,1441907889388;79,8434510953186;89,5009048787367;110,431639686162
"Mu_N2nm[12, 1]";123,056918577184;18,978310649667;0,109571327623496;0,108446263876395;89,8485958415198;109,820652603764;121,788714976462;134,907466965615;164,366797588875
"Mu_N2nm[13, 1]";69,1225970478127;12,3496074947145;0,0713004921145961;0,071013882535551;47,8855170883928;60,3499522104513;68,1453111905531;76,8383098322846;96,1653461090363
"Mu_N2nm[14, 1]";228,324850205967;26,3201088359535;0,15195921921538;0,151956999561938;180,187168286873;209,972156893058;227,111237804615;245,441871315085;283,019469674743
"Mu_N2nm[15, 1]";119,90343923342;20,9873045740973;0,121170259454198;0,122295786501117;83,5703515520683;105,09316460336;118,148289709881;132,934151166608;165,379074581076
"Mu_N2nm[16, 1]";106,282901561556;18,7437307489441;0,108216979935208;0,107746933383342;73,8168841786266;92,9954525737637;104,963020500967;117,811548244704;146,850553121707
"Mu_N2nm[17, 1]";162,3859486067;20,8697163783999;0,120491363689803;0,120765342274737;124,680531312419;147,807060501583;161,239476478007;175,677329791946;206,535276816718
"Mu_N2nm[18, 1]";194,999162311267;25,0597214124448;0,14468236903292;0,143620073571182;149,673636533367;177,54610755268;193,499274102128;210,981201649798;247,833081999094
"Mu_N2nm[19, 1]";97,3138399091566;14,67213640569;0,0847096190341204;0,0847148965443504;71,5804444025851;86,9191804943773;96,2992055916419;106,605699319453;128,774184204932
"Mu_N2nm[20, 1]";149,94907813062;17,4074140884822;0,100501752098805;0,100786509377981;117,795033277091;137,791808707272;149,252109847844;161,204587137747;186,1147144828
"Mu_N2nm[21, 1]";172,380436458984;30,7538932464704;0,177557685444787;0,178253718140932;118,886158361474;150,661897462774;170,159335467853;191,355231022421;239,217583902658
"Mu_N2nm[22, 1]";47,4350227629275;10,1466603985139;0,0585817711245772;0,0583528949791905;30,2153036467344;40,1890189941845;46,5522212676126;53,6267132436399;69,7673831497649
"Mu_N2nm[23, 1]";42,7016837368337;14,6946769840091;0,0848397571237224;0,0847983568102986;19,7455070325759;32,175972913101;40,7496236083972;51,2104056520944;76,9845059853277
"Mu_N2nm[24, 1]";52,6622455927181;13,3880337191017;0,0772958487164316;0,0776306400415502;30,1345974441022;43,0578179999293;51,4720624060306;60,7739420525941;82,3487874565324
"Mu_N2nm[1, 2]";25,8525257502633;6,55910216889855;0,0378689940285583;0,0374929461463254;15,0532221733516;21,186906754812;25,1276598753917;29,7243104281783;40,9087677624872
"Mu_N2nm[2, 2]";96,8641013560224;16,8051673977376;0,0970246792086052;0,0969360260744571;67,6735650312453;84,9523565302048;95,65563782515;107,39430243202;133,39920082297
"Mu_N2nm[3, 2]";34,7138745223938;8,4313080291216;0,0486781796023401;0,0486810503268583;20,9491854983492;28,6694755657005;33,8260801030278;39,6550327597365;53,8576153299437
"Mu_N2nm[4, 2]";26,0627980985211;6,6742302856597;0,0385336865205918;0,038534107528659;15,189923478196;21,3046372038972;25,3338186672259;30,0274788798752;41,1426878159962
"Mu_N2nm[5, 2]";27,1551340127537;7,17654636830275;0,0414338097759142;0,0414318711760566;15,4997434445968;22,0403512955602;26,3424443369314;31,3979977436719;43,335500259176
"Mu_N2nm[6, 2]";54,1581167552185;9,77949980289913;0,056461968437437;0,0560911791342323;36,9012200276899;47,2889634161536;53,4280683112468;60,2067048148621;75,4082319486464
"Mu_N2nm[7, 2]";33,0214786202219;6,8402420741552;0,0394921560283571;0,039529370280047;21,3034515819878;28,1824400896399;32,4887089580367;37,2560718920627;47,9534999069467
"Mu_N2nm[8, 2]";102,62524468487;13,5047150118027;0,0779695084739345;0,0786919564002452;78,7365130531787;93,0894826320268;101,855527360122;111,152249943218;131,633871809614
"Mu_N2nm[9, 2]";92,06817630204;14,4680647535635;0,0835314108012284;0,0828751736041776;66,6533211612998;81,833305974755;91,0217568636334;101,091095483321;123,429812273261
"Mu_N2nm[10, 2]";82,8044549142567;12,1239520511961;0,069997669804002;0,0707059427008804;61,3357654911296;74,2580734352756;82,0721636919593;90,4595673314285;108,657041430479
"Mu_N2nm[11, 2]";77,9884657101026;13,215039469179;0,0762970659488202;0,0754744350827403;54,9833236707333;68,7194036389711;76,9443804796883;86,1932613649327;106,601911464915
"Mu_N2nm[12, 2]";83,4963481029877;14,3332899050591;0,082753287850588;0,0815465450335276;58,6147697102348;73,2643742226707;82,43469312788;92,3575579103653;114,740748925046
"Mu_N2nm[13, 2]";60,7833591274545;11,2801269966229;0,0651258435799341;0,0653770728622836;41,27148759264;52,8357137139871;59,8786817938657;67,7017002009919;85,4107637653103
"Mu_N2nm[14, 2]";151,341472377366;21,2087211196568;0,122448608476015;0,122628098771534;112,796202131363;136,545835920798;150,23996114908;164,89918056116;196,18583876407
"Mu_N2nm[15, 2]";147,674497145309;23,8417035211053;0,137650139458494;0,135804355558506;106,164683662673;130,844933721641;145,995108330223;162,424769897035;198,930638016961
"Mu_N2nm[16, 2]";89,5934242548969;16,5284739730243;0,0954271889761931;0,095243904819741;60,9827462141108;77,8904058045839;88,3033426335491;99,9988317068183;125,503202524671
"Mu_N2nm[17, 2]";88,5240760354506;14,8968583638151;0,0860070518642837;0,0845143006279176;62,0053246350224;78,050699422507;87,5758751554654;98,0845926832491;119,969561570204
"Mu_N2nm[18, 2]";119,268170005334;18,1011503839955;0,104507040468417;0,103652988993574;87,1762737392917;106,536384887849;118,099256799885;130,677671268113;158,088756722282
"Mu_N2nm[19, 2]";70,8835031434128;11,5391060151631;0,0666210596406204;0,0674784513518507;50,6770208428264;62,7518973098986;70,0211587336488;78,1098004878205;95,9336700945122
"Mu_N2nm[20, 2]";100,923377649094;14,3527750166604;0,0828657851948702;0,0814955020291907;74,9482522476374;90,8547600508888;100,242306550246;110,119627686436;131,086998435095
"Mu_N2nm[21, 2]";120,690340888333;22,9818353190521;0,132685688079264;0,131679391271011;81,5492191797152;104,419629439888;118,678740405973;134,798365674291;170,878224898114
"Mu_N2nm[22, 2]";46,7934621384262;10,0380792461606;0,0579548775491763;0,0577521663003223;29,70658866789;39,6776307062601;45,9139782627989;52,9090233100251;69,1437193366661
"Mu_N2nm[23, 2]";55,2123274856468;16,4735959840883;0,0951103507593449;0,0951083502444127;28,9295622599099;43,4923431406392;53,1325799326702;64,744728037183;92,7614068706484
"Mu_N2nm[24, 2]";38,3798771975158;11,1984504863708;0,064654284028129;0,0644433152049323;19,8044141565196;30,3629299757186;37,2645241958666;45,1801773094755;63,5631013513658
"Mu_N3[1]";452,951822708854;30,6451500186447;0,17692985612621;0,176570845069685;395,68213405453;432,011912934318;451,706315213682;472,964745695767;515,831506343803
"Mu_N3[2]";596,269583692452;27,8303459240386;0,160678577108841;0,15921667222969;543,638407869432;577,223498694635;595,744976839331;614,923147909943;652,121710733967
"Mu_N3[3]";280,178513157428;22,6806634633296;0,130946871559526;0,131267598077245;238,315807889653;264,539563502965;279,181290318623;294,887657654157;327,154155915601
"Mu_N3[4]";312,85238958561;36,9357337152899;0,21324855803239;0,214148344586242;246,689156430705;286,864697475892;310,618162743657;336,552513631632;391,104276471857
"Mu_N3[5]";323,194722522953;20,0755613075485;0,11590630725046;0,115571054540097;285,829931657331;309,322762320396;322,614157542033;336,426976405679;364,569423814509
"Mu_N3[6]";614,973117150326;38,1857216953237;0,220465366999952;0,221518399821429;543,541937164158;588,871791100163;613,918240969248;639,794909773435;693,268504372744
"Mu_N3[7]";230,180750393351;19,7576248899123;0,114070700487385;0,11538465310302;193,873271558101;216,507162689842;229,542512020943;243,025121838511;270,961610910686
"Mu_N3[8]";1134,38189236666;40,8779757484183;0,236009103022763;0,237362559512739;1056,40457162577;1106,45699534087;1133,69877166027;1161,59490922459;1217,41459291546
"Mu_N3[9]";467,618599420339;20,9168309297891;0,120763379679076;0,1214479398369;427,925689707153;453,269580028001;467,231361475761;481,473194542286;510,007347780341
"Mu_N3[10]";907,786575561211;38,9183365630605;0,224695120910954;0,222255042640867;834,572875259699;880,790399681335;906,924330462732;933,431238620956;986,275482945373
"Mu_N3[11]";496,92780515439;30,6546578776784;0,176984749775935;0,175452188672424;440,170404844377;475,862331888042;495,800197006951;516,92546979238;559,940022439855
"Mu_N3[12]";314,905917398633;24,0806782181897;0,139029860515406;0,137397768193877;270,17621190994;298,250502485461;314,070602165008;330,596158344816;364,300994839164
"Mu_N3[13]";297,258729402992;25,1372918583844;0,145130222211364;0,144033546964174;251,041751811882;279,536534119158;296,284171190489;313,854108074906;349,048448751256
"Mu_N3[14]";791,102301404244;34,4285724115037;0,198773455495962;0,199127246045827;726,122976563362;767,876228916797;790,482392169525;813,753015314483;860,592747375337
"Mu_N3[15]";403,288470575803;21,7341464299135;0,125482152919173;0,125489652300672;362,063434106978;388,357088605493;402,881568113295;417,668020794601;446,882671871837
"Mu_N3[16]";426,956162502778;40,0494319822586;0,231225503358486;0,231833552270536;354,062282239229;399,153497744617;424,926284292051;452,730890211799;510,990555816449
"Mu_N3[17]";628,761230938493;36,4528598856759;0,210460684677267;0,210460900249859;560,551251769126;603,547158054364;627,301248742316;652,823803215604;703,338679179217
"Mu_N3[18]";704,998951067324;40,8982730017693;0,236126289269623;0,235050354209165;628,022597892071;677,075050917464;703,605610901711;731,980210865385;789,27627148669
"Mu_N3[19]";619,509934633159;33,4350444422963;0,193037319091269;0,196055263469663;556,547487478652;596,398495451143;618,807062098515;641,713297332225;686,759306735816
"Mu_N3[20]";638,428204949712;34,0972694573877;0,19686067699854;0,199166843405676;574,279676167213;614,984754894685;637,439161563897;660,881313092216;708,234214982263
"Mu_N3[21]";968,072207234703;29,9709110812866;0,173037135806392;0,17122685528398;911,053181448594;947,499484355983;967,581321927145;987,93474519137;1028,44446194154
"Mu_N3[22]";323,701938101257;27,8062799253361;0,160539632000549;0,161113004847227;272,990448018609;304,314940683048;322,510311929888;341,609825992668;382,21798235059
"Mu_N3[23]";250,080116978483;22,2895587617236;0,128688827511991;0,128709722160348;209,258151471567;234,518275220961;249,130860122532;264,469149218763;296,614124885491
"Mu_N3[24]";453,989325897966;36,1834386326798;0,20890518034784;0,208878566435839;387,335068293693;428,983043611154;452,728974982276;477,427479586425;528,707370843705
"Mu_N4[1]";38,0207688129516;8,03970865671724;0,0464172795716186;0,0460257024200819;24,5490367035478;32,3029057786723;37,19052373086;42,9209463725107;55,8801586242963
"Mu_N4[2]";110,727562965414;16,3873688598885;0,0946125182256631;0,0931212210856339;81,7937143972546;99,2857880695144;109,556115177195;121,013339952755;146,094801883134
"Mu_N4[3]";55,215741334963;10,4363595516737;0,0602543499651852;0,059963926151333;37,6696171580855;47,8281197970078;54,2854100008096;61,4519680814017;78,4086498044909
"Mu_N4[4]";45,6434300486798;8,62778914230127;0,0498125638381897;0,0498203454980451;31,1768243596847;39,4489701193631;44,7652374031289;50,9255713864432;64,8062805827754
"Mu_N4[5]";33,7990953133815;7,3939063650137;0,0426887383020355;0,0429998312296468;21,471892265579;28,5744924082775;33,0131036661393;38,2377601053026;50,5222890954018
"Mu_N4[6]";69,655946492076;9,74449249339213;0,0562598536417624;0,0558102180615717;52,4273799418041;62,9102237579123;69,0133790309636;75,7007889590775;90,5752736014218
"Mu_N4[7]";63,6427568736789;7,8887456700668;0,0455456943618156;0,0452699087751787;49,6390445749866;58,1412067271775;63,1253456606038;68,6456910726478;80,3979986591962
"Mu_N4[8]";137,372708312325;13,9890054690613;0,0807655607325771;0,0813601815474842;112,048780707099;127,526243429277;136,659417084467;146,300373641945;166,745188826902
"Mu_N4[9]";112,813715281752;15,0310921317362;0,0867820508847194;0,0861810724888327;86,4855895136035;102,241011908288;111,822946896851;122,254514031377;145,513011917111
"Mu_N4[10]";104,167113750418;13,2279907933372;0,0763718404537114;0,0767198566852984;80,5887937108476;94,8865527759288;103,461963844336;112,418918335834;132,536530612891
"Mu_N4[11]";95,3815379238346;13,5677320931402;0,0783333377626722;0,0781644536708206;71,4488444555665;85,8224328292825;94,4979684356226;103,934190641799;124,901247035829
"Mu_N4[12]";124,034323430674;16,6754767526999;0,0962759099203662;0,0962898320819302;94,8129761898077;112,287718628507;122,884826752896;134,621437156508;159,697923243653
"Mu_N4[13]";78,0079523446279;11,4764891220853;0,0662595408398775;0,0662599950006962;57,8670109034166;69,9885728177932;77,1750235678419;85,1733689993653;103,072265736971
"Mu_N4[14]";227,987948135203;20,3111474563593;0,117266464514792;0,117398939366972;190,779173966117;213,935544487458;226,997728820906;241,197320353448;270,437267259414
"Mu_N4[15]";160,679367783137;22,2238308369098;0,128309347161146;0,127988375482681;121,750915620131;145,10203497145;159,15396817597;174,543711684363;208,119529586466
"Mu_N4[16]";117,622867646771;16,9619887641016;0,0979300877894548;0,0978340547423184;87,7428575663008;105,745424884777;116,449158569641;128,28419532811;154,109308447775
"Mu_N4[17]";150,670360477288;15,9706324613647;0,0922064895069749;0,0917470904339512;121,808048774576;139,494459972059;149,827860504218;160,942892223705;184,163168797698
"Mu_N4[18]";188,716143621244;20,903204367675;0,120684706686029;0,120141530255058;150,839681168988;174,05010623621;187,702127674608;202,069814817184;232,565170160544
"Mu_N4[19]";101,001760871038;13,7301502812837;0,0792710596091314;0,0792923833871126;76,8630536479601;91,2822536509101;100,095212052791;109,697123112989;130,459586967505
"Mu_N4[20]";150,647800541494;13,0878361542717;0,0755626572677849;0,0749848546219335;126,553902751402;141,631818852154;150,06134403165;159,087514117564;178,089579346755
"Mu_N4[21]";175,987706076138;28,4695336362076;0,164368929085676;0,164357358391242;126,233641270897;155,858536867417;173,847268331231;193,827500086903;237,199148250487
"Mu_N4[22]";56,5837885814413;9,57161563012503;0,0552617486063231;0,0550912023969031;40,036571943597;49,8505675050441;55,843604234656;62,5215770521354;77,5279086444963
"Mu_N4[23]";58,7969308428741;14,3960092153365;0,0831153979573089;0,0837381678437983;35,4641352734685;48,4855504021483;57,16210535746;67,2078461936304;91,5366772093455
"Mu_N4[24]";54,6703922212189;10,3372547065469;0,0596821678750655;0,0596853996662911;37,174610952196;47,2769649812595;53,7467822281601;61,0571949869105;77,4137292492935
"Mu_Sd_L1";0,20154064381528;0,00548608970974535;3,16739537071991e-05;3,16741207428332e-05;0,191329378295491;0,197881576667459;0,201343878995078;0,205013963672397;0,212736469463476
"Mu_Sd_L1surv";0,198073115393019;0,00311758597840146;1,79993910385189e-05;1,80001915980627e-05;0,19208077180512;0,195950603507253;0,198032733910337;0,200137114975126;0,204328291243941
"Mu_Sd_L2";0,286601702592899;0,00857543322043604;4,95102867823641e-05;5,01586525082217e-05;0,270700916899773;0,280845110621861;0,286260064578248;0,29195723885056;0,30442536363458
"Mu_Sd_L2m";0,278575447009584;0,00426296612556002;2,46122464013834e-05;3,28001300291728e-05;0,270280960376898;0,275679665594723;0,278517061110998;0,281408942890149;0,287059376868968
"Mu_Sd_L2nm";0,27770974016559;0,00434315418515024;2,50752123792854e-05;3,66830135305208e-05;0,269256415361431;0,274766871063889;0,277650664060778;0,280588541505561;0,286314163544705
"Sd_Alpha1[1]";0,68279378829106;0,121264263190282;0,000700119549959909;0,00070194502371664;0,483738326945735;0,596483280063492;0,67036146254015;0,753644244620205;0,957021772508709
"Sd_Alpha1[2]";0,435865442625895;0,0997514966170635;0,000575915534239297;0,00058050351013951;0,266267095997105;0,365971404675815;0,427180297642899;0,49504168191484;0,656604682491789
"Sd_Alpha2";0,419668759422418;0,0797086549335805;0,000460198133826457;0,000458178593925819;0,287625502318003;0,363834122695053;0,411016361149877;0,466251118374454;0,601819661910598
"Sd_L1[1]";0,204995600985718;0,0133469121952564;7,70584334878157e-05;7,70964277166891e-05;0,180777382964657;0,195707682372902;0,204334600237846;0,21336369168887;0,233633815851844
"Sd_L1[2]";0,222190969618063;0,0139766873115868;8,06944418172385e-05;8,05725245835034e-05;0,197686425361446;0,212373132590103;0,221261048759497;0,230907814651426;0,252409536357036
"Sd_L1[3]";0,20939162046453;0,0127664630261531;7,3707208647489e-05;7,47169856735303e-05;0,186460393817383;0,200520348544634;0,208591402605708;0,21742217162803;0,236604801931484
"Sd_L1[4]";0,200169882515786;0,0126692668558624;7,31460462966733e-05;7,37517895635186e-05;0,17681441227576;0,191563160178877;0,199599332566395;0,208210791874382;0,227077771776721
"Sd_L1[5]";0,211812041670204;0,0134042288912623;7,73893515864967e-05;7,74620079761082e-05;0,187916021739359;0,202510300191855;0,210935792836181;0,220259258715766;0,240462246758012
"Sd_L1[6]";0,223040454439736;0,0136981278772029;7,90861781729702e-05;7,86450365131115e-05;0,198963076850925;0,213485379656633;0,222133783278785;0,231555663294924;0,252182243245218
"Sd_L1[7]";0,190819693766942;0,0120860460573461;6,97788194464698e-05;6,89894504769755e-05;0,1683739630429;0,182525015405157;0,190343815046894;0,198694391468134;0,215892779230548
"Sd_L1[8]";0,193396984893746;0,0122372755727742;7,06519434608884e-05;7,04398704740781e-05;0,170844338475126;0,184992629376988;0,192892104275633;0,201213066560475;0,218998261392205
"Sd_L1[9]";0,211156365725892;0,0127436557335639;7,35755306823302e-05;7,40634945647025e-05;0,188353629196705;0,202296107713374;0,210406180910407;0,219176607855124;0,23811583574919
"Sd_L1[10]";0,227660675487322;0,0146015227852527;8,4301931106441e-05;8,47418567391597e-05;0,202316675239124;0,217432526923894;0,226381762514029;0,236575636715179;0,259476358963162
"Sd_L1[11]";0,21640209046085;0,0129660162503674;7,48593297246669e-05;7,47424174084342e-05;0,193187096869831;0,207354936798795;0,215571940240647;0,224615071671064;0,243868991439003
"Sd_L1[12]";0,203447858500181;0,0122961438200361;7,09918194449219e-05;7,08765408408099e-05;0,181112801141891;0,194966752199976;0,202835949883991;0,211204651978738;0,229279998533175
"Sd_L1[13]";0,218338680956757;0,0134459714165614;7,76303521686775e-05;7,76305519778018e-05;0,194329930013269;0,208877902881097;0,21756529195864;0,226832023555658;0,24690986635722
"Sd_L1[14]";0,178920420576051;0,0117624515640254;6,79105457681999e-05;6,81639864869471e-05;0,156618838943807;0,170846013401888;0,178684347430045;0,186592640912445;0,202787408669287
"Sd_L1[15]";0,188791121945601;0,0113953810562873;6,57912632036583e-05;6,57917018275474e-05;0,167256223688438;0,180966780335076;0,188378328761993;0,196367737830954;0,212154595072155
"Sd_L1[16]";0,224440199284419;0,0139006390093776;8,02553767397197e-05;8,02271587552305e-05;0,199971587884718;0,214736095720104;0,223455375881988;0,233239800984863;0,25435400724746
"Sd_L1[17]";0,188314865794943;0,0116777387747652;6,74214562513682e-05;6,76523429962939e-05;0,16665538544837;0,180235438789265;0,188054713568933;0,195934186385413;0,212107357025838
"Sd_L1[18]";0,169877151694535;0,0119820074677205;6,91781523692052e-05;6,8832561970556e-05;0,147279297686547;0,161588404225534;0,169486892492402;0,177780581262798;0,194098975411219
"Sd_L1[19]";0,193397825408152;0,011879137733392;6,8584233681145e-05;6,87944841049008e-05;0,17124760094113;0,185226847964157;0,192942041932962;0,200994361419069;0,217720495166875
"Sd_L1[20]";0,179431769744516;0,0115169851796029;6,64933449369666e-05;6,64883734826052e-05;0,157885994578687;0,171472546397177;0,179159636450152;0,187048674399595;0,202708466114522
"Sd_L1[21]";0,1928782113318;0,0117539464440423;6,78614414350827e-05;6,73861096190883e-05;0,170764482115847;0,184766614640162;0,192377987912088;0,200520081549047;0,217089471752918
"Sd_L1[22]";0,194522816168244;0,0116315670581647;6,71548837212859e-05;6,62341943456088e-05;0,172987867516971;0,186535992056875;0,194028364016531;0,202123291809569;0,218581308856281
"Sd_L1[23]";0,191568267087264;0,0123998980074445;7,15908445252201e-05;7,11383273102734e-05;0,168376787086128;0,183038987973047;0,191211921705248;0,199460394822765;0,217257463858753
"Sd_L1[24]";0,190480510524104;0,0127228039945434;7,34551431109647e-05;7,2901247981408e-05;0,166566438383065;0,181822146550407;0,190004724704866;0,19873325709708;0,216628917839016
"Sd_L1surv[1]";0,200429057429477;0,0122445989166012;7,06942248061871e-05;7,07837495694174e-05;0,177850473442716;0,191898280661349;0,199949374528302;0,208202308005854;0,226238902309632
"Sd_L1surv[2]";0,218178911417225;0,0126371778375846;7,29607802632667e-05;7,21691675052218e-05;0,195436047169304;0,209323756522035;0,217548399737551;0,226269046489273;0,244902440698874
"Sd_L1surv[3]";0,206559275544611;0,0119535864879348;6,90140637659061e-05;7,0115236360003e-05;0,18470801664895;0,198281074072258;0,2059769560245;0,214218754685345;0,23173718228475
"Sd_L1surv[4]";0,196747039504006;0,011879490522504;6,85862705100332e-05;6,91303645150015e-05;0,17460787495506;0,188649399428668;0,19633536828424;0,204381858864022;0,22169410885591
"Sd_L1surv[5]";0,207835179397355;0,0123437984653502;7,12669536679245e-05;7,1065368796422e-05;0,185457262738119;0,199294392091564;0,207207001825879;0,215780417172163;0,233691138745095
"Sd_L1surv[6]";0,219453858763826;0,0124947745009636;7,21386142159502e-05;7,20031522755096e-05;0,196957499733651;0,21075272584415;0,218805277225141;0,227434448278134;0,245433092724827
"Sd_L1surv[7]";0,18708354302846;0,0113309366163532;6,54191930562213e-05;6,45141401616543e-05;0,16588348718099;0,179274724907089;0,186711413752062;0,194524237606729;0,210298643468039
"Sd_L1surv[8]";0,190407301227279;0,011557018795961;6,67244791287766e-05;6,64944551744014e-05;0,168917887850686;0,182446220754004;0,190046469511738;0,197850362440757;0,214262091777071
"Sd_L1surv[9]";0,208017990353003;0,0118830379462235;6,86067515704265e-05;6,90558050626704e-05;0,186393465845541;0,199810617875091;0,207485043246413;0,215624635234715;0,232894462081396
"Sd_L1surv[10]";0,222550993635164;0,0129451095029777;7,47386245623333e-05;7,51305875177864e-05;0,199333591933535;0,213456714359326;0,221672310242779;0,230767942503506;0,250156613977872
"Sd_L1surv[11]";0,212671173380042;0,0119412073523525;6,89425927932986e-05;6,85915137449569e-05;0,190940627064265;0,20436967357468;0,212051887705912;0,22035873567666;0,237570115713945
"Sd_L1surv[12]";0,201148466238964;0,011665907820306;6,73531502039503e-05;6,67265847081325e-05;0,17967778418195;0,193127237221752;0,200680650979588;0,20862112750011;0,225369967125756
"Sd_L1surv[13]";0,21575664036448;0,0124909619793524;7,21166026121651e-05;7,21169932123173e-05;0,192974655962333;0,206984933309102;0,215197943177505;0,223834135127714;0,241906539937195
"Sd_L1surv[14]";0,177256456602669;0,0114112583182647;6,58829306184246e-05;6,61321139771228e-05;0,1555174836591;0,169427139481792;0,177039709826703;0,184758121269926;0,200287405547001
"Sd_L1surv[15]";0,186867799990689;0,0109273310228609;6,30889750757289e-05;6,30893006828985e-05;0,166032581778525;0,179367622493694;0,186513598550431;0,194167742442624;0,208952921181573
"Sd_L1surv[16]";0,220580366173393;0,0126115562065438;7,28128537074814e-05;7,28097277006951e-05;0,197816464898996;0,211839735721033;0,219916595394515;0,228731497635466;0,247056568560134
"Sd_L1surv[17]";0,185816451937944;0,0110931250012176;6,40461870560714e-05;6,42654651906533e-05;0,165046393409372;0,178123072634977;0,185629854810973;0,193153320241165;0,208115393150044
"Sd_L1surv[18]";0,168041579760723;0,0115513576584194;6,66917945359408e-05;6,63468327902755e-05;0,146160267499489;0,160060734155543;0,167750056463374;0,175742420632013;0,191230929021588
"Sd_L1surv[19]";0,191345960353619;0,0113981543006609;6,58072745375145e-05;6,66854603842591e-05;0,169926094212051;0,183501214261163;0,190999392161567;0,198716849750475;0,214520664088322
"Sd_L1surv[20]";0,177156573609381;0,0110528386865615;6,3813593909958e-05;6,3808398103996e-05;0,156361841191912;0,169516106997258;0,176926255918038;0,184528373865465;0,199481351903219
"Sd_L1surv[21]";0,189985730422328;0,011139314708947;6,43128634579851e-05;6,41179079053114e-05;0,168840596575082;0,182354376733394;0,18960323616802;0,197302324746025;0,212752051815276
"Sd_L1surv[22]";0,192522251216329;0,0111560850589738;6,44096871190087e-05;6,35098496358922e-05;0,171709602704373;0,18484015002735;0,192136598035517;0,19985286720665;0,215365114708597
"Sd_L1surv[23]";0,189557154760402;0,0118640235678819;6,84969720058867e-05;6,87831799894125e-05;0,167156564252264;0,181382173284142;0,189326867312495;0,19715953359397;0,213935431691144
"Sd_L1surv[24]";0,187785014321091;0,012082632152487;6,97591092575762e-05;6,92781011808382e-05;0,164865247385657;0,179566254604778;0,187469994879522;0,195694826260568;0,212445143477599
"Sd_L2[1]";0,345798099810176;0,023903046190746;0,000138004301526793;0,000138565443016297;0,303580029854874;0,329050560436674;0,344226736599007;0,360744971578523;0,397323214339043
"Sd_L2[2]";0,299255325815089;0,0183077260196411;0,000105699705456897;0,000104933056463208;0,26614937366607;0,286429206111599;0,298157691637194;0,310936051745495;0,337511309687921
"Sd_L2[3]";0,279917082995926;0,0170368068453296;9,83620501828273e-05;9,77847627350208e-05;0,248821934298195;0,268105009163377;0,279190337898734;0,290807722157048;0,315428985287252
"Sd_L2[4]";0,327395152659848;0,0224248161517506;0,000129469736417411;0,000127184991868006;0,287758929369048;0,311681186426051;0,325729753975525;0,341505612632323;0,375530265856757
"Sd_L2[5]";0,343735642092318;0,0245643329419938;0,000141822242365237;0,000142574136400395;0,301264944353629;0,32650872856062;0,34173578637857;0,358943934099937;0,397377064289482
"Sd_L2[6]";0,308895477515296;0,0197002094774742;0,000113739212449118;0,000115078413344962;0,273576182832462;0,295206229006766;0,307859308812496;0,321191280081662;0,35118342258398
"Sd_L2[7]";0,324871104305456;0,019854050515265;0,000114627414094927;0,000115350733962178;0,28948886609168;0,310959492625382;0,323672928698796;0,337439926891027;0,367009491748632
"Sd_L2[8]";0,256030873866552;0,015701240433138;9,06511539068326e-05;8,98066059086126e-05;0,227032845189445;0,245262332331219;0,255372376223555;0,266212670299877;0,288608612848647
"Sd_L2[9]";0,287877392290579;0,0200269936223993;0,000115625901589511;0,00011632132284952;0,251431010102055;0,274073368900869;0,286784579995081;0,300562596622995;0,330338577170845
"Sd_L2[10]";0,290967868647031;0,0194435516320619;0,000112257397687733;0,000111572920273058;0,255897790514886;0,277367490764323;0,289899426119022;0,303356594050289;0,332305060135697
"Sd_L2[11]";0,293951118236962;0,0190122862210887;0,000109767485676558;0,000110211407544251;0,260099211938034;0,280760182997784;0,292765934202628;0,306037398560387;0,334196467430737
"Sd_L2[12]";0,281485844426247;0,0172360249369033;9,95122363708022e-05;9,80905944887769e-05;0,249962761903951;0,269514966477337;0,280663033881562;0,292574260453163;0,31739524410664
"Sd_L2[13]";0,296339876676455;0,0192859401241775;0,000111347427222689;0,000111655151322437;0,262053534326379;0,282947502818144;0,295224095814021;0,30859168663258;0,337362051567053
"Sd_L2[14]";0,24683239723381;0,0157321035467992;9,08293421766359e-05;9,03296138548044e-05;0,217746424369553;0,235935687798951;0,246266660283998;0,257063107387927;0,279355932214213
"Sd_L2[15]";0,254116926236948;0,0166897545922323;9,63583430653411e-05;9,55460463321187e-05;0,223205510160604;0,242620668961943;0,25343948769335;0,264986873732676;0,28891040089573
"Sd_L2[16]";0,278655305747375;0,0173542194671613;0,000100194632809414;0,000100189044714728;0,246978102197688;0,266733497961018;0,277802365211963;0,289729735065399;0,315106480817648
"Sd_L2[17]";0,265695356604844;0,0182256507042835;0,000105225843402742;0,000104444162223549;0,23227083647176;0,253091547896417;0,26487927425251;0,27741766779352;0,303791324020409
"Sd_L2[18]";0,269654541543248;0,0170387694151301;9,83733810848532e-05;9,61235350549224e-05;0,238695607248688;0,257876877035015;0,26889538202654;0,280440055726674;0,305379406395166
"Sd_L2[19]";0,254562462322605;0,0164967426225242;9,52439879386635e-05;9,54823545356456e-05;0,224023024195458;0,243065498090035;0,253848449265935;0,265372393416986;0,288878934852376
"Sd_L2[20]";0,251917554091321;0,0158286974182437;9,13870271534412e-05;9,15852525584607e-05;0,222926691131715;0,240900924369564;0,251198063152911;0,262204787010769;0,285061028017722
"Sd_L2[21]";0,266167478950621;0,0152796810977405;8,82172799491214e-05;8,82160600023497e-05;0,238034997776274;0,255623064740563;0,265502573950243;0,276171341078083;0,297678608483847
"Sd_L2[22]";0,264349948547147;0,015571869842876;8,99042324557026e-05;9,01762414382198e-05;0,235268325754056;0,253519909908246;0,263887301792248;0,274521248735737;0,29627667174049
"Sd_L2[23]";0,282250660180302;0,0183218152176434;0,00010578104947949;0,000105044181489167;0,248750582324426;0,269595776895919;0,281453288661417;0,293825592441309;0,320705062010421
"Sd_L2[24]";0,288061970683441;0,0184666808024665;0,000106617431323429;0,000107612671335655;0,254534451709666;0,275356269694668;0,287115916994364;0,299806917031333;0,327028564747999
"Sd_L2m[1]";0,332783101631121;0,0192880684559989;0,000111359715152189;0,000111961402768712;0,297155065825174;0,319384823501643;0,331968085463491;0,345467600517157;0,372775900427056
"Sd_L2m[2]";0,290964049739249;0,0162679853911061;9,39232574472799e-05;9,39291907082711e-05;0,260822418092149;0,279648054580855;0,290223096827825;0,301602943222136;0,324372000472903
"Sd_L2m[3]";0,273445756157018;0,0156253025016996;9,02127260552561e-05;9,02022824550681e-05;0,244477791292413;0,262584682596706;0,272977438273045;0,283632619540194;0,305356472949229
"Sd_L2m[4]";0,315490890419172;0,0186305665170775;0,000107563625937899;0,000107690516084917;0,281383355770093;0,302454126304774;0,314553718837517;0,327581453755061;0,354278295801045
"Sd_L2m[5]";0,333501575297218;0,0209602850788067;0,000121014262325404;0,000121787374151556;0,295664900249957;0,318811622153936;0,332423819109733;0,347034442484253;0,377736266348547
"Sd_L2m[6]";0,302047069105378;0,0178191036328144;0,000102878642791232;0,000105649683183577;0,269189378890059;0,289683557049013;0,301352958844443;0,313358780698837;0,339652767480356
"Sd_L2m[7]";0,311826833557564;0,0167374238407065;9,66335615997274e-05;9,99097878643879e-05;0,280954639113656;0,300169689249525;0,311212208909487;0,322783061269196;0,346478284921385
"Sd_L2m[8]";0,252339645735264;0,0149568172149798;8,63532244528861e-05;8,60664333335721e-05;0,224516079655743;0,242084183883526;0,251824574100367;0,262104159974827;0,282950196823267
"Sd_L2m[9]";0,279733539875825;0,0179004577589289;0,000103348341057351;0,000104407430597414;0,246389046780356;0,267415358959486;0,279053972054084;0,291260965570672;0,316864481270415
"Sd_L2m[10]";0,284873335279843;0,0176485184093897;0,000101893768544592;0,000101725771013357;0,252330643091969;0,272537943019722;0,284090012613481;0,296322929175038;0,321720078106127
"Sd_L2m[11]";0,286910444679119;0,0174748153779897;0,000100890893625214;0,000102255196362303;0,255190206611468;0,274730903422127;0,285989476943874;0,298252289095845;0,323144918835461
"Sd_L2m[12]";0,273376938988284;0,0158345822638374;9,14210033253179e-05;9,20611683240958e-05;0,244070797458009;0,262456982324941;0,272762971834804;0,283677659640781;0,306155360450418
"Sd_L2m[13]";0,287990745903871;0,0175802657363109;0,000101499711552843;0,000103569331363746;0,256227271048228;0,275757605041594;0,287117676634855;0,299278402660579;0,324845990324478
"Sd_L2m[14]";0,241832102990008;0,0148813766140161;8,5917667940144e-05;8,60932443032576e-05;0,214188970409099;0,231585629335476;0,241368793556311;0,251555626816527;0,27250213601466
"Sd_L2m[15]";0,24771358953138;0,0154235150143858;8,9047705454059e-05;8,89754531886066e-05;0,218826463547262;0,237103556851158;0,247151990761535;0,257795592019448;0,279443826092478
"Sd_L2m[16]";0,271683654038185;0,0160832488831411;9,28566807212526e-05;9,35895389782883e-05;0,242085535484826;0,260677067273037;0,27097423610935;0,282079462382239;0,305166196717013
"Sd_L2m[17]";0,259757954803737;0,0169872921639333;9,8076177036497e-05;9,80089322549531e-05;0,228265674128667;0,248113554570002;0,259069160985946;0,270777342728328;0,295108665973118
"Sd_L2m[18]";0,262795823446013;0,0156089158551504;9,01181177072928e-05;9,0637647741071e-05;0,234107063361344;0,252048280036049;0,262212393509004;0,272775762335729;0,295321015606106
"Sd_L2m[19]";0,25035734787006;0,0157021918700745;9,06566470305468e-05;9,10724721430013e-05;0,221058488883336;0,239417877688555;0,249785002261134;0,260705242442582;0,282857628808072
"Sd_L2m[20]";0,246994696286161;0,0149678277252271;8,6416793663438e-05;8,68425210381161e-05;0,219352594038924;0,236585262603748;0,246405542504606;0,25672169558045;0,278159305417982
"Sd_L2m[21]";0,261242301464278;0,0144910742541688;8,36642562149121e-05;8,39860398901058e-05;0,234414297559523;0,251242173471796;0,260617364761294;0,270797340099419;0,291006540973364
"Sd_L2m[22]";0,259622823616583;0,0147930336288618;8,54076194775456e-05;8,73680765012452e-05;0,231837796266926;0,249364123409462;0,2592459793974;0,269297567600621;0,289678611189413
"Sd_L2m[23]";0,275473487043227;0,0169825207790921;9,80486294332726e-05;9,8873923919303e-05;0,244078735629332;0,263751198839532;0,274868840195932;0,286388379880963;0,310777573613526
"Sd_L2m[24]";0,283053020771449;0,0173923149872701;0,000100414577397312;0,000101861206037381;0,251141430701223;0,271105666534156;0,282266077621586;0,294295188538283;0,319439791352947
"Sd_L2nm[1]";0,335232313668667;0,0204804724710078;0,000118244062942671;0,00011903243860485;0,297839678807183;0,320903094572451;0,334352235942713;0,348642471424388;0,377907475398844
"Sd_L2nm[2]";0,29095172449705;0,0166320524884414;9,60251998137761e-05;9,60313094147387e-05;0,26041101125923;0,279368875095638;0,290096879667102;0,301784631876553;0,325373079555627
"Sd_L2nm[3]";0,27313020798965;0,0157706316248881;9,10517841391956e-05;9,14484416468567e-05;0,244058358753569;0,262178134228869;0,27256316299377;0,283328944781195;0,305489448928414
"Sd_L2nm[4]";0,31680497341267;0,0195824239963661;0,000113059177656874;0,000113985866788995;0,281205124927409;0,30302208527711;0,315692011170349;0,3294444669487;0,357804244720367
"Sd_L2nm[5]";0,331351258202655;0,0202072125195997;0,000116666395877629;0,000120041643628676;0,294565732841897;0,31715798071356;0,330409111000093;0,344524150765277;0,373444460675866
"Sd_L2nm[6]";0,301371348517981;0,0178204280397575;0,000102886289258284;0,000107055516438508;0,268598360644671;0,288997144829114;0,300633532725642;0,312707537290359;0,338860541848801
"Sd_L2nm[7]";0,312110257024902;0,01721671739049;9,94007641996109e-05;0,000103893475762543;0,280563054806097;0,300107632490553;0,311351266777832;0,323254868387562;0,348042057861182
"Sd_L2nm[8]";0,252014409471342;0,0149898201224374;8,65437668279329e-05;8,65476346849804e-05;0,22423185962811;0,241739215814646;0,251479718057724;0,261773746176623;0,282765336621317
"Sd_L2nm[9]";0,279723343599938;0,0182574637378676;0,000105409516037777;0,000106644240062249;0,24601684215289;0,267121639163741;0,278892088099874;0,291422120615608;0,317736167684369
"Sd_L2nm[10]";0,28496005187653;0,0180481812738174;0,000104201223168216;0,00010628474781985;0,25203374920447;0,272355422539347;0,284062460795311;0,296584383507798;0,323030111521174
"Sd_L2nm[11]";0,28582208821458;0,0171772796390443;9,91730702354768e-05;0,000101314316963127;0,254544845132285;0,273836158808129;0,284946758669189;0,297025425504207;0,321519409144025
"Sd_L2nm[12]";0,272106906595678;0,0152505090702591;8,80488551699291e-05;8,89329682068704e-05;0,243557038378213;0,261597887077519;0,271624372926953;0,282118879123323;0,303320501517367
"Sd_L2nm[13]";0,28518223538716;0,0162914357238643;9,40586480065852e-05;9,66278183868503e-05;0,255218217062958;0,273876165419784;0,284620053650634;0,295805304643716;0,318779857853274
"Sd_L2nm[14]";0,241398018798632;0,0147644215879017;8,52424277820416e-05;8,54604044987952e-05;0,213950185730107;0,231220374636369;0,240946864018808;0,251061328067239;0,271816781995946
"Sd_L2nm[15]";0,246213555692969;0,014619511248827;8,44057875493102e-05;8,48641509262823e-05;0,218377424382829;0,236188363942149;0,245865206337841;0,255883806258421;0,275778960977305
"Sd_L2nm[16]";0,270094951844238;0,0153409902086783;8,85712482661585e-05;9,03398101320982e-05;0,24147371084817;0,259621673504673;0,269566175079209;0,280147946593555;0,301653841207399
"Sd_L2nm[17]";0,257924530118471;0,0160332412279657;9,25679613894823e-05;9,27526379464011e-05;0,227714932887532;0,246934409519382;0,257452086994059;0,268418293557829;0,290642664270052
"Sd_L2nm[18]";0,259964641025338;0,0143038748009046;8,25834596675697e-05;8,45947196871606e-05;0,233099882675515;0,250178170808501;0,259641263317396;0,269269764353478;0,289092978359756
"Sd_L2nm[19]";0,249228956329865;0,0151315779414896;8,73622059778282e-05;8,7914467172717e-05;0,220677774818578;0,238711821960244;0,248791866454134;0,259310161875814;0,280200337298406
"Sd_L2nm[20]";0,246007682216755;0,0144885088269388;8,36494447138939e-05;8,41609564894193e-05;0,219043046616077;0,235950718398589;0,245530851599513;0,255498500497241;0,275819801423062
"Sd_L2nm[21]";0,260195626355091;0,0140738603561294;8,12554706514849e-05;8,20553187584255e-05;0,23388150294642;0,250509008065435;0,259654154077026;0,269550127187918;0,288857429031956
"Sd_L2nm[22]";0,258678484520644;0,0144209395069195;8,32593330628727e-05;8,53438559947288e-05;0,231356542422793;0,248730519375918;0,258404748237895;0,268166322257679;0,287799424729843
"Sd_L2nm[23]";0,273420143860827;0,0159806755961294;9,2264473572574e-05;9,36146825551131e-05;0,243358276935876;0,262438234147294;0,273081714423239;0,283866656181837;0,306043698356574
"Sd_L2nm[24]";0,281146054752534;0,0164910552955628;9,52111521411419e-05;9,74748477038705e-05;0,250406665437345;0,269847663533332;0,280528534885547;0,291914977653369;0,315184904445377
