"Parameter";"Rhat";"zchain1";"zchain2";"zchain3";"zchain4";"zchain5";"zchain6";"Effective"
"Alpha1[1, 1]";1,00007932565556;0,282976580369958;0,620855338447771;-1,2138581370397;-0,548737118477805;-0,60208800697076;-0,407660972806348;30130,7826356778
"Alpha1[1, 2]";1,00005549974592;0,170699626993409;0,314621586624462;-0,545720533076412;1,04054704773018;0,152860975932633;-2,02441999559228;30311,1666056368
"Alpha1[2, 1]";1,00007496333486;0,495929097440279;1,01652242176924;0,760890322355595;1,64938325773363;-1,65695874533388;0,0535007472646054;6775,19517207281
"Alpha1[2, 2]";1,00002053171671;-0,358820470324758;-1,29064680894434;0,0947398900000562;-1,74967367238881;1,8131436324779;0,210201364558286;5942,49403420297
"Alpha1[3, 1]";1,00003815323729;1,12968061951059;1,17790082571857;0,701910789350747;-0,139330872659203;-2,68793613896518;-0,17186596674591;28505,6991007989
"Alpha1[3, 2]";0,999962321958881;-0,874043350039695;1,17592904265703;-1,17839618148983;-1,44443278976573;4,09054667667379;0,273047533554614;30345,2501150245
"Alpha1[4, 1]";0,999987790067152;0,88217283338895;-0,15759177196097;3,35124858048124;0,238605287426653;0,398311156547397;-0,669192593488789;29998,0941067445
"Alpha1[4, 2]";1,00002176943296;-0,646325758284544;0,199386221396161;-1,68592064394979;-0,392593872806912;-1,67631549893351;1,53394847513689;30419,1685884454
"Alpha1[5, 1]";1,00004649363774;1,08261368076223;-0,143571865130941;-0,547389623752591;0,262074492965567;0,709964494414146;-1,82911835387855;15223,9247650246
"Alpha1[5, 2]";1,00003374972303;0,498231483382143;1,70645697321605;-1,154997998894;1,09055602073395;0,837599566033414;0,536652509403083;30270,8199513252
"Alpha1[6, 1]";1,00008171242228;1,08825024601398;0,229219002806303;-0,22628184318422;-0,680220080898813;0,0936863792527425;1,64256772181209;6063,04820931568
"Alpha1[6, 2]";1,00018884794939;-1,13707919942982;0,413216969000671;0,283381486520108;-0,561532187061634;0,684290810895329;0,968424770721524;9171,81291575177
"Alpha1[7, 1]";1,00009168475459;0,154616347656553;0,354024884469198;2,57963729350201;-0,484408305693216;1,15676394001816;0,799950431123829;30320,5761477778
"Alpha1[7, 2]";1,0000631093547;0,977237909629355;-0,480866345753388;-2,71430155357648;0,677152245599915;-1,12787601137129;-0,577760536906553;30115,1181351878
"Alpha1[8, 1]";0,999925409854617;-1,18288333666913;0,539555540059813;-0,223753971838578;-1,6476091868517;-0,465328675217574;-0,612572772141702;11130,7513908004
"Alpha1[8, 2]";0,999978427369074;-1,16692546508503;0,0308239184989011;-0,40730346636632;1,33914237504281;-0,229212627365371;0,799832396633819;29290,0372294976
"Alpha1[9, 1]";1,00004656332994;0,106054607582573;-0,697533687190076;-0,264376491955316;0,650152391810637;0,203350636680665;-1,17815728439797;27962,9991464007
"Alpha1[9, 2]";1,0000197206665;-0,280790682135198;0,0375582783199519;0,979846186097075;0,643387778762183;1,32603193597549;0,29201252521525;29539,6517984686
"Alpha1[10, 1]";1,00004096653617;-0,101306405518199;-0,387462733394506;2,03017092589477;-0,115257396968819;0,582810417543602;-1,30849507047435;21238,7126865794
"Alpha1[10, 2]";1,00014361358354;-0,925620817826744;-0,0265618584186936;-0,276036339243788;0,850168824741235;0,321039358707852;1,3019465365506;16064,4655092779
"Alpha1[11, 1]";0,99996507119163;-2,20494120451093;0,390249832138429;0,834441651862158;1,09136750408764;0,344356016477739;-0,777449448575821;30538,0804763989
"Alpha1[11, 2]";0,999951344358162;0,790799632588581;0,482694063551808;0,291226928124975;-0,924991061209418;-1,03120487570687;0,0317705965106789;29404,4227155614
"Alpha1[12, 1]";1,00001463676783;-0,436032965621748;0,831914322334968;0,19549253505699;-2,73300664842141;-1,24053917436441;0,719412819711554;30460,6521493902
"Alpha1[12, 2]";1,00007946666117;-0,904012059868027;-2,40844642079;0,500494392576446;0,948724219367622;1,18414104966367;-0,198374784788474;30157,072976745
"Alpha1[13, 1]";0,999971674114992;1,27764027989111;-0,28476926253107;0,0949090688439639;0,430641804581749;0,217168390062424;2,00323350612961;15940,8392265431
"Alpha1[13, 2]";1,00007652782538;-1,61099779237166;-1,07676676020805;2,18644724348941;0,284634343145127;-0,374493472080318;-1,25828773666791;30063,7312955246
"Alpha1[14, 1]";1,00010516776907;-0,0344432250322267;0,309220565377588;-0,0205931358436088;1,38880916801685;-0,426116401645374;-0,190277179195947;10081,8200614
"Alpha1[14, 2]";1,00017555963736;0,426064371245554;0,106312239401503;-1,13145820072756;-2,17937908448955;-0,718604547683239;1,03952548287363;22545,5398613444
"Alpha1[15, 1]";1,00003473893142;-0,534109131837706;0,182437919276602;-0,117093582143008;0,508578218737767;-0,580923001075862;-0,954532740246397;29101,3233064216
"Alpha1[15, 2]";1,00003857761412;0,917220436277202;-1,69724956755584;-0,947282097303359;0,589192889831961;-1,45426315579771;-0,480281303637454;15827,2247341356
"Alpha1[16, 1]";0,999972242030011;-0,00203202134359843;-0,433611316013839;-1,06032776611936;2,3264796084775;0,733055433762879;0,741234540864676;11872,5093088826
"Alpha1[16, 2]";1,00003148814505;0,332539399583324;1,37988512764547;0,880270636911503;1,13654389344474;-0,353886720573804;-2,17430208232334;20516,8964545251
"Alpha1[17, 1]";0,999934470822868;-0,708672274586767;1,71357997006578;-2,50527121147432;0,387998970242801;-0,41844855810512;-0,725803489919649;30206,9514676546
"Alpha1[17, 2]";1,00013893981599;-0,144412752930054;-1,12344340252863;1,45607494462237;-0,159137339931211;-1,43185107056459;-0,679666887666044;6447,42377812817
"Alpha1[18, 1]";0,999961467733745;0,876747856234278;-0,19985223392944;-0,29786460730717;-0,286804034748966;-0,467706028554323;-0,641499486416493;30145,740181379
"Alpha1[18, 2]";1,00006518278369;-0,0915487042805601;0,694743573832382;-0,72467749258286;0,528100321736304;-1,3974757484235;0,987772989662506;30219,8104359374
"Alpha1[19, 1]";1,00003773600992;1,17192936115746;-0,465202754415441;-0,450432727977532;-0,105877137429743;0,770409484481282;-0,432767202856435;14424,4338902216
"Alpha1[19, 2]";1,00007826146042;-0,44893016657481;-0,301713437240669;0,449977302641036;0,390950166549583;-0,109101510221315;-0,137942893097282;21504,3252059875
"Alpha1[20, 1]";1,00005835993581;-0,179063124681236;-0,0485716223486988;2,00619772165765;0,0996717600102385;0,0973524616056238;-0,38103700628994;30065,5912848676
"Alpha1[20, 2]";1,0000160334046;-0,640815451491155;-0,45189501006475;0,7564206096091;-0,0509294996262501;-2,48313278531999;0,863215391448317;30018,1081794906
"Alpha1[21, 1]";1,00002256724586;0,108407254447811;-0,109508215128367;1,18976040596401;-0,841847755623682;0,0463549649977374;1,40233002273618;19992,811459317
"Alpha1[21, 2]";1,00002260438831;-0,737476158184125;-0,711682634056572;-1,07177405630086;0,604177733856273;0,0366523690527837;-0,883823432780313;22532,0052287111
"Alpha1[22, 1]";1,00000980679174;0,659555888847144;-0,193610617809569;-2,01240090188392;-0,904406152752261;-1,38448366992055;0,70135912304805;30547,7935090107
"Alpha1[22, 2]";1,00012796884155;0,0870508004774101;0,00324362530469814;0,666322989858703;1,11936878535382;1,83097672872791;0,866883152631014;30105,9193665412
"Alpha1[23, 1]";1,00011737598684;0,0737299439219037;-0,378094021013328;-0,430398023807116;-0,928827631171759;-2,10781521674905;-0,867323679603751;20643,8283958414
"Alpha1[23, 2]";1,00001000572588;0,528324331188267;1,856595303888;-0,176349313762015;-0,944737845339159;-0,021003910949;0,336088486883627;30203,9958388574
"Alpha1[24, 1]";1,00005438071224;1,81305908130876;-0,662959814598152;-1,20319387995413;2,18933843084167;-0,0243576160960425;0,510949582458016;21748,4501286295
"Alpha1[24, 2]";1,00006240432834;-8,56761328429371e-06;0,336248498227516;2,25470667422857;-0,702307682120132;0,429851122490833;-0,604759502269347;30333,9193977169
"Alpha2[1]";1,0009658824635;-0,529048054149557;0,192537326646243;-1,26577221150842;-1,02325668039719;-2,10422676902838;0,952593495178729;1,9339438485297
"Alpha2[2]";1,0008460659004;-0,385735059178588;0,36177352153419;-1,50799198856799;-0,924811823994256;-2,21489222034341;0,871789601786885;1,51401766510093
"Alpha2[3]";1,00086552779057;-0,574122858470638;0,348436269792895;-1,30920193299814;-0,813360851530174;-2,50843124645434;0,958693073632184;1,76819458145404
"Alpha2[4]";1,00083369869432;-0,701672467864577;0,541911815846055;-1,40527750099987;-0,752618059544679;-2,20254757757254;0,609830763116333;1,84763866496907
"Alpha2[5]";1,00114450000638;-0,606975926387774;0,448580569159394;-1,16165748465772;-0,832256297127669;-1,98563388743507;0,525735711171949;1,86291168846468
"Alpha2[6]";1,00099792936375;-0,533122607521606;0,646679496611391;-1,58757846912659;-0,804576440368167;-2,18182422653176;0,606624836000236;1,52066741599853
"Alpha2[7]";1,0011275819547;-0,707234377333348;0,538392499693267;-1,4455173969134;-0,763863758410339;-2,48168765376149;0,556606336885586;1,51113947473478
"Alpha2[8]";1,0010129864194;-0,524889137593399;0,388375329194407;-1,32050146100368;-0,899902926030902;-2,35134721350071;0,754004438366681;1,32116929277207
"Alpha2[9]";1,00102865279321;-0,615294232842248;0,546752102865442;-1,43239775122968;-0,93880815988792;-2,18735150159283;0,867505922016784;1,46558841120871
"Alpha2[10]";1,00098381900626;-0,699519945366247;0,704511357196501;-1,14156188971322;-1,10610500841195;-2,5747034834719;0,694902408551264;1,44208635130423
"Alpha2[11]";1,00108991407549;-0,367356237751559;0,454783641541339;-1,19501203767446;-0,885554614632813;-2,25412983020547;0,929261205554685;1,49235312108138
"Alpha2[12]";1,00095755681709;-0,664457017598916;0,416209585738437;-1,34434523250206;-1,01848363168123;-2,2748172637563;0,725983354265838;1,49004570503078
"Alpha2[13]";1,00114518826125;-0,533194325834941;0,705933888291145;-1,34260151133504;-0,919267239886464;-2,00475205067357;0,754931461412903;1,51206534683984
"Alpha2[14]";1,00100359104093;-0,412960710466884;0,541555920215295;-1,22699314263227;-0,868782577070056;-2,17742919266559;0,71983675302884;1,2909373829428
"Alpha2[15]";1,00102466427528;-0,664192954951969;0,521081906095015;-1,37342674724974;-0,89791480437316;-2,24907566097066;0,914954003483021;1,39234797299268
"Alpha2[16]";1,00108617805165;-0,448961497049318;0,582601044402243;-1,37998923419617;-0,74230846563428;-2,26946425499504;0,725485630628002;1,53073235930022
"Alpha2[17]";1,00110284405954;-0,375726120681765;0,450050293897824;-1,31318964780568;-0,94355785845053;-2,24243363032755;0,869967761393927;1,32793236404362
"Alpha2[18]";1,00088782055669;-0,468168157909705;0,570831091558018;-1,46835407911536;-1,04068686995127;-2,36082430794164;0,741582999930941;1,32830502286871
"Alpha2[19]";1,00097351000143;-0,52437873043428;0,614038745090156;-1,52079416206539;-0,908956933187913;-2,05663834140128;0,713792693374238;1,40125065605517
"Alpha2[20]";1,00114287773497;-0,439462773466151;0,485843223186207;-1,39237005730041;-0,857444967339284;-2,21297581483796;0,821943672480149;1,27891072063716
"Alpha2[21]";1,00091843682552;-0,421655847120694;0,800411196930495;-1,4301752514477;-0,981496711282604;-2,22474442428149;0,717024008411444;1,4829493954684
"Alpha2[22]";1,00101055657091;-0,178252524621764;0,637887248503045;-1,53859849451569;-0,983706996829962;-2,14369783838576;0,859197648608016;1,59731637779849
"Alpha2[23]";1,00090422012;-0,651409850733896;0,312736105321574;-1,1574029823455;-1,00576975932049;-1,88890854173213;1,01527151125024;1,961737742458
"Alpha2[24]";1,00088762475276;-0,351241027258127;0,536668406707725;-1,56785877146388;-1,04503250313769;-1,93296081307536;0,853582835912035;1,66129455780553
"Beta1";0,999962390318636;1,14720578338308;0,294067091733218;-1,007535895709;0,600438434992608;-0,365696562973557;-1,04103966286078;30050,2853812141
"Beta2";1,00110559823173;-0,457174093232755;0,513371426921566;-1,37647203098393;-0,924130701040129;-2,0926436974546;0,812236545305079;1,15117764253341
"Gamma1[1, 1]";0,999987542422955;-0,289403678267545;-0,579952714043617;0,991218824436158;1,6350185844493;0,227136162085468;-1,32089359942099;30092,5670892648
"Gamma1[1, 2]";0,999987542422955;0,289403678267545;0,579952714043617;-0,991218824436158;-1,63501858444928;-0,227136162085484;1,32089359942101;30092,5670892648
"Gamma1[2, 1]";0,999975218187967;-0,695010988034896;-1,53741481425737;-0,0921392683348691;-1,17698920233042;1,95711331722364;-0,577794788412061;19803,5991126989
"Gamma1[2, 2]";0,999975218187967;0,695010988034864;1,53741481425738;0,0921392683348691;1,17698920233044;-1,95711331722366;0,577794788412093;19803,5991126989
"Gamma1[3, 1]";0,999999191577343;-0,924176232052755;-0,225000129708527;-1,40791865981446;-0,372005627122273;2,39574297229375;-1,72194219263933;23955,4317017845
"Gamma1[3, 2]";0,999999191577343;0,924176232052729;0,225000129708499;1,4079186598144;0,3720056271223;-2,39574297229372;1,72194219263936;23955,4317017845
"Gamma1[4, 1]";1,00003816927008;-0,788397390422988;-0,479921948664627;-3,68533699740812;0,849621330384598;-1,39713350407185;-0,0756614721144923;30048,3053682018
"Gamma1[4, 2]";1,00003816927008;0,788397390423025;0,479921948664647;3,68533699740814;-0,849621330384579;1,39713350407183;0,0756614721144923;30048,3053682018
"Gamma1[5, 1]";0,999994572328746;0,16019267598383;0,793406793604315;-1,33332066309629;0,245285102832248;0,682341640739636;2,62346794828227;30081,8871775617
"Gamma1[5, 2]";0,999994572328746;-0,160192675983814;-0,793406793604315;1,33332066309627;-0,245285102832248;-0,68234164073962;-2,62346794828225;30081,8871775617
"Gamma1[6, 1]";1,00003363318748;0,906964633673973;0,234542012582095;-0,570800975505545;-0,407855122092375;0,346134144388128;-1,52590981320634;30263,2758931113
"Gamma1[6, 2]";1,00003363318748;-0,906964633673941;-0,234542012582064;0,570800975505545;0,407855122092375;-0,346134144388095;1,52590981320631;30263,2758931113
"Gamma1[7, 1]";1,00005812517883;-1,18214231692469;-0,519727049109337;-2,28173376598693;-0,122196025501026;-1,30824193374758;0,324608053697973;10042,0094157755
"Gamma1[7, 2]";1,00005812517883;1,18214231692467;0,519727049109354;2,28173376598697;0,122196025501026;1,30824193374755;-0,324608053697956;10042,0094157755
"Gamma1[8, 1]";0,999936797289493;0,44118780027151;-0,305645281754906;0,000528009865789527;0,928490864399947;1,2774261673232;0,840867733090881;18742,6961237729
"Gamma1[8, 2]";0,999936797289493;-0,44118780027151;0,305645281754888;-0,000528009865770639;-0,928490864399947;-1,27742616732317;-0,840867733090843;18742,6961237736
"Gamma1[9, 1]";1,00005212600517;-0,380720000200479;0,13017724248119;0,230631771958726;0,307417172584207;0,809701391311412;-0,309359061171586;30004,7113813736
"Gamma1[9, 2]";1,00005212600517;0,380720000200525;-0,13017724248119;-0,230631771958746;-0,307417172584245;-0,809701391311393;0,309359061171586;30004,7113813736
"Gamma1[10, 1]";1,00006998542774;-0,629834374789872;0,0912854597186192;-0,219034153601964;-0,113368276645361;0,532507560064563;0,963499275115088;8525,26407645171
"Gamma1[10, 2]";1,00006998542774;0,629834374789872;-0,0912854597185992;0,219034153601964;0,113368276645379;-0,532507560064544;-0,963499275115069;8525,26407645171
"Gamma1[11, 1]";0,999923993907269;0,890729008905646;-0,527096928967765;-0,588696284213229;-0,309309427119716;-1,80568835274715;1,10835810475101;30391,7405153345
"Gamma1[11, 2]";0,999923993907269;-0,890729008905663;0,527096928967803;0,588696284213229;0,309309427119716;1,80568835274713;-1,10835810475101;30391,7405153345
"Gamma1[12, 1]";0,999970173195933;0,0592465029168611;-1,4210873179537;-0,214330624156633;1,71153646446387;0,902904471065373;0,474023047316975;29720,04221442
"Gamma1[12, 2]";0,999970173195933;-0,0592465029168434;1,42108731795368;0,214330624156651;-1,71153646446388;-0,902904471065339;-0,474023047316957;29720,0422144198
"Gamma1[13, 1]";1,00000560571391;-1,39713977021584;0,895230508709033;0,415367543018452;-0,617608201294719;-0,414659655700103;-1,54020927796532;30182,1964277239
"Gamma1[13, 2]";1,00000560571391;1,39713977021584;-0,895230508709017;-0,415367543018434;0,617608201294736;0,414659655700119;1,54020927796532;30182,1964277239
"Gamma1[14, 1]";1,00027712256421;0,540042587934679;-0,681376414437078;-0,816396375996578;-2,39055243854245;-0,0996079610880831;0,818789503876144;10731,9844166742
"Gamma1[14, 2]";1,00027712256421;-0,540042587934698;0,681376414437078;0,816396375996578;2,39055243854245;0,0996079610881046;-0,818789503876123;10731,9844166742
"Gamma1[15, 1]";1,0000365824626;-0,369460735193576;-1,75056199047261;0,123870657788116;0,407863405910676;-1,37126207948458;-0,410495204070588;13099,0728870106
"Gamma1[15, 2]";1,0000365824626;0,369460735193557;1,75056199047261;-0,123870657788136;-0,407863405910676;1,37126207948454;0,410495204070626;13099,0728870106
"Gamma1[16, 1]";1,00011494791043;0,616633918893585;1,29337858744981;1,61833698574268;-1,38165026990095;0,0626417708060672;-0,44947399041859;12419,7348868305
"Gamma1[16, 2]";1,00011494791043;-0,616633918893585;-1,29337858744981;-1,61833698574266;1,38165026990097;-0,0626417708060672;0,449473990418612;12419,7348868305
"Gamma1[17, 1]";1,0001001596514;-0,196915363885109;0,145094466357432;2,31324268493793;0,411384067700806;-0,185409201747388;-0,806695643762334;13385,4382110878
"Gamma1[17, 2]";1,0001001596514;0,196915363885134;-0,145094466357432;-2,31324268493793;-0,411384067700806;0,185409201747388;0,806695643762334;13385,4382110878
"Gamma1[18, 1]";0,999951243321304;-1,81433239346424;0,679377518034004;-0,66892352516982;1,14058805169093;0,528251570653609;1,50929910478203;30160,7597756604
"Gamma1[18, 2]";0,999951243321304;1,81433239346425;-0,679377518033969;0,668923525169835;-1,14058805169095;-0,528251570653593;-1,50929910478204;30160,7597756604
"Gamma1[19, 1]";0,999944046095515;-0,350459300253189;0,663208687852263;0,359335483694745;0,146521161087242;-1,31001532359474;-0,681908430032484;14612,383388089
"Gamma1[19, 2]";0,999944046095515;0,350459300253189;-0,663208687852263;-0,359335483694745;-0,146521161087285;1,31001532359474;0,681908430032506;14612,3833880894
"Gamma1[20, 1]";1,0001084266963;0,0785810414850165;1,1239923912317;-0,317605543109999;-0,111095240038134;-0,412173630125992;0,034188616262361;30178,4297686438
"Gamma1[20, 2]";1,0001084266963;-0,0785810414850165;-1,12399239123172;0,31760554311002;0,111095240038153;0,412173630126031;-0,0341886162623807;30178,4297686438
"Gamma1[21, 1]";1,00011417182977;-0,11238739599757;-0,228201597378989;-0,891154251298944;0,125564939612249;0,289360004973789;0,0496685156800512;12684,131281619
"Gamma1[21, 2]";1,00011417182977;0,112387395997551;0,228201597379008;0,891154251298926;-0,125564939612267;-0,289360004973789;-0,0496685156800512;12684,131281619
"Gamma1[22, 1]";1,00003246360598;-0,642524747319667;-0,315439778839352;0,735618375379227;1,02074161352028;1,14966626370395;-0,244498060852131;30246,2464059687
"Gamma1[22, 2]";1,00003246360598;0,642524747319648;0,315439778839319;-0,735618375379257;-1,02074161352026;-1,14966626370395;0,244498060852114;30246,2464059687
"Gamma1[23, 1]";1,0000339161228;-0,409918294821556;-0,449732965295905;-0,955197481202714;-0,521559126184074;-0,311675875663835;-1,44277782992828;30447,6122386103
"Gamma1[23, 2]";1,0000339161228;0,409918294821556;0,449732965295879;0,955197481202714;0,521559126184074;0,311675875663861;1,44277782992833;30447,6122386103
"Gamma1[24, 1]";1,00032769191244;-0,999131796680847;0,473043893799466;0,834861948633834;-1,62503757700146;-0,0489254530460893;-0,725854369096103;30061,4349597963
"Gamma1[24, 2]";1,00032769191244;0,999131796680873;-0,473043893799466;-0,834861948633888;1,62503757700146;0,0489254530460893;0,725854369096103;30061,4349597963
"Gamma1_F[1]";0,999987542422955;-0,289403678267545;-0,579952714043617;0,991218824436158;1,6350185844493;0,227136162085468;-1,32089359942099;30092,5670892648
"Gamma1_F[2]";0,999975218187967;-0,695010988034896;-1,53741481425737;-0,0921392683348691;-1,17698920233042;1,95711331722364;-0,577794788412061;19803,5991126989
"Gamma1_F[3]";0,999999191577343;-0,924176232052755;-0,225000129708527;-1,40791865981446;-0,372005627122273;2,39574297229375;-1,72194219263933;23955,4317017845
"Gamma1_F[4]";1,00003816927008;-0,788397390422988;-0,479921948664627;-3,68533699740812;0,849621330384598;-1,39713350407185;-0,0756614721144923;30048,3053682018
"Gamma1_F[5]";0,999994572328746;0,16019267598383;0,793406793604315;-1,33332066309629;0,245285102832248;0,682341640739636;2,62346794828227;30081,8871775617
"Gamma1_F[6]";1,00003363318748;0,906964633673973;0,234542012582095;-0,570800975505545;-0,407855122092375;0,346134144388128;-1,52590981320634;30263,2758931113
"Gamma1_F[7]";1,00005812517883;-1,18214231692469;-0,519727049109337;-2,28173376598693;-0,122196025501026;-1,30824193374758;0,324608053697973;10042,0094157755
"Gamma1_F[8]";0,999936797289493;0,44118780027151;-0,305645281754906;0,000528009865789527;0,928490864399947;1,2774261673232;0,840867733090881;18742,6961237729
"Gamma1_F[9]";1,00005212600517;-0,380720000200479;0,13017724248119;0,230631771958726;0,307417172584207;0,809701391311412;-0,309359061171586;30004,7113813736
"Gamma1_F[10]";1,00006998542774;-0,629834374789872;0,0912854597186192;-0,219034153601964;-0,113368276645361;0,532507560064563;0,963499275115088;8525,26407645171
"Gamma1_F[11]";0,999923993907269;0,890729008905646;-0,527096928967765;-0,588696284213229;-0,309309427119716;-1,80568835274715;1,10835810475101;30391,7405153345
"Gamma1_F[12]";0,999970173195933;0,0592465029168611;-1,4210873179537;-0,214330624156633;1,71153646446387;0,902904471065373;0,474023047316975;29720,04221442
"Gamma1_F[13]";1,00000560571391;-1,39713977021584;0,895230508709033;0,415367543018452;-0,617608201294719;-0,414659655700103;-1,54020927796532;30182,1964277239
"Gamma1_F[14]";1,00027712256421;0,540042587934679;-0,681376414437078;-0,816396375996578;-2,39055243854245;-0,0996079610880831;0,818789503876144;10731,9844166742
"Gamma1_F[15]";1,0000365824626;-0,369460735193576;-1,75056199047261;0,123870657788116;0,407863405910676;-1,37126207948458;-0,410495204070588;13099,0728870106
"Gamma1_F[16]";1,00011494791043;0,616633918893585;1,29337858744981;1,61833698574268;-1,38165026990095;0,0626417708060672;-0,44947399041859;12419,7348868305
"Gamma1_F[17]";1,0001001596514;-0,196915363885109;0,145094466357432;2,31324268493793;0,411384067700806;-0,185409201747388;-0,806695643762334;13385,4382110878
"Gamma1_F[18]";0,999951243321304;-1,81433239346424;0,679377518034004;-0,66892352516982;1,14058805169093;0,528251570653609;1,50929910478203;30160,7597756604
"Gamma1_F[19]";0,999944046095515;-0,350459300253189;0,663208687852263;0,359335483694745;0,146521161087242;-1,31001532359474;-0,681908430032484;14612,383388089
"Gamma1_F[20]";1,0001084266963;0,0785810414850165;1,1239923912317;-0,317605543109999;-0,111095240038134;-0,412173630125992;0,034188616262361;30178,4297686438
"Gamma1_F[21]";1,00011417182977;-0,11238739599757;-0,228201597378989;-0,891154251298944;0,125564939612249;0,289360004973789;0,0496685156800512;12684,131281619
"Gamma1_F[22]";1,00003246360598;-0,642524747319667;-0,315439778839352;0,735618375379227;1,02074161352028;1,14966626370395;-0,244498060852131;30246,2464059687
"Gamma1_F[23]";1,0000339161228;-0,409918294821556;-0,449732965295905;-0,955197481202714;-0,521559126184074;-0,311675875663835;-1,44277782992828;30447,6122386103
"Gamma1_F[24]";1,00032769191244;-0,999131796680847;0,473043893799466;0,834861948633834;-1,62503757700146;-0,0489254530460893;-0,725854369096103;30061,4349597963
"Gamma3[1, 1]";1,00009856103264;-0,318934647697642;-0,451574887427878;0,609747904253077;0,276388588091614;-0,43766115902777;-0,0536479626238551;30413,39072556
"Gamma3[1, 2]";1,00009856103264;0,318934647697642;0,451574887427898;-0,609747904253097;-0,276388588091595;0,43766115902777;0,0536479626238551;30413,39072556
"Gamma3[2, 1]";1,00006963094936;-0,200510415643891;-0,29820261235267;0,552284995961142;1,51953058934601;-0,414588559656397;-0,985755728022418;15374,4094658435
"Gamma3[2, 2]";1,00006963094936;0,200510415643891;0,298202612352694;-0,552284995961142;-1,51953058934599;0,414588559656376;0,98575572802244;15374,4094658435
"Gamma3[3, 1]";0,999946306944476;0,820332058909295;-0,418798588683875;0,454947106145037;0,722352867169811;-2,45655712761171;-1,35979453784544;29808,4977628615
"Gamma3[3, 2]";0,999946306944476;-0,820332058909316;0,418798588683854;-0,454947106145037;-0,722352867169811;2,45655712761171;1,35979453784546;29808,4977628615
"Gamma3[4, 1]";1,0000444184436;0,606221066384265;-0,856581631310787;0,180757022007361;1,31545087243315;0,336434969670503;-1,80367581250799;20805,1906176333
"Gamma3[4, 2]";1,0000444184436;-0,606221066384219;0,856581631310825;-0,180757022007327;-1,31545087243311;-0,336434969670543;1,80367581250799;20805,1906176333
"Gamma3[5, 1]";1,00001574306212;0,684229695503114;-0,492557075024176;-0,979458224078006;-0,311758416454484;0,826209244153568;0,771415556616767;30528,0288474961
"Gamma3[5, 2]";1,00001574306212;-0,684229695503147;0,492557075024192;0,979458224078006;0,3117584164545;-0,826209244153584;-0,771415556616752;30528,0288474961
"Gamma3[6, 1]";1,00005377187983;2,21826406385273;0,00512561251031228;-0,796724933516279;-0,372658980754241;-0,197496843891708;-0,655884018698586;10505,4709560545
"Gamma3[6, 2]";1,00005377187983;-2,21826406385273;-0,00512561251027214;0,796724933516236;0,372658980754218;0,197496843891729;0,655884018698586;10505,4709560545
"Gamma3[7, 1]";1,00001046713329;-2,16413328967853;-0,0505508480138923;0,768975024796573;-0,993047411739498;0,0594118373159292;1,71684082779919;29408,3467270615
"Gamma3[7, 2]";1,00001046713329;2,16413328967851;0,0505508480139143;-0,768975024796533;0,993047411739475;-0,0594118373159292;-1,71684082779916;29408,3467270615
"Gamma3[8, 1]";1,00009632354699;0,74746644546941;-0,0373464998580707;0,210422242016955;-1,43824654665267;1,51523355574634;-0,0343852920009605;30023,3222973037
"Gamma3[8, 2]";1,00009632354699;-0,747466445469382;0,0373464998580708;-0,210422242016987;1,4382465466527;-1,51523355574637;0,0343852920009314;30023,3222973037
"Gamma3[9, 1]";0,999992091876707;-0,0755235351682819;-0,498944930997607;-0,584685668829386;0,62931440250249;0,185799946180463;-1,68943997691211;30251,4163211898
"Gamma3[9, 2]";0,999992091876707;0,0755235351682819;0,498944930997607;0,584685668829386;-0,62931440250249;-0,185799946180435;1,68943997691209;30251,4163211898
"Gamma3[10, 1]";0,999998467084571;-0,150194695641944;-0,19946338974573;1,75997413386217;-1,27901631141481;1,25219921146196;-1,04494221790274;8980,18826039771
"Gamma3[10, 2]";0,999998467084571;0,150194695641944;0,199463389745762;-1,75997413386213;1,27901631141478;-1,25219921146193;1,04494221790268;8980,18826039771
"Gamma3[11, 1]";0,999999347376372;-1,24847201460039;-0,829514766983853;-0,34542141263566;1,39858778385166;-1,22064960482373;0,759840297336233;28138,7901497796
"Gamma3[11, 2]";0,999999347376372;1,24847201460039;0,829514766983853;0,345421412635632;-1,39858778385169;1,22064960482375;-0,75984029733621;28138,7901497796
"Gamma3[12, 1]";1,00005298786729;0,681772290605907;0,86862353303634;-0,782072264442566;-0,761594583808538;-0,917270765501553;1,41261726127671;29652,9710637143
"Gamma3[12, 2]";1,00005298786729;-0,681772290605907;-0,868623533036391;0,782072264442597;0,761594583808538;0,917270765501528;-1,41261726127669;29652,9710637143
"Gamma3[13, 1]";1,00004158652124;0,865376077603093;2,13969119078351;-1,72691133833469;-0,801306417759979;-0,0728920439916553;0,962919901668338;9202,11563070135
"Gamma3[13, 2]";1,00004158652124;-0,865376077603093;-2,13969119078351;1,72691133833467;0,801306417760023;0,0728920439916783;-0,962919901668361;9202,11563070158
"Gamma3[14, 1]";0,999970355795316;0,310954654038523;-0,656227943940709;0,524158173729979;-0,203583060835195;0,251503163290973;-0,130164170609656;30099,2004835326
"Gamma3[14, 2]";0,999970355795316;-0,310954654038496;0,656227943940709;-0,524158173729979;0,203583060835195;-0,251503163290973;0,130164170609631;30099,2004835326
"Gamma3[15, 1]";1,00002208886391;-1,60169169203318;-0,369098101037507;0,938140368118427;0,398283984809673;-1,05219901401691;-0,727981521441966;30200,2630419349
"Gamma3[15, 2]";1,00002208886391;1,60169169203316;0,369098101037507;-0,938140368118403;-0,398283984809649;1,05219901401691;0,727981521441941;30200,2630419349
"Gamma3[16, 1]";0,999970716116726;0,506622026631853;0,0829428121490668;0,214229977398085;-0,895817423800552;1,12746874033253;1,81919014043053;18237,4354961662
"Gamma3[16, 2]";0,999970716116726;-0,506622026631874;-0,0829428121490876;-0,214229977398068;0,895817423800552;-1,12746874033256;-1,81919014043053;18237,4354961662
"Gamma3[17, 1]";1,00012847376986;-0,567309560440221;2,6231722868169;-1,09694556540884;0,9068031951429;0,820088246745116;-0,471392035568628;29998,1470930894
"Gamma3[17, 2]";1,00012847376986;0,567309560440246;-2,62317228681684;1,09694556540879;-0,906803195142901;-0,820088246745116;0,471392035568604;29998,1470930894
"Gamma3[18, 1]";1,00013672511962;-2,07666869001889;-0,11725189464695;-0,80170965625221;1,28828007762087;2,11546080418273;0,511084075805424;30350,1079596559
"Gamma3[18, 2]";1,00013672511962;2,07666869001895;0,117251894646921;0,801709656252242;-1,28828007762087;-2,11546080418273;-0,511084075805424;30350,1079596559
"Gamma3[19, 1]";1,00005965728466;1,08448731607509;0,762831531181016;-0,310057555938145;-0,312208757972426;-0,923041683325181;-1,03522913244524;30222,2156915323
"Gamma3[19, 2]";1,00005965728466;-1,08448731607506;-0,762831531181047;0,310057555938145;0,312208757972458;0,923041683325121;1,03522913244524;30222,2156915323
"Gamma3[20, 1]";1,00009823360815;0,446883545361119;1,81166384728438;0,574038956204221;-0,0877633612676926;1,65276439243577;-1,17995685259556;23388,0918672949
"Gamma3[20, 2]";1,00009823360815;-0,446883545361144;-1,81166384728444;-0,574038956204245;0,0877633612676358;-1,65276439243579;1,17995685259562;23388,0918672949
"Gamma3[21, 1]";0,999984442858752;0,699060265706114;0,276000138821761;0,760258477297375;-1,02289933106056;0,38041982745875;2,1589189295436;30136,2387247466
"Gamma3[21, 2]";0,999984442858752;-0,699060265706114;-0,276000138821761;-0,760258477297321;1,02289933106058;-0,380419827458722;-2,15891892954357;30136,2387247466
"Gamma3[22, 1]";1,00005996644767;-0,132708048478087;-0,541887025175797;-1,26536112329544;-0,424784351396003;-1,21521495921088;-0,275165600779859;30218,8582178953
"Gamma3[22, 2]";1,00005996644767;0,132708048478087;0,54188702517578;1,26536112329543;0,424784351395985;1,21521495921088;0,275165600779859;30218,8582178953
"Gamma3[23, 1]";1,00012828181967;-0,312058359779276;-1,39620753341867;-0,583434472052091;-0,30868143055028;-1,43870049557167;-1,41847025172618;30038,9632317636
"Gamma3[23, 2]";1,00012828181967;0,312058359779287;1,39620753341865;0,583434472052103;0,308681430550266;1,43870049557167;1,41847025172617;30038,9632317636
"Gamma3[24, 1]";1,00004446060226;0,603224874113815;-0,366387035081925;-1,406355683651;0,622520765440364;-0,263923467217933;0,413987500270442;26830,2214336155
"Gamma3[24, 2]";1,00004446060226;-0,603224874113803;0,366387035081949;1,40635568365099;-0,622520765440352;0,263923467217933;-0,413987500270429;26830,2214336155
"Gamma4[1, 1]";1,00009856103264;-0,318934647697642;-0,451574887427878;0,609747904253117;0,276388588091614;-0,43766115902777;-0,0536479626238551;30413,39072556
"Gamma4[1, 2]";1,00009856103264;0,318934647697642;0,451574887427898;-0,609747904253097;-0,276388588091595;0,43766115902775;0,0536479626238551;30413,39072556
"Gamma4[2, 1]";1,00006963094936;-0,200510415643891;-0,29820261235267;0,552284995961142;1,51953058934601;-0,414588559656397;-0,985755728022418;15374,409465844
"Gamma4[2, 2]";1,00006963094936;0,200510415643891;0,298202612352694;-0,552284995961142;-1,51953058934599;0,414588559656376;0,985755728022395;15374,409465844
"Gamma4[3, 1]";0,999946306944476;0,820332058909295;-0,418798588683875;0,454947106145037;0,722352867169811;-2,45655712761167;-1,35979453784544;29808,4977628615
"Gamma4[3, 2]";0,999946306944476;-0,820332058909316;0,418798588683854;-0,454947106145037;-0,722352867169811;2,45655712761171;1,35979453784546;29808,4977628615
"Gamma4[4, 1]";1,0000444184436;0,606221066384265;-0,856581631310787;0,180757022007361;1,31545087243315;0,336434969670503;-1,80367581250799;20805,1906176333
"Gamma4[4, 2]";1,0000444184436;-0,606221066384219;0,856581631310824;-0,180757022007327;-1,31545087243311;-0,336434969670543;1,80367581250799;20805,1906176333
"Gamma4[5, 1]";1,00001574306212;0,684229695503147;-0,492557075024176;-0,979458224078006;-0,311758416454484;0,826209244153568;0,771415556616767;30528,0288474961
"Gamma4[5, 2]";1,00001574306212;-0,684229695503147;0,492557075024192;0,979458224078006;0,3117584164545;-0,826209244153584;-0,771415556616752;30528,0288474961
"Gamma4[6, 1]";1,00005377187983;2,21826406385273;0,00512561251031228;-0,796724933516279;-0,372658980754241;-0,197496843891708;-0,655884018698586;10505,4709560545
"Gamma4[6, 2]";1,00005377187983;-2,21826406385273;-0,00512561251027213;0,796724933516236;0,372658980754218;0,197496843891729;0,655884018698586;10505,4709560545
"Gamma4[7, 1]";1,00001046713329;-2,16413328967853;-0,0505508480138923;0,768975024796573;-0,993047411739497;0,0594118373159292;1,71684082779919;29408,3467270617
"Gamma4[7, 2]";1,00001046713329;2,16413328967851;0,0505508480138923;-0,768975024796533;0,993047411739452;-0,0594118373159292;-1,71684082779916;29408,3467270617
"Gamma4[8, 1]";1,00009632354699;0,74746644546941;-0,0373464998580708;0,210422242016955;-1,43824654665267;1,51523355574634;-0,0343852920009605;30023,3222973037
"Gamma4[8, 2]";1,00009632354699;-0,747466445469381;0,0373464998580708;-0,210422242016987;1,4382465466527;-1,51523355574637;0,0343852920009314;30023,3222973037
"Gamma4[9, 1]";0,999992091876707;-0,0755235351682819;-0,498944930997607;-0,584685668829386;0,62931440250249;0,185799946180463;-1,68943997691211;30251,4163211898
"Gamma4[9, 2]";0,999992091876707;0,0755235351682819;0,49894493099758;0,584685668829386;-0,62931440250249;-0,185799946180434;1,68943997691209;30251,4163211898
"Gamma4[10, 1]";0,999998467084571;-0,150194695641944;-0,19946338974573;1,75997413386217;-1,27901631141481;1,25219921146196;-1,04494221790274;8980,18826039798
"Gamma4[10, 2]";0,999998467084571;0,150194695641944;0,199463389745762;-1,75997413386213;1,27901631141478;-1,25219921146193;1,04494221790268;8980,18826039771
"Gamma4[11, 1]";0,999999347376372;-1,24847201460039;-0,829514766983854;-0,34542141263566;1,39858778385166;-1,22064960482373;0,759840297336233;28138,7901497792
"Gamma4[11, 2]";0,999999347376372;1,24847201460042;0,829514766983854;0,34542141263566;-1,39858778385169;1,22064960482376;-0,75984029733621;28138,7901497792
"Gamma4[12, 1]";1,00005298786729;0,681772290605907;0,86862353303634;-0,782072264442566;-0,761594583808538;-0,917270765501553;1,41261726127671;29652,9710637141
"Gamma4[12, 2]";1,00005298786729;-0,681772290605907;-0,868623533036366;0,782072264442597;0,761594583808538;0,917270765501528;-1,41261726127666;29652,9710637143
"Gamma4[13, 1]";1,00004158652124;0,865376077603093;2,13969119078351;-1,72691133833469;-0,801306417760023;-0,0728920439916553;0,962919901668338;9202,11563070135
"Gamma4[13, 2]";1,00004158652124;-0,865376077603093;-2,13969119078351;1,72691133833467;0,801306417760023;0,0728920439916783;-0,96291990166836;9202,11563070135
"Gamma4[14, 1]";0,999970355795316;0,310954654038522;-0,656227943940709;0,524158173729979;-0,203583060835195;0,251503163290973;-0,130164170609656;30099,2004835326
"Gamma4[14, 2]";0,999970355795316;-0,310954654038496;0,656227943940709;-0,524158173729953;0,203583060835171;-0,251503163290973;0,130164170609631;30099,2004835326
"Gamma4[15, 1]";1,00002208886391;-1,60169169203315;-0,369098101037507;0,938140368118427;0,398283984809673;-1,05219901401693;-0,727981521441966;30200,2630419349
"Gamma4[15, 2]";1,00002208886391;1,60169169203315;0,369098101037507;-0,938140368118403;-0,398283984809649;1,05219901401691;0,727981521441991;30200,2630419349
"Gamma4[16, 1]";0,999970716116726;0,506622026631853;0,0829428121490668;0,214229977398085;-0,8958174238006;1,12746874033253;1,81919014043053;18237,4354961662
"Gamma4[16, 2]";0,999970716116726;-0,506622026631853;-0,0829428121490876;-0,214229977398068;0,895817423800552;-1,12746874033256;-1,81919014043053;18237,4354961662
"Gamma4[17, 1]";1,00012847376986;-0,567309560440221;2,6231722868169;-1,09694556540884;0,9068031951429;0,820088246745116;-0,471392035568628;29998,1470930893
"Gamma4[17, 2]";1,00012847376986;0,567309560440246;-2,62317228681684;1,09694556540879;-0,9068031951429;-0,820088246745116;0,471392035568604;29998,1470930893
"Gamma4[18, 1]";1,00013672511962;-2,07666869001889;-0,11725189464695;-0,80170965625221;1,28828007762087;2,11546080418273;0,511084075805424;30350,1079596559
"Gamma4[18, 2]";1,00013672511962;2,07666869001895;0,117251894646921;0,801709656252242;-1,28828007762087;-2,11546080418276;-0,511084075805424;30350,1079596559
"Gamma4[19, 1]";1,00005965728466;1,08448731607509;0,762831531181016;-0,310057555938145;-0,312208757972426;-0,923041683325181;-1,03522913244524;30222,2156915323
"Gamma4[19, 2]";1,00005965728466;-1,08448731607506;-0,762831531181047;0,310057555938174;0,312208757972458;0,923041683325121;1,03522913244524;30222,2156915323
"Gamma4[20, 1]";1,00009823360815;0,446883545361119;1,81166384728438;0,574038956204221;-0,0877633612676926;1,65276439243577;-1,17995685259556;23388,0918672949
"Gamma4[20, 2]";1,00009823360815;-0,446883545361144;-1,81166384728444;-0,574038956204245;0,0877633612676358;-1,65276439243579;1,17995685259559;23388,0918672949
"Gamma4[21, 1]";0,999984442858752;0,699060265706114;0,276000138821761;0,760258477297375;-1,02289933106056;0,38041982745875;2,1589189295436;30136,2387247466
"Gamma4[21, 2]";0,999984442858752;-0,699060265706114;-0,276000138821734;-0,760258477297321;1,02289933106058;-0,380419827458722;-2,15891892954357;30136,2387247466
"Gamma4[22, 1]";1,00005996644767;-0,132708048478087;-0,541887025175762;-1,26536112329543;-0,424784351396003;-1,21521495921088;-0,275165600779859;30218,8582178953
"Gamma4[22, 2]";1,00005996644767;0,132708048478087;0,54188702517578;1,26536112329543;0,424784351395985;1,21521495921088;0,275165600779859;30218,8582178953
"Gamma4[23, 1]";1,00012828181967;-0,312058359779276;-1,39620753341867;-0,583434472052091;-0,30868143055028;-1,43870049557167;-1,41847025172618;30038,9632317636
"Gamma4[23, 2]";1,00012828181967;0,312058359779287;1,39620753341865;0,583434472052103;0,308681430550266;1,43870049557167;1,41847025172617;30038,9632317636
"Gamma4[24, 1]";1,00004446060226;0,603224874113815;-0,366387035081925;-1,406355683651;0,622520765440364;-0,263923467217933;0,413987500270442;26830,2214336155
"Gamma4[24, 2]";1,00004446060226;-0,603224874113803;0,366387035081949;1,40635568365099;-0,622520765440352;0,263923467217933;-0,413987500270442;26830,2214336155
"Mu_Alpha1[1]";1,00006397660384;0,652409738688244;0,416085065307756;-0,020650425459955;-0,6964867813569;-1,27537285277953;-0,695652015775062;30343,9844172562
"Mu_Alpha1[2]";0,999953056843483;-0,847002748083973;1,21659159692622;-1,17514062756353;0,482992269763833;-1,60797356497542;-0,805161561146133;30442,6171821544
"Mu_Alpha2";1,00103496187837;-0,479116276058967;0,527432475904556;-1,41939841943105;-0,924076309406883;-2,19233867382348;0,791161113142396;1,24875569567499
"Mu_L1[1]";0,999972249675266;2,30491130396503;-0,291020517799322;2,10454621693162;-0,299324969379679;-0,258371341156689;0,908235225562083;10097,3268684391
"Mu_L1[2]";1,00009513813295;-1,30738206940333;0,359944597094451;-0,201988934568882;0,513653912672341;0,053295506271854;0,460939104831174;26842,6925041124
"Mu_L1[3]";0,999983494798272;0,583447376846433;0,0610131357303891;-0,0865916537619043;1,17839385167904;-0,710558574900485;2,07936939763743;30032,920839804
"Mu_L1[4]";0,999968854989883;-2,21036075542956;0,291990030322115;0,0951865690065973;-0,628735497542646;0,145030296793449;1,22324403567078;9302,67909950329
"Mu_L1[5]";1,0000110424895;-1,91415105238906;0,707855907317886;1,39122680808304;0,0973972254807468;-0,705088305624262;0,28856551775487;30151,1684866561
"Mu_L1[6]";0,999968329242606;-0,48634825729175;0,96186391770101;0,271638957460622;0,774476073166091;-0,282765203613696;-1,6340832576098;30223,5907594164
"Mu_L1[7]";1,00003779897856;1,21271065063578;1,95230281846573;-0,506862874230606;0,296013764257176;0,633840110602507;0,469422030449952;30554,5990619398
"Mu_L1[8]";1,00002358973942;-0,950939029723261;-1,31967014659268;0,650807664551295;-0,779779976653465;0,190573239306607;0,162728175337933;30606,0650687902
"Mu_L1[9]";1,00007537885708;-1,50496186932728;0,239515999188336;-0,844232640604755;-1,17417823634825;-0,35133871064707;0,506475689083998;5283,70917772913
"Mu_L1[10]";1,00000343340172;1,02201751029342;0,268696548295859;0,446645422273466;-0,939637381855684;0,313213134245181;0,625262354272992;30339,0185543665
"Mu_L1[11]";1,00010751965551;0,220499242915369;-0,889015904686166;0,885186789064628;0,149013358304998;1,18199433169805;1,25855859319107;25899,9155597836
"Mu_L1[12]";1,00001970421801;0,583273387336732;0,320285542867358;0,912461409207775;1,01013779241679;0,409452529000154;1,47377644191982;30884,8456135533
"Mu_L1[13]";0,999989240738432;-0,421132451253433;1,27907147746457;0,248863765346855;-1,45583926915168;-0,50569306519764;1,1449224376;22686,1363931401
"Mu_L1[14]";1,00017445423489;0,0433650314882435;0,15914621305634;0,875993165892807;0,205575166159564;1,33864557025061;0,369009703419425;21767,4291668285
"Mu_L1[15]";1,00014590614179;0,609759308638498;1,19264736845829;0,884340283849862;-1,68939941624534;0,890065354748723;1,02920667816699;28292,9474132181
"Mu_L1[16]";0,999983564828986;-0,853172424898969;-0,40087233492959;0,53179068590709;-1,31212343308395;-1,1259007334796;-0,209887873231193;10087,3108603503
"Mu_L1[17]";0,999979552135945;-0,547547287643072;0,393102681096791;-0,0469754520067196;-0,362881542709642;1,00772867854077;1,09227234297184;19977,9508898281
"Mu_L1[18]";1,00020109838743;0,191239775096782;-2,00422977464007;-0,242028444056942;-1,5589334485103;1,11571352339773;1,1356070884956;30594,859875637
"Mu_L1[19]";1,00011715756768;-0,845149232638606;0,727303030909175;0,789449887404408;-0,37567017320839;-0,70374391569468;1,03730977204142;30656,1017085293
"Mu_L1[20]";0,999977223881559;0,472320974027361;1,27685526616119;0,662592908251843;0,745781550509142;0,0525696813034833;0,076354996233099;30388,7323970955
"Mu_L1[21]";1,00000697533647;-0,354454987903532;2,45759194877153;0,0737671330080876;-0,675655877203292;0,46618274610173;1,90072368610144;9844,79951958447
"Mu_L1[22]";1,00004372954142;0,435152791710075;-0,12049345965189;-0,00657301749905569;-0,891023485087329;-1,09054107039238;-0,583997689589646;4822,11510035486
"Mu_L1[23]";1,0000085925126;-1,86027432481908;0,0395777766930588;-0,137413657024737;0,473521704060643;0,844938806377457;1,02282687044749;30429,1845165479
"Mu_L1[24]";1,00011926112434;-2,19004588993861;-0,421851658607961;0,0665603971182748;0,549244716764261;-0,288495288220846;0,2423344143589;26432,8681792119
"Mu_L1surv[1]";0,999970001523856;2,51337589515637;-0,221494234053708;2,0596259260154;-0,0639992868506895;-0,350732957143546;0,880501973545;11324,9952119136
"Mu_L1surv[2]";1,00002603213463;-0,902353610267746;0,187481598567687;-0,332356274438164;0,564218461573015;-0,150463487629848;-0,347980264162297;22617,0714422822
"Mu_L1surv[3]";0,999969429445217;0,765196012513082;-0,14738310582176;-0,148025055099242;0,574380947048918;-0,304780059618293;1,76839691208053;30015,2616355935
"Mu_L1surv[4]";1,00005301461692;-1,55693283405822;-0,00471006987133856;-1,19520735407648;-0,580742395615721;1,23749762822731;1,14700024346976;4724,03164003294
"Mu_L1surv[5]";0,99998092512944;-1,48299191916862;0,898619324344899;0,540290990915102;-0,219841217892625;-1,15855610043423;-0,273876354208746;30078,4850851589
"Mu_L1surv[6]";0,999997866969587;-0,754813107611643;1,26995196679087;-0,00993243373068307;1,82640168711097;-0,681873484285949;-2,51854248312825;30205,7287894333
"Mu_L1surv[7]";1,00001719124864;1,63205267425373;1,87835436067229;-1,3988116802397;0,789786366927699;0,44998078918165;0,136509263351953;30266,3014639989
"Mu_L1surv[8]";0,999981725570625;-0,196569617226133;-1,49420736158785;0,158594091335233;-0,688843646706354;0,672988601640936;0,089163759900485;30560,2515407502
"Mu_L1surv[9]";1,00005335215518;-0,583667366492951;0,427816983985732;-1,88533881743633;-0,294998328994974;-0,31142476955676;-0,295603474043454;5641,51757819406
"Mu_L1surv[10]";1,0000332533892;1,46157772164621;-0,251846074811404;-0,92868547071568;0,132553686108657;0,378861866516334;0,173136576439673;30274,2909642088
"Mu_L1surv[11]";1,00017726683298;0,659600860584511;-0,422508167474551;0,0115727148334886;0,953466616576199;1,16037233989678;0,322209896052852;30099,4868232904
"Mu_L1surv[12]";1,00005540481754;1,15310838582372;1,01670472793818;0,053339875486411;1,06858085984832;0,336048021889204;-0,00902055284249724;30335,679289827
"Mu_L1surv[13]";1,00014019865495;0,466885125025336;1,84222456762116;-0,710543465936454;-0,341014306190675;-0,92107611994168;-0,484344013319643;6090,59710778699
"Mu_L1surv[14]";1,00018333846103;0,814151998803409;-0,169211615022108;0,376371081534296;0,188911149502775;1,76648835669066;0,670220507058339;29965,8569857363
"Mu_L1surv[15]";1,00009167838811;0,816181848643758;0,936039353190873;0,778994468902004;-1,67604362922433;0,904445244112468;0,736424218922587;7233,43257508549
"Mu_L1surv[16]";1,00005960585855;0,355097778454951;0,0294957034831143;-0,683827352361048;-1,13899144077953;-0,813027196228761;-0,679764006909067;9218,24465644941
"Mu_L1surv[17]";1,00004363501812;-0,423938637082679;-0,0221674306493091;0,250331353159624;0,853163079429696;0,197531429857758;0,882651095289233;6684,43369042562
"Mu_L1surv[18]";1,00024419803875;0,770635917272508;-1,83299852176418;-0,668065470014269;-1,06803930361973;1,01282301103338;0,348362595212935;30301,9853773849
"Mu_L1surv[19]";1,00008522694423;-0,997272151721369;1,01024814215795;0,968682638112979;0,0947856442314886;-0,460836801220898;0,461796218685745;30459,6883972461
"Mu_L1surv[20]";0,999974864476372;1,50413107888295;0,563041363706794;-0,395184549820668;0,280023338009643;-0,205710974085986;-0,357162817992784;30175,5872925477
"Mu_L1surv[21]";1,00006280169277;0,3958799067927;2,39685276265715;-0,424266253014597;-0,49374579953316;-0,3948075815113;1,16020548113291;20206,3613722295
"Mu_L1surv[22]";1,00005245607147;1,17011821669507;-0,100692368864174;-0,327929701017536;-1,44768062085924;-0,404731346543274;-1,37756126898862;11488,8185831821
"Mu_L1surv[23]";1,00001102606691;-0,935091860258702;0,124701665440307;-0,52501748521568;1,15348161221006;0,657302087171909;0,484257616789779;30576,1135530949
"Mu_L1surv[24]";1,0000683942599;-2,08289124816906;-7,10855341257033e-05;-0,458848055204411;0,604971369114245;-0,420743259231714;0,031679921629886;10978,0237125752
"Mu_L2[1]";1,00020941340012;-0,149318388291669;0,786082516653937;-2,00997348693422;0,92372736181158;-1,62261701476227;0,748087959199151;12482,8152729438
"Mu_L2[2]";1,00003832821302;-0,0493455270531908;0,00999108112419371;0,0862465655379705;0,52486098486092;0,219142235270796;0,524855427907507;6475,88985638033
"Mu_L2[3]";0,99999273725216;-0,00392937300075782;-0,668613698738137;-0,74832556894225;0,96040536425581;-0,165576432288061;0,426886362505593;29387,9172185762
"Mu_L2[4]";1,0000549247591;-0,607065528665476;0,709561608779881;-0,386073005214425;0,474086804999826;-0,38903838818808;2,37627008810203;7488,44469833201
"Mu_L2[5]";1,0000724017257;-1,85208465974094;0,479378745322024;-0,0630464059378114;0,590735695799326;-0,608021313369475;0,492929628449469;7590,7551035847
"Mu_L2[6]";1,00006962943215;-0,319773376610754;0,756054845034695;0,0761379898575955;-1,41790064544348;-0,672898707641475;0,682550176730803;11275,4529224915
"Mu_L2[7]";0,999951559803769;0,562267644983907;0,155629057800841;1,61581344180548;-0,609089407244775;-0,121429737721005;0,468747108291478;30155,8557000495
"Mu_L2[8]";1,00012083777776;-1,12669275089854;0,440605977775973;-0,0925240005698288;-0,891269832796383;-0,660908232356852;-1,41025944977312;29597,6729415547
"Mu_L2[9]";1,00000656267361;-0,431078342219451;-1,67100760761912;-1,5752072446199;-0,404821187713321;1,5919864940779;-0,749584841199721;30130,9203847965
"Mu_L2[10]";1,00011925079654;0,16902124308884;-0,699584453144612;0,756912859425516;-0,795378306512792;1,71600735180685;1,41199114656409;19533,0699539774
"Mu_L2[11]";1,00011347627224;-1,37032311523126;0,413592611560582;-1,47180434751383;0,952758103376679;-1,8148180311142;-0,875160947355721;6076,07336048453
"Mu_L2[12]";1,00008129790598;2,73907545044878;-0,286752633703423;0,624832901920818;0,493122055459866;1,0533765641436;1,00052739682952;29845,6411635115
"Mu_L2[13]";1,00001606719811;0,320510423870783;-0,132627942168482;0,521465268910777;-0,483078390815453;0,12906414240921;0,474310030905127;18766,0490042853
"Mu_L2[14]";1,0000532864139;0,338091787857987;-0,0775394301048913;0,217891997131283;0,0787758566964485;0,723645029358667;-0,408052759514619;12076,861941526
"Mu_L2[15]";1,00001383833384;0,80354871910426;0,849056951020469;-1,23214732924708;-0,182810950372385;-1,50955680966679;0,153129671195223;8473,29620289239
"Mu_L2[16]";0,999996735200447;-0,211473696732918;-0,261170073212573;1,0585177574688;-0,843265739568077;1,02803837793796;-1,65446215875707;30048,6864514542
"Mu_L2[17]";0,999988023034699;-1,48717678397753;-2,39515932867254;-0,808449862281216;0,183447452676624;-1,93115746608131;0,0635850189162986;8111,3472247365
"Mu_L2[18]";1,00012689393744;-0,0809291032735959;0,016522367859164;0,213481842757299;-0,998282742937825;0,430191473802858;1,26635514455115;30347,1907895093
"Mu_L2[19]";1,0001460867473;-0,120241068909742;0,942166745051752;1,1762159011809;-0,946592557849459;-0,33353772999488;0,902618179545469;2835,39793975096
"Mu_L2[20]";1,0000110368123;0,0763494121105492;-0,210161270565881;-1,40991428670088;-1,74517666706545;-0,964075231147809;0,8595376528621;29954,5142859949
"Mu_L2[21]";1,00017113924058;0,600720466482238;1,02833913035815;0,293934764976199;-0,163155997545308;0,543389090500461;-1,49037015619494;13680,8590818081
"Mu_L2[22]";1,00002137512752;-0,401377999917014;-0,629509564958956;0,620774694760416;-1,03068901556891;-0,344138820283232;-0,477858992199661;30018,9719026792
"Mu_L2[23]";1,00016941168999;0,318014583784746;-1,32609019624063;-1,91483705824598;-0,549567686155193;0,0879046367126151;-0,735848350458808;30000,2347903141
"Mu_L2[24]";0,999995852926018;-2,0995344399661;0,877599203927149;0,267405299366379;0,179196851263023;-1,53705414718058;-0,533414613981923;30186,7338371087
"Mu_L2m[1]";1,00020040848662;-0,173072960243974;1,05776581619512;-2,25916326814407;0,824438631558247;-1,64959912869143;0,923891670579825;3417,9593874135
"Mu_L2m[2]";1,0001186112371;-0,263673648687527;0,294232284576577;-0,196975775192755;0,238739999005201;-0,0398395207397972;0,814297243022688;1327,49988691498
"Mu_L2m[3]";1,00000851057755;-0,0342713446801627;-0,41644864007245;-1,17350310360818;0,695230361695889;-0,461980846245392;0,643351071208857;2341,27713840756
"Mu_L2m[4]";1,0000596961386;-0,412623572654596;0,684144864898319;-0,633341392639156;0,231637670108228;-0,859100267691474;2,63745723138268;1604,01946833868
"Mu_L2m[5]";1,00011402750445;-1,87104882511633;0,614579826761528;-0,471366158784414;0,433172111756676;-0,999041992528254;1,01165819305405;2707,07350777992
"Mu_L2m[6]";1,0000791106066;-0,235896445544565;0,726696358097618;-0,247208860108986;-1,48765241392121;-1,1435994651676;0,913310764967843;1993,62681308516
"Mu_L2m[7]";0,999969452719083;0,813355303984182;0,323147711604312;0,898190080258262;-0,893756472345408;-0,646063170590019;0,925426040618257;2151,97341095715
"Mu_L2m[8]";1,00012644772443;-1,19747034512391;0,607734284879108;-0,204223378559789;-0,969387154431329;-0,933481069218575;-1,16582069328311;5571,49414748859
"Mu_L2m[9]";0,999965125172669;-0,243650700097591;-1,42891204710343;-1,86185517294669;-0,45818688922426;1,0000307764419;-0,473364976349563;5058,72590877206
"Mu_L2m[10]";1,0001197425207;0,0884671147488912;-0,759498672173928;0,40549673299118;-0,82402090489756;1,48297169295772;1,54261749706517;4023,91094444272
"Mu_L2m[11]";1,00010473597428;-1,54158503039672;0,644503640935836;-1,97264619833639;0,775888198528999;-2,30069825671918;-0,748317640452992;1247,2107804743
"Mu_L2m[12]";1,00016638901827;2,34533099555282;0,0573538835283546;-0,115877809926053;0,456786118186358;0,160579947947685;1,0185899426587;1391,28853122589
"Mu_L2m[13]";1,00001624663645;0,176113381432497;-0,192722042483545;-0,0975405657786111;-0,144356244723703;-0,640467701284497;0,603168109748352;1139,76728573302
"Mu_L2m[14]";1,00011770742746;0,207160141250421;0,292736625556928;-0,487149841612031;-0,313667868203294;-0,0548132106414026;0,0737428922765016;1108,84155726259
"Mu_L2m[15]";1,00008215061723;0,804560795676459;1,16315981379047;-1,42955974906177;-0,862979874089365;-1,92955239683335;0,347013144353597;640,928602567188
"Mu_L2m[16]";1,0000510260364;-0,504132843144579;-0,0386233313223152;0,548880019330743;-0,947874981441587;0,300387254507552;-1,05703822398062;2199,08398251925
"Mu_L2m[17]";0,999950995450469;-1,55974162895006;-2,30828976929971;-0,924638757724357;-0,166214059942824;-2,00143348441509;0,133431342064944;971,193884532011
"Mu_L2m[18]";1,00023315042318;-0,316675396721442;0,147531532741557;0,0385972546250097;-0,9682727811162;-0,405509358567329;1,5239774738036;1816,02241675381
"Mu_L2m[19]";1,000229076558;-0,291693364579628;0,899144601057884;0,957055143511375;-1,18127867790089;-0,789570246424785;0,967049573423152;853,153249552
"Mu_L2m[20]";1,0000379732053;-0,119835682860977;0,130487900699297;-1,74728623756453;-1,74300761152578;-1,72100768416162;1,17808992459417;1929,12503854003
"Mu_L2m[21]";1,00024071437013;0,353187166275078;0,794356793123203;-0,0735378110660385;-0,189285405907249;0,148378944627245;-0,835693644351531;1267,8936803919
"Mu_L2m[22]";1,00007904980129;-0,929450611136379;-0,297878211337135;0,476803507698533;-1,20021427323639;-0,625516672552146;-0,344860176041423;2979,79206770367
"Mu_L2m[23]";1,00033812657262;0,273051977644616;-0,804672237620391;-2,42178206281134;-0,81635366966692;-0,737338715845284;-0,445108285179457;7327,49560525392
"Mu_L2m[24]";1,00000844330432;-2,24967926734707;0,973228033485385;-0,0228553062020277;0,102018700228124;-2,20528974902243;-0,326822054184564;12556,4898337457
"Mu_L2nm[1]";1,00036131085872;-0,366403220672418;0,998708543079239;0,261494686862188;1,01133598183395;0,753508120502491;-0,731711175748348;205,813779966929
"Mu_L2nm[2]";0,999998742966756;0,551564400805462;-0,370563923889879;1,18233200969155;1,35333072002012;1,02332925385224;-0,897359191467706;157,924572445891
"Mu_L2nm[3]";1,00009980365089;0,721885554459299;-0,247977540860945;0,104188638983821;1,28288160219385;1,62219795338988;-0,834969518965719;247,632718460157
"Mu_L2nm[4]";1,00016354836859;0,685899002128338;0,107140092669619;0,751074384794828;0,396039055202307;1,81919412764983;1,45981767885495;220,003280867196
"Mu_L2nm[5]";1,00013866566622;0,0407934615714486;-0,0494622965679784;1,99031969616526;0,425179079139336;1,7606981129416;-0,712309927972002;202,502770718041
"Mu_L2nm[6]";1,00017050056002;-0,409083762266467;0,0462746290270037;2,81520447780407;-0,691311726837621;1,68004001252822;-0,0343718362019978;318,000397676339
"Mu_L2nm[7]";1,00016980387838;0,694110337988815;-0,364821314693819;2,47952095769604;-0,194665250969729;1,83644534077318;-0,018430937061149;156,260177684672
"Mu_L2nm[8]";1,0002224090819;-0,120434110666181;-0,14474747991895;0,42204642921133;0,00737020023059108;1,38984167458502;-2,46886751466168;245,774029468195
"Mu_L2nm[9]";1,00025973318359;-0,337692416863548;-1,70197170326577;-0,0922397462056656;0,322793535959123;2,21289446091245;-1,52681025867647;428,308170216638
"Mu_L2nm[10]";1,00017720196131;1,44060212081628;-0,776485707603453;2,33907550053159;0,453641143028376;3,33432403784477;0,428765082422118;270,531512437077
"Mu_L2nm[11]";1,00028180541899;-0,455455213308564;-0,198196825050012;0,273150383366973;1,20990649573366;0,632217622851364;-1,386981892882;270,216186435372
"Mu_L2nm[12]";1,00017961927782;3,28194587571985;-0,4483038544788;1,33312491295175;0,900041859637906;2,73550545815659;0,47401589766714;365,256858010511
"Mu_L2nm[13]";1,00021569269895;0,695909657661976;-0,479374649775162;2,07927790288078;-0,648345512739563;1,99477370201389;0,265881903250455;313,996194940473
"Mu_L2nm[14]";1,00000613524019;0,272123290855855;-1,04696405303748;0,96611355273083;1,21015220025688;2,51268070183292;-0,968252485162815;321,411237578782
"Mu_L2nm[15]";1,0001473533022;1,07482876237784;-0,109725711948373;-0,387595419057736;1,08348309565608;-0,237809837416824;-0,515040098315633;532,632197911478
"Mu_L2nm[16]";1,00006295624602;0,309214605118061;-0,720848834225459;1,37456300326948;-0,791476513521257;2,5874696739121;-1,64529251594088;240,13850519747
"Mu_L2nm[17]";1,0001917405866;-0,668992642866858;-1,48429653584661;0,183483006933607;1,5594440050412;-0,279112500457483;-0,402667310985905;768,970905626426
"Mu_L2nm[18]";0,999968017465805;0,490982017257783;-0,512342471645123;1,27755041451475;-0,135958101990826;2,71881763002031;0,563277469173034;498,572002002713
"Mu_L2nm[19]";0,999957020048842;0,909388011568831;0,341807220901573;1,96869784598039;0,365560307402123;1,31476900125009;0,259875989456905;293,586407900559
"Mu_L2nm[20]";1,00009415862273;0,546386532219399;-0,940647307656659;0,125922809910927;-0,641134630876483;1,44110023462992;-0,301907421898606;475,869769350765
"Mu_L2nm[21]";1,0002651222539;0,849576209878358;-0,10536602512839;1,64914600740503;0,526482060311725;1,87169316173893;-2,31011830268228;170,978363657948
"Mu_L2nm[22]";0,999976701911921;0,576904203377596;-1,32358883774266;1,24273882656172;0,833604092901252;1,00239993547203;-1,00353984671604;243,682182782158
"Mu_L2nm[23]";1,00006428130022;1,26130255024402;-1,05776743522007;-0,0617028348022703;0,803144663775989;1,63927372667433;-1,72562967690674;240,841661717095
"Mu_L2nm[24]";1,0001763049433;-0,710042292563791;-0,316674360304326;2,48347683403684;1,18340863778923;0,876533148150548;-1,25415537167103;171,562796475892
"Mu_Mu_L1";0,999995306605191;-0,6881303409947;0,99809696953013;2,24155539676825;-0,319747993820093;1,25743827015559;0,872185418167443;22627,4611280267
"Mu_Mu_L1surv";1,00017904405905;0,634619742969016;1,24824912434258;-0,704866837852342;0,178028692838365;0,233421989095224;0,41350048628165;7206,88377795566
"Mu_Mu_L2";1,00006975495398;0,733061238247687;-0,416317785346621;-0,374136738917452;0,986447806446482;-0,654393947117487;1,74077783244162;30009,3086794203
"Mu_Mu_L2m";1,00048200054276;-0,656175211074538;0,281184034020991;-1,14029117772872;-0,742206279479514;-1,59370108131554;0,844723421074611;10,0134651451423
"Mu_Mu_L2nm";1,00076517398444;0,590096799736032;-0,593415295877961;1,53085666548858;0,692069862511146;2,4842426371047;-0,79089449620942;3,18587940497469
"Mu_N1[1]";1,0000949899781;-1,39882424156676;-1,25220190769711;0,85902997517584;-0,425136863039444;0,379771276614078;2,23435929623807;10188,1357056991
"Mu_N1[2]";1,00000398201106;-0,175076095696082;-0,440075200644594;-0,311429757912752;-1,09713201253038;0,499098538908395;-2,63749558246816;30009,1255173471
"Mu_N1[3]";1,00011086000735;0,252890625649656;-2,41334399553125;-0,0874623511017256;-0,00081723283558711;1,26547902501609;0,100394440653635;30100,734890756
"Mu_N1[4]";0,999935582570532;-1,11848376243102;-0,0126099742276233;0,184461004561869;-1,19420515830466;1,01114393097134;-0,616220728035146;30172,5971002936
"Mu_N1[5]";0,999991597601632;-0,205744561880854;-1,6160571724026;0,415883525269182;-1,42643234717949;-1,5040084670948;1,09974181654396;30990,1679780815
"Mu_N1[6]";1,00000463992463;0,297354445540782;-2,36190688291553;-1,08678385695605;0,943872961040696;-1,99996424865649;-2,3643696297192;30113,5934075236
"Mu_N1[7]";1,00018930117653;-1,90093789738318;-1,61152298799591;-1,83863220655233;0,302161792719603;-1,61485814823518;0,600138758564841;30108,1054471385
"Mu_N1[8]";1,00016783395423;0,717687372132505;-0,245904474721391;-0,053869984167506;0,221246108799564;0,297013874396132;-0,503812950269417;7828,98659755343
"Mu_N1[9]";1,00003193320743;-1,91704373749345;1,04900677286185;-1,18909567031187;-1,21119721143831;0,540928387689349;-0,498724840270818;30099,1026239624
"Mu_N1[10]";0,999996926236215;-0,259847993273289;0,534273156755441;-1,13671303000176;0,435843234953891;-0,82240402475067;0,849773334573959;30551,7125139537
"Mu_N1[11]";1,00001379196169;1,26749450181176;-0,260064188200235;-1,70104904108169;0,00550903448712176;-0,189850336882159;0,392955249222307;30112,9765387135
"Mu_N1[12]";1,00000976439131;0,155085028144887;0,376549402048631;-0,391974657300705;-1,79109680621199;-0,585435162908282;-1,40707344669838;10097,3804792342
"Mu_N1[13]";1,00000095560177;-1,09610333067678;1,18071790501528;-1,91926639911272;0,216103379694083;-1,05464959856393;-1,72654530506751;28452,1618523561
"Mu_N1[14]";0,999991163699269;0,144667395096059;0,0783509055114344;0,986119155069657;0,257964697501302;0,645665022667409;0,0030075134483474;30025,9822269459
"Mu_N1[15]";1,00002901465709;-0,093255211863704;-0,0252398548451819;-0,015355744271446;-0,894817183854827;2,86363301331574;-1,48595023178249;17981,0134259689
"Mu_N1[16]";0,999994211086901;-0,628883890449837;-0,135554132354632;-0,145627716354956;-3,21537987671342;0,30936582848463;1,34852385423338;27831,6527428389
"Mu_N1[17]";1,00004377991093;0,659214940028848;-1,03214463992771;2,20061586858799;-0,0200629691784864;0,979398036381094;-0,108350789642369;19041,8808026056
"Mu_N1[18]";1,00000609323778;-0,33509925461366;0,377572931424834;0,880552676496005;0,374416180771055;0,797893185568656;-0,0222357532825633;30292,9969148308
"Mu_N1[19]";1,00004782462612;0,134547973935781;-1,02106457850475;-0,896889980606004;0,150272094596153;-0,527748683267681;0,817920187624907;30406,4333129989
"Mu_N1[20]";1,00009390780646;0,305572006395205;-0,958688265150238;-2,72346941945169;-0,569709947972199;1,47273703028265;-0,448650044357344;19271,8433957736
"Mu_N1[21]";1,00007203311063;0,673712380201995;-2,25011833472008;-0,399438141597239;1,39828343586016;-0,312312018422783;-1,6332552079409;30351,7715473138
"Mu_N1[22]";0,999972851188104;-0,55897629561271;0,797542543448702;0,779721125117408;-0,871761094349314;-0,0389482800813331;-0,614552310985011;30660,1998882465
"Mu_N1[23]";0,999953473551854;0,75742490176619;-1,22570495068231;0,00888867672817283;1,39135470066755;0,757598729737798;-0,24368253213525;5719,77385417759
"Mu_N1[24]";0,999916663100156;-0,942025359819743;-1,24458004308905;-1,40706282372646;-0,564006669897376;0,813104170355438;0,0849863105013969;30216,5259583012
"Mu_N2[1, 1]";1,00004600695456;-0,120808301326134;-0,882552783551595;0,424210442380139;0,313740768951147;-0,757333454713671;-0,171140983476217;30184,4603298622
"Mu_N2[1, 2]";1,00011261208792;0,433815031856825;0,038196468337478;-0,574918672463495;-0,247545239084851;0,180510806837028;-0,0418520942634457;30467,9209113906
"Mu_N2[2, 1]";1,0000495185544;-0,495969246005987;-0,366923121659836;0,760121638061856;1,30395220618497;-0,449483605866469;-1,39442076237624;27675,6574133079
"Mu_N2[2, 2]";1,00008317140402;-0,0544565488627804;0,177334268019387;-0,261505691854512;-1,12542351055559;0,548507041404167;0,391728381513666;15668,1064369722
"Mu_N2[3, 1]";0,999972864769503;1,48837695896369;0,233635240688239;-0,0307964073428235;-0,0154708317462469;-1,86352389020569;-0,194947526249745;30020,7821968676
"Mu_N2[3, 2]";0,999994583990429;-0,120513403477333;0,710196280274601;-0,76423240227179;-1,17850024922365;2,22873128539769;1,7508896094748;26207,840234844
"Mu_N2[4, 1]";1,000067154641;-0,498114192331867;-0,287420566959857;1,67487513917075;0,134178831509346;0,263982480681288;-0,997462032069512;16628,8722856884
"Mu_N2[4, 2]";1,0000812898935;-1,20614113079293;0,821842835391925;1,10996708448296;-1,65638663975668;-0,151738697001668;1,67854048266029;30030,2845055697
"Mu_N2[5, 1]";1,00002962106164;0,947890845472396;0,199537851679501;-1,69207274819209;-0,0752372263345501;0,573154878114343;0,488867844237346;30322,7168395231
"Mu_N2[5, 2]";1,00002709815206;-0,34879090933544;1,10172338269485;-0,0605696020654767;0,593678101353851;-0,942087159244088;-0,787275676409724;30530,401687918
"Mu_N2[6, 1]";1,00005786770993;1,89250197532882;-0,346721715460224;-1,14810334346847;-0,0520410489249009;-0,722539192770356;-0,762302644955993;8407,75909673467
"Mu_N2[6, 2]";1,00002772149904;-2,15455824048289;-0,185175004650378;0,277050558130701;0,545453484847053;-0,340714837718522;0,517769186634475;11730,7033868426
"Mu_N2[7, 1]";1,00002417786967;-1,81379016482159;-0,442400427693511;0,259552999883675;-0,778535856859332;-0,842074034180719;1,98958539523287;18403,2881865956
"Mu_N2[7, 2]";1,00006200434115;1,84763653312721;-0,299544667659191;-0,995918386796035;0,828832328432855;-0,503326021697485;-1,20151544841712;30195,7662978699
"Mu_N2[8, 1]";1,0000459308817;-0,722882556497431;-0,176094212110634;-0,271038036087112;-1,87685084396281;1,08123900418674;0,041011368453887;30384,4663762044
"Mu_N2[8, 2]";1,00009301930283;-1,79851458378749;-0,113015905877779;-0,611826162256814;1,04318487472408;-1,62950020293786;0,130036584651438;18666,8047383363
"Mu_N2[9, 1]";0,999989537390313;-0,881755498886962;-0,348320767429989;-1,18003284381024;0,956259532377381;1,06115442548324;-2,25234475071703;30467,7329477188
"Mu_N2[9, 2]";0,999989457323977;-0,665006942304055;0,494049799394642;0,366877077455882;-0,020159729695183;0,731364456493933;0,726989491478428;30207,9756411356
"Mu_N2[10, 1]";1,00004551587023;-0,423143018371881;-0,369803407884538;2,39856277411305;-0,444204057777846;1,47026925594564;-0,722709507105153;11297,4892827178
"Mu_N2[10, 2]";1,00005951798363;-0,133398902137932;-0,104957488104586;-0,675590892193586;1,71363005963083;-0,615714748637213;1,09686045487802;17417,7945687724
"Mu_N2[11, 1]";0,99997177342648;-1,24491933012789;-0,053239371143644;0,0820797317104321;1,70406674179771;-0,851430839298093;0,354765614719173;23059,6623872082
"Mu_N2[11, 2]";1,00003831889608;0,736060013324866;1,37797399660788;0,662264786482244;-0,506864877326649;1,29618581016017;-0,910794163566357;29179,8552302722
"Mu_N2[12, 1]";1,00014805436571;0,165219980392497;0,309929640294647;-0,121569409581243;-1,93917058057265;-1,38179366949784;1,40862613354685;20559,1610252277
"Mu_N2[12, 2]";1,00004794450275;-0,884541985567139;-1,45849965842739;1,1787024727814;-0,665420183038953;0,485478229227742;-0,8060644174933;30242,7974649091
"Mu_N2[13, 1]";1,00001114540844;0,218998121665659;1,50792648644544;-0,590349839122162;-0,257374374936897;-0,87431411192326;0,536653207982356;4667,54600801862
"Mu_N2[13, 2]";1,0000582799989;-1,20569744093341;-1,80248221246937;2,22827502295764;0,943178169921708;-0,715731417023132;-0,905580580627754;29781,8093290754
"Mu_N2[14, 1]";1,0000221676266;0,813229272059085;-0,0577539907339444;-0,0786385614824872;-0,0815150155545192;0,352814811314301;0,666761974072455;15945,3290737096
"Mu_N2[14, 2]";1,00004119889856;0,142682190741712;0,962998383261685;-0,804165978910556;0,273520693167548;-0,172490984250688;0,719453861225517;30329,9351364593
"Mu_N2[15, 1]";1,00005009878853;-0,709944461959909;-0,76369746284429;0,397353131799218;0,0429662872488046;-0,906873426316527;-2,03759762303277;30020,2974362605
"Mu_N2[15, 2]";0,999980367390032;1,8702875584684;0,00216684873793963;-1,21819890601288;-0,783324464790625;0,921237346087597;-0,641970498429742;30209,3638942594
"Mu_N2[16, 1]";0,99996759277436;0,11778915190991;0,300116209766077;-0,247661703333762;0,0815905553337298;0,832781702708538;1,28280075616463;9053,01377673477
"Mu_N2[16, 2]";0,999971919067034;-0,91093105533709;0,205861501616677;-0,679838542965993;1,58146676309549;-0,849550051831763;-1,57772523804691;30154,3794933277
"Mu_N2[17, 1]";0,999970327559621;-1,00315183538341;1,9213613427297;-0,0495650360252349;1,01568903770614;0,610089935437526;-1,16067007821367;30270,7318146189
"Mu_N2[17, 2]";1,00023961248631;-0,0731760653331067;-2,12448511156737;1,57414547813152;-0,644248250835243;-0,848593949405785;-0,0603080007406497;16275,276463664
"Mu_N2[18, 1]";1,00030640755528;-1,31543602301961;0,425636987159595;-1,01982554836703;0,991660676514741;1,53575752779052;0,951646666109002;30105,3780687129
"Mu_N2[18, 2]";1,00002881932506;2,34461471049289;0,458196590933527;0,445530770992214;-1,17977976746875;-2,01766758993742;-0,0852736740775506;30497,2720001103
"Mu_N2[19, 1]";0,999983554376746;1,24248420335283;-0,171525414613706;-0,657994530616665;0,0701371773220031;-0,581750972901108;-0,412031392013181;8811,70735375187
"Mu_N2[19, 2]";1,00016375894168;-0,551858220294127;-1,23552167124923;-0,0525207996480638;0,615265212594004;0,98990163441361;1,19411611530265;30446,8319949848
"Mu_N2[20, 1]";1,00005379767933;0,101147136075807;1,05391817109763;0,832760056597787;-0,392588452692086;0,709226410290935;-0,80651097636863;28287,9210613698
"Mu_N2[20, 2]";1,00008691801165;-0,550058453606549;-2,29376091000127;-0,276479510894783;-0,24349051980472;-1,92983322666089;1,03832197975024;19931,9028909708
"Mu_N2[21, 1]";1,00005319694183;0,271670442012496;-0,584663165465341;0,635673101341319;-0,995968305997824;0,263648689265813;2,54779745186338;30211,052799143
"Mu_N2[21, 2]";0,99999083695164;-0,82292500126266;-0,901413704610506;-0,756237574590457;0,941934896077485;-0,297874586983236;-1,51222337751987;30132,7882164763
"Mu_N2[22, 1]";1,00002327198284;0,029092378733035;-0,430202871861218;-1,62676800331749;-0,573778447480424;-0,629832653125514;0,35930880120619;30194,0202890852
"Mu_N2[22, 2]";1,00003192957031;0,295379674294424;0,490957891693361;0,597656027545266;0,229004057008032;1,50331202746513;0,886092938411823;30439,1094741248
"Mu_N2[23, 1]";1,00013333098824;0,15780173860478;-1,15670628875465;-0,782526999369172;-0,527375201203181;-1,73256549147852;-1,47628250141029;23283,2270745193
"Mu_N2[23, 2]";1,00010405534017;0,704563119095393;1,66092652782004;0,13856527538749;0,229000879471456;0,912854385427603;1,165253012772;30089,8507956107
"Mu_N2[24, 1]";0,999968474925585;0,772026428432025;-0,705074472184075;-1,32916886227505;1,40621260099916;0,128735367832103;0,270891659713701;19551,344498022
"Mu_N2[24, 2]";1,0001339647917;-0,303552151346289;-0,0744920889822015;1,32274686373554;-0,0943916201271561;0,52252148894651;-0,289646782326626;29004,7682080957
"Mu_N2m[1, 1]";1,00003166732768;-0,240095276828224;-1,10208921576275;0,536715040147357;0,0681699478877048;-0,843031331403542;-0,175912911973365;30103,0432455393
"Mu_N2m[1, 2]";1,00008219715782;0,345153850078458;-0,14740746157483;-0,539276874916709;-0,414349234474751;0,0562130155113742;-0,0202434048650663;30491,1963749169
"Mu_N2m[2, 1]";1,00007981167988;-0,307983269713169;-0,715267917433788;0,695700537420792;1,40967952681592;-0,549051779768548;-1,23381398612254;28125,1743059987
"Mu_N2m[2, 2]";1,0000683061571;0,0659453133877538;-0,250514482537758;-0,257572931638555;-1,12778337980967;0,268948324391093;0,655086535676599;18524,3613186178
"Mu_N2m[3, 1]";1,000021620823;1,19505242420852;-0,189537089067117;0,269695454043672;0,0863977608773631;-2,63459464069503;0,184146624994689;29042,7218903594
"Mu_N2m[3, 2]";1,00001356695267;-0,352292297160932;0,34288113439517;-0,560585729192841;-0,982320122529726;1,78936054212777;2,08805643933364;29185,2390268801
"Mu_N2m[4, 1]";1,00007342570002;-0,693316533521591;-0,148396364903371;1,51252930055219;0,237755421671946;0,164800274020605;-1,16347429856286;13722,9613808786
"Mu_N2m[4, 2]";1,00007072641917;-1,48823066333788;0,867145828141714;1,02569979337493;-1,55803141557402;-0,151481215886626;1,51822787769164;29803,9423068386
"Mu_N2m[5, 1]";1,00000646874443;0,821780563374776;0,149372138193407;-1,40937628619732;-0,0623812276075679;0,646417929428228;0,135839025759107;30313,3149418264
"Mu_N2m[5, 2]";1,00002505010424;-0,476884766613245;1,064557262136;0,209260955380219;0,65071826738109;-0,811294178901776;-1,07404795010542;30588,9451788219
"Mu_N2m[6, 1]";1,00005459744222;1,71816393549403;-0,116215220331357;-1,28934542439931;-0,030237888885487;-0,486467307714136;-1,0052700054489;7204,14905892385
"Mu_N2m[6, 2]";1,00001750853251;-2,25481731974282;-0,0355481361880721;0,168774057033929;0,48720296027766;-0,168623207873393;0,183172401458825;14184,1707501986
"Mu_N2m[7, 1]";0,999999362293753;-2,38164919120506;-0,367339662918334;0,119854076955951;-0,533106071220332;-1,48570095531323;1,34234330932411;11103,4712487244
"Mu_N2m[7, 2]";1,00010857465665;1,38041639506672;-0,363470729976357;-1,0327010687204;0,86819671508644;-0,837808137054644;-1,47826173782847;30189,5525392413
"Mu_N2m[8, 1]";1,00003039067651;-0,854020730844319;-0,403048910148858;-0,203250253832294;-2,02506300666091;0,899336869987724;0,0397043176919647;30199,41185725
"Mu_N2m[8, 2]";1,00009839405685;-1,93432039760874;-0,340446740840849;-0,552430322843847;0,874311141287461;-1,7892980614872;0,108121928042138;26997,6548104266
"Mu_N2m[9, 1]";0,999980065061577;-1,42509195382901;-0,418272528034897;-1,51900515032028;0,55232448160887;1,20484467689278;-2,06543023945243;30441,96855642
"Mu_N2m[9, 2]";0,99999155922392;-1,20142962968564;0,345760283866957;0,0341948599642808;-0,507069425814773;0,891816825094185;0,953653372873245;30240,5712648359
"Mu_N2m[10, 1]";1,00007554321541;-0,790885622478247;-0,0640376000220971;2,5611077491185;-0,946807259827666;1,07744358192759;-0,745153202432145;16225,9683736853
"Mu_N2m[10, 2]";1,00007751528251;-0,4877532555934;0,227501500533342;-0,509227319297199;1,22052149244237;-0,950717323667881;1,07953349837251;15598,1010900355
"Mu_N2m[11, 1]";0,999969777365903;-1,13100297350286;-0,172479338441252;0,36462097639025;1,73210183411047;-0,85229567424141;0,690036476868009;28892,6575994093
"Mu_N2m[11, 2]";1,00005952434795;0,795194411249063;1,26238365649461;0,895704953834444;-0,467898978998629;1,23946258049821;-0,562091273863884;27912,1400395764
"Mu_N2m[12, 1]";1,00013115937143;-0,21320272039159;-0,264967060523643;0,24126151048984;-2,81919239252937;-1,41822077699431;1,50701976655768;30316,7654514756
"Mu_N2m[12, 2]";1,00009329182893;-1,12757263487973;-1,49353212400929;1,44041992116504;-1,31540542203473;0,39115356641825;-0,723079314796193;30046,3356234497
"Mu_N2m[13, 1]";0,99997864983229;0,0725988950228927;1,744553289411;-0,608835712687531;-0,532851133403835;-0,325198643085495;0,234306035766393;5100,79267758487
"Mu_N2m[13, 2]";1,00005062150964;-1,30458855960511;-1,52075211212241;2,11414908269896;0,708120296287826;-0,285991081351291;-1,04584446154017;30114,8625761793
"Mu_N2m[14, 1]";0,999978144655227;1,02401286266946;-0,120120127678533;0,810601978102586;-0,381606290077929;0,431585906616513;0,028953689469967;22504,4741963277
"Mu_N2m[14, 2]";1,00000761921029;0,388271548037616;0,920643995453919;-0,156656985325355;0,0804988584202273;-0,127256184806381;0,283826732714417;30388,0272980497
"Mu_N2m[15, 1]";1,00005826210131;-1,63519298789405;-0,619099223630941;0,495005019625407;-0,105902891573282;-0,984377413229224;-1,87832869645686;29858,9754631341
"Mu_N2m[15, 2]";0,99997581202122;1,23010202982502;0,0478760616049322;-1,03023614844493;-0,816440464172933;0,821650259226757;-0,50872038453131;30170,6571757019
"Mu_N2m[16, 1]";0,99995172926893;0,161240150298193;0,401434138169443;0,095315618512628;0,37174707611895;0,570878757923482;0,877476950983627;7981,04996146814
"Mu_N2m[16, 2]";0,999982017944872;-0,817811253670275;0,218336553766319;-0,290634090683195;1,8747297693218;-1,00252611475401;-1,68372484888091;30235,6027609575
"Mu_N2m[17, 1]";0,999953541267965;-0,837120775014419;0,873713723829278;-0,24971020933605;0,672961268146504;0,283852737279999;-1,00388028114949;30255,1082408053
"Mu_N2m[17, 2]";1,0002143047455;0,00428566068050891;-2,47124481525339;1,42831502917719;-0,834125977681595;-1,05155181151027;-0,0214815206008854;14016,0188498857
"Mu_N2m[18, 1]";1,00009923639827;-1,25400817460669;0,483857229153176;-1,38504086380211;0,378322065974419;1,39691390108817;0,710218021294502;30420,8606328888
"Mu_N2m[18, 2]";1,0000634206303;2,26936584217277;0,484051179093738;0,151131710992705;-1,56303125153169;-2,09928286511896;-0,292086483655997;30130,4999037455
"Mu_N2m[19, 1]";1,00000427336057;1,02434784381677;0,156441910168717;-0,674670133818111;0,0080821053802522;-0,267819452312585;-0,748164698620502;5558,21652287045
"Mu_N2m[19, 2]";1,00014084971352;-0,667880926834913;-1,05036354576456;-0,105844653509822;0,497225617736621;1,18375850532766;0,868867894214014;30455,9756841819
"Mu_N2m[20, 1]";1,00006432076812;0,131543526053115;0,716097479816272;0,901898247576142;-0,597743948129841;0,672405783616025;-0,741376602015116;30064,1345946811
"Mu_N2m[20, 2]";1,00008310320828;-0,533184937822367;-2,14359282168108;-0,14048597746759;-0,408513193927443;-1,85759961931193;1,01250629347963;24223,0600724508
"Mu_N2m[21, 1]";1,00004052306157;0,558214746737361;0,504263801972;0,598381823841725;-1,44537719825622;0,170266173759928;2,04102353121806;30438,0521428883
"Mu_N2m[21, 2]";0,999986544211036;-0,76951674667946;-0,14224631156057;-0,843948596112199;0,656316048214377;-0,432263056013707;-2,01275267953871;29046,1696309177
"Mu_N2m[22, 1]";0,999995326673865;0,466158426828822;-0,359231335980595;-1,87017391513746;-0,785407629047378;-0,665950940010652;0,427670579197185;30069,294681931
"Mu_N2m[22, 2]";1,0000880390601;0,737683476957744;0,511788667248813;0,501454175871444;0,0599140825179866;1,394943651499;1,01514087474882;30178,7472135275
"Mu_N2m[23, 1]";1,00012299092297;-0,192670855190235;-1,4046076536128;-1,01951387380189;-0,756801914825889;-1,35514398935753;-1,34270547844904;22323,1021054919
"Mu_N2m[23, 2]";1,00010745327011;0,404432851250105;1,05764460672273;-0,268103156383441;0,0763767789401499;1,37216090660222;1,44357929535126;30082,1030274139
"Mu_N2m[24, 1]";0,999970409868979;0,820705067389703;-0,634189041145709;-1,47941826718853;1,1182206276394;0,350168768155971;0,144811897059371;22336,6819956017
"Mu_N2m[24, 2]";1,00015224441188;-0,306104389133128;-0,032954251800052;1,20597927766372;-0,172089809778019;0,712847686459868;-0,310298026344859;28234,5120763472
"Mu_N2nm[1, 1]";1,00017832736759;0,297302597011118;0,804888820016362;-0,124999424852915;1,03000321857787;0,174990823572245;-0,121122497627733;30809,2947130118
"Mu_N2nm[1, 2]";1,00018643854553;0,60327567155752;1,2185019095945;-0,364209740728819;0,582301199544813;0,752605540543106;-0,264796144586649;30646,1280168431
"Mu_N2nm[2, 1]";0,999979684246171;-0,805760456841946;0,685645789531422;0,616862912801715;0,971830668850503;0,189933712772307;-1,51406657610841;30071,8839298673
"Mu_N2nm[2, 2]";1,00012231941933;-0,294635807171313;1,04780690252066;-0,162325737446128;-0,677963252420204;1,09189857121487;-0,452404044974488;26607,2428674645
"Mu_N2nm[3, 1]";1,00002242017158;1,47696151163724;1,12047548041777;-0,754701096084548;-0,251311771056285;0,102858476122126;-0,698330608502789;28107,5079775451
"Mu_N2nm[3, 2]";0,999952516908095;0,530374383440251;1,36706997046046;-1,12216288432011;-1,10820253281433;2,58631459114889;0,117587581749838;13374,0207314185
"Mu_N2nm[4, 1]";0,99998467955552;0,870123609079969;-0,556480071157063;1,55990468346954;-0,420377867002899;0,51084883506213;0,113615580031088;30064,9671734308
"Mu_N2nm[4, 2]";1,00004830541602;0,422305379396972;0,322681137158122;1,05854496998058;-1,59681514646373;-0,1113146099581;2,01052225024079;30018,0431601059
"Mu_N2nm[5, 1]";1,00014776955662;1,29540815245516;0,308109507922945;-2,21511687656017;-0,222424000545706;0,069745599382706;1,67590398206032;17053,9607250307
"Mu_N2nm[5, 2]";1,00009697035049;0,527622975040976;0,676028509083241;-1,08870144528907;-0,0703824133535443;-0,832391717070325;0,812117117653821;15361,5621617987
"Mu_N2nm[6, 1]";1,00000988711581;1,89350162556789;-1,35325387964502;0,0268684956112826;-0,174606778387923;-1,6791774573989;1,05309855112978;30013,2105101236
"Mu_N2nm[6, 2]";1,0000101161886;-0,848814115313795;-0,859398150263117;0,733972096957807;0,409550920241305;-1,10715585217594;1,95317121658004;9526,98189500289
"Mu_N2nm[7, 1]";1,00002383589049;0,153086154922665;-0,287571764588742;0,442853396781364;-1,04020878209883;0,803717891348871;2,64991277021461;30309,3621278829
"Mu_N2nm[7, 2]";0,999972933730702;2,62707938622383;-0,0717485200849447;-0,687554316179368;0,515890510248043;0,433773630523218;-0,220354562056447;30067,062513649
"Mu_N2nm[8, 1]";1,00010514847273;0,122777440577512;0,9477348566269;-0,448085544295968;-0,454038959469805;1,35223424270603;0,0352079373282578;30511,1318210769
"Mu_N2nm[8, 2]";0,999983291302085;-0,627477992781208;0,92909319573222;-0,67505410774239;1,44355056423476;-0,427291139655807;0,187441587449593;5759,94350592412
"Mu_N2nm[9, 1]";1,00002369885122;0,486066662017303;-0,0439193109293712;-0,0436523580942741;1,35045231702463;0,388526975747165;-1,96896900037362;30617,3104989422
"Mu_N2nm[9, 2]";0,999954173810213;0,554207200406412;0,600554809936438;0,91263168148177;0,86870373760069;0,109556403734277;0,0371153174139414;30469,1308067096
"Mu_N2nm[10, 1]";0,999996701068602;1,09075020360191;-1,38961740920074;0,663671776822766;1,57336321453098;2,10580048823447;-0,285843145347208;17007,9392219773
"Mu_N2nm[10, 2]";1,00006723682273;1,07480020246392;-1,32048804165424;-1,01599759809712;2,86800406602499;0,947041360258081;0,686926294127551;30066,0424527305
"Mu_N2nm[11, 1]";1,00002066966348;-1,04835426645261;0,291499160019968;-0,68312958189852;0,844137771666785;-0,526740451214542;-0,764993680235778;15298,3594888632
"Mu_N2nm[11, 2]";1,00001041179255;0,278930164347202;1,16361154948621;-0,290952065843051;-0,428310819162187;1,05756388146508;-1,50756649155929;30033,7503881104
"Mu_N2nm[12, 1]";1,00008876287685;0,556427288399549;0,971856480760018;-0,496393494591346;-0,202694276890602;-0,748261533147471;0,692758433619963;6988,96100467488
"Mu_N2nm[12, 2]";1,00000691823209;-0,26260332107781;-0,203666098940935;0,423735218378192;0,54523208428091;0,488535482662125;-0,660014246095287;30353,4622475727
"Mu_N2nm[13, 1]";1,00006411372568;0,465583910090955;0,383784122227836;-0,32088085759776;0,309383956575037;-1,74159721021278;0,987919977821966;30054,4708746204
"Mu_N2nm[13, 2]";1,00003805563667;-0,465842736784697;-1,7693570229701;1,68180021174116;1,18744970446133;-1,35066867425038;-0,1998026096447;30169,5450794765
"Mu_N2nm[14, 1]";1,00008872374173;0,137773633977669;0,07838245858181;-1,81520091869579;0,48722802156432;0,10818436304606;1,70040648533432;15686,4972445863
"Mu_N2nm[14, 2]";1,00012956880326;-0,398310120974819;0,901976408985285;-2,08640607670694;0,708673817634318;-0,251965251205829;1,55462074874447;30093,0916108398
"Mu_N2nm[15, 1]";1,00001826577462;0,232966511281019;-0,762907511730567;0,158162098304952;0,245164024804227;-0,54882108623351;-1,74042825646267;28787,5854341604
"Mu_N2nm[15, 2]";0,999972662221365;1,9577325422632;-0,0561782292436554;-1,04417301873237;-0,329073762679359;0,716005829739024;-0,591513003001868;30040,2106443448
"Mu_N2nm[16, 1]";1,00024923504634;-0,0254261914458485;-0,0678515999747796;-0,952600454535821;-0,583347411483906;1,07684975988528;1,60032160625956;28870,3996195132
"Mu_N2nm[16, 2]";1,00013688580777;-0,775664966862288;0,112868644379587;-1,30680575363508;0,220971426786464;-0,179893234724325;-0,695728803782871;29323,9037212266
"Mu_N2nm[17, 1]";1,00003977077045;-1,28373316406886;2,48596593951162;0,41004712806373;1,34639972455927;1,06964086623423;-1,05447755982389;30377,4343196433
"Mu_N2nm[17, 2]";1,00023213787498;-0,262344481805255;-0,696346817187032;1,65454839298136;-0,0782262905346646;-0,127841227987364;-0,131836880223419;30078,2142136927
"Mu_N2nm[18, 1]";1,00046173587776;-0,859709742535213;0,119913266610375;0,110444341723264;1,74849368470077;1,34997381630309;1,06821988194716;10355,3857672373
"Mu_N2nm[18, 2]";1,00000253424816;1,81261867976682;0,333397280333042;0,93438484274553;-0,00233282196227498;-1,33440645229265;0,42138256683476;30855,5078769774
"Mu_N2nm[19, 1]";0,999959399029798;1,31037484215894;-1,00664261959242;-0,138765971985023;0,225390636450837;-1,12648601647452;0,794942548695502;30064,7116184238
"Mu_N2nm[19, 2]";1,00009701655533;0,0666108145252866;-1,16461539959705;0,111921798450054;0,553556089009835;-0,0623442250897658;1,75586289553791;30024,0838482458
"Mu_N2nm[20, 1]";0,999992978258171;-0,0166968833736524;1,62073273906996;0,329440073981515;0,251829339162203;0,599183604990695;-0,71678320686355;25614,0520048472
"Mu_N2nm[20, 2]";1,00003721441186;-0,532037765447751;-1,26713513680609;-0,575410644806419;0,270079004759528;-1,76733182573851;0,841897750513028;21302,9801865093
"Mu_N2nm[21, 1]";1,00011652934976;-0,425669952108595;-2,48041514212122;0,425068297893047;-0,0118491888676384;0,300274201405886;2,41528920812248;20648,1005597768
"Mu_N2nm[21, 2]";1,00010897480205;-0,71221624827196;-2,34849607043386;-0,28180824607254;1,30699553420897;0,121974348263076;0,26040178397813;30242,0880926737
"Mu_N2nm[22, 1]";1,00016314077416;-1,28867848716996;-0,404214763453757;-0,66524842827442;0,315692163667228;-0,239934849378735;-0,0234843985769396;30277,3861363535
"Mu_N2nm[22, 2]";1,00001082167695;-1,32525398404003;0,218388039248615;0,671065390744713;0,827165246727528;1,4306403286373;0,0853387852842232;30691,634958908
"Mu_N2nm[23, 1]";1,00013990150848;0,939654877269833;-0,187737634870347;0,0960409006488764;-0,0509727473929715;-2,0079307014235;-1,45036572759517;15984,9394306096
"Mu_N2nm[23, 2]";1,00011651172515;1,08602206282827;2,35135376003728;1,24536150481658;0,45959099008913;-0,391467544396029;0,168793790143436;26580,5781850961
"Mu_N2nm[24, 1]";0,999984227794925;0,265388102029172;-0,8166022138788;-0,203905865328925;1,4387820123748;-0,966554035936819;0,781773931967158;18088,2943515633
"Mu_N2nm[24, 2]";1,00002339157789;-0,220578288953811;-0,275965891049261;1,60424582413251;0,353992449897315;-0,626339130692747;-0,106227955896729;30005,4423227819
"Mu_N3[1]";0,999976222976034;0,0805005621255728;-1,27367400351255;0,0543051509514294;-0,311999206521792;-0,817082506374149;-0,2137194413855;29280,0715819359
"Mu_N3[2]";1,00011992826654;-0,260543996331604;-1,07298184844496;0,461654896693484;0,406782658009669;-0,338669556781492;-0,573499529680312;30548,097084897
"Mu_N3[3]";1,00018094011582;0,834088628652557;0,0449439939956189;-0,188904778291113;-0,693080488033875;-0,988503395509787;1,83990234606233;29173,178842999
"Mu_N3[4]";1,00006263983504;-1,2444678385041;0,385670727371404;1,90712199793555;-0,823495936507506;0,0478572595275102;-0,0198091025119711;23262,9051879905
"Mu_N3[5]";0,999985326647274;0,498401723803478;1,79505190087778;-1,44385993029398;0,792383041935956;-0,205392731950448;-1,32818020337764;30196,6888350787
"Mu_N3[6]";0,999998471261078;-0,420326543732554;-0,165108524387463;-1,07026177815911;0,470677889653517;-0,674547068499071;-0,853801682314379;8645,92762766091
"Mu_N3[7]";1,00010441277943;-1,29610099618674;-0,634604982578793;-0,574262638427731;0,0593802059682321;-1,69471143819126;0,30923603459543;26471,0315888774
"Mu_N3[8]";0,999989858156086;-3,08350325917958;-0,855868449830177;-0,787365484757895;-1,33252089929261;-1,10513517192517;0,179173420194413;30139,2236408137
"Mu_N3[9]";0,999920801804378;-2,39840566150234;-0,100086252512187;-1,50592819693986;0,0607976773766794;2,21856536781314;-1,12714513153912;30602,9923402758
"Mu_N3[10]";1,00025747231426;-1,10997487639728;0,1513449678721;1,99937531003305;0,324573887854417;0,160851931841881;0,307349092372252;30304,1174392967
"Mu_N3[11]";1,00003241092861;-0,33627064725419;1,00595673728875;1,2129201730523;1,17736335400022;0,358461181442394;0,150705018963203;28970,6337189823
"Mu_N3[12]";1,00015819032677;-1,006934335728;-1,28823633727362;1,00117006763567;-3,36906271501344;-0,882446755819068;0,721231249246652;30458,7663562694
"Mu_N3[13]";1,00003906230764;-0,884901757763699;0,226970273466562;1,19517916945022;0,134780981610119;-0,482350435052548;-0,560424496281793;29322,0645023787
"Mu_N3[14]";1,00008155614253;1,8001669080085;0,904380886491766;0,799048876738263;-0,362608744718615;0,349836922928466;0,37402707992133;30397,8952061157
"Mu_N3[15]";0,999953667522106;-0,145056135076756;-0,576314142486087;-0,589917827254464;-0,941733835121227;-0,127239485238665;-1,90026604925539;22775,5520597997
"Mu_N3[16]";0,999924913098786;-0,481058853048205;0,486776917812138;-0,135639622041504;1,46619946760122;-0,274578114907649;-0,48566531548326;26015,8150325542
"Mu_N3[17]";1,00004344015194;-1,07579799596032;-1,2609567148351;1,01834604254171;0,00654467174838328;-0,625971056027431;-1,13185823625864;13179,8733795119
"Mu_N3[18]";1,0000146124131;0,646726202019664;0,855234165744819;-1,18648214563994;-0,814719948080169;-0,324071674245105;0,536779239648483;30154,7025286924
"Mu_N3[19]";1,00011033024534;0,345125774756327;-0,719393210223924;-0,774648766177347;0,367127642130281;0,658891695925171;0,0149766688307941;4349,79547437731
"Mu_N3[20]";1,00004745825753;-0,343277070819385;-1,26618723454386;0,761829239148805;-0,910613583539985;-1,0961241217481;0,156425235836772;30287,5682647884
"Mu_N3[21]";1,00010481541495;-0,268202048999637;0,49921314216221;-0,271883464399805;-0,914402383069571;-0,339085372899824;0,22034353010566;30306,2688045516
"Mu_N3[22]";1,00003141172859;1,09812871975866;0,164455839362358;-1,40983072113185;-0,65372663228746;0,666223423384147;1,32573501617895;25914,085206104
"Mu_N3[23]";1,00009381219549;0,254458253825856;-0,405651266494915;-1,51935316065542;-0,609512914863758;0,0664962608377394;0,209113261015324;13651,9467804306
"Mu_N3[24]";1,00021968749988;0,725173181647848;-0,967678060699594;-0,424422070590982;1,18304608810076;1,45184568593753;-0,182575382816041;19294,3813278635
"Mu_N4[1]";1,00021833024298;0,502813721038901;1,13633248555641;-0,263228977618595;0,954343817058054;0,540230719330752;-0,203644326161191;30869,5637553453
"Mu_N4[2]";1,00000195364499;-0,669892499379457;0,941852365310988;0,253984162173646;0,129452469377518;0,797079412486988;-1,20515349478069;30078,8190759077
"Mu_N4[3]";1,00000995137175;1,20615763728442;1,35563168157354;-1,09919904858738;-0,708962279028373;1,35268224745118;-0,697734787757045;18252,1051719049
"Mu_N4[4]";0,999948361156573;0,816785724889082;-0,276955597133409;1,63448083083231;-1,04756159925709;0,341032979677802;1,0943528666313;30173,6841774227
"Mu_N4[5]";1,00014241988804;1,08318954068583;0,528550609191186;-2,08202845812484;-0,188804105517218;-0,432911678703929;1,62912776705447;5527,35399887821
"Mu_N4[6]";1,00000324629703;0,751942455932169;-1,5386465767045;0,505872835795052;0,15684999879706;-1,79557401140319;1,84460322451085;23275,2810182957
"Mu_N4[7]";1,00001213930065;1,49587451622698;-0,275415330471191;-0,00401753961671464;-0,553115170897544;0,867284035363502;1,92711796898234;30403,4440911419
"Mu_N4[8]";1,00007077232691;-0,29507183650983;1,05732620075872;-0,673965931957461;0,568709789841225;0,677197409894296;0,134009599766112;24449,1687883552
"Mu_N4[9]";0,999984919057706;0,61963207229956;0,323491770268963;0,520310822355122;1,28104075209026;0,296665699204736;-1,13665361026575;30679,6908448139
"Mu_N4[10]";1,0000314002462;1,14628126362728;-1,51068780943277;-0,154391663542544;2,55332601550886;1,76479372560086;0,218296193173649;29773,7831793872
"Mu_N4[11]";1,00000626684194;-0,476620621274606;0,853475138587958;-0,6070845645834;0,245693679538783;0,262060669174221;-1,43556848229756;22588,9981029816
"Mu_N4[12]";1,00003683346577;0,272851614111642;0,584582918730418;-0,165155205882371;0,150194780739697;-0,24825626696908;0,0962717052498318;19810,2369373642
"Mu_N4[13]";1,00004029594243;0,0188078596962728;-0,815927856853337;0,79666016191522;0,903082084606454;-1,91494883210861;0,512809479371217;30392,0108983648
"Mu_N4[14]";1,00024036127875;-0,142755702295106;0,612047490684174;-2,83206527336249;0,704974253805157;-0,061043815259717;2,30289547301616;12962,6023874504
"Mu_N4[15]";0,99997860758151;1,35795990242411;-0,466814639351735;-0,577983480249574;-0,0776628928255208;0,162475241871544;-1,35659137422691;28576,4810087476
"Mu_N4[16]";1,00031322128563;-0,478685803097686;0,0220024795911264;-1,40183016945368;-0,268379987044208;0,619269742222124;0,679768660827699;30015,4810530896
"Mu_N4[17]";1,00011225974734;-1,13616937005704;1,5866433845641;1,36847229201918;1,014384283615;0,766141075191847;-0,884358560595022;30458,3047760809
"Mu_N4[18]";1,0002488259982;0,382370606069818;0,237627918446769;0,530378897259458;1,31594785105845;0,390447045343323;1,16243686358736;29924,0885547407
"Mu_N4[19]";1,00003404063786;0,878026307544766;-1,21904560596307;-0,0356526247176941;0,434378769351644;-0,74344820716583;1,48318991368606;29903,9522374958
"Mu_N4[20]";0,999948185843396;-0,357838590587094;0,490578692223697;-0,12889666844691;0,381891585329965;-0,7291317553394;-0,0134547226138963;24256,5659307249
"Mu_N4[21]";1,00013498428119;-0,610333914326943;-2,68928567624707;0,132979219475461;0,653226167199344;0,251592099331176;1,72776553814059;29157,5407351615
"Mu_N4[22]";1,00012076224304;-1,57591956446956;-0,106207127991785;-0,0259019985557305;0,698451104676964;0,65209958582109;0,035164821184895;30561,5737588582
"Mu_N4[23]";1,00018523979259;1,53854936138401;1,67742034822953;0,712804295567217;0,291298807227051;-1,5249156904221;-0,760687552937106;12925,077794941
"Mu_N4[24]";0,999962039251257;0,0543124130181765;-0,809878138670727;0,89594621146589;1,2846913849591;-1,26335796981301;0,567829594623751;29975,6318673658
"Mu_Sd_L1";1,00004219283274;-0,0830982274607499;0,0497631927773937;-0,745071198485184;0,220501266391521;0,728314085812843;-2,37902801105811;30277,3269294836
"Mu_Sd_L1surv";0,999976539282729;0,0298600546135191;-0,965112175156009;-0,680431653233086;0,174061939680989;0,989297712121007;-0,642171810452823;29611,4620339166
"Mu_Sd_L2";0,999962445811209;-1,05090451047858;-1,00370670931815;1,37573633200797;1,01354735061307;-0,655620153980009;-1,4412419026769;30224,1669184704
"Mu_Sd_L2m";0,999976032897029;-1,40884470269944;-0,467548824067641;0,950381489947282;1,75928737005144;1,83522633694441;-0,975530374720836;85,7875834872294
"Mu_Sd_L2nm";1,00000627215356;-1,18675460504239;-0,524978949530809;1,0934492541745;1,66151176475027;2,04695695269261;-0,938717638059822;41,2521095356363
"Sd_Alpha1[1]";1,00009092426516;-1,01837306301176;-0,0963408127694856;-1,58130494699991;-0,301549287054903;1,72883420431745;0,30534945784624;20320,3243949777
"Sd_Alpha1[2]";1,00002933297183;0,34975351481941;-1,01035465701027;-0,997935864150234;0,246700722569258;-1,6544717682502;0,433238367505878;30274,6371800089
"Sd_Alpha2";1,00010784589418;1,66182533807478;1,41854002811164;-1,83155725646349;-2,17676432825253;2,4841857911289;-1,38297218476567;30454,5598919433
"Sd_L1[1]";0,999982976727992;-0,383861689933223;0,38915222287263;0,0132501142602557;0,0317826283616964;-0,249506868492902;-0,125969292216039;30275,120171839
"Sd_L1[2]";1,0001371410381;-0,141350777957751;-0,620080065470453;0,565531311066122;-0,308204729401124;-0,0513808749828441;-0,478917298553748;30450,3566463181
"Sd_L1[3]";1,00006519930296;-0,642870160141964;-0,570751358729734;0,817771167253943;-2,05985942470787;1,09831913907926;0,37870684883772;12987,8185708437
"Sd_L1[4]";1,00009612267232;0,655430573272925;-1,05815996708313;-1,29925212698919;-0,563695715072312;2,74284827574414;0,619951297527074;6224,58962925726
"Sd_L1[5]";0,999992223674093;0,099783467650941;0,517425070211747;-1,22412843222083;-1,14577235957189;-0,659089568959454;-0,665782070303986;30270,9504936885
"Sd_L1[6]";0,999934423358411;-1,7596915548109;0,0135915430461113;0,363252644866623;1,05729494957637;-0,244029945551644;-0,22988290415788;30169,5437057163
"Sd_L1[7]";1,00012172187796;0,406018964779982;-0,432387423478949;-0,180476232180465;0,561960064545369;0,156458663806329;0,178614702108621;30209,6090232373
"Sd_L1[8]";1,00007989895048;0,453982073570546;-1,13196911638987;-0,370269569781001;-0,285230394659841;1,36862363488306;0,795971145789929;29582,1198406809
"Sd_L1[9]";0,999959043070272;0,698094379200105;-0,110044897838508;-0,776098559626652;1,33386659002469;0,347359268043063;-0,648688207778961;8946,4326038161
"Sd_L1[10]";1,00005139521894;-0,598584719097479;-1,43713354672558;-1,51734172564421;1,83272424816641;0,460003282794141;0,314696353217445;10401,210178757
"Sd_L1[11]";1,00002383759459;-0,248240773193176;0,649330198981509;-0,657607296176891;1,09733361919642;0,31775762097228;-0,949593482990157;14840,3871573817
"Sd_L1[12]";1,00012760357875;0,13750687684905;0,955819061550366;-0,703915974025505;-0,55778141942076;0,041094068623609;-2,34074561025553;23328,8397833891
"Sd_L1[13]";1,00005012970719;0,673776345788269;0,227248614000645;-0,632060929179554;1,68948574784093;-0,46165696342969;-2,20445349389283;17521,2098651671
"Sd_L1[14]";0,999978409422143;0,650128172076468;-0,813794097547214;-0,204392243162805;-0,878046315742296;1,09691144240668;1,47120540605865;17653,1091613283
"Sd_L1[15]";1,00006330726814;-0,556923835475622;-1,25306497105627;1,03743630199491;-0,485706588375759;0,110283538654514;0,249576792569382;30211,230004545
"Sd_L1[16]";1,00013529904357;1,38428154254826;0,515986892869471;-1,08022747545579;-0,145991771468259;0,943689679134599;-0,0167994643390777;22171,7150563311
"Sd_L1[17]";1,00006188704144;-0,912313880050924;-1,0093643057631;1,26389020375743;1,95976077521469;-1,33472848598712;0,631552211250159;16789,2093581176
"Sd_L1[18]";1,00002446036501;0,364793086365105;0,24943457622406;-0,22504921116534;0,432941313038239;0,151301339278204;-0,991094123304508;15178,8528708358
"Sd_L1[19]";1,00007824258787;-1,4611067631452;0,308343791787189;1,16409399394871;0,438970213903541;1,03095178983328;-0,3098099706534;28283,4377556561
"Sd_L1[20]";1,00017001448921;1,0860934235118;-1,89643807302687;-1,05154342966932;-1,49472803586381;-0,633915093957235;-0,0757138674231898;17952,8504811227
"Sd_L1[21]";1,00008246995241;0,447520794331665;-0,380497978128559;-0,258307575376483;-0,125134483482855;-1,85821004958146;-0,681986247757157;19839,9605376423
"Sd_L1[22]";1,0000142177508;0,517393956497209;-0,360127744490618;0,115180426484204;-1,55983828321064;1,25982578593066;-0,639380199354073;30340,8421762913
"Sd_L1[23]";1,00010637047936;0,282908535925697;0,0402631916517864;-0,25178360642665;0,807950304276251;-0,0865163888623371;-0,113208599624148;25387,859547795
"Sd_L1[24]";1,00010484417297;0,0353121609208022;0,519543338813356;-0,961115102660295;0,0974127069694675;-0,2055694320077;0,438190654603417;30519,5145449084
"Sd_L1surv[1]";0,999990732935999;-0,474478108667735;0,379380128952746;0,129461993158268;-0,0468032224073726;-0,169453177336721;0,0038127063581502;30293,4064171166
"Sd_L1surv[2]";1,00013969971826;-0,162389182264584;-0,600451282184156;0,557393144755535;-0,348303526959835;-0,0053700211453276;-0,431083334761396;30500,3605933797
"Sd_L1surv[3]";1,00005545862284;-0,686855176789894;-0,554915979179102;0,874793257822875;-2,09153265314956;1,12862125671175;0,404593644591572;11512,5706621043
"Sd_L1surv[4]";1,00009141056112;0,599642563657064;-1,10749688544937;-1,26703045233223;-0,600951982994896;2,76377376638911;0,699897460781657;6393,94454410937
"Sd_L1surv[5]";0,999990190045327;0,00716812702667408;0,450706585085337;-1,15243079259482;-1,21772601387757;-0,668145409803931;-0,596168415197701;30314,6424925722
"Sd_L1surv[6]";0,999932679117771;-1,79104493801989;-0,0456907595950063;0,477602641013847;1,03144722193785;-0,211429594354855;-0,184466372200084;30156,8638200992
"Sd_L1surv[7]";1,00012043954241;0,3026195178746;-0,460436310065787;-0,04536717897092;0,540603058396044;0,192453179871473;0,223710126599478;30175,6707884215
"Sd_L1surv[8]";1,00009512027727;0,405586587762246;-1,16403845292456;-0,292958026240426;-0,312005503198643;1,4187128940332;0,867820071715674;29715,3207951492
"Sd_L1surv[9]";0,999960727324309;0,660843993027311;-0,16947367889797;-0,650901821726605;1,20968811340905;0,322587010783571;-0,554160474903044;8852,50697080122
"Sd_L1surv[10]";1,00003120780593;-0,662191241548161;-1,47327262179595;-1,39966879433676;1,77311199186601;0,500904370692796;0,38960847461207;9231,0057630971
"Sd_L1surv[11]";1,00003446409944;-0,230154746465705;0,606480229224027;-0,604175888896933;1,07072267279985;0,347788663964297;-0,893705295625864;14807,700295565
"Sd_L1surv[12]";1,00013294762639;0,0887403738726563;0,953625890804563;-0,641792528942084;-0,568201631509093;0,0397939746486214;-2,27567096976284;21053,0264905359
"Sd_L1surv[13]";1,00004705972091;0,723841921430112;0,270307998650591;-0,580628040854927;1,68363779552657;-0,437633689573557;-2,18081452852513;18801,2881322245
"Sd_L1surv[14]";0,999975241163902;0,607986873025058;-0,824763501120274;-0,142793455513745;-0,906965449205492;1,11528229455355;1,48154439254755;18313,8185092445
"Sd_L1surv[15]";1,00006547518072;-0,589171234550499;-1,25610207353708;1,09794623871856;-0,530482619326582;0,135703067781949;0,300710455386195;30219,0404717917
"Sd_L1surv[16]";1,00012509349807;1,34924330367263;0,489350000563895;-1,04045843687879;-0,253220035542365;0,948237537207078;0,0386407013614389;24239,5592750437
"Sd_L1surv[17]";1,00006045038537;-0,940889374385557;-1,04023860499046;1,32387131855592;1,91958012967143;-1,27481112077884;0,701503762689812;17258,8683720461
"Sd_L1surv[18]";1,00002726434833;0,320200207796065;0,219087352866395;-0,180352720765727;0,413974207894048;0,194724835273895;-0,961428790446808;15563,434973552
"Sd_L1surv[19]";1,00006670275029;-1,51301913229917;0,295393185610053;1,20581960047757;0,409388562050303;1,03752934284449;-0,260457617380247;26571,6945927011
"Sd_L1surv[20]";1,00018489998861;1,04538552114867;-1,88627269450949;-1,04398400587195;-1,49450202196289;-0,615147399110346;-0,0407841056127208;17571,372744068
"Sd_L1surv[21]";1,00008479318192;0,387151874843888;-0,379494313571335;-0,200022761327074;-0,158820332814011;-1,82056372279684;-0,627973364796239;20453,2542676228
"Sd_L1surv[22]";1,00000398865273;0,461813271996213;-0,383327337107278;0,174979086559931;-1,58281881539557;1,22228139304852;-0,628098683465484;30342,3560895302
"Sd_L1surv[23]";1,00010394722319;0,231796742016159;0,0213640752465326;-0,216367783610702;0,780424089221735;-0,0618456954469466;-0,0728414532873375;25059,9945140327
"Sd_L1surv[24]";1,00009680467358;-0,0402466710817618;0,4934155084146;-0,865923528992069;0,0264973533938105;-0,19958271256606;0,483742218133215;30491,952425381
"Sd_L2[1]";1,00017076342251;1,43068539095891;-1,2112193350297;-0,78205640944153;1,41867400742004;0,679668167939533;0,565673380390737;30175,9397273974
"Sd_L2[2]";0,999960851575843;-0,876563051699541;-0,132654605011604;0,467249596577797;-0,377210575675179;1,81137759501383;1,59103243371563;30314,1989586365
"Sd_L2[3]";0,999933336147781;-0,473902813770328;-1,60153885452074;1,31755975285062;0,890082461816363;0,240066765462493;0,968257556214584;14623,6990545572
"Sd_L2[4]";1,0000325927007;-0,798175013495587;-0,252706621808276;0,419578283482741;1,5850429684199;-0,657177184365362;-0,946336651189924;30201,7988466456
"Sd_L2[5]";0,999925715862805;-2,1111398644944;-0,133262219498091;-1,92860294895006;1,86216277745773;-1,07416463650526;0,849635004245977;14142,9780918972
"Sd_L2[6]";1,00006805639791;1,67954256410432;-0,291290631165588;-2,32626661837581;1,10158450016943;-0,0388134864474754;-0,511464044442762;10595,3457357928
"Sd_L2[7]";1,00003104798565;0,910296573061987;0,150320470371665;-0,607062616594493;1,30909730340018;0,514489865503322;-0,990975972712768;3343,46147541444
"Sd_L2[8]";0,999958511585417;-0,596220830173883;0,286849452746605;2,13133223506153;0,347728909327281;0,802132570481557;0,581943514383688;30138,270732014
"Sd_L2[9]";1,00008102695117;1,09733668321863;-0,034997126973776;-0,0571656787426756;0,48930651045192;0,946130901040289;0,768237696390457;30248,6751697351
"Sd_L2[10]";1,00000957538853;-1,54675622471631;-1,06568036341938;-1,25610327998361;-0,20222889387111;0,802269853795997;-0,600241818802572;26178,7232373584
"Sd_L2[11]";1,00009271129216;-1,00650335742679;0,308751314685888;-0,676763248477039;0,898461506021155;-0,67764094833609;-0,293592734489977;30229,5845118537
"Sd_L2[12]";1,00016511877656;-1,00138628804477;-0,161260360269513;0,104512985902428;1,01106029108166;-0,0265426346282186;-1,55826525632124;31166,9271252717
"Sd_L2[13]";1,0000465228625;0,0552296485964899;-0,667976689724805;-0,737198473904429;2,97988372131693;0,055658919096453;-2,13607390429547;30029,8461983923
"Sd_L2[14]";1,00005042505724;0,763765929330227;1,30801638515942;0,251493399259618;-1,0313789429882;-0,107330555257234;-0,160695640425437;30408,2152228507
"Sd_L2[15]";1,00005895007208;0,779575045778666;1,48660461497514;1,32983442862403;-1,87377154535298;1,556004068042;-0,234584704042584;30039,1824855276
"Sd_L2[16]";1,00011778282138;-0,662470197698812;0,317753621547282;1,05754768897844;2,18496107004318;-0,416878779218199;0,286735330771957;28305,9269143642
"Sd_L2[17]";1,00006823765299;-0,867684976124649;-2,78415335506099;1,2682816111962;-1,51127555033241;0,371957931184013;-1,27658472697117;28698,5436610499
"Sd_L2[18]";0,99999662797525;-0,688870889053019;0,301735010860956;1,11813400497186;0,584672955583243;-0,607354738799912;-0,529516664367573;30019,8212878629
"Sd_L2[19]";1,00002948090714;-1,44318351519781;-0,171300011819237;1,1315994564696;-0,967934634819643;0,138217440115465;-0,711631813704782;13512,9905221069
"Sd_L2[20]";0,999935302563099;-0,539211145585345;0,878903182146325;0,0364325138764786;1,10726464693099;-1,39113736456658;0,319977557047058;30161,3215788873
"Sd_L2[21]";1,00005686682304;-0,271661563718322;0,309049886932393;0,0674986685259336;1,02875302591507;1,30348853535435;0,78555445234823;18142,6588231433
"Sd_L2[22]";1,00003118309347;-1,8784702562783;1,77152903193952;1,54628219208024;-1,57729057079321;2,46261849235717;-0,497271773973728;30237,2883319886
"Sd_L2[23]";1,00005158463936;-1,30569550969436;0,196143302302394;-0,214749987706524;-0,792225338578201;-0,783937452463623;0,342982777412626;30016,0382613648
"Sd_L2[24]";0,999959589674428;-1,0860750909317;1,15179492466407;-1,80615418076081;-0,442195232533951;-0,859496808509386;-0,269154253939632;7605,56569762543
"Sd_L2m[1]";1,00007502353441;1,45393083273451;-1,41188357063531;-0,331199364942292;1,43396467070104;1,22492848574611;0,38372302759207;16942,7360555543
"Sd_L2m[2]";0,999955063511432;-0,812519701617836;-0,311088551066499;0,727457436601489;-0,180223056129569;2,26061063053915;1,42391818040107;24624,6096895442
"Sd_L2m[3]";0,999941059392445;-0,434916609624966;-1,79117706322261;1,62857865221575;1,06978071970561;0,542191408910561;0,831665412567994;6935,17725313506
"Sd_L2m[4]";1,0000847659086;-0,677199444564217;-0,394773199059973;0,659658400933898;1,82167297843798;-0,215970278091306;-1,36756404224064;22306,6702499836
"Sd_L2m[5]";0,999935261961348;-2,24865634579444;-0,244457465528815;-1,57381977452449;1,97756219462073;-0,648927383499457;0,543833422487659;4534,14709030001
"Sd_L2m[6]";1,00005839346618;1,73386903253506;-0,31412920877216;-2,17209584421422;1,27166208302113;0,227940816756721;-0,760946422315966;3373,2774245951
"Sd_L2m[7]";1,00004400035002;0,923196336447973;-0,0129805928522611;-0,311732619086442;1,55174188701186;1,13947675577865;-1,42076924765094;873,619761755111
"Sd_L2m[8]";0,999968456854866;-0,544400885421019;0,186243651451978;2,276925297436;0,4209264951147;1,07099941675879;0,47574034094713;27601,5527833682
"Sd_L2m[9]";1,00008248841482;1,0842441066669;-0,0577359927413265;0,189461390981003;0,648312623212936;1,35658366659082;0,553670194478955;22806,0554938383
"Sd_L2m[10]";1,00000973069617;-1,56930954736603;-1,09053469130792;-1,00587736130893;-0,156166190852327;0,973980242015252;-0,714457433974312;10411,2211800987
"Sd_L2m[11]";1,00007102438265;-0,930659513145683;0,180790107174857;-0,337410438195682;1,06955802134246;-0,250557298570987;-0,465295554559367;22784,6527021018
"Sd_L2m[12]";1,00012515960801;-0,921741896052803;-0,29827485999086;0,467007345064137;1,22396067850735;0,514597195800043;-1,82488992291648;30574,9618843083
"Sd_L2m[13]";1,00006578016364;0,203911097337306;-0,734150440863409;-0,436772732328191;3,12449306007765;0,663354520773232;-2,37441731304379;9650,64453994661
"Sd_L2m[14]";1,00009126960064;0,841780435520969;1,12722393918361;0,534073407146433;-0,867032500897368;0,290387572732816;-0,365690747846594;30200,5813691067
"Sd_L2m[15]";1,00003138335719;0,825904682255408;1,38085106013946;1,60573617526978;-1,62514170862153;1,97196251264195;-0,394019598673903;18798,8750823444
"Sd_L2m[16]";1,00012029289563;-0,557762820542385;0,211107232281294;1,39656355613536;2,37274588799799;-0,0191249245197246;0,0408483023259786;11125,8655434402
"Sd_L2m[17]";1,00009665149868;-0,828509590880265;-2,93226053195515;1,49110061353292;-1,29870311815231;0,658417255798307;-1,42980896080713;15386,5962408932
"Sd_L2m[18]";1,00002492229398;-0,607083698409954;0,233387200225365;1,36064509741329;0,671945735351538;-0,17642220581266;-0,715611423914452;17648,4484574297
"Sd_L2m[19]";1,00001122380167;-1,37878514650025;-0,204267116341084;1,32353543332458;-0,847796160673349;0,414303308654271;-0,873731626922711;8229,64069902912
"Sd_L2m[20]";0,999944196194857;-0,478899046573095;0,778685109908922;0,266578150848352;1,24027097658588;-1,03453467680631;0,13498659255515;26608,8147415103
"Sd_L2m[21]";1,00005270431689;-0,174067020564088;0,316413807069892;0,308228687440251;1,14875789744383;1,66604111935017;0,542110574625085;7109,84293790201
"Sd_L2m[22]";1,00002351504704;-1,7422531815167;1,66451940290913;1,75558814669599;-1,4641697376147;2,80886839581624;-0,636283837974109;29571,7632518021
"Sd_L2m[23]";1,0000204771145;-1,27936092302229;0,00145184862138675;0,00762600479815892;-0,637490627571225;-0,28921030710992;0,177212301314328;13052,5102408855
"Sd_L2m[24]";0,999948197913806;-1,06430058321822;1,09655906827334;-1,32050120587047;-0,359430482506549;-0,510714446605472;-0,411222665594832;4574,15713197026
"Sd_L2nm[1]";1,00011115530514;1,43401615418746;-1,35270712722554;-0,393865127341174;1,54098293213276;1,21269731184168;0,294971460605247;6476,68667143099
"Sd_L2nm[2]";0,999954380603843;-0,715245671661619;-0,31902170037534;0,807428490873752;-0,108201068862022;2,36931336784238;1,34495260232651;14877,3355541765
"Sd_L2nm[3]";0,999943410464417;-0,416477583330544;-1,82627125396571;1,68543757692313;1,11063579305002;0,642127599731532;0,763727478448928;4963,22000508901
"Sd_L2nm[4]";1,00008290183306;-0,695168957463876;-0,359501326722791;0,712375550470619;1,86349602175099;-0,104146536850994;-1,26824069781867;11812,568703333
"Sd_L2nm[5]";0,999943042029415;-2,08394599782185;-0,315668149997399;-1,3563110193619;2,13986989143971;-0,34112544693009;0,37982421420798;1754,86281696296
"Sd_L2nm[6]";1,00005148105999;1,68734732204254;-0,330829105581507;-2,00712985925802;1,25548569606025;0,387863837862493;-0,769202097479892;2144,15701778953
"Sd_L2nm[7]";1,00005043088712;0,955664522561956;-0,0490396350512454;-0,136081841111303;1,48120351329498;1,2006222749232;-1,44785392781825;679,837513197558
"Sd_L2nm[8]";0,999971998759651;-0,523867977672688;0,173156344090835;2,31615010688624;0,451658258520204;1,08750129897231;0,415036902513186;21648,7577564492
"Sd_L2nm[9]";1,00008005652698;1,12857570856382;-0,11855057663207;0,228203264362192;0,681962226132443;1,47992433550863;0,469096298347664;16748,6478496175
"Sd_L2nm[10]";1,00001591472173;-1,51280757268484;-1,13063378425175;-0,88968370507409;-0,0989054997665984;1,07897040295121;-0,76940245339914;7374,85180589463
"Sd_L2nm[11]";1,00006107660466;-0,909048928589787;0,150501835481663;-0,246214953773134;1,14289333786413;-0,132379101644301;-0,571400133530369;11160,2923528812
"Sd_L2nm[12]";1,0001140934192;-0,865806375488963;-0,301505592782162;0,541289381970783;1,29731064637789;0,653617324384277;-1,88567594104684;30336,4437033563
"Sd_L2nm[13]";1,00008531035963;0,323656630895;-0,761400613642077;-0,271573915272519;3,16696308128952;0,920947279626175;-2,42055946329596;3542,43417191642
"Sd_L2nm[14]";1,00009892597328;0,852284988912167;1,10432741693288;0,572812933678003;-0,838078879186326;0,364323428522854;-0,398566475214554;30121,4216865632
"Sd_L2nm[15]";1,00002942267671;0,847064117931983;1,37181925489629;1,66096962475202;-1,46218029048789;2,06617204236209;-0,423772438484346;11724,3109591208
"Sd_L2nm[16]";1,00012099015395;-0,531191844367869;0,177430728008553;1,51993309618012;2,42745679041022;0,121188431507036;-0,0503854809345328;6031,0944041085
"Sd_L2nm[17]";1,0001114146887;-0,852000187409469;-2,99019596229488;1,57676630997964;-1,23494733325246;0,734032222152996;-1,46048262425069;9160,04817056314
"Sd_L2nm[18]";1,00003785016364;-0,569471377909754;0,211089775918271;1,33639353800358;0,673472039349986;0,0885151274133236;-0,75585474650301;7253,50127452332
"Sd_L2nm[19]";1,00000629070423;-1,51408196110453;-0,212835201502049;1,40280934191888;-0,796028715554978;0,522566673652523;-0,92591723011703;5931,73202193523
"Sd_L2nm[20]";0,999947789047556;-0,470097053422133;0,74575646956542;0,328814179248924;1,27599083703784;-0,9188388904762;0,0456616309125138;18889,7711615374
"Sd_L2nm[21]";1,00004974928316;-0,145851283223515;0,280391840085729;0,391815906135272;1,19713443264074;1,80805506148937;0,45820139884066;4557,00353144706
"Sd_L2nm[22]";1,00002529202265;-1,70955685253462;1,52260534213014;1,83503973889178;-1,41842965733375;2,92353391478785;-0,696122458119033;22441,5497725922
"Sd_L2nm[23]";1,00001691355229;-1,22843781322391;-0,0444062284319098;0,078763609262524;-0,57427234153718;-0,0785351677578887;0,0815119515439267;5685,11815755813
"Sd_L2nm[24]";0,999944777291723;-1,11225858020687;1,05967413724815;-1,14403810703379;-0,272677866435413;-0,355698862737366;-0,460055963166165;2865,32516393667
