"Parameter";"Mean";"SD";"Naive SE";"Time-series SE";"2.5%";"25%";"50%";"75%";"97.5%"
"Alpha1[1]";-1,10418696713117;0,208189432956397;0,00120198225159811;0,00119823900100755;-1,4969664871386;-1,24677114453958;-1,10971718566664;-0,967035280552161;-0,680235297993329
"Alpha1[2]";-2,45727984579078;0,0763372690287936;0,000440733428229749;0,000448173417983701;-2,60820470497492;-2,50831229721989;-2,45688733933948;-2,405407024882;-2,30933099627382
"Alpha1[3]";-2,46016663354065;0,121756763859705;0,000702963003900583;0,000693520781037359;-2,7006977997191;-2,54197861844069;-2,46095331259929;-2,37803127800743;-2,22095376421657
"Alpha1[4]";-1,68632936902105;0,165013355293218;0,000952705050984227;0,000949402696153085;-2,00429414689874;-1,79846621404459;-1,68847446538103;-1,57542911377806;-1,35718515400566
"Alpha1[5]";-1,79105815241647;0,128836652536423;0,00074383876023394;0,000750108975150233;-2,04300473504422;-1,87797414459792;-1,79191684614085;-1,70559149674552;-1,53587211489713
"Alpha1[6]";-2,58670229075321;0,101187595958737;0,000584206857654279;0,000574571024313857;-2,78406423445931;-2,65455227673915;-2,58691250047357;-2,51866181779325;-2,38845479875394
"Alpha1[7]";-0,919000424331083;0,146996927671104;0,000848687157609597;0,000854905092661944;-1,19968582431701;-1,01932859729944;-0,922051749457458;-0,822651762733208;-0,620640607922146
"Alpha1[8]";-1,79215148264461;0,0669787493177608;0,000386701989485937;0,000379176594927267;-1,92721892568411;-1,83632467557185;-1,79087808676133;-1,74651836355553;-1,6645828710538
"Alpha1[9]";-2,31774976866326;0,0695465395058849;0,000401527133049296;0,000391018887548534;-2,45419796236141;-2,36411743003292;-2,31789942246707;-2,27065354281225;-2,18162806986116
"Alpha1[10]";-2,08694479342373;0,0729048514682734;0,000420916356204373;0,000415507035351746;-2,23188879490664;-2,1353475517464;-2,08639020732541;-2,03808528975295;-1,94503220342928
"Alpha1[11]";-2,13856193655875;0,100750270723939;0,000581681959233936;0,000579454399514401;-2,33412048509586;-2,20656035680871;-2,13958560857015;-2,07077683767693;-1,9398263310566
"Alpha1[12]";-2,59792334188367;0,0945644187327624;0,000545967926111209;0,000538013255488083;-2,78234255985483;-2,66109873406707;-2,59822378437325;-2,53417306872474;-2,41353444153089
"Alpha1[13]";-3,1233703897784;0,110565741250329;0,000638351604740282;0,000643343959180889;-3,34062491461744;-3,19731916183735;-3,12241512643849;-3,04891833999954;-2,90791033978062
"Alpha1[14]";-2,23628986274302;0,0768540444352034;0,000443717032429761;0,000446392270841875;-2,38579397264533;-2,28789551179689;-2,23609631506411;-2,18504113702809;-2,08525484977903
"Alpha1[15]";-2,50638428119456;0,0841256940490663;0,000485699921049925;0,000483919500831039;-2,67085289105608;-2,5629841055213;-2,50633197489855;-2,45034625707482;-2,33977892708259
"Alpha1[16]";-2,53699458938553;0,127984088697163;0,000738916480612962;0,00073373105804656;-2,78767877098844;-2,62389662815726;-2,53751145670811;-2,45134366198279;-2,28388098818873
"Alpha1[17]";-1,87587416450478;0,129969212205695;0,000750377596533215;0,000750359762600217;-2,12717657021767;-1,96411191132978;-1,87677406425437;-1,7887862223301;-1,61819622922119
"Alpha1[18]";-1,74164561589601;0,176445479225702;0,00101870844928252;0,00101873598166254;-2,08382578701082;-1,86315157024912;-1,74419191518939;-1,62328517657732;-1,39083540112319
"Alpha1[19]";-2,31858942206732;0,0920125935455159;0,000531234956523392;0,000530499270212426;-2,49874468418939;-2,3804304709777;-2,31919680383914;-2,25581755817689;-2,13856318379063
"Alpha1[20]";-1,66380290866484;0,111613140978158;0,000644398769888391;0,000641191925963216;-1,88017357238519;-1,73972025688043;-1,66461699546112;-1,58929627597867;-1,44254962691386
"Alpha1[21]";-1,64706679421395;0,072303210709821;0,000417442781665894;0,000414872504069104;-1,78780899620582;-1,69580279908515;-1,64789015775202;-1,59872387909373;-1,5030246379625
"Alpha1[22]";-2,48069914581195;0,119832108511985;0,000691851001069549;0,000686896789760727;-2,71347265348844;-2,56207269652777;-2,48072282334007;-2,40039147845711;-2,24590984148677
"Alpha1[23]";-2,4144147109874;0,143779572732566;0,000830111750211161;0,000825889594470773;-2,69466338422113;-2,51112513761799;-2,41444399111981;-2,31829026523597;-2,12910545747312
"Alpha1[24]";-1,90589811786512;0,113468866071709;0,000655112803711425;0,00065514957948865;-2,12500464229173;-1,98265798952788;-1,90661266813437;-1,8295304326759;-1,68110203947659
"Alpha2[1]";0,771161060262528;0,0480264967546477;0,000277281108295305;0,000278300740042409;0,676823002225858;0,738754532604839;0,770890363228831;0,803692058918587;0,865003611649686
"Alpha2[2]";2,73466669592046;0,113756797709563;0,000656775177797661;0,000656739076281812;2,51760012735678;2,65658268678806;2,73264070658812;2,80992547356151;2,96473090617646
"Beta1";2,16064432596413;0,278499406331956;0,00160791707214906;0,00162831523715231;1,61748077574509;1,97261219071329;2,15766828394064;2,34683707810746;2,71011188521932
"Beta2";2,07075548309046;0,19816938212714;0,00114413146116246;0,00114232378010696;1,68954896646945;1,93555067885644;2,06885079331778;2,20345586452016;2,46473713783854
"Gamma1[1, 1]";0,496211566389881;0,0482535916740647;0,000278592241423875;0,000276049005527711;0,402079757141393;0,463524093425025;0,496069735433668;0,528708859500967;0,590709611936794
"Gamma1[2, 1]";0,48702240587161;0,0396757614066635;0,000229068115284406;0,000228545554931722;0,410432112567166;0,460067573618927;0,486674191424376;0,513613448307275;0,564937485225499
"Gamma1[3, 1]";0,621210439722841;0,0342231829598704;0,00019758763894407;0,000195916228570459;0,553082076549459;0,59834725439957;0,62176844570488;0,644402817837076;0,686626592371706
"Gamma1[4, 1]";0,661379640543332;0,0446559803226649;0,000257821422602172;0,000261377397912166;0,571602182515642;0,631587835230393;0,662039321435742;0,692357735702329;0,745881679513286
"Gamma1[5, 1]";0,445060138610733;0,0525323517173347;0,000303295674051673;0,000304854536569038;0,344024458225782;0,409324186216071;0,44421518059332;0,480175731063023;0,549653839555815
"Gamma1[6, 1]";0,564601575796189;0,0302410125881246;0,000174596567583206;0,000173680742840498;0,505024553630161;0,544210757891031;0,564829570861564;0,584949069124084;0,62303163665186
"Gamma1[7, 1]";0,684980910030021;0,0409091720032493;0,000236189214684007;0,000234151677341356;0,601485725966208;0,658176826411664;0,685799767394208;0,712966021265476;0,762400117865705
"Gamma1[8, 1]";0,509088493122712;0,031615153990844;0,000182530176670852;0,000182714033535291;0,447435409870848;0,487614413248356;0,5087370121913;0,530431776280928;0,571966165521126
"Gamma1[9, 1]";0,521004411042067;0,0322252796071674;0,000186052738559091;0,000184291899447723;0,457218828755247;0,499539276085943;0,521105862396704;0,542776662964705;0,583923889823312
"Gamma1[10, 1]";0,512941965980259;0,031011649618998;0,000179045842555429;0,00017857022228839;0,452404257044441;0,491712896738976;0,513033256855195;0,534032579271855;0,573231813653713
"Gamma1[11, 1]";0,552865716408622;0,0378588999587455;0,000218578460824048;0,000215567770798464;0,47748888692474;0,527487415122188;0,552979722010352;0,578482862261308;0,626317414276738
"Gamma1[12, 1]";0,617090213314834;0,0362026396997786;0,000209016037760422;0,000209447122589375;0,545049779997636;0,592838216840429;0,61737923988313;0,641928619525056;0,687298477543936
"Gamma1[13, 1]";0,570232894349381;0,0414408818986991;0,000239259043196694;0,000241838173913244;0,488265661731138;0,542404593355356;0,570250200700044;0,598386196886405;0,650595277646146
"Gamma1[14, 1]";0,633740445441847;0,0326018125092824;0,000188226652283039;0,000188215636848709;0,568895253406325;0,612042029751954;0,634181645899252;0,655644554082615;0,697125130487485
"Gamma1[15, 1]";0,548027834202733;0,036845739535571;0,000212728976393527;0,000212702306373836;0,47563834465954;0,523245713931038;0,548152105173679;0,573108856385361;0,619626550598564
"Gamma1[16, 1]";0,555630200612061;0,0427266588031589;0,000246682479615771;0,000248164875745576;0,471224302031919;0,52651121378165;0,555831548609086;0,584683059845985;0,638751807689389
"Gamma1[17, 1]";0,561081987589844;0,033718168804499;0,000194671938358587;0,000196838934196392;0,493980834750118;0,538287220907368;0,561252583114169;0,584127390762912;0,626600627985476
"Gamma1[18, 1]";0,553651793124664;0,0362225118384032;0,000209130769606265;0,000209819753508275;0,483023664854969;0,529180099987964;0,553708917198743;0,577965817385351;0,625326354492759
"Gamma1[19, 1]";0,555737639830931;0,032507852929276;0,000187684176394943;0,000185681270042861;0,491582070793631;0,533666201675764;0,555891382851237;0,577893022083212;0,619245903931754
"Gamma1[20, 1]";0,537374505871498;0,0347420581900601;0,000200583366482328;0,000200859602052725;0,46994668998479;0,513686094793027;0,537360765960562;0,56096589677992;0,604872550183089
"Gamma1[21, 1]";0,53719644660122;0,037135181175285;0,000214400068479563;0,000213108971525684;0,463659993077459;0,512193886837634;0,537220774588702;0,562384806988329;0,60980605897801
"Gamma1[22, 1]";0,448270885492428;0,0481277518104804;0,000277865704632724;0,000277355102784311;0,355975979338111;0,415489624065693;0,44765597796543;0,480809126357617;0,543911739246723
"Gamma1[23, 1]";0,512613834883456;0,0420175568622405;0,00024258847765105;0,000241981799559729;0,429511760228736;0,484207446039159;0,512435945751333;0,540562878475211;0,595590051996948
"Gamma1[24, 1]";0,331192779730836;0,0397947279930525;0,000229754969191168;0,000227846248282061;0,256063734424711;0,303871601622346;0,330302046869396;0,357641426946934;0,411919692135919
"Gamma1[1, 2]";0,503788433610119;0,0482535916740647;0,000278592241423875;0,000276049005527711;0,409290388063206;0,471291140499033;0,503930264566332;0,536475906574975;0,597920242858607
"Gamma1[2, 2]";0,51297759412839;0,0396757614066635;0,000229068115284406;0,000228545554931722;0,435062514774501;0,486386551692725;0,513325808575624;0,539932426381073;0,589567887432834
"Gamma1[3, 2]";0,378789560277159;0,0342231829598704;0,00019758763894407;0,000195916228570459;0,313373407628294;0,355597182162924;0,378231554295121;0,40165274560043;0,446917923450541
"Gamma1[4, 2]";0,338620359456668;0,0446559803226649;0,000257821422602172;0,000261377397912166;0,254118320486714;0,307642264297672;0,337960678564258;0,368412164769607;0,428397817484358
"Gamma1[5, 2]";0,554939861389267;0,0525323517173347;0,000303295674051673;0,000304854536569038;0,450346160444185;0,519824268936977;0,555784819406681;0,590675813783929;0,655975541774218
"Gamma1[6, 2]";0,435398424203811;0,0302410125881246;0,000174596567583206;0,000173680742840498;0,37696836334814;0,415050930875916;0,435170429138436;0,455789242108969;0,494975446369839
"Gamma1[7, 2]";0,315019089969979;0,0409091720032493;0,000236189214684007;0,000234151677341356;0,237599882134295;0,287033978734524;0,314200232605792;0,341823173588336;0,398514274033792
"Gamma1[8, 2]";0,490911506877288;0,031615153990844;0,000182530176670852;0,000182714033535291;0,428033834478873;0,469568223719072;0,4912629878087;0,512385586751644;0,552564590129152
"Gamma1[9, 2]";0,478995588957933;0,0322252796071674;0,000186052738559091;0,000184291899447723;0,416076110176688;0,457223337035295;0,478894137603296;0,500460723914057;0,542781171244753
"Gamma1[10, 2]";0,487058034019741;0,031011649618998;0,000179045842555429;0,00017857022228839;0,426768186346286;0,465967420728145;0,486966743144805;0,508287103261024;0,547595742955559
"Gamma1[11, 2]";0,447134283591378;0,0378588999587455;0,000218578460824048;0,000215567770798464;0,373682585723262;0,421517137738692;0,447020277989648;0,472512584877812;0,522511113075259
"Gamma1[12, 2]";0,382909786685166;0,0362026396997786;0,000209016037760422;0,000209447122589375;0,312701522456064;0,358071380474944;0,38262076011687;0,407161783159571;0,454950220002363
"Gamma1[13, 2]";0,429767105650619;0,0414408818986991;0,000239259043196694;0,000241838173913244;0,349404722353854;0,401613803113595;0,429749799299956;0,457595406644644;0,511734338268862
"Gamma1[14, 2]";0,366259554558153;0,0326018125092824;0,000188226652283039;0,000188215636848709;0,302874869512515;0,344355445917385;0,365818354100748;0,387957970248046;0,431104746593675
"Gamma1[15, 2]";0,451972165797267;0,036845739535571;0,000212728976393527;0,000212702306373836;0,380373449401436;0,426891143614639;0,451847894826321;0,476754286068962;0,52436165534046
"Gamma1[16, 2]";0,444369799387939;0,0427266588031589;0,000246682479615771;0,000248164875745576;0,361248192310611;0,415316940154015;0,444168451390914;0,47348878621835;0,528775697968081
"Gamma1[17, 2]";0,438918012410156;0,033718168804499;0,000194671938358587;0,000196838934196392;0,373399372014524;0,415872609237088;0,438747416885831;0,461712779092632;0,506019165249882
"Gamma1[18, 2]";0,446348206875336;0,0362225118384032;0,000209130769606265;0,000209819753508275;0,374673645507241;0,422034182614649;0,446291082801257;0,470819900012036;0,516976335145031
"Gamma1[19, 2]";0,444262360169069;0,032507852929276;0,000187684176394943;0,000185681270042861;0,380754096068246;0,422106977916788;0,444108617148763;0,466333798324236;0,508417929206369
"Gamma1[20, 2]";0,462625494128502;0,0347420581900601;0,000200583366482328;0,000200859602052725;0,395127449816911;0,43903410322008;0,462639234039438;0,486313905206973;0,53005331001521
"Gamma1[21, 2]";0,46280355339878;0,037135181175285;0,000214400068479563;0,000213108971525684;0,39019394102199;0,437615193011671;0,462779225411298;0,487806113162366;0,53634000692254
"Gamma1[22, 2]";0,551729114507572;0,0481277518104804;0,000277865704632724;0,000277355102784311;0,456088260753277;0,519190873642383;0,55234402203457;0,584510375934307;0,644024020661889
"Gamma1[23, 2]";0,487386165116544;0,0420175568622405;0,00024258847765105;0,000241981799559729;0,404409948003052;0,459437121524789;0,487564054248667;0,515792553960841;0,570488239771264
"Gamma1[24, 2]";0,668807220269164;0,0397947279930525;0,000229754969191168;0,000227846248282061;0,588080307864081;0,642358573053066;0,669697953130604;0,696128398377654;0,743936265575289
"Gamma1_F[1]";0,496211566389881;0,0482535916740647;0,000278592241423875;0,000276049005527711;0,402079757141393;0,463524093425025;0,496069735433668;0,528708859500967;0,590709611936794
"Gamma1_F[2]";0,48702240587161;0,0396757614066635;0,000229068115284406;0,000228545554931722;0,410432112567166;0,460067573618927;0,486674191424376;0,513613448307275;0,564937485225499
"Gamma1_F[3]";0,621210439722841;0,0342231829598704;0,00019758763894407;0,000195916228570459;0,553082076549459;0,59834725439957;0,62176844570488;0,644402817837076;0,686626592371706
"Gamma1_F[4]";0,661379640543332;0,0446559803226649;0,000257821422602172;0,000261377397912166;0,571602182515642;0,631587835230393;0,662039321435742;0,692357735702329;0,745881679513286
"Gamma1_F[5]";0,445060138610733;0,0525323517173347;0,000303295674051673;0,000304854536569038;0,344024458225782;0,409324186216071;0,44421518059332;0,480175731063023;0,549653839555815
"Gamma1_F[6]";0,564601575796189;0,0302410125881246;0,000174596567583206;0,000173680742840498;0,505024553630161;0,544210757891031;0,564829570861564;0,584949069124084;0,62303163665186
"Gamma1_F[7]";0,684980910030021;0,0409091720032493;0,000236189214684007;0,000234151677341356;0,601485725966208;0,658176826411664;0,685799767394208;0,712966021265476;0,762400117865705
"Gamma1_F[8]";0,509088493122712;0,031615153990844;0,000182530176670852;0,000182714033535291;0,447435409870848;0,487614413248356;0,5087370121913;0,530431776280928;0,571966165521126
"Gamma1_F[9]";0,521004411042067;0,0322252796071674;0,000186052738559091;0,000184291899447723;0,457218828755247;0,499539276085943;0,521105862396704;0,542776662964705;0,583923889823312
"Gamma1_F[10]";0,512941965980259;0,031011649618998;0,000179045842555429;0,00017857022228839;0,452404257044441;0,491712896738976;0,513033256855195;0,534032579271855;0,573231813653713
"Gamma1_F[11]";0,552865716408622;0,0378588999587455;0,000218578460824048;0,000215567770798464;0,47748888692474;0,527487415122188;0,552979722010352;0,578482862261308;0,626317414276738
"Gamma1_F[12]";0,617090213314834;0,0362026396997786;0,000209016037760422;0,000209447122589375;0,545049779997636;0,592838216840429;0,61737923988313;0,641928619525056;0,687298477543936
"Gamma1_F[13]";0,570232894349381;0,0414408818986991;0,000239259043196694;0,000241838173913244;0,488265661731138;0,542404593355356;0,570250200700044;0,598386196886405;0,650595277646146
"Gamma1_F[14]";0,633740445441847;0,0326018125092824;0,000188226652283039;0,000188215636848709;0,568895253406325;0,612042029751954;0,634181645899252;0,655644554082615;0,697125130487485
"Gamma1_F[15]";0,548027834202733;0,036845739535571;0,000212728976393527;0,000212702306373836;0,47563834465954;0,523245713931038;0,548152105173679;0,573108856385361;0,619626550598564
"Gamma1_F[16]";0,555630200612061;0,0427266588031589;0,000246682479615771;0,000248164875745576;0,471224302031919;0,52651121378165;0,555831548609086;0,584683059845985;0,638751807689389
"Gamma1_F[17]";0,561081987589844;0,033718168804499;0,000194671938358587;0,000196838934196392;0,493980834750118;0,538287220907368;0,561252583114169;0,584127390762912;0,626600627985476
"Gamma1_F[18]";0,553651793124664;0,0362225118384032;0,000209130769606265;0,000209819753508275;0,483023664854969;0,529180099987964;0,553708917198743;0,577965817385351;0,625326354492759
"Gamma1_F[19]";0,555737639830931;0,032507852929276;0,000187684176394943;0,000185681270042861;0,491582070793631;0,533666201675764;0,555891382851237;0,577893022083212;0,619245903931754
"Gamma1_F[20]";0,537374505871498;0,0347420581900601;0,000200583366482328;0,000200859602052725;0,46994668998479;0,513686094793027;0,537360765960562;0,56096589677992;0,604872550183089
"Gamma1_F[21]";0,53719644660122;0,037135181175285;0,000214400068479563;0,000213108971525684;0,463659993077459;0,512193886837634;0,537220774588702;0,562384806988329;0,60980605897801
"Gamma1_F[22]";0,448270885492428;0,0481277518104804;0,000277865704632724;0,000277355102784311;0,355975979338111;0,415489624065693;0,44765597796543;0,480809126357617;0,543911739246723
"Gamma1_F[23]";0,512613834883456;0,0420175568622405;0,00024258847765105;0,000241981799559729;0,429511760228736;0,484207446039159;0,512435945751333;0,540562878475211;0,595590051996948
"Gamma1_F[24]";0,331192779730836;0,0397947279930525;0,000229754969191168;0,000227846248282061;0,256063734424711;0,303871601622346;0,330302046869396;0,357641426946934;0,411919692135919
"Gamma3[1, 1]";0,440988551034148;0,0481006691002111;0,00027770934253208;0,000275239855339576;0,348651065897966;0,408044648022889;0,440453235899726;0,473047881604872;0,536335484045281
"Gamma3[2, 1]";0,425857212297687;0,0393132635017585;0,00022697523265463;0,000228281616153536;0,351418223746465;0,398878409679972;0,425337896039389;0,452172440506895;0,503708681802742
"Gamma3[3, 1]";0,561755115956733;0,0361289701534865;0,000208590706436594;0,000206771889521297;0,490782955956997;0,537428221725538;0,562125843655571;0,586077374095458;0,631647775776903
"Gamma3[4, 1]";0,608213331136864;0,0477972734453595;0,000275957686902084;0,000279867628435746;0,513812237367384;0,576191032057315;0,60842763962611;0,641156108556729;0,700199333327102
"Gamma3[5, 1]";0,379480923469041;0,0507020811646705;0,000292728602088968;0,00029414960119124;0,283814316262833;0,344755029074648;0,377813715520602;0,413118082183729;0,482434557561002
"Gamma3[6, 1]";0,501556472986468;0,0315510263528635;0,000182159935580347;0,000181177113220866;0,440008385849997;0,480107163425228;0,501534538891851;0,522963458741512;0,56289916658383
"Gamma3[7, 1]";0,626141199038709;0,044814140320847;0,000258734559777427;0,000256306486959913;0,535866002045873;0,596616169281903;0,6266923026303;0,656325589826861;0,712670485351934
"Gamma3[8, 1]";0,450689316796532;0,0321982798957559;0,000185896855652576;0,000186021912069826;0,388497732390546;0,428709763235261;0,450223769716253;0,472188298880782;0,515244250687503
"Gamma3[9, 1]";0,457181091701963;0,0325795834142502;0,000188098312543032;0,000186457667309838;0,393351914656664;0,435140029467487;0,457094330917059;0,479050562716741;0,521678658139835
"Gamma3[10, 1]";0,45595359994819;0,0314516918639621;0,000181586427641277;0,000183235191602323;0,394868712843195;0,434314618103588;0,455864071147075;0,477294897810148;0,517423229899773
"Gamma3[11, 1]";0,480875554398633;0,0387383081136078;0,000223655726173421;0,000220676222313648;0,405328279676245;0,454725147012646;0,480485254660937;0,506881047874797;0,557260508085482
"Gamma3[12, 1]";0,529177354171603;0,0388065986801261;0,000224050001943046;0,000223561684723317;0,453406429398571;0,502882154908147;0,528659713884555;0,555401076351782;0,605999194457336
"Gamma3[13, 1]";0,478637195101781;0,0429106498780526;0,000247744752581955;0,000249813619545749;0,39571548352964;0,449336894785026;0,478086669986969;0,507621454364247;0,563552809417574
"Gamma3[14, 1]";0,560262729667045;0,035507648798901;0,000205003505923362;0,00020499396639681;0,49034888390981;0,536237933495096;0,560218333344722;0,584072134481947;0,630345045808204
"Gamma3[15, 1]";0,436650895063168;0,0376140455621905;0,000217164793306415;0,000218042986247909;0,36436543322304;0,410904384595123;0,436227246346878;0,461712806778827;0,51145879124314
"Gamma3[16, 1]";0,465221241902869;0,0437360619201022;0,000252510271228651;0,000253431312193822;0,381101287955092;0,435124224110515;0,464714734100712;0,494696923407211;0,55202967291431
"Gamma3[17, 1]";0,462027421580134;0,0355092600711308;0,000205012808607918;0,000204655802584534;0,393492953328744;0,437897874375097;0,461763646341769;0,485979171110371;0,532069747654767
"Gamma3[18, 1]";0,445381822213224;0,0378702284625836;0,000218643865971452;0,000218903092106695;0,373265717704344;0,419609661772484;0,444772976688122;0,4705022645556;0,521833857318714
"Gamma3[19, 1]";0,462242997704244;0,0336253807035685;0,000194136226008089;0,000191793675241732;0,397169559369427;0,439288399802958;0,462062178555105;0,484872539842884;0,529376842828303
"Gamma3[20, 1]";0,441296590073202;0,0360658753580404;0,000208226428465241;0,000208557193114364;0,372797245342235;0,416401557653212;0,440971828210803;0,465587662196887;0,512565645221318
"Gamma3[21, 1]";0,452174527428288;0,0377333377828708;0,000217853527263635;0,000216853206413532;0,379177254592391;0,426423967972118;0,451550228277914;0,477727924143482;0,52742876517736
"Gamma3[22, 1]";0,367873524059233;0,0458171813790192;0,000264525620026867;0,000263193434117143;0,281766428924994;0,336368170972242;0,366461863103227;0,398285382247091;0,460762884213342
"Gamma3[23, 1]";0,420869985856722;0,0415786178873925;0,000240054262298187;0,000239357107448364;0,340647427406302;0,392430383145989;0,420141283130719;0,448287104921461;0,504506876106316
"Gamma3[24, 1]";0,262109061509683;0,0353655235810123;0,000204182945595295;0,000202578042408432;0,196453793716433;0,237588374752677;0,260817953033491;0,28515813705313;0,335147631122418
"Gamma3[1, 2]";0,559011448965852;0,0481006691002111;0,00027770934253208;0,000275239855339576;0,463664515954719;0,526952118395128;0,559546764100274;0,591955351977111;0,651348934102034
"Gamma3[2, 2]";0,574142787702313;0,0393132635017585;0,00022697523265463;0,000228281616153536;0,496291318197258;0,547827559493105;0,574662103960611;0,601121590320028;0,648581776253535
"Gamma3[3, 2]";0,438244884043267;0,0361289701534865;0,000208590706436594;0,000206771889521297;0,368352224223097;0,413922625904542;0,43787415634443;0,462571778274462;0,509217044043003
"Gamma3[4, 2]";0,391786668863136;0,0477972734453595;0,000275957686902084;0,000279867628435746;0,299800666672898;0,358843891443271;0,39157236037389;0,423808967942685;0,486187762632615
"Gamma3[5, 2]";0,620519076530959;0,0507020811646705;0,000292728602088968;0,00029414960119124;0,517565442438998;0,586881917816271;0,622186284479398;0,655244970925352;0,716185683737167
"Gamma3[6, 2]";0,498443527013532;0,0315510263528635;0,000182159935580347;0,000181177113220866;0,43710083341617;0,477036541258488;0,498465461108149;0,519892836574772;0,559991614150003
"Gamma3[7, 2]";0,373858800961291;0,044814140320847;0,000258734559777427;0,000256306486959913;0,287329514648066;0,343674410173139;0,3733076973697;0,403383830718097;0,464133997954127
"Gamma3[8, 2]";0,549310683203468;0,0321982798957559;0,000185896855652576;0,000186021912069826;0,484755749312497;0,527811701119218;0,549776230283747;0,571290236764739;0,611502267609454
"Gamma3[9, 2]";0,542818908298037;0,0325795834142502;0,000188098312543032;0,000186457667309838;0,478321341860165;0,520949437283259;0,542905669082941;0,564859970532513;0,606648085343336
"Gamma3[10, 2]";0,54404640005181;0,0314516918639621;0,000181586427641277;0,000183235191602323;0,482576770100227;0,522705102189852;0,544135928852925;0,565685381896412;0,605131287156805
"Gamma3[11, 2]";0,519124445601367;0,0387383081136078;0,000223655726173421;0,000220676222313648;0,442739491914518;0,493118952125203;0,519514745339063;0,545274852987354;0,594671720323755
"Gamma3[12, 2]";0,470822645828397;0,0388065986801261;0,000224050001943046;0,000223561684723317;0,394000805542665;0,444598923648218;0,471340286115445;0,497117845091853;0,546593570601429
"Gamma3[13, 2]";0,521362804898219;0,0429106498780526;0,000247744752581955;0,000249813619545749;0,436447190582427;0,492378545635753;0,521913330013031;0,550663105214974;0,60428451647036
"Gamma3[14, 2]";0,439737270332955;0,035507648798901;0,000205003505923362;0,00020499396639681;0,369654954191796;0,415927865518053;0,439781666655278;0,463762066504904;0,50965111609019
"Gamma3[15, 2]";0,563349104936832;0,0376140455621905;0,000217164793306415;0,000218042986247909;0,48854120875686;0,538287193221173;0,563772753653122;0,589095615404877;0,63563456677696
"Gamma3[16, 2]";0,534778758097131;0,0437360619201022;0,000252510271228651;0,000253431312193822;0,44797032708569;0,505303076592789;0,535285265899288;0,564875775889485;0,618898712044908
"Gamma3[17, 2]";0,537972578419866;0,0355092600711308;0,000205012808607918;0,000204655802584534;0,467930252345233;0,514020828889629;0,538236353658231;0,562102125624903;0,606507046671256
"Gamma3[18, 2]";0,554618177786776;0,0378702284625836;0,000218643865971452;0,000218903092106695;0,478166142681286;0,5294977354444;0,555227023311878;0,580390338227516;0,626734282295657
"Gamma3[19, 2]";0,537757002295756;0,0336253807035685;0,000194136226008089;0,000191793675241732;0,470623157171697;0,515127460157116;0,537937821444895;0,560711600197042;0,602830440630573
"Gamma3[20, 2]";0,558703409926798;0,0360658753580404;0,000208226428465241;0,000208557193114364;0,487434354778682;0,534412337803113;0,559028171789197;0,583598442346788;0,627202754657765
"Gamma3[21, 2]";0,547825472571712;0,0377333377828708;0,000217853527263635;0,000216853206413532;0,47257123482264;0,522272075856517;0,548449771722086;0,573576032027882;0,620822745407609
"Gamma3[22, 2]";0,632126475940767;0,0458171813790192;0,000264525620026867;0,000263193434117143;0,539237115786657;0,601714617752909;0,633538136896773;0,663631829027759;0,718233571075006
"Gamma3[23, 2]";0,579130014143278;0,0415786178873925;0,000240054262298187;0,000239357107448364;0,495493123893684;0,551712895078539;0,579858716869281;0,607569616854011;0,659352572593698
"Gamma3[24, 2]";0,737890938490317;0,0353655235810123;0,000204182945595295;0,000202578042408432;0,664852368877582;0,71484186294687;0,739182046966508;0,762411625247323;0,803546206283567
"Gamma4[1, 1]";0,83279198889536;0,0309681829101546;0,000178794887394913;0,000177459717305793;0,765326804952397;0,813405266245385;0,834728227641158;0,854585720126103;0,887646259376639
"Gamma4[2, 1]";0,827221727547157;0,0287132468845908;0,000165776008181267;0,000164953864507662;0,766141320545454;0,808902773987115;0,829067056782756;0,847539774784305;0,877904763175765
"Gamma4[3, 1]";0,893432620438502;0,0179571966968911;0,000103675923468411;0,000103449756761805;0,854603391508419;0,882185427342933;0,894579287011913;0,906105128843388;0,925121670776861
"Gamma4[4, 1]";0,908127046001045;0,0195594605671104;0,000112926598236251;0,000113920845851768;0,865587818402309;0,895914571863573;0,909804580326862;0,922005070882981;0,941701246034269
"Gamma4[5, 1]";0,791341211544615;0,039715922023562;0,000229299982714177;0,000229310623626604;0,706444154709634;0,766109965530406;0,794206272224691;0,819347881638942;0,860899588731224
"Gamma4[6, 1]";0,866308655495654;0,0193986769496603;0,00011199831358809;0,000111990726047418;0,825025344295438;0,854010110059827;0,867341597182493;0,879727281527825;0,901226107460515
"Gamma4[7, 1]";0,913733713369042;0,017775235147064;0,000102625367970663;0,000102381433788298;0,875220803018231;0,902641701805992;0,914984167877895;0,926338102715885;0,944342317964714
"Gamma4[8, 1]";0,845023837231585;0,0226705636712124;0,00013088856038255;0,00013045581482318;0,797044345645224;0,830393943243812;0,846260105237651;0,860930277268199;0,886009370362202
"Gamma4[9, 1]";0,845332943080787;0,0233826488776793;0,000134999786238947;0,000133472878037628;0,795995596138571;0,830356969467909;0,84659334061215;0,861601221095147;0,887224153203441
"Gamma4[10, 1]";0,84583220849774;0,0221800794158289;0,000128056748213761;0,000127455850224923;0,79886248213697;0,831628994418891;0,847037052526834;0,861399815663134;0,885409682313588
"Gamma4[11, 1]";0,856010603656953;0,0240495298567722;0,000138850025366913;0,000139035633214005;0,804682366027441;0,840687897194675;0,85744432178715;0,87313421204145;0,898606469066252
"Gamma4[12, 1]";0,877671271701843;0,0205130693966185;0,000118432261380432;0,000118703178405857;0,833988911765457;0,86454582857215;0,878921469673232;0,89214328535358;0,914175450918502
"Gamma4[13, 1]";0,852809884804138;0,0254713960653582;0,000147059173749701;0,000147348093623997;0,798135610735015;0,836670467560712;0,854535812262288;0,870774417745292;0,897552053640993
"Gamma4[14, 1]";0,893403246146119;0,017407983810079;0,000100505041387977;0,000100499747467867;0,85605309789722;0,882503931694897;0,89449129884055;0,905649474998063;0,924382230003091
"Gamma4[15, 1]";0,832965397269245;0,0260897242782342;0,000150629093351216;0,000149776944001535;0,777399130438603;0,816265830949448;0,834405453459197;0,851358247288151;0,879534328581186
"Gamma4[16, 1]";0,8473547096309;0,0265719832270654;0,000153413416690484;0,000153398219869313;0,790293684182565;0,830500283210645;0,849122907834117;0,866004740980133;0,894446361037817
"Gamma4[17, 1]";0,846656645809789;0,022585695054395;0,000130398571194898;0,000128366569310244;0,798532787714879;0,832391513678594;0,847998550196339;0,862507203245716;0,886786638054138
"Gamma4[18, 1]";0,836819958520771;0,0243296053962789;0,00014046704224819;0,000139827872558603;0,785789393918484;0,821266649131905;0,838283626835093;0,853825155832721;0,880275804089821
"Gamma4[19, 1]";0,848125175794698;0,0217037639267445;0,00012530673945534;0,00012588654761482;0,802555037766271;0,834007589483047;0,849324822286284;0,863371868092067;0,887051038806792
"Gamma4[20, 1]";0,836901664775711;0,0241458888164504;0,000139406354080004;0,000138592354730544;0,786051278493546;0,82127495278339;0,838327739607801;0,854026563022402;0,880397140615074
"Gamma4[21, 1]";0,842433498387265;0,0241973521740886;0,000139703477913862;0,000140339710083473;0,790860057559303;0,827130110776665;0,843887398184828;0,859379034663067;0,885673291301267
"Gamma4[22, 1]";0,789382963769296;0,0374981954788661;0,000216495932538486;0,000217152556876531;0,709468296373609;0,765600366171753;0,79155190502979;0,816034734782028;0,855743423941748
"Gamma4[23, 1]";0,822191956999703;0,0295994065607569;0,000170892253457062;0,000170565416812469;0,759717679926535;0,80307351647767;0,824004436966053;0,843051140878713;0,874790845392795
"Gamma4[24, 1]";0,693577142060398;0,0447685876577239;0,000258471561354263;0,000257367753022102;0,600853091108408;0,66471835448681;0,695191174469107;0,724750701669658;0,775445554358669
"Gamma4[1, 2]";0,16720801110464;0,0309681829101546;0,000178794887394913;0,000177459717305793;0,112353740623361;0,145414279873897;0,165271772358842;0,186594733754614;0,234673195047603
"Gamma4[2, 2]";0,172778272452843;0,0287132468845908;0,000165776008181267;0,000164953864507662;0,122095236824235;0,152460225215695;0,170932943217244;0,191097226012885;0,233858679454546
"Gamma4[3, 2]";0,106567379561498;0,0179571966968911;0,000103675923468411;0,000103449756761805;0,0748783292231394;0,093894871156612;0,105420712988087;0,117814572657067;0,145396608491581
"Gamma4[4, 2]";0,091872953998955;0,0195594605671104;0,000112926598236251;0,000113920845851768;0,0582987539657308;0,0779949291170189;0,0901954196731378;0,104085428136427;0,134412181597691
"Gamma4[5, 2]";0,208658788455385;0,039715922023562;0,000229299982714177;0,000229310623626604;0,139100411268776;0,180652118361058;0,205793727775309;0,233890034469594;0,293555845290366
"Gamma4[6, 2]";0,133691344504346;0,0193986769496603;0,00011199831358809;0,000111990726047418;0,0987738925394851;0,120272718472175;0,132658402817507;0,145989889940173;0,174974655704562
"Gamma4[7, 2]";0,0862662866309584;0,017775235147064;0,000102625367970663;0,000102381433788298;0,0556576820352863;0,0736618972841147;0,0850158321221051;0,0973582981940075;0,124779196981769
"Gamma4[8, 2]";0,154976162768415;0,0226705636712124;0,00013088856038255;0,00013045581482318;0,113990629637797;0,139069722731801;0,153739894762349;0,169606056756188;0,202955654354776
"Gamma4[9, 2]";0,154667056919213;0,0233826488776793;0,000134999786238947;0,000133472878037628;0,112775846796559;0,138398778904853;0,15340665938785;0,169643030532091;0,204004403861429
"Gamma4[10, 2]";0,15416779150226;0,0221800794158289;0,000128056748213761;0,000127455850224923;0,114590317686412;0,138600184336866;0,152962947473166;0,168371005581109;0,20113751786303
"Gamma4[11, 2]";0,143989396343047;0,0240495298567722;0,000138850025366913;0,000139035633214005;0,101393530933748;0,12686578795855;0,14255567821285;0,159312102805325;0,195317633972559
"Gamma4[12, 2]";0,122328728298157;0,0205130693966185;0,000118432261380432;0,000118703178405857;0,0858245490814979;0,10785671464642;0,121078530326767;0,13545417142785;0,166011088234543
"Gamma4[13, 2]";0,147190115195862;0,0254713960653582;0,000147059173749701;0,000147348093623997;0,102447946359007;0,129225582254708;0,145464187737712;0,163329532439288;0,201864389264985
"Gamma4[14, 2]";0,106596753853881;0,017407983810079;0,000100505041387977;0,000100499747467867;0,0756177699969094;0,0943505250019364;0,10550870115945;0,117496068305103;0,14394690210278
"Gamma4[15, 2]";0,167034602730755;0,0260897242782342;0,000150629093351216;0,000149776944001535;0,120465671418814;0,148641752711849;0,165594546540803;0,183734169050552;0,222600869561397
"Gamma4[16, 2]";0,1526452903691;0,0265719832270654;0,000153413416690484;0,000153398219869313;0,105553638962183;0,133995259019867;0,150877092165883;0,169499716789355;0,209706315817435
"Gamma4[17, 2]";0,15334335419021;0,022585695054395;0,000130398571194898;0,000128366569310244;0,113213361945862;0,137492796754284;0,152001449803661;0,167608486321406;0,201467212285121
"Gamma4[18, 2]";0,16318004147923;0,0243296053962789;0,00014046704224819;0,000139827872558603;0,119724195910179;0,146174844167279;0,161716373164907;0,178733350868095;0,214210606081516
"Gamma4[19, 2]";0,151874824205302;0,0217037639267445;0,00012530673945534;0,00012588654761482;0,112948961193208;0,136628131907933;0,150675177713716;0,165992410516953;0,197444962233729
"Gamma4[20, 2]";0,163098335224289;0,0241458888164504;0,000139406354080004;0,000138592354730544;0,119602859384926;0,145973436977598;0,161672260392199;0,17872504721661;0,213948721506454
"Gamma4[21, 2]";0,157566501612735;0,0241973521740886;0,000139703477913862;0,000140339710083473;0,114326708698733;0,140620965336933;0,156112601815172;0,172869889223335;0,209139942440697
"Gamma4[22, 2]";0,210617036230704;0,0374981954788661;0,000216495932538486;0,000217152556876531;0,144256576058252;0,183965265217972;0,20844809497021;0,234399633828247;0,290531703626391
"Gamma4[23, 2]";0,177808043000297;0,0295994065607569;0,000170892253457062;0,000170565416812469;0,125209154607205;0,156948859121287;0,175995563033947;0,19692648352233;0,240282320073465
"Gamma4[24, 2]";0,306422857939602;0,0447685876577239;0,000258471561354263;0,000257367753022102;0,224554445641331;0,275249298330342;0,304808825530893;0,33528164551319;0,399146908891592
"Mu_Alpha1";-2,10017117342389;0,115006237267486;0,000663988820448692;0,000660004706465404;-2,32526516760297;-2,17615392408278;-2,10035907233984;-2,02540852750773;-1,86933945203374
"Mu_L1[1]";1,11838512247293;0,0224753074540289;0,000129761248087032;0,000130056431249324;1,07365196657335;1,10324373093097;1,11873600108777;1,1335236414033;1,16240426739743
"Mu_L1[2]";1,09305079671636;0,0240197482324007;0,000138678081078436;0,00013714559693199;1,04542262086279;1,07689052825846;1,09328336579767;1,10936669025528;1,13947398902138
"Mu_L1[3]";1,07487159475126;0,0221194008858791;0,000127706420557756;0,000127490284919567;1,03043741827879;1,06006068510335;1,07523457636998;1,08992914934558;1,11751563909952
"Mu_L1[4]";1,0890700839543;0,0216243000359948;0,000124847954468189;0,000123697743999114;1,04614054918076;1,07462982000634;1,08926452536372;1,10355715360071;1,13093921713231
"Mu_L1[5]";1,06096395663243;0,022811822145923;0,000131704116566545;0,000130870855875413;1,01497527971836;1,04577375935752;1,06108882209233;1,07636572136383;1,10515685354778
"Mu_L1[6]";1,04757714270306;0,0234166354376028;0,000135196007734153;0,000136496970102263;1,0006169483248;1,03191840181282;1,04785864209263;1,06350308030486;1,09269404331562
"Mu_L1[7]";1,10684274802115;0,0198255397117859;0,000114462806894292;0,000117895451380394;1,06756390946904;1,09366342592673;1,10696929534245;1,1203149906749;1,14536827291016
"Mu_L1[8]";1,11553610469721;0,0208917027242089;0,000120618301916516;0,00012099820339441;1,07378560732116;1,10173733632368;1,11586643051118;1,12966070404388;1,15572723980333
"Mu_L1[9]";1,04842253374716;0,0220246138821438;0,000127159167536533;0,00012589763645427;1,00458047779999;1,03377603840096;1,04862326318448;1,0634216398834;1,09120936456638
"Mu_L1[10]";1,0815895356621;0,0239889738062818;0,000138500404846397;0,000138697510776623;1,03458308881137;1,06532218477426;1,08184844096164;1,09775154729778;1,12803514145378
"Mu_L1[11]";1,0297630412705;0,0219564867718313;0,000126765835481752;0,000125591437575452;0,985593941524775;1,01527286626483;1,02995409578354;1,04461342498674;1,07231292652701
"Mu_L1[12]";1,07423293701678;0,021690070443773;0,000125227680094543;0,000125227515747258;1,03083915246192;1,05991693435561;1,07462754033279;1,08906978008171;1,11576031788074
"Mu_L1[13]";1,06639244565305;0,023673294795308;0,000136677831226764;0,000138124212496134;1,01973788237483;1,05066381099271;1,06657604695872;1,08222750124999;1,11238499766993
"Mu_L1[14]";1,04131987894284;0,0187945111731291;0,000108510160850935;0,000107171442825209;1,00378456308905;1,0287324481767;1,04149241445301;1,05399161717757;1,07761715685656
"Mu_L1[15]";0,985348380678999;0,019703145285898;0,000113756162346955;0,000113745422263106;0,945949677043305;0,972194342709124;0,985501473862898;0,998685809771937;1,02330965433327
"Mu_L1[16]";1,06477079775199;0,0236186513996384;0,000136362347434771;0,000134779636780012;1,01789963733093;1,04897033525027;1,06512870429292;1,08081757189507;1,11049406498798
"Mu_L1[17]";0,983154453091551;0,0193967926294062;0,00011198743446003;0,000111718121860304;0,944330216879051;0,97020571656461;0,98334426719361;0,996388557952316;1,02081732624424
"Mu_L1[18]";0,975899962468962;0,0177713478600999;0,000102602924708911;0,000101619135159461;0,940426540377818;0,964061903964925;0,976098197019805;0,988093695207584;1,00991178820617
"Mu_L1[19]";1,05493699302604;0,0201178899175494;0,000116150691594244;0,000115786729082273;1,01479539719154;1,04147958821158;1,05518021505056;1,06861933023272;1,09387629343203
"Mu_L1[20]";1,02072029095962;0,0181596337998285;0,00010484469462716;0,00010562943814742;0,984643097756544;1,0085504010885;1,02116984670123;1,03298093638473;1,0553810403546
"Mu_L1[21]";1,0269449744642;0,0193739300840163;0,000111855437492678;0,000110555751234691;0,988246703879832;1,01399392675081;1,02712294253604;1,03997233598497;1,06441808653574
"Mu_L1[22]";1,03005056728452;0,0202724833455395;0,000117043237166895;0,000116509754858662;0,989240887186513;1,01665789482931;1,0303930473188;1,0437064950663;1,06923199709701
"Mu_L1[23]";0,995594395988728;0,0210437511293333;0,000121496153792801;0,000121098996231525;0,953520513578796;0,98182005233681;0,995913747090099;1,00983911728818;1,03621532186356
"Mu_L1[24]";1,00979268810758;0,0210637488109829;0,000121611610461637;0,000120773549968539;0,967782801197518;0,995915477827112;1,00987324096048;1,02405254192082;1,05057510097186
"Mu_L1surv[1]";1,18081323538202;0,0212772598312038;0,000122844316911631;0,000123453050212582;1,13992572542484;1,16628129739877;1,18073163255445;1,19502190727589;1,22320411252688
"Mu_L1surv[2]";1,18735956675377;0,0218936686058976;0,000126403154631634;0,000125809044935572;1,14509752667515;1,1725903411985;1,18712818098366;1,20179807960107;1,23081820466912
"Mu_L1surv[3]";1,15955870465944;0,0204221971343463;0,000117907610129584;0,000117516320705481;1,12026468001294;1,14576446505823;1,15935585253354;1,1731645407857;1,20068054609723
"Mu_L1surv[4]";1,15859463291041;0,0206121516566781;0,000119004313075605;0,000121187018817052;1,11937889051443;1,14453212716638;1,15819500380391;1,1723071636977;1,19988230135055
"Mu_L1surv[5]";1,1409835257969;0,0219051780408945;0,000126469604385571;0,000124617265395448;1,09872996783361;1,12606301538498;1,14073323476025;1,15555881271919;1,18454919878301
"Mu_L1surv[6]";1,14523711951918;0,0217762003268025;0,000125724951206067;0,00012627286113435;1,10341830189172;1,13026809089253;1,14499561903206;1,15981368262469;1,18866161171207
"Mu_L1surv[7]";1,15890730586186;0,0189408802321558;0,000109355223007236;0,000113694110184029;1,1221574163524;1,14605498331822;1,15863529364067;1,17160215067142;1,1962691694564
"Mu_L1surv[8]";1,18115180071224;0,0194278465799644;0,000112166724527172;0,000113454061809169;1,14339182106483;1,16792788135327;1,1810081075043;1,19412230970924;1,21973945923432
"Mu_L1surv[9]";1,13391532097264;0,0208188877026204;0,000120197904193365;0,000117990939139376;1,09395009638479;1,11987582177618;1,13352210065577;1,1477354936576;1,17582975628479
"Mu_L1surv[10]";1,17659038210531;0,0221891075295755;0,00012810887205278;0,000128049160225024;1,13406967125474;1,1613714371099;1,17636629007399;1,1913458163462;1,22067374434011
"Mu_L1surv[11]";1,11820263072459;0,0211387067819965;0,000122044380509062;0,000121664914581351;1,07730519523164;1,10376457338133;1,11798691619666;1,13222799757937;1,1606236985247
"Mu_L1surv[12]";1,15538743582894;0,0201214437337723;0,000116171209561773;0,000116176216452404;1,11631312745725;1,1417528188839;1,15516772352956;1,16874327482063;1,19555593591779
"Mu_L1surv[13]";1,16313566291823;0,0219752901854933;0,000126874397041147;0,000126693314816548;1,12112670502953;1,14814932402894;1,16279338730569;1,17770118454556;1,20717492713256
"Mu_L1surv[14]";1,10269715239817;0,0179086378239613;0,000103395568684836;0,000103121102657002;1,06755845671023;1,09056671278776;1,10249961167536;1,11457360600778;1,13878254302279
"Mu_L1surv[15]";1,05623548271723;0,019077533381794;0,000110144190334528;0,000112684110957284;1,01949471349115;1,04304023789356;1,05610165126594;1,06905415783182;1,09457409167431
"Mu_L1surv[16]";1,16271939454745;0,0217297746786528;0,000125456912601501;0,000125536896075935;1,12039995243579;1,14789503554114;1,16256055155363;1,17734643774255;1,2060935047629
"Mu_L1surv[17]";1,04935950761535;0,019037851982193;0,000109915089667114;0,000109526536950507;1,0124845670193;1,03667786168008;1,04908154494294;1,06198093394742;1,08722919292624
"Mu_L1surv[18]";1,02907609326493;0,0176620920953916;0,000101972136257263;0,000100720342427832;0,994981129650093;1,01724933114625;1,0287346618265;1,04088136378416;1,06432223671906
"Mu_L1surv[19]";1,12693534593252;0,0192219086793413;0,000110977741503561;0,000109681661174909;1,08994189075546;1,11389749336427;1,12664207410873;1,13962372400194;1,16548499184722
"Mu_L1surv[20]";1,07828271579798;0,0175763018914186;0,000101476826283687;0,000102335473670708;1,04392541632731;1,066412365865;1,07837487222565;1,0898560629786;1,11295239559248
"Mu_L1surv[21]";1,09295750521105;0,018844135972861;0,000108796669765772;0,000108417700524936;1,05638549665694;1,08015362533626;1,09275032427247;1,10552603687331;1,130427118658
"Mu_L1surv[22]";1,10443332482732;0,0194094395967033;0,000112060451759764;0,000113090676378192;1,0668216087882;1,09130724072514;1,10437299767955;1,11735615415918;1,14320603682314
"Mu_L1surv[23]";1,06813009489906;0,0209152146739019;0,000120754048221361;0,000120759945971992;1,02776081370444;1,05386816226256;1,06782482127795;1,08212588499634;1,10974300542261
"Mu_L1surv[24]";1,07696862295565;0,0209027729161908;0,000120682215699724;0,000119489650195348;1,03689184166313;1,06273070777748;1,07659443521061;1,091049656801;1,11848759623753
"Mu_L2[1]";3,01057835495439;0,0395494194015031;0,000228338679377512;0,000226418168992151;2,93452278489038;2,98393571087494;3,00999275354948;3,03654482161917;3,09021610424092
"Mu_L2[2]";2,93264194869126;0,0289365842106605;0,000167065446834531;0,000169435987421861;2,87665438018993;2,91302056242498;2,93249956503913;2,95198888301114;2,98999354092085
"Mu_L2[3]";2,93062915910893;0,0271443674423422;0,000156718078498184;0,000155832285276754;2,87831390638049;2,9123095981581;2,93046484930911;2,94882738998037;2,9846390628288
"Mu_L2[4]";2,98365249755525;0,0369832334261647;0,000213522797740989;0,000215210621959103;2,91249480053843;2,95884709533051;2,98349272536473;3,00833061137989;3,05705257200421
"Mu_L2[5]";2,87796947272299;0,0396782341413256;0,000229082391624634;0,000228940376718279;2,8012705378078;2,85123905429165;2,87750982797172;2,90454263162529;2,95772055990542
"Mu_L2[6]";2,91925262611146;0,0326957456970489;0,000188768975795467;0,000188198261123076;2,85670680970317;2,89689136157805;2,91880830320274;2,94126796078783;2,98448521345788
"Mu_L2[7]";2,90163843709459;0,0302829442773303;0,000174838660303711;0,000175821273336863;2,8418219519115;2,88148764010211;2,90160425672554;2,92196423883097;2,96144710434167
"Mu_L2[8]";2,95717148667572;0,0235549841137584;0,000135994764188358;0,000136485368881299;2,91111311742359;2,94117405733811;2,95701879180511;2,97281952170049;3,00430132645877
"Mu_L2[9]";2,91051818616719;0,0322239292361317;0,000186044942188281;0,000187577950925473;2,8468083601114;2,88890352984229;2,91087478895599;2,9323920496377;2,9729912847086
"Mu_L2[10]";2,98037771253039;0,0311198158890836;0,00017967034080694;0,000178752050064683;2,92008146911387;2,95931494781425;2,98001931446846;3,00097318869545;3,04303687824364
"Mu_L2[11]";2,83201082527167;0,0305324863520303;0,000176279392143733;0,000178672271407604;2,7727865586526;2,81145906256221;2,83193318694669;2,85228584596283;2,89268126312971
"Mu_L2[12]";2,68383705011892;0,0267935498798464;0,00015469263235675;0,000153986224575568;2,63086528870483;2,66584026170932;2,68393351525739;2,7018894006946;2,73643939348229
"Mu_L2[13]";2,66797329289296;0,0300511268394703;0,000173500261702197;0,00017361558691878;2,60947751447651;2,64766441605653;2,66785241359804;2,68828908007246;2,72654327378469
"Mu_L2[14]";2,7899582084189;0,02232276275309;0,000128880530845527;0,000127686655275196;2,74626732716691;2,77481904138494;2,79012829026663;2,80508831585392;2,83379231279478
"Mu_L2[15]";2,53191382949979;0,0246642199493143;0,000142398940270888;0,000146571517213586;2,48329967046267;2,51537770661279;2,53192318196363;2,54861647333187;2,5799293947988
"Mu_L2[16]";2,6777848105805;0,0271440500191919;0,000156716245854771;0,000156708082598403;2,62437448058233;2,65973052206697;2,67780442128824;2,69593383290761;2,73104373509846
"Mu_L2[17]";2,61554223909269;0,0286256590616328;0,000165270319649641;0,000164679805985061;2,5598438161306;2,59610940771535;2,61531724725353;2,63455701660576;2,67251004465982
"Mu_L2[18]";2,55159378463836;0,0260359193347709;0,000150318450365294;0,00015141172430848;2,50105986994983;2,53418446181244;2,55154500754434;2,56867097893565;2,60308463248707
"Mu_L2[19]";2,65595946554589;0,025958549246071;0,000149871753949912;0,000149216591978095;2,60582237540628;2,63839996448852;2,65559209080933;2,67314771416849;2,70810467241931
"Mu_L2[20]";2,63663814391652;0,0232985581134807;0,000134514287985483;0,000132928028568219;2,59088287030651;2,62093171495447;2,63661602434219;2,65237777546604;2,68218556312017
"Mu_L2[21]";2,72009896700572;0,0238388198888973;0,000137633490800179;0,00013717728496411;2,67369505334958;2,70411234813407;2,72018237731516;2,73613872867465;2,76673959644183
"Mu_L2[22]";2,73180055380323;0,0242763632364948;0,000140159648495354;0,000139084660523251;2,68465437040229;2,71546927598823;2,7316087902628;2,74788273338211;2,78022680053874
"Mu_L2[23]";2,66531494607218;0,029364753830914;0,000169537485289653;0,000169471177213294;2,60792434092076;2,64572319042609;2,66515056068848;2,68487749606921;2,72343113074439
"Mu_L2[24]";2,73787191866335;0,0300574475262021;0,000173536754204058;0,000175567968235031;2,67961472720883;2,71770724945196;2,73763521132999;2,75771091138256;2,79816564912906
"Mu_L2m[1]";3,03415383075376;0,0366002349272264;0,000211311554876377;0,000209657010998424;2,96295919983762;3,00967697193004;3,03400656748326;3,05849751114303;3,10634964660027
"Mu_L2m[2]";2,95627692031287;0,0281505044702177;0,00016252701333704;0,00016509520666772;2,90180527839107;2,93715530721262;2,95600022781679;2,97498513399405;3,01246008515588
"Mu_L2m[3]";2,95592869455189;0,0266343185301736;0,000153773309730779;0,000154682095782132;2,90465064777337;2,93784948027408;2,95566168712831;2,97363003384294;3,00921062710472
"Mu_L2m[4]";3,01469607406228;0,0348936299503248;0,000201458466448232;0,00020293446815881;2,94707646756604;2,99114249353928;3,01458109525712;3,03804790211647;3,08386607133879
"Mu_L2m[5]";2,90871613278905;0,0382625584992251;0,000220908984494114;0,000220321212465724;2,83441065307839;2,88277226878963;2,90845150654813;2,93427657503337;2,98528313874994
"Mu_L2m[6]";2,94777637000792;0,032314128924089;0,000186565710329511;0,000186155631058255;2,88576227988277;2,92564084631535;2,94731777435197;2,96952982187064;3,01219654068169
"Mu_L2m[7]";2,93935360243577;0,0288508557422931;0,00016657049329164;0,000167164542061468;2,88282042059663;2,92002111336949;2,93915272236074;2,95857573363943;2,99667335202348
"Mu_L2m[8]";2,97471272779265;0,0235798664438494;0,000136138422388119;0,000136173544688057;2,92886326221892;2,95878526271004;2,97440562933812;2,99038885324559;3,02180469612139
"Mu_L2m[9]";2,93516897147452;0,0309817144522017;0,000178873011789348;0,000180328093463521;2,87441106605666;2,91421030939113;2,93544559527151;2,95627280850122;2,99514845979723
"Mu_L2m[10]";3,0016055833227;0,0304972802476477;0,000176076129605308;0,000175388662346757;2,94260640909835;2,98092648838164;3,00117613217773;3,02178171352283;3,06276040902455
"Mu_L2m[11]";2,8614615541834;0,0301911291605694;0,000174308565479935;0,000176473525101452;2,80362193407243;2,84101852861994;2,86122506480542;2,88147689858925;2,921930976656
"Mu_L2m[12]";2,71979198788841;0,0262462487924962;0,000151532788055656;0,000151392145135595;2,66855929684357;2,7021494487075;2,71967022246379;2,73723163513177;2,7716634747419
"Mu_L2m[13]";2,70564641701296;0,030116804897031;0,000173879454144323;0,000173290998075109;2,64771823152249;2,68520708994172;2,70544094069289;2,72588721147577;2,76511973057437
"Mu_L2m[14]";2,81495259970385;0,0219329512118408;0,000126629952862792;0,00012577169198633;2,77247768555381;2,80012864485308;2,81486046844694;2,82976897919306;2,85857589248351
"Mu_L2m[15]";2,56352336605997;0,0247531449343857;0,000142912348911574;0,000146806192724641;2,51522632425746;2,54674770447154;2,56328390252821;2,58012991742443;2,61243918769842
"Mu_L2m[16]";2,71025739036359;0,02691578723824;0,000155398370074486;0,000154870572915243;2,65787997008282;2,69220929896635;2,71005913088546;2,7282904535622;2,76396544849071
"Mu_L2m[17]";2,64774976061411;0,0297944721133579;0,0001720184649501;0,000172675178621791;2,59112677998933;2,62735947665356;2,64714912587206;2,66733144770999;2,70752549052384
"Mu_L2m[18]";2,58666885295652;0,0269080890431532;0,000155353924524429;0,000152778219388042;2,53502188609315;2,56850222981518;2,58622589707759;2,60436461432032;2,64049625632052
"Mu_L2m[19]";2,68396656931338;0,0268520435686312;0,000155030345826408;0,000154287790186664;2,63255896439865;2,6657061327069;2,68344368162875;2,70165287725333;2,73837368519564
"Mu_L2m[20]";2,66368806853186;0,0239955371764644;0,000138538298481814;0,000137052128411654;2,61727829622146;2,64743902634222;2,66344445549847;2,67977116646059;2,7112224974876
"Mu_L2m[21]";2,74734492349626;0,0240557605816301;0,000138885998473653;0,00013715180812355;2,7006398927792;2,73107527478253;2,74715723852849;2,76333932436624;2,7951704869739
"Mu_L2m[22]";2,75534281414195;0,0243955915768415;0,000140848013639296;0,000139678885163633;2,70843462063232;2,73886132089529;2,75511900471949;2,77164144763784;2,80411873018435
"Mu_L2m[23]";2,69723374692948;0,0288986345134471;0,000166846344155513;0,000168029222012042;2,64149980476;2,67768212790512;2,69692780554074;2,71637773524034;2,75515016612343
"Mu_L2m[24]";2,76115275324439;0,0299992220078043;0,000173200589016852;0,000173337982213437;2,70358032642998;2,74083040056568;2,76074726129342;2,78101820752799;2,82185074816028
"Mu_L2nm[1]";2,82686325660811;0,0406307870863153;0,000234581958616705;0,000233834495515907;2,7452280195806;2,79998868322026;2,82800032132214;2,8544821593582;2,90408547244889
"Mu_L2nm[2]";2,7963290765379;0,0326869261299583;0,000188718056001128;0,000188781002811995;2,7304470648127;2,77458218881475;2,7968174219821;2,81851121635021;2,8590368749088
"Mu_L2nm[3]";2,81292664262783;0,0294055132177644;0,000169772809719354;0,000169512085083022;2,75332382430912;2,79363353788538;2,81341765481276;2,83283025941934;2,86937950141906
"Mu_L2nm[4]";2,82313798133045;0,0391085614228198;0,00022579338465084;0,000225835494277512;2,74457738233567;2,79730130730807;2,82389365966334;2,84982819529125;2,89665939848493
"Mu_L2nm[5]";2,70625287001279;0,0402555108680657;0,000232415300360437;0,00023356781071528;2,62604088651826;2,67954975489271;2,70672929847841;2,73370934572199;2,78339208126756
"Mu_L2nm[6]";2,77690164660568;0,0319301920211058;0,000184349049586619;0,000182864262613417;2,71399761033625;2,75547887471566;2,7772625820354;2,79843984769768;2,83825007982433
"Mu_L2nm[7]";2,74969812493304;0,0351348867839497;0,000202851363426604;0,000205635926889244;2,67857160758568;2,72630820059355;2,75018008324958;2,77373082463507;2,8167220094805
"Mu_L2nm[8]";2,85508622863668;0,0250555019401966;0,000144658007898537;0,00014635063955057;2,80476971236486;2,83853451796614;2,85542897364553;2,87206290558196;2,90325037232005
"Mu_L2nm[9]";2,78263405606068;0,038120953020981;0,000220091424884284;0,000227669532402563;2,70444564404601;2,75790056549327;2,78408774475485;2,80872316990644;2,85405898751095
"Mu_L2nm[10]";2,84948628529044;0,0324973036380994;0,000187623270033937;0,000187514133534162;2,78521765123759;2,82802469385364;2,85010800843855;2,87132138700014;2,91196683362164
"Mu_L2nm[11]";2,70759137657283;0,0322091197680731;0,000185959439684579;0,000188005200030738;2,64241175765747;2,68619012786587;2,70792232045945;2,72955629034403;2,76935808214682
"Mu_L2nm[12]";2,57918244158129;0,0290029113931132;0,000167448387000968;0,000167119740573518;2,52105124577616;2,56001893418817;2,57943949843037;2,59909908892722;2,63483875488017
"Mu_L2nm[13]";2,55506570855608;0,0299746322159026;0,000173058619787114;0,000174773700233262;2,49450798636;2,53523894846967;2,55541724005631;2,57551830007725;2,61219393409308
"Mu_L2nm[14]";2,70191429417372;0,025871931754373;0,000149371667628429;0,000148051183155558;2,64972003294864;2,68479348888136;2,70242148693473;2,71962220335503;2,7509339027865
"Mu_L2nm[15]";2,45363623219155;0,0249626707378864;0,000144122046702107;0,000144973583002771;2,40373438961625;2,43698906031718;2,45394190941819;2,47075448118718;2,50086501088167
"Mu_L2nm[16]";2,57485085623681;0,0283388783478127;0,000163614590426417;0,000163231042478185;2,51728577734611;2,55617667802184;2,5753162616011;2,59423815355578;2,62869973980095
"Mu_L2nm[17]";2,52447631639763;0,0264699631626024;0,00015282440357368;0,000151701299062996;2,47165626030591;2,50692399182149;2,52490981225467;2,54241564672019;2,57545039262417
"Mu_L2nm[18]";2,46346178146531;0,0245918476097228;0,000141981098373437;0,000141347358603103;2,41459733607127;2,44717438532012;2,46384473917315;2,48003092854979;2,51135691528281
"Mu_L2nm[19]";2,56914062092327;0,0241850960839097;0,000139632717344222;0,000139142621427528;2,52092286985856;2,55314090758427;2,56946902013627;2,58543640398716;2,61591313779394
"Mu_L2nm[20]";2,55312703637565;0,0231001452883236;0,000133368751005331;0,000132745349767985;2,50706842206116;2,53773053683118;2,5535041066289;2,56876963586396;2,59675468130472
"Mu_L2nm[21]";2,62298420573031;0,0241618970591492;0,000139498777712318;0,000137597292311375;2,57412271721429;2,60696868425888;2,62335409157975;2,63970314909216;2,66860873313768
"Mu_L2nm[22]";2,63260259878911;0,0251487571266617;0,000145196416968627;0,000146262404032029;2,58239017461597;2,61574307681417;2,63289192708327;2,64975676252182;2,68102427551403
"Mu_L2nm[23]";2,55998069264909;0,0304933207774252;0,00017605326959332;0,00017528238305202;2,4988204587763;2,53994931191904;2,56034582976583;2,58072877479956;2,61881366961059
"Mu_L2nm[24]";2,61702468151588;0,0308298431937656;0,000177996182669945;0,000178773304966906;2,55573949316851;2,59668340113647;2,61745705113885;2,63812875886171;2,67587876725466
"Mu_Mu_L1";1,05013317461688;0,0126815198298375;7,32167888749028e-05;7,46345900094465e-05;1,02551032087791;1,04175334964815;1,04998715325997;1,0583770350006;1,07564272224248
"Mu_Mu_L1surv";1,12531802351301;0,00536943782114301;3,10004637143387e-05;3,12276480785686e-05;1,11491264832583;1,12166896534913;1,12534701502731;1,12894968724518;1,13575317630116
"Mu_Mu_L2";2,78861017332928;0,0339363988406175;0,00019593189005957;0,000194353389451004;2,72221353343107;2,76607882357918;2,78825717802282;2,81078417027407;2,85638874397099
"Mu_Mu_L2m";2,81613207133098;0,00759824835500145;4,38685073312972e-05;4,34737735251167e-05;2,801358152402;2,81104841125421;2,81606584719903;2,82127792139097;2,83107116895935
"Mu_Mu_L2nm";2,67059812549176;0,0102460397911672;5,91555383155799e-05;5,9155200250934e-05;2,65061237781246;2,66359578465657;2,67068086218354;2,6775121823864;2,69057877792042
"Mu_N1[1]";2417,22050970427;315,073717071168;1,81907895365615;1,81903426751738;1857,35991149623;2194,43974173785;2398,22117376607;2617,01291664931;3088,67815585833
"Mu_N1[2]";10132,0593680856;274,541360099277;1,58506528157003;1,58477747870614;9601,00079132092;9946,14356491494;10129,1217334844;10313,0353688054;10675,161707279
"Mu_N1[3]";5090,63619998075;364,929980716985;2,10692422602316;2,07646659474607;4419,97807390693;4836,12601758441;5075,65081731833;5327,92602530057;5845,59564203497
"Mu_N1[4]";2788,58355326407;221,381652668664;1,27814756761898;1,28378445644223;2380,66410926296;2634,72650829072;2779,05631076449;2932,14881273262;3244,25532298928
"Mu_N1[5]";3222,52556120627;259,866354546906;1,50033909750983;1,49526944507108;2745,25093505839;3040,86464452275;3214,74052707124;3390,84345475871;3759,71702430434
"Mu_N1[6]";12094,3872368406;724,445058791795;4,18258549706537;4,28355687271544;10746,203234334;11596,7314185278;12073,9075599035;12570,7188409226;13572,4969000825
"Mu_N1[7]";1353,82220042838;84,863678045299;0,489960673638751;0,484769331283081;1194,09065387022;1295,05773113559;1351,40428675815;1409,20454658912;1527,83367157228
"Mu_N1[8]";10268,9894627899;213,840279569648;1,23460742973121;1,23946212112816;9851,59434197367;10123,3496274289;10267,542226655;10413,2213860067;10691,9723558531
"Mu_N1[9]";7976,20662973759;171,479448430277;0,990037057117091;0,993896733896715;7643,85655244164;7860,67170742354;7975,09484100496;8090,33795711537;8314,61058501388
"Mu_N1[10]";10924,6390639683;254,879010825958;1,47154465511152;1,46569290782677;10429,9325544652;10753,0461298247;10921,9485271941;11094,0133706385;11436,4834761639
"Mu_N1[11]";7473,89694015961;429,475320558801;2,47957691934925;2,44641142925976;6669,01677044994;7179,2190171788;7460,29055128876;7757,05162445993;8348,17396234499
"Mu_N1[12]";7710,14997208255;286,95770999211;1,65675111109983;1,64927656022028;7162,17484522164;7514,50384522715;7704,23723029341;7901,98571489245;8282,98116477678
"Mu_N1[13]";10675,2964645698;627,860221531663;3,62495267914764;3,60950257451897;9493,89421494941;10243,9433068919;10660,4753256168;11084,7012653021;11954,1346064273
"Mu_N1[14]";14036,9759600972;637,031043887191;3,67790044670418;3,69086935327466;12836,7779428055;13596,4722127478;14018,6125949793;14460,506146959;15334,4707389032
"Mu_N1[15]";10815,1785975432;463,658262206841;2,67693222497113;2,71424973997661;9932,55962420728;10499,388407624;10802,3748599042;11119,5994805345;11753,6550077439
"Mu_N1[16]";9168,70731880593;694,3663087292;4,00892575261011;3,93795473880623;7885,96058706364;8687,619279558;9143,05458253593;9619,75879870986;10606,2025959138
"Mu_N1[17]";8805,87333189094;840,584601552472;4,85311745982974;4,87605577762305;7267,4858077616;8228,5852461656;8767,11148166862;9341,93576167453;10559,8275792602
"Mu_N1[18]";9370,58423626597;1306,20734932162;7,54139164748305;7,57581377834713;7056,2573388894;8454,48901368826;9287,53997439591;10198,2785663206;12176,7098478479
"Mu_N1[19]";10545,7430990577;566,457275225345;3,27044260335775;3,27178149167671;9487,16334864871;10157,6045856616;10528,689889044;10917,0916797999;11697,7479379505
"Mu_N1[20]";6961,3046243737;527,155217465349;3,04353206708335;3,02258306086468;5982,31551926592;6597,29869229746;6941,54897395621;7304,98913432366;8054,92652241486
"Mu_N1[21]";10000,4972177122;378,135621057218;2,18316702607571;2,17192205007766;9275,88882729791;9744,39434432174;9992,78237919959;10252,8908934131;10764,3759149653
"Mu_N1[22]";6470,91950630282;447,023103039979;2,58088908874114;2,56374169883241;5642,97085278162;6160,69635547096;6453,69510750289;6761,82943838181;7385,27115720017
"Mu_N1[23]";5408,00446626676;500,268341797617;2,88830061803902;2,83444573857707;4498,26851729339;5060,52263477965;5380,24508402117;5729,12051745041;6457,37038294102
"Mu_N1[24]";5436,37385383755;286,120530849901;1,65191765506869;1,64589152797196;4896,80877847564;5238,32666162363;5429,80938362888;5624,02997249536;6019,21806478662
"Mu_N2[1, 1]";337,580418966556;41,0610435624971;0,237066045540146;0,237847478164492;261,496300037069;309,321551965161;336,475903833444;364,636905331244;422,694247597711
"Mu_N2[2, 1]";458,005998118687;44,0881377057456;0,254542981724815;0,255682658632422;374,931642910828;427,440173688357;456,965807882424;487,06011041605;547,238118829878
"Mu_N2[3, 1]";280,04441648233;26,7511459680651;0,154447813257933;0,154103602690358;230,639295259226;261,514777084238;279,142006812022;297,330291506855;335,321739271462
"Mu_N2[4, 1]";322,997062967994;39,9266101750622;0,230516391324014;0,231431213604891;250,614772678472;295,129003399855;320,866333708163;348,898285933743;407,314977255691
"Mu_N2[5, 1]";220,442996176488;30,9313085840937;0,178581993374139;0,17978192385193;163,073067291153;199,083766154717;219,313078410572;240,400415232939;284,598336066542
"Mu_N2[6, 1]";516,297828455995;41,3390636319171;0,238671195159344;0,241250798199114;438,570253483407;487,716026105264;515,235069370365;543,38533875873;600,860852253377
"Mu_N2[7, 1]";292,315027500602;26,461056448555;0,152772980636151;0,152770027811225;242,725834263745;274,129218943591;291,467224431202;309,646217324858;347,062901628197
"Mu_N2[8, 1]";877,558211229998;63,2509529487988;0,365179547114893;0,362225397454755;756,855489019825;834,280187819395;876,305559912466;920,055096826409;1003,90126844905
"Mu_N2[9, 1]";397,886652495378;30,9862661370147;0,178899290953868;0,180567209819178;337,983503089914;376,649490452693;397,395646531794;418,368975240758;460,762385123802
"Mu_N2[10, 1]";705,138066380606;52,9853877651055;0,305911278893004;0,304591163860388;605,700674176151;668,491145640608;704,060844871151;740,747950736463;812,30313760907
"Mu_N2[11, 1]";448,123553930659;40,7678263816143;0,235373155357009;0,235375488700911;371,847855708396;420,141489223163;446,50302057278;474,806238822243;532,272538087797
"Mu_N2[12, 1]";370,653118190937;33,2909647013408;0,192205474319015;0,187825833975699;309,191686200495;347,495637778631;369,336525553193;392,259098920932;439,380597974581
"Mu_N2[13, 1]";289,986699859029;30,6530802223214;0,176975641178485;0,175266845326919;233,575619039349;268,52703535398;288,641131540234;309,721619732972;353,960441238519
"Mu_N2[14, 1]";884,512438414461;58,2569312283694;0,336346549268606;0,335277159309116;773,399751469875;844,893271996729;883,373951056901;923,095714152631;1003,13316477796
"Mu_N2[15, 1]";416,758785497245;38,3228894908653;0,221257305636754;0,219123952577787;345,002284369973;390,653877139741;415,503401533016;441,83501925335;495,070055160625
"Mu_N2[16, 1]";417,080824832909;45,68882471565;0,263784552485381;0,26097005978638;333,122762537357;385,293567162345;414,937803830244;446,671620193223;512,497129669968
"Mu_N2[17, 1]";604,27177914523;48,8729254725515;0,282167966776621;0,285670383461136;511,873863648195;570,75481280877;602,973338338383;636,090006455144;702,886467196126
"Mu_N2[18, 1]";691,783298387734;60,2101303501824;0,347623349656203;0,360801719441844;579,717741027517;650,085220286198;690,180594174803;730,964770019807;816,656069317588
"Mu_N2[19, 1]";561,014787588893;46,2493622167914;0,26702081725713;0,265880829593983;474,892780741685;528,729983912394;559,791910023218;591,51943564981;654,989198044701
"Mu_N2[20, 1]";584,362825317256;46,0595924604918;0,265925181058294;0,265115315629888;497,885473834428;552,55099045441;583,360176885278;614,727088676778;677,357008955124
"Mu_N2[21, 1]";868,213326176986;74,720201964332;0,431397287180103;0,42865682161565;725,170349714283;817,14387535944;866,848880177552;917,731394026266;1018,20678276701
"Mu_N2[22, 1]";228,852728116253;30,4598337250248;0,175859932006143;0,175692698018146;173,639202210055;207,622255755168;227,569937863817;248,652652445463;291,994044341359
"Mu_N2[23, 1]";216,6100588936;27,5270891923312;0,158927723551993;0,158600565722034;166,781937555098;197,415308979006;215,346538507603;234,234828546465;274,226130041451
"Mu_N2[24, 1]";226,843517434524;32,4365250877302;0,187272364909771;0,18738585187231;167,613412969667;204,346462351706;225,375100829028;247,429018678371;294,915830582484
"Mu_N2[1, 2]";342,40906026799;38,488160501167;0,222211498259623;0,223332403386366;269,905777356335;316,008214183137;341,366228406275;367,331620292347;420,845167818775
"Mu_N2[2, 2]";482,147416350988;41,7690075580974;0,241153477574511;0,243183395823493;401,721295010979;454,026201828838;481,345778191074;510,006995148976;565,96642388905
"Mu_N2[3, 2]";170,717104829314;20,0450453248518;0,115730123142214;0,114852963939896;134,052001713076;156,828382939838;169,916657049987;183,49015848488;212,393531763124
"Mu_N2[4, 2]";165,539884354165;28,8147257889768;0,16636189690891;0,165247169113555;114,596489658957;145,39722984845;163,767307408586;183,566769313379;227,465735547856
"Mu_N2[5, 2]";274,392888190275;29,1419147941832;0,168250923511228;0,169997052236113;218,771402020848;254,268233722629;273,751176178913;293,748412569805;332,995622276505
"Mu_N2[6, 2]";398,09260969446;35,8257126843467;0,206839848622178;0,206172098968511;331,355493149466;373,225551716352;396,695828024737;421,514224575214;472,244490642065
"Mu_N2[7, 2]";134,578540074711;20,7528871270337;0,119816849692548;0,117958162986772;97,0025400362682;120,119304684045;133,533012010106;147,709369455547;178,433618737037
"Mu_N2[8, 2]";846,078239812533;60,6782509014283;0,350326044918953;0,351974032892207;728,541972347782;804,770899961322;845,685992574737;886,563929543573;964,995733326592
"Mu_N2[9, 2]";365,657242423902;28,2238673860023;0,162950574328807;0,162934768528936;311,859937167073;346,541349700165;365,143563596131;384,179406188058;422,852885527435
"Mu_N2[10, 2]";669,344259985883;49,2817454280266;0,284528289890058;0,287796484695326;575,892479943368;635,770234479704;667,882220071239;702,312781366073;767,869447041212
"Mu_N2[11, 2]";362,338311218829;36,754467999124;0,212202019932157;0,209856804912013;294,415288623806;336,921779684723;361,200511552257;386,418282970558;437,849900293919
"Mu_N2[12, 2]";229,987377666271;26,7376318400807;0,154369789403637;0,153682147627834;180,223772098504;211,594224759642;228,894187380125;247,330360086215;285,141006087844
"Mu_N2[13, 2]";218,517586217879;26,6385443797208;0,153797707684516;0,153212098803663;169,641702013244;199,981676738893;217,546708953981;235,832472904671;273,820617636005
"Mu_N2[14, 2]";511,09752364338;49,213684802777;0,284135341686967;0,284139933023288;417,417878668587;477,220840905112;510,052570654955;543,445911108248;610,724541910918
"Mu_N2[15, 2]";343,26406924429;30,6643218780097;0,177040544907862;0,175235338073254;284,918720341141;322,150133598226;342,677988273314;363,758304352859;404,79251573733
"Mu_N2[16, 2]";333,757652665694;42,882861050643;0,247584313712101;0,245018580234763;255,286748564938;304,153559080973;331,764357617395;361,544984261558;424,259381150167
"Mu_N2[17, 2]";472,578080594324;43,0495046730474;0,24854643111464;0,246952876941999;391,560113174334;442,81600814625;471,159880215698;501,027619404139;560,617648246224
"Mu_N2[18, 2]";557,420313788145;52,4373660784021;0,302747274209604;0,302749136728208;458,148490964183;521,496716457349;556,056884304323;591,853783078758;663,220429720805
"Mu_N2[19, 2]";448,155361487272;38,221000138413;0,220669047186095;0,218401692974582;376,096851158083;422,024630971322;446,953966968887;473,357725512305;525,079514572556
"Mu_N2[20, 2]";503,140384754643;44,7815386206741;0,258546333773718;0,25684944094304;418,956947858827;471,891754987186;501,933686504903;533,061532056059;593,193038393957
"Mu_N2[21, 2]";746,801079844434;57,4896517447632;0,331916659104569;0,331921997122657;635,918997698249;707,479451554993;746,350635162618;785,368717480231;860,777555550583
"Mu_N2[22, 2]";281,711299016148;33,3956768739539;0,192810030329471;0,191921328809248;220,326873180609;258,674610730635;280,431129255192;303,344859763611;350,506834943247
"Mu_N2[23, 2]";205,614828830576;24,0036401748284;0,138585081164681;0,138211553851544;161,751765441731;188,810957106435;204,676305034538;221,021554660757;255,835818949614
"Mu_N2[24, 2]";457,979595236322;43,5384692122094;0,251369469197734;0,250103951728889;377,315443829655;427,912251339619;456,26367452004;486,747543914944;548,095992378273
"Mu_N2m[1, 1]";255,74965953166;31,570562016631;0,182272724787697;0,182802965484692;197,674874723167;233,972183045229;255,115786026879;276,253382125096;321,481269453525
"Mu_N2m[2, 1]";338,778513288302;33,3681228458367;0,192650947073963;0,194336766816212;276,118777816753;315,480172246759;337,981051538964;361,008920218722;406,523811626015
"Mu_N2m[3, 1]";207,567058649303;20,1304078231056;0,11622296375567;0,116011363664781;170,581861331513;193,623453834966;206,820054159126;220,584064437966;249,030541625418
"Mu_N2m[4, 1]";243,231900790609;30,8120492455912;0,177893449262261;0,177884132298702;187,721940496161;221,943913409971;241,547108521451;262,737435672754;308,219312781032
"Mu_N2m[5, 1]";157,286819808041;22,3843013852704;0,129235824304076;0,130185099017744;115,92703227624;141,749941382546;156,445703785159;171,770847250749;203,59047623812
"Mu_N2m[6, 1]";378,72649459366;31,5989536436582;0,182436643922766;0,183770939825029;319,813275895744;356,86128484572;377,892130611252;399,548199385187;443,269075673914
"Mu_N2m[7, 1]";211,915661582795;20,0757395860494;0,115907336541864;0,115907193956298;174,50675924028;197,955756143752;211,183489171665;225,114181921981;253,186180514579
"Mu_N2m[8, 1]";661,312799681379;50,2015447176283;0,289838753564577;0,285735805468174;565,136191936544;626,995911079324;660,278038169953;694,768990567222;762,438489493735
"Mu_N2m[9, 1]";291,360589377026;23,4445232161318;0,135357017898561;0,135489290416183;246,552859660208;275,246887892714;290,892117430549;306,90562954552;338,813598407875
"Mu_N2m[10, 1]";534,283466372887;41,6292295973124;0,24034646914165;0,239990063917481;455,59386210669;505,329999567648;533,479469174308;562,142198268038;617,794213565992
"Mu_N2m[11, 1]";314,484320264769;29,46852352112;0,170136599875395;0,170841745827835;259,369198115909;294,275098458462;313,255442838865;333,806375903202;374,576521376427
"Mu_N2m[12, 1]";237,231826201978;22,2416203495678;0,128412054960364;0,125821156378008;196,187580793236;221,620968283268;236,415044937988;251,648896116052;283,391123521326
"Mu_N2m[13, 1]";183,334062673899;20,0939925127343;0,116012719863215;0,114802488444152;146,472096707232;169,296119420991;182,534383505648;196,213140470172;225,203412889174
"Mu_N2m[14, 1]";608,913840218442;42,7692098174032;0,246928148011053;0,247154285328691;527,804495768215;579,866219219716;608,426264933365;637,148994294335;695,532814490486
"Mu_N2m[15, 1]";238,135976538616;22,8446274733261;0,131893518212615;0,130921286126977;195,313810917698;222,488691338929;237,505441744338;253,282794723984;284,369196981743
"Mu_N2m[16, 1]";265,991028549825;30,3249229733283;0,175081024418058;0,173882062704246;210,515211774268;244,953566037216;264,520759596231;285,587192912289;328,990033357276
"Mu_N2m[17, 1]";368,858858560672;32,3739450601593;0,186911058952131;0,186514424618585;307,629506841685;346,649609622822;367,990534019736;389,902051032865;435,026902409781
"Mu_N2m[18, 1]";401,529508027194;37,7761028673782;0,218100431594158;0,218632123326093;331,435782279936;375,321127417724;400,174406168391;426,321940724887;479,037175263752
"Mu_N2m[19, 1]";353,065989786844;30,0831683546723;0,173685253476469;0,172429959986844;297,060245261503;332,188316308733;351,975065593048;372,777258269479;414,078287150529
"Mu_N2m[20, 1]";362,86916183786;31,4290813315138;0,181455885671321;0,179316974219823;303,786778400258;341,029644599593;362,240651894706;383,509402825714;427,069818843288
"Mu_N2m[21, 1]";570,5901508267;49,8888900985917;0,288033641279936;0,286530342977817;474,456310456877;536,607428189141;569,427738999139;603,80661471307;671,127366693495
"Mu_N2m[22, 1]";151,62258281057;20,6077689150293;0,118979009304898;0,11976540874854;114,290958877006;137,225678178419;150,728804551244;164,93183202721;194,654420183901
"Mu_N2m[23, 1]";136,834269533368;17,6074831706559;0,1016568514833;0,101315006757679;104,867309136057;124,626171928916;135,937184754355;148,149039854986;173,794979075755
"Mu_N2m[24, 1]";150,493644719528;22,0168992634551;0,127114627164767;0,127286141443225;110,473260139004;135,221969151156;149,564452764441;164,540682509268;196,477792282633
"Mu_N2m[1, 2]";324,509062953537;36,516757549101;0,210829598009058;0,211504931472924;255,939650066748;299,547828189346;323,641579470553;347,972217929791;398,941429219569
"Mu_N2m[2, 2]";457,109186747161;39,4785218222967;0,227929352013115;0,229822762977974;381,08573083239;430,446108632252;456,400113021656;483,304192726176;536,214156620941
"Mu_N2m[3, 2]";162,068353519022;19,0362009455599;0,109905557402668;0,109024862165566;127,299980575078;148,842563908402;161,286334451138;174,205846195502;201,574585375609
"Mu_N2m[4, 2]";157,110106202478;27,3707993310229;0,158025383617013;0,156965746369223;108,841049563751;137,965845171944;155,41614703106;174,211008521158;215,812408435313
"Mu_N2m[5, 2]";257,474760064573;27,3132173181622;0,157692933710757;0,159378980025814;205,402498792671;238,583356236206;256,893727854696;275,617032736656;312,357136068407
"Mu_N2m[6, 2]";376,584549953035;33,9452209880578;0,195982824751565;0,195342729692885;313,473175561401;353,089754682851;375,451280925615;398,773249100028;446,427100080903
"Mu_N2m[7, 2]";126,87628078685;19,5686433297107;0,112979614940842;0,111566722712085;91,6762262058426;113,243712509527;125,876728407797;139,24289125287;168,436456137821
"Mu_N2m[8, 2]";806,43557747108;57,6725626795316;0,332972695878831;0,334571482365326;694,503072756062;767,182934991695;806,156811995088;845,048118305148;920,040416346414
"Mu_N2m[9, 2]";346,095822002407;26,5972846172736;0,15355949433496;0,153218938418441;295,348699828401;328,100764197235;345,546319400406;363,53408054196;400,037959849647
"Mu_N2m[10, 2]";637,756548501027;46,9918264511817;0,271307436513019;0,274405403586877;548,330330943763;605,97427463133;636,563310463197;669,109356938365;732,087807046939
"Mu_N2m[11, 2]";339,908831805376;34,4307394472523;0,19878596688269;0,196581193996587;276,230553835963;316,063107597715;338,921563717236;362,335356143967;410,566686110326
"Mu_N2m[12, 2]";211,42661592237;24,6146932740827;0,142112997878117;0,141489181033792;165,571396367239;194,547021762896;210,39977776305;227,474159949246;262,457623953943
"Mu_N2m[13, 2]";200,11908305254;24,434997386008;0,141075523184595;0,140556980995272;155,44482991986;183,05966469374;199,140941377344;216,031059657647;251,047187452494
"Mu_N2m[14, 2]";478,349020761916;45,9434773492914;0,265254790151209;0,265257434190277;390,897595099789;446,534783653644;477,382925525122;508,615782377182;571,369840497255
"Mu_N2m[15, 2]";307,483467340683;27,2487922123287;0,157320975188802;0,156032282605123;255,553371102543;288,860125677313;306,856994519823;325,762145060355;362,070324007841
"Mu_N2m[16, 2]";306,649724291748;39,5417974466711;0,228294674000772;0,227257113776792;234,544490516855;279,359313690326;304,873777884873;332,207214727772;389,660397004838
"Mu_N2m[17, 2]";429,961405450791;39,2511933487826;0,226616870459337;0,225188441593404;356,170359734372;402,819061012747;428,680012844651;455,851941974944;509,948388566129
"Mu_N2m[18, 2]";500,675087897622;47,2772974660116;0,272955604185598;0,27295970336683;411,047870722524;468,209240102732;499,426304786179;531,519913045569;595,736307320649
"Mu_N2m[19, 2]";411,047919100676;35,2265092373709;0,203380345908069;0,201267392153291;344,524552194393;387,167884370328;410,074475126878;434,29742185097;482,679701217683
"Mu_N2m[20, 2]";460,087115552608;40,9309631742032;0,236315026068169;0,234690953583494;383,048800136168;431,680297447904;459,08810562933;487,727706888883;541,883231892657
"Mu_N2m[21, 2]";691,474889473338;53,3624187504328;0,308088068301719;0,308088102659596;587,856316237237;654,937561237341;691,29312451737;727,425939565469;796,990575330723
"Mu_N2m[22, 2]";261,313844223373;31,0143432841234;0,179061394438281;0,178291841701268;204,381964720272;239,822636667547;260,053691130475;281,288998490109;324,977608009729
"Mu_N2m[23, 2]";188,445029726909;21,9837465920389;0,126923220127102;0,126594361389415;148,017874416666;173,066465182731;187,669448881712;202,621041047888;234,635176258817
"Mu_N2m[24, 2]";424,442511279736;40,4515957989155;0,233547397236538;0,232452373952721;349,13996981225;396,582846900019;422,759976000811;450,898856628626;508,224665206582
"Mu_N2nm[1, 1]";79,8056296848034;11,109040966909;0,0641380779268348;0,0642717882025975;59,7661478903182;72,0163481966061;79,1882428574028;86,9870844036308;103,252618781162
"Mu_N2nm[2, 1]";118,851096778736;12,9472474386602;0,0747509679397517;0,0752954209245927;95,062601722348;109,846218184378;118,307135359172;127,206761044078;145,710926072291
"Mu_N2nm[3, 1]";72,3718826036639;7,96575096634892;0,0459902846471907;0,0462326553037668;57,9357329772895;66,7820405187505;71,9567797594381;77,5442900623567;89,1865072338718
"Mu_N2nm[4, 1]";78,7363125380204;10,6867641618634;0,0617000616561789;0,0622577147121828;59,709451227301;71,1363246406839;78,083144182604;85,556675930113;101,642533762875
"Mu_N2nm[5, 1]";62,6428332618206;9,5961702683985;0,0554035148764936;0,0554069467602331;45,2955095060798;55,9368427950406;62,1332344776151;68,7713940448238;82,7465921094529
"Mu_N2nm[6, 1]";137,008114155394;13,1002304155648;0,0756342155687246;0,0755382800213054;112,977875122135;127,926039029412;136,447771016389;145,477543757466;164,241387671875
"Mu_N2nm[7, 1]";79,9598245842236;7,92235473496282;0,0457397363884649;0,0461241718567539;65,3524113588998;74,4455369074722;79,6240513408365;85,1017048358322;96,314314415314
"Mu_N2nm[8, 1]";216,095256550837;17,8791929134166;0,103225568414543;0,102864623942709;182,74960199538;203,622561134891;215,444969971149;227,894877060731;252,343344811898
"Mu_N2nm[9, 1]";106,316043100837;10,1371256884003;0,0585267224500698;0,0585192471681965;87,5320894512469;99,2573143415978;105,939393085024;112,979773198264;127,216486051307
"Mu_N2nm[10, 1]";170,126709490232;15,9222588484329;0,0919272043224966;0,0908957204753208;140,641067947174;159,118309617841;169,525974991741;180,485731056915;203,231814511994
"Mu_N2nm[11, 1]";133,497458596484;13,858027891846;0,0800093613379463;0,0808670239375175;108,152711522413;123,891493209063;132,780721441378;142,435249017029;162,676192594548
"Mu_N2nm[12, 1]";133,282546048555;13,3477507953416;0,0770632751476651;0,076234096379034;109,302409349488;123,975759961462;132,553182833581;141,906678156675;161,248255721336
"Mu_N2nm[13, 1]";106,4424253583;12,2381346305964;0,0706569032335372;0,0706479646233777;84,0657246452769;97,9757185834997;105,793917867949;114,327532076406;131,975553221026
"Mu_N2nm[14, 1]";275,57895920282;20,5035513460394;0,118377308889792;0,118517454625079;237,104891480852;261,562194480959;274,935012397229;289,174403740225;317,44815791078
"Mu_N2nm[15, 1]";178,333223093092;18,7839830238271;0,1084493765526;0,10699560349545;143,900175475846;165,243563975355;177,427265169;190,4014159275;217,831557046653
"Mu_N2nm[16, 1]";150,951934167646;17,5998108455099;0,101612555293416;0,101549975727903;119,052735822671;138,665264396836;149,99303036976;162,210275309968;188,093640339343
"Mu_N2nm[17, 1]";235,161762841569;20,9063069204976;0,120702619283102;0,121227780858447;196,276209306755;220,645961143485;234,483951439703;248,666825570857;278,572801694367
"Mu_N2nm[18, 1]";289,57786335678;27,5952734382779;0,15932138547951;0,163122056222224;238,738743131887;270,404662525944;288,557886260914;307,314676871801;347,288425305986
"Mu_N2nm[19, 1]";207,870158328059;19,6478341165725;0,113436823161962;0,112830609771151;172,10948880567;194,262344539643;206,923546216945;220,556695743375;249,116366093902
"Mu_N2nm[20, 1]";221,408490406264;18,3165259454131;0,10575051185203;0,107313432260941;187,234575146397;208,667550127106;220,859038725787;233,415281500067;258,734477259165
"Mu_N2nm[21, 1]";297,537051763378;29,359064999651;0,169504640807042;0,167095951406403;242,933504772123;277,124864195848;296,548633236177;316,691050889224;357,794097304574
"Mu_N2nm[22, 1]";77,211075469119;10,6830445137614;0,0616785862578489;0,0614089378386417;57,7279710733183;69,7345134567215;76,6591855925947;84,1176819519639;99,4371550188002
"Mu_N2nm[23, 1]";79,6787118656533;11,0356110549349;0,0637141301323867;0,0640550405376649;60,0966029576393;71,8563868181962;79,0031683805116;86,7342511350462;103,257067361864
"Mu_N2nm[24, 1]";76,2876570392214;11,3577669249758;0,0655740979152783;0,0655494987217157;55,740745886793;68,3952023917453;75,6152023889322;83,5947473488259;100,294719719137
"Mu_N2nm[1, 2]";15,8495092692662;2,7737771644441;0,0160144099256384;0,0162591373591644;10,9529091367161;13,8908427337616;15,6510000413253;17,6020285365482;21,7851386283704
"Mu_N2nm[2, 2]";24,6431139532793;3,79357703035668;0,0219022271966801;0,0219013031008136;17,8846109090319;21,9625603014677;24,3981062512699;27,0446440348342;32,7333242719344
"Mu_N2nm[3, 2]";8,58454693634998;1,46327888749234;0,008448244595932;0,00849670692254737;6,04790982257673;7,56218555434012;8,48771304110167;9,49780242192353;11,8004206432426
"Mu_N2nm[4, 2]";7,90334470302459;1,72462033866968;0,00995710016780846;0,0100419145041071;4,98045733715628;6,6646577190743;7,75089193231867;8,96053849687819;11,6658095803579
"Mu_N2nm[5, 2]";16,2813170158021;2,7512340140399;0,0158842569860959;0,0159251921860205;11,4130031953847;14,3455292116177;16,1013748397498;18,0060603236117;22,1697658665899
"Mu_N2nm[6, 2]";21,0751701964423;3,21423276412468;0,018557381516055;0,0189744469573332;15,348847803203;18,8405955811922;20,8733098455002;23,1104817030045;27,9905696173415
"Mu_N2nm[7, 2]";7,50021425871962;1,47897934390974;0,00853889122332182;0,00865106669185911;4,92749478056271;6,44917118677671;7,39492892991191;8,41586570867913;10,6840273184453
"Mu_N2nm[8, 2]";39,4984944944465;5,69723032291256;0,0328929746056887;0,0328931954218299;29,2035253582375;35,5073862774429;39,2054885348311;43,1327241566426;51,4007149394171
"Mu_N2nm[9, 2]";19,3684840695722;2,91315177087887;0,0168190895910715;0,01676351356765;14,1615359473621;17,3332493892283;19,192379435389;21,2158746824935;25,5212270671416
"Mu_N2nm[10, 2]";30,89887912721;4,55019790171329;0,0262705798342024;0,0263869352888546;22,7602165876101;27,7398387673658;30,6363298479498;33,7855109311277;40,5558583000466
"Mu_N2nm[11, 2]";22,3148507696288;3,55338736428462;0,0205154915130474;0,0204148134968315;16,0232514321542;19,8181252958559;22,0933768221695;24,5616281651035;29,8414989445825
"Mu_N2nm[12, 2]";18,4745841243654;3,01075994456101;0,0173826306445764;0,0172976223158851;13,1899625257708;16,3527772883872;18,286299864832;20,3959955524131;24,888972651239
"Mu_N2nm[13, 2]";18,2400635321158;3,05434010060289;0,0176342407927975;0,0177359757818993;12,8825580052467;16,0933132182112;18,0019752698034;20,1535126237287;24,8230272747009
"Mu_N2nm[14, 2]";32,7371181170445;4,97437049543081;0,0287195414458591;0,0287192718031028;23,9011483403437;29,2538759521316;32,4334409211627;35,8694652709116;43,3283129126489
"Mu_N2nm[15, 2]";35,5415980309754;5,29740107299744;0,0305845593550049;0,0304395793603802;26,1607751998572;31,8085585896298;35,1944742353484;38,8899748516175;46,8993297488075
"Mu_N2nm[16, 2]";26,9974953458074;4,55827273645991;0,0263171999143486;0,0262011389766328;18,9871450676789;23,7903076331341;26,6608274408899;29,8265053069768;36,7996162177725
"Mu_N2nm[17, 2]";42,4197857572828;6,11396007136805;0,0352989649301897;0,0350134245250244;31,5446133587469;38,1346486011203;42,032511624119;46,2666193007681;55,380078622215
"Mu_N2nm[18, 2]";56,2000470774733;8,14503472524715;0,0470253799118029;0,0469532329836448;41,6607697302568;50,4949880958224;55,7005982548052;61,3636063103844;73,5198478450897
"Mu_N2nm[19, 2]";37,0446948061791;5,1160805793166;0,0295377049966426;0,0295829261719815;27,8483804721062;33,460754316891;36,7517183635342;40,2848980331601;47,9276582439914
"Mu_N2nm[20, 2]";42,9796197397985;6,1008260709648;0,0352231357435061;0,0346344269034171;32,0829799527347;38,6884566656803;42,6278991923364;46,8352595997035;56,0840462262677
"Mu_N2nm[21, 2]";55,2521335907347;7,44567844051349;0,0429876445192985;0,0426994998226382;41,6719103169736;50,0634199850796;54,8572782610574;60,0216396095292;71,0271543135761
"Mu_N2nm[22, 2]";20,3739694028391;3,31953802949572;0,0191653617491455;0,019074335797075;14,4982864784399;18,0220519050898;20,1481720221157;22,4834171628262;27,458973313444
"Mu_N2nm[23, 2]";17,0777690882125;2,85014893620522;0,0164553425554861;0,0163756997116677;12,0775126001549;15,0544283322054;16,8680486904614;18,847882549856;23,2450913163339
"Mu_N2nm[24, 2]";33,4112794274117;4,96221276732034;0,028649348769886;0,0290554251356164;24,5632301081755;29,9507479663114;33,1237160464264;36,5237983499349;44,0636015832455
"Mu_N3[1]";442,957610155298;29,2801581863651;0,169049072108127;0,169056033823645;388,04712940756;422,895914381925;442,101635906049;462,190429368956;502,777868779809
"Mu_N3[2]";607,564350001993;27,7319342741184;0,160110397183113;0,16011801313211;554,919054887111;588,619833275914;607,030819760272;625,783054140155;663,339537248637
"Mu_N3[3]";282,17209403005;21,8651457203203;0,126238477674973;0,125668341105775;241,958741498994;266,979562098523;281,297848783594;296,205918565842;327,510775500092
"Mu_N3[4]";305,612878860183;33,4159385813537;0,192927011351685;0,192154332005598;245,126288082842;282,501756304556;303,60232709543;326,956772168873;376,484069819337
"Mu_N3[5]";316,62048511351;19,3175625851675;0,111529999586339;0,108518295380033;280,574164084796;303,120378747981;316,112255032309;329,365472683096;356,280219545423
"Mu_N3[6]";576,588963253097;34,3408237710088;0,198266838483854;0,195562671026689;512,7518618076;552,810190756943;575,541714015768;599,19635202907;647,224809289076
"Mu_N3[7]";258,62682165154;19,8118590258748;0,114383821417357;0,114819531333666;222,178130129589;244,867052816107;257,725544423576;271,535048530573;299,706596561023
"Mu_N3[8]";1120,44901396438;39,0755030636024;0,225602522124909;0,224671404415074;1045,49604235164;1093,69544822603;1119,78666697146;1146,62793631503;1198,08645968053
"Mu_N3[9]";486,621152980616;21,1084865863555;0,121869904128179;0,12357531782482;446,459268798497;472,16333303865;486,239375577593;500,669861498274;528,861144773674
"Mu_N3[10]";894,711313897006;37,1509563396341;0,214491146433398;0,214338465631616;824,280766102308;869,347130748772;893,999007153538;919,224412985859;970,221621836112
"Mu_N3[11]";499,550313524807;29,5684936184653;0,170713777501527;0,16625421525355;444,765640758181;479,135646286962;498,737176580631;518,918189527394;560,135835125962
"Mu_N3[12]";342,496654678845;24,0948428186928;0,13911163987454;0,137673236483443;297,827073612302;325,670365860473;341,521464455878;358,464056985884;391,910403481118
"Mu_N3[13]";292,720268486525;22,8576327117314;0,131968603991557;0,133657222411029;250,344494919894;276,780079242264;291,933869864831;307,60634606375;339,748296349142
"Mu_N3[14]";829,994173026425;34,1329691023646;0,197066788994914;0,19706777454196;765,120790374484;806,801141090209;829,347214425239;852,360185877959;899,429644412317
"Mu_N3[15]";416,514695168934;21,5627424396427;0,124492551519943;0,12559096138978;375,919817611677;401,654335627414;416,036824580188;430,506700814218;460,494599212942
"Mu_N3[16]";437,142208340875;37,0693518199685;0,214020002519438;0,214015775706082;368,622320268221;411,550313535125;435,629175271414;461,479927028074;513,957372172497
"Mu_N3[17]";609,803009207102;33,1284260392954;0,191267056916158;0,191268474989398;547,034198507961;587,087272637196;608,705535381439;631,491109159213;677,106991625375
"Mu_N3[18]";688,724488225471;38,0861446218471;0,219890458498184;0,219550338789124;617,401554494264;662,347581635272;687,772040771175;713,982948739236;766,218233724687
"Mu_N3[19]";583,308889382311;30,531970307644;0,176276412760079;0,170130475380865;525,372949364572;562,317992804203;582,713143235104;603,480551553798;644,897327235182
"Mu_N3[20]";628,227946895674;31,0477040792895;0,179254003078976;0,177733924377289;569,737271210706;606,498403474956;627,635437509706;648,977792540418;690,744086229494
"Mu_N3[21]";963,434572284463;29,9073286451695;0,172670042440312;0,171285631520649;905,757186017732;943,152267993344;963,104967772192;983,298594069379;1023,72364659355
"Mu_N3[22]";315,227200862438;25,62948664871;0,147971910158246;0,146805220402771;268,330511118227;297,547072798316;314,065276223581;331,743487203231;369,509791402372
"Mu_N3[23]";248,311546987556;21,793547254036;0,125825103737145;0,127033959206993;208,12847531758;233,265168089779;247,3148558418;262,29367586794;293,901962519275
"Mu_N3[24]";438,894472042692;33,490385993727;0,193356833687427;0,193651601334645;376,707384827574;415,588823646208;437,524167351536;460,727814293118;507,784381227961
"Mu_N4[1]";57,4404880325917;6,88703923752387;0,0397623395770392;0,0398250414748469;44,8771354276383;52,6750982747012;57,110391164327;61,8386601563562;71,9509622142338
"Mu_N4[2]";86,1676391297309;7,77311804135173;0,0448781179361716;0,0451945577384657;71,964425463119;80,7813976780621;85,8620166798526;91,1366544910123;102,183399666751
"Mu_N4[3]";48,6139780152051;4,98711715552889;0,028793134322248;0,0287925044391383;39,5314931776463;45,1265527372529;48,3681005199932;51,8459354185856;59,1194323000023
"Mu_N4[4]";52,0267311230577;6,68671965768107;0,0386057939435773;0,0390997525219451;40,1545363434449;47,3217549871381;51,6382869177404;56,3157408881221;66,3410359569161
"Mu_N4[5]";47,3936033032273;5,80996114212325;0,0335438262938612;0,0334047061779696;36,9717324793667;43,327361174431;47,0872108717806;51,1183156623522;59,6228528208489
"Mu_N4[6]";94,9283133374003;8,3694035534589;0,0483207739454611;0,0483719894666001;79,5067730651875;89,149167590818;94,6284668125001;100,328059401093;112,335444029199
"Mu_N4[7]";52,5193666479365;4,79207925389514;0,0276670824721438;0,0278104188148727;43,7002688035693;49,2016408182323;52,3144802527325;55,6383493817537;62,439944442164
"Mu_N4[8]";153,482917474736;10,9411213299713;0,0631685934509531;0,0632227327593642;132,958451102593;145,952029164489;153,12983105185;160,71423372407;175,648876379412
"Mu_N4[9]";75,4730028909408;6,31484132821145;0,0364587534073265;0,0366735835046658;63,8459360085083;71,0677333579052;75,2404977476303;79,6204490536344;88,5569800886099
"Mu_N4[10]";120,714977192907;10,07919544963;0,0581922620605871;0,0576335873277738;101,894158192165;113,726385406636;120,398760149044;127,355091196639;141,525546094279
"Mu_N4[11]";93,56460289888;8,45983555569997;0,0488428833538334;0,0497650476262854;78,0277983247583;87,7257678398196;93,1646059162998;98,9858705371058;111,347934039798
"Mu_N4[12]";91,1294857220765;8,21627568577231;0,0474366897891682;0,0471788063063403;76,3133260412698;85,4288689797201;90,6911400953026;96,4316010829527;108,381567185841
"Mu_N4[13]";74,8712833340043;7,57131606984;0,0437130137104187;0,0435576854981522;60,9747498944606;69,5966310261302;74,5003786005242;79,7336831247173;90,6388273897666
"Mu_N4[14]";185,14244130732;12,0320484821878;0,0694670643009376;0,0691385489882676;162,556578627182;176,878756430337;184,690305441294;193,098650986029;209,619714980473
"Mu_N4[15]";128,430884504267;11,5330555863488;0,0665861274735741;0,0657851089904028;107,525740296301;120,289805843545;127,881034931722;135,819862815905;152,627748770015
"Mu_N4[16]";106,857845674994;10,8987479689171;0,062923950736842;0,0626518766470292;87,1449662754508;99,2557297818173;106,264025104731;113,917663747684;129,9198076389
"Mu_N4[17]";166,686492693472;12,8632304460264;0,074265895606615;0,0743350895059721;142,830548405961;157,753020861657;166,211082098413;175,091107053818;193,293701753932
"Mu_N4[18]";207,638106466713;16,9731302032652;0,0979944129184573;0,0999100870958332;176,308888545997;195,902396370215;207,044280038514;218,628479611803;242,93220433203
"Mu_N4[19]";147,070286492566;12,1414538246872;0,0700987163403658;0,0699371981266934;124,900468594316;138,61389613155;146,543258534226;154,959945675069;172,378969114752
"Mu_N4[20]";158,763891233241;10,9195725371996;0,0630441814378781;0,0645899908546234;138,520024653149;151,236807020327;158,408765630477;165,851821547827;181,18823104347
"Mu_N4[21]";211,848346057926;17,2974929359134;0,0998671220285527;0,097322228918079;179,649460271047;199,870396688849;211,210951868942;223,286922018727;247,324997783551
"Mu_N4[22]";58,5993880038075;6,48760242682819;0,0374561900752453;0,037449408698309;46,8370088839011;54,0773198241015;58,2801439844842;62,7956387712484;72,1818597133769
"Mu_N4[23]";58,1018390342297;7,04473532420912;0,040672798358018;0,0408598009649964;45,5344312865737;53,1290589425425;57,7182469838423;62,5639047657164;73,1137757156688
"Mu_N4[24]";65,8737263486208;7,40553050004161;0,0427558502769101;0,0426619985651218;52,3561900691292;60,7522581457995;65,4504243807349;70,6459547597403;81,356863069779
"Mu_Sd_L1";0,201458790505953;0,00547642634685797;3,16181622555561e-05;3,17342506272039e-05;0,191116494484826;0,197813624767289;0,201288784811986;0,204945365763187;0,212835730223283
"Mu_Sd_L1surv";0,198139594889338;0,00311168280139417;1,79653090301765e-05;1,78800044363522e-05;0,192171976676403;0,196002897640597;0,198106021780044;0,20022771386908;0,204370329826443
"Mu_Sd_L2";0,287659337313022;0,00864902591753724;4,99351744171818e-05;4,92865146909683e-05;0,271643413691568;0,281843126533109;0,287285986704539;0,293066092752641;0,305617674851103
"Mu_Sd_L2m";0,280028837212983;0,00411720146974981;2,37706737686797e-05;2,36342735281744e-05;0,27199352266582;0,27725494214543;0,280002751085339;0,282760647420218;0,288219664024099
"Mu_Sd_L2nm";0,276596930609895;0,0041993391480697;2,42448958755658e-05;2,40840712794481e-05;0,268437093048977;0,273747619187122;0,276537715690704;0,279396304702353;0,284897163652638
"Sd_Alpha1";0,542248116864794;0,0903444839853115;0,000521604121487175;0,000517936252696413;0,396257954771804;0,478257715838428;0,531739239020335;0,594601585884809;0,748602944041563
"Sd_L1[1]";0,205172544047065;0,0132410554918337;7,64472695256495e-05;7,61610322808013e-05;0,181072277201346;0,196134154308031;0,204444343247141;0,213429507552566;0,233117502770538
"Sd_L1[2]";0,221893968975947;0,0139218923730967;8,03780830923638e-05;8,09799254183931e-05;0,197407389078499;0,212032461263147;0,220877660271357;0,230643103110553;0,251771939619545
"Sd_L1[3]";0,209196476825057;0,012721761539109;7,3449124491708e-05;7,29884593489885e-05;0,186206052013322;0,200450032349781;0,208459496397668;0,217117351490213;0,236403192338489
"Sd_L1[4]";0,200277326536375;0,0127162535619235;7,3417324170601e-05;7,35117245782453e-05;0,177064015164894;0,19157870249002;0,199681235954379;0,208286140098705;0,22705042930267
"Sd_L1[5]";0,212054071196104;0,013587105060481;7,84451876417644e-05;7,81479331282993e-05;0,187780456601206;0,202653964005325;0,211189693586387;0,220538246148646;0,240982938725786
"Sd_L1[6]";0,222954501596153;0,0137110901445161;7,91610158581959e-05;7,94087266373903e-05;0,198805640002239;0,213339570688613;0,222026074399205;0,23147121692087;0,252688123430168
"Sd_L1[7]";0,191061987841662;0,0122982846953636;7,10041797943881e-05;7,13025496771664e-05;0,167997346262422;0,182644293193408;0,190658147159412;0,198979379066649;0,216534391291393
"Sd_L1[8]";0,193384534785615;0,0122479315576922;7,07134658184972e-05;7,07087311880623e-05;0,170462434911887;0,184979901973845;0,192951421606988;0,201310001489275;0,218814095619154
"Sd_L1[9]";0,21096795093829;0,0128358244154346;7,41076668152196e-05;7,53786902383987e-05;0,187851421242492;0,202032877898301;0,210191677199171;0,218963695453232;0,238237802621775
"Sd_L1[10]";0,2276327259463;0,0145594511685684;8,40590305142616e-05;8,40599919592436e-05;0,202299213810284;0,2174496555316;0,226534962424036;0,236624871220519;0,259595320035032
"Sd_L1[11]";0,216349533464643;0,0130284207353353;7,52196221866154e-05;7,53977893245531e-05;0,193071616387044;0,207303264264241;0,215568783244923;0,224577512737734;0,244250915321645
"Sd_L1[12]";0,203246584834321;0,0123726963240175;7,14337955327302e-05;7,26629108350856e-05;0,18075262815276;0,19470106737155;0,202527523742315;0,211159173866702;0,229213939789401
"Sd_L1[13]";0,218060266565205;0,0134783467150327;7,78172710415521e-05;7,78214525772909e-05;0,194020159773037;0,208628865223145;0,217230057578244;0,2264968674932;0,246722957048151
"Sd_L1[14]";0,178678206008574;0,0117428565911796;6,77974141397271e-05;6,77616324376813e-05;0,156499635374028;0,170567495101223;0,178448643163097;0,186459009500267;0,202671523706035
"Sd_L1[15]";0,188607516245343;0,0114934221407698;6,63573036688343e-05;6,69335284701586e-05;0,167106696542016;0,180707388166661;0,188263448018396;0,196107671953488;0,212186568764262
"Sd_L1[16]";0,224422730362913;0,0138659661316711;8,00551927869457e-05;7,90971105775884e-05;0,199780500451466;0,214802143893476;0,223432227512144;0,233063660941888;0,254122690511215
"Sd_L1[17]";0,188314588309289;0,0117364181175889;6,77602415951195e-05;6,73099632943439e-05;0,166196439249142;0,180233901061218;0,188005572844213;0,196005130286641;0,212336470549952
"Sd_L1[18]";0,169869842438472;0,011922801977523;6,88363293121751e-05;6,91958061853983e-05;0,147802046312144;0,161495815918341;0,169489024637892;0,177804303908109;0,1942085649047
"Sd_L1[19]";0,19335824951553;0,0119320422107513;6,88896778235925e-05;6,88233242221804e-05;0,171232379903177;0,185208507339186;0,19300260786269;0,201192916869905;0,217633412140947
"Sd_L1[20]";0,179409169583032;0,0115026151855299;6,64103797375039e-05;6,82881357610262e-05;0,157791823403638;0,171451705536458;0,17914352593314;0,186886767842833;0,202909802521705
"Sd_L1[21]";0,19297430736225;0,0116671367686449;6,73602455404931e-05;6,73600965159242e-05;0,17133129875866;0,184942013966085;0,192478579248009;0,200651638769093;0,216947619689446
"Sd_L1[22]";0,194462100738245;0,0118485032847227;6,8407365609288e-05;6,69106944619459e-05;0,172637093915029;0,18630584536477;0,193989375249614;0,202127982314137;0,219360382815681
"Sd_L1[23]";0,191777584754369;0,0124389250420736;7,18161672147075e-05;7,21996178170426e-05;0,168802019115803;0,183262615868474;0,191388808325574;0,199806070577256;0,217374193288425
"Sd_L1[24]";0,190134395728062;0,0126377167370274;7,296389160065e-05;7,20399064903046e-05;0,16644741056037;0,181396537432607;0,189731053519205;0,198321730455535;0,215984891449666
"Sd_L1surv[1]";0,200493280188017;0,0121296648130474;7,00306524499285e-05;6,97759155279047e-05;0,178033134677933;0,192198379899596;0,200003575279341;0,208240763383167;0,225663321282487
"Sd_L1surv[2]";0,218085779057793;0,0126190172932659;7,28559303117562e-05;7,34053326070466e-05;0,195217978425134;0,209180450542991;0,217402127852637;0,22620328060682;0,244545425380074
"Sd_L1surv[3]";0,206517530343821;0,0119380951238387;6,89246243335965e-05;6,84422247176724e-05;0,184650224899388;0,198327505626556;0,205952108072887;0,214149270532248;0,231504305401303
"Sd_L1surv[4]";0,196931432665006;0,0119121349444112;6,87747431677897e-05;6,88632080665699e-05;0,174925105148817;0,188738972896346;0,196481117010362;0,204549135185683;0,221578339037347
"Sd_L1surv[5]";0,208126180459788;0,0125123824587367;7,2240273807552e-05;7,19690479431461e-05;0,185366509674605;0,19946316934745;0,207449475327628;0,216017179685936;0,234279529926273
"Sd_L1surv[6]";0,219536849591746;0,0125443358097889;7,24247565658671e-05;7,2620684087177e-05;0,196994898163231;0,210753051743577;0,21885182465301;0,227516370293288;0,246064769027157
"Sd_L1surv[7]";0,187267090706549;0,0115229523608594;6,65277964740138e-05;6,68215453240139e-05;0,165470332655149;0,179391878517454;0,186961711282367;0,194749386860221;0,210858604461513
"Sd_L1surv[8]";0,190496283697764;0,0115873196870369;6,68994214049698e-05;6,71392486773001e-05;0,16856743759206;0,182577229168583;0,190156449922217;0,198112424600568;0,214315858439796
"Sd_L1surv[9]";0,208041062894453;0,0119943467821423;6,92493934342358e-05;6,99315425179332e-05;0,186042603592916;0,199706294536276;0,207414094695852;0,215668637189112;0,233253238324501
"Sd_L1surv[10]";0,222667094590146;0,0129252114880353;7,46237433195003e-05;7,46248882195864e-05;0,199523773486761;0,213639663665071;0,221907349879388;0,230912402612345;0,250026700656453
"Sd_L1surv[11]";0,212753021055165;0,0120137189752555;6,93612388433229e-05;6,95573047794159e-05;0,190812818963251;0,204440108540161;0,212197275938393;0,220537553299084;0,238005187461005
"Sd_L1surv[12]";0,201088175013685;0,0117631586155821;6,79146279322659e-05;6,84585407269738e-05;0,179459922042473;0,19292354591178;0,200501688472139;0,208734550204444;0,225598585302275
"Sd_L1surv[13]";0,215641641632069;0,0125429990051828;7,24170385208749e-05;7,24208040093716e-05;0,192805781125301;0,206899901443457;0,215016234514016;0,223719791248289;0,241913453727069
"Sd_L1surv[14]";0,177105395155926;0,011405896128878;6,58519720035661e-05;6,5832144334068e-05;0,155458528732064;0,169245727013826;0,176931971210445;0,184692421943812;0,200316813372689
"Sd_L1surv[15]";0,186924253261933;0,011056228025834;6,38331622693714e-05;6,43837858712868e-05;0,166032962176759;0,179348569052347;0,186633775304849;0,194188898857146;0,20945959352503
"Sd_L1surv[16]";0,220723355087796;0,0125933839329262;7,27079360368327e-05;7,18099457783696e-05;0,197730782993332;0,21206082177388;0,220016256939886;0,228762287930232;0,246971678804562
"Sd_L1surv[17]";0,185931732816379;0,0111662995852367;6,4468660713884e-05;6,40244288818895e-05;0,164691069381883;0,178228656232536;0,185692058104934;0,193333835108622;0,208590763749156
"Sd_L1surv[18]";0,168096866008261;0,0115025709257419;6,64101242034985e-05;6,67504423785234e-05;0,14665958723455;0,160040677035981;0,167785581762481;0,175782177402082;0,19139555745062
"Sd_L1surv[19]";0,19135114111395;0,0114588888902204;6,61579258538277e-05;6,60629629824139e-05;0,16991019131558;0,183521277009425;0,191083538095188;0,198947400791632;0,21443892646212
"Sd_L1surv[20]";0,177212014846903;0,0110513085556562;6,38047596950575e-05;6,56292862773984e-05;0,156359851340335;0,169584619436286;0,177010969816014;0,184425106666399;0,199623233490469
"Sd_L1surv[21]";0,190117487988149;0,0110580880185822;6,38439009425101e-05;6,38430786391196e-05;0,169402722023282;0,18252071204826;0,189745991576157;0,197482497037605;0,212593079446275
"Sd_L1surv[22]";0,192606146516619;0,0113819298441734;6,57136025943093e-05;6,4307594712703e-05;0,171432035905362;0,184791222042737;0,192243824511192;0,20001707174992;0,21614577111598
"Sd_L1surv[23]";0,189891409092062;0,0119230851297293;6,88379640922001e-05;6,91860817041844e-05;0,167750122994876;0,181705339859344;0,189575620239561;0,1976894442833;0,214193970129054
"Sd_L1surv[24]";0,187745053560121;0,0120509819469175;6,95763767105216e-05;6,87066797698606e-05;0,164968924204608;0,179427428196574;0,187448322488554;0,19563559494633;0,212059877054239
"Sd_L2[1]";0,3460679124987;0,0238210020967962;0,00013753061972952;0,000138725831700856;0,304253778426834;0,329420887571091;0,344351331782388;0,360952634207103;0,397525617041961
"Sd_L2[2]";0,299874343606418;0,0183675931875873;0,000106045348712191;0,000106889296563442;0,266499956686089;0,287206168127008;0,298867610968393;0,311706759158466;0,338459378334971
"Sd_L2[3]";0,280355825073459;0,0170640673087622;9,85194385418375e-05;0,000100004554037809;0,249205378634775;0,268514456504054;0,279381350392449;0,291362331681461;0,316123637769105
"Sd_L2[4]";0,327872483562731;0,0223939193388978;0,000129291353585234;0,000129205578811169;0,288207196402742;0,312225515786217;0,326525574399543;0,341787045685301;0,376633515829122
"Sd_L2[5]";0,344029385956171;0,0246040063857367;0,000142051297099483;0,000141372410822809;0,301191920657494;0,32678977992023;0,341971077153994;0,359256618896787;0,397607776321043
"Sd_L2[6]";0,31026050385231;0,0198997539440453;0,000114891282964019;0,000114709736469918;0,274518328846965;0,296308761167059;0,308967932010437;0,322926467745414;0,351946271798192
"Sd_L2[7]";0,326614073161561;0,0200835193396798;0,000115952252970392;0,000116554977188904;0,290659184865786;0,312605075168182;0,325383238957206;0,339161880674797;0,370086059348878
"Sd_L2[8]";0,256012522529928;0,0157444841329396;9,0900821524045e-05;9,09011792884716e-05;0,227015356530473;0,245068433071541;0,255349107633764;0,266324347867749;0,288639326904799
"Sd_L2[9]";0,292212309440662;0,0208752970140382;0,000120523583504683;0,000120360954786953;0,254717046897005;0,27780754979425;0,291117614338259;0,305179847222219;0,336466342585572
"Sd_L2[10]";0,290603888869363;0,0193745022133082;0,000111858740682685;0,000113295909608179;0,255233011976002;0,277257648796209;0,289655924159503;0,30274359935365;0,331390855029718
"Sd_L2[11]";0,295153930629777;0,0192078970523032;0,000110896845337139;0,000110893975362206;0,260480315781727;0,28166149105278;0,294083887653142;0,307415120355291;0,335916080007
"Sd_L2[12]";0,284085230091783;0,0177143440868993;0,00010227381327089;0,000102517167685635;0,25173077501876;0,271879770766236;0,28318057569454;0,295519765764025;0,321100415621633
"Sd_L2[13]";0,296636470769598;0,0190243548106986;0,000109837163711158;0,000109794547598532;0,262328140347537;0,283223369943983;0,29561896978563;0,308648933281187;0,337150020700665
"Sd_L2[14]";0,249947294612947;0,0160984338609653;9,29443512315968e-05;9,24350761567542e-05;0,220340026490699;0,2387475382889;0,249297692401171;0,260532206864577;0,283246224646874
"Sd_L2[15]";0,254612093190767;0,016749551811102;9,67035824694535e-05;9,90890065437715e-05;0,223911537113978;0,243029555123856;0,253918836360947;0,265534171894787;0,289203716991925
"Sd_L2[16]";0,279831416873729;0,0174634777852918;0,000100825436003253;0,000103121130605427;0,247800548889798;0,26767148994057;0,278978444326348;0,291096217531712;0,316505326715043
"Sd_L2[17]";0,267724909995705;0,0184344816587156;0,000106431529480307;0,000106800605832669;0,234217591033;0,254872979547133;0,266868772404407;0,279544757028537;0,306555675996468
"Sd_L2[18]";0,270186787036993;0,0170875387754145;9,86549511177374e-05;9,91775886325617e-05;0,238952272670222;0,258350086385949;0,269346473333619;0,281100196448133;0,305857610205802
"Sd_L2[19]";0,256712676307085;0,0167310657958464;9,65968534106125e-05;9,55803034847379e-05;0,225878009560583;0,245125427330415;0,256087509120305;0,267566956570161;0,291235844622923
"Sd_L2[20]";0,252478504056899;0,015937706689747;9,20163924759071e-05;9,34736253623439e-05;0,222946404014459;0,24145717149872;0,251955954908569;0,262830083464524;0,285457757132875
"Sd_L2[21]";0,266521093766663;0,0153288807120013;8,85013340544962e-05;8,87631788437193e-05;0,237877398339469;0,255917706421241;0,265921293001871;0,276556971266032;0,297957703589323
"Sd_L2[22]";0,265298137745552;0,0156755996541526;9,05031168003381e-05;8,99727508970701e-05;0,236436194636878;0,254453512668229;0,264680033477175;0,275440568358895;0,297540447804967
"Sd_L2[23]";0,283048743589337;0,0183072762322404;0,000105697108608129;0,000105738367975985;0,249548210975793;0,270482406665565;0,282221372956773;0,294753603734421;0,321353634304301
"Sd_L2[24]";0,288650498304524;0,0185573855917655;0,000107141115668615;0,000107032851810334;0,25518524353003;0,275783076911201;0,287763305207849;0,300467107244689;0,327873892814876
"Sd_L2m[1]";0,330525210783568;0,0184998337366867;0,000106808839878394;0,000106803022898207;0,296349678296082;0,317733322347965;0,329813611768842;0,342567878850631;0,368684436078244
"Sd_L2m[2]";0,293175754991978;0,016593465081758;9,58024153174163e-05;9,66006678914932e-05;0,262521434538655;0,281784680337753;0,292534795927892;0,304033129520332;0,327295002394361
"Sd_L2m[3]";0,274487121315932;0,0157197646527822;9,07581035388138e-05;9,18369666096139e-05;0,245313133277762;0,263651732598712;0,273771094509536;0,284744720379026;0,306890891921411
"Sd_L2m[4]";0,315078592241083;0,0183441036845302;0,000105909732003059;0,000105888821250701;0,281242408472905;0,302412432096425;0,314398511613669;0,32696375007679;0,353492733661424
"Sd_L2m[5]";0,332621220603376;0,0206353175845345;0,000119138061622444;0,000118149825746037;0,29519300852319;0,318237843705652;0,331421915396273;0,345989685997838;0,375891545269549
"Sd_L2m[6]";0,301975163578385;0,01756994110072;0,000101440102241466;0,000100658680547724;0,269597110279691;0,289746820881141;0,301171265694766;0,313469066313847;0,338000203702522
"Sd_L2m[7]";0,315369626177839;0,0171492285469607;9,90111171798217e-05;9,84556393836424e-05;0,283665339733013;0,303548423201048;0,314692685465677;0,326467622142294;0,351277372431093
"Sd_L2m[8]";0,252241284403479;0,014939010398467;8,62504167498152e-05;8,62503624412125e-05;0,224394878241666;0,241917893641953;0,251737713353827;0,262099843389594;0,282793881527925
"Sd_L2m[9]";0,286028307707146;0,0190746225616821;0,000110127384706777;0,000109966103021053;0,251022883226305;0,272901069863463;0,285320446805871;0,298127137666059;0,3256879262047
"Sd_L2m[10]";0,284133136628381;0,0173934335628589;0,000100421035496485;0,000101714965022277;0,251478764054607;0,272223891226679;0,283561402255089;0,295385151642367;0,320045661022432
"Sd_L2m[11]";0,288718113462571;0,0176999048477387;0,000102190448284727;0,000102188444574292;0,256239102851539;0,276328643759972;0,287910519416055;0,300128856525646;0,325548937585503
"Sd_L2m[12]";0,277569550343693;0,0164121956488292;9,47558557584435e-05;9,50561714930033e-05;0,247172464000822;0,266282752452441;0,276871222226484;0,288279011133581;0,311413699409188
"Sd_L2m[13]";0,289331658145385;0,0174170133555509;0,000100557173493066;9,99438125194767e-05;0,257485924096188;0,27709114561722;0,288542365882142;0,3005115774102;0,325817705962524
"Sd_L2m[14]";0,245686272490757;0,0153270948292599;8,84910232556815e-05;8,80087471619693e-05;0,217257507391303;0,235052605295448;0,245115771309207;0,255772690913613;0,277127627624148
"Sd_L2m[15]";0,249533453472395;0,0156056229843953;9,00991063091245e-05;9,17983783590077e-05;0,220559973960402;0,238780129110994;0,248985039135957;0,259756163128075;0,281587746093135
"Sd_L2m[16]";0,273967566746144;0,016302046370286;9,41199086022639e-05;9,62623814561744e-05;0,243821009122529;0,262672477277355;0,273304937492017;0,284575524116625;0,307958171292324
"Sd_L2m[17]";0,262272060395852;0,0172399960491682;9,95351635981535e-05;9,95342887312398e-05;0,230582109643879;0,250281048764052;0,261607383846182;0,27347107541995;0,298264786577774
"Sd_L2m[18]";0,26411715825371;0,0157607934178756;9,09949832245256e-05;9,14785068414875e-05;0,23494200754169;0,253283429675473;0,263525959418784;0,274383237443522;0,296666547228108
"Sd_L2m[19]";0,252142416924203;0,0158649141992828;9,15961248362623e-05;9,0661608149204e-05;0,22263813028726;0,241126018503744;0,251585620146971;0,262433716820091;0,284707797654863
"Sd_L2m[20]";0,248144632233903;0,0151347471479375;8,73805033997866e-05;8,87452212321462e-05;0,21991524521709;0,237663006945035;0,24770179252581;0,258019869483302;0,279259662167113
"Sd_L2m[21]";0,261759531085641;0,0145514402339692;8,40127793617884e-05;8,42499165341696e-05;0,234525787961417;0,251695675093806;0,26127106546132;0,27131328310773;0,291489468559275
"Sd_L2m[22]";0,261043100335605;0,0149457726943931;8,62894588835481e-05;8,57924495411064e-05;0,233392018205587;0,250681297264888;0,260511450877089;0,2707727921159;0,29158560508284
"Sd_L2m[23]";0,277116889868733;0,017036583421662;9,83607602456809e-05;9,84522939504406e-05;0,245618880276392;0,265456590158543;0,276460274598473;0,288057435770832;0,312441071498095
"Sd_L2m[24]";0,283654270921844;0,0174527375811346;0,00010076342740564;0,00010062840357273;0,251821175321752;0,271585731436046;0,282934242591911;0,294892468625753;0,320142255558328
"Sd_L2nm[1]";0,329807077758648;0,0196896544054856;0,000113678272712578;0,000114453272751908;0,29385372693553;0,316182730470793;0,328819004827576;0,34247664595352;0,370897546434759
"Sd_L2nm[2]";0,289945430516581;0,0164269099654648;9,48408089051483e-05;9,56862978664203e-05;0,259747396930262;0,278660280581025;0,289254251918546;0,300637797751527;0,323973622547216
"Sd_L2nm[3]";0,271843581802479;0,0155177970215579;8,95920428762643e-05;9,01223585097025e-05;0,243128453013398;0,261191647849713;0,27111383926356;0,281885620848492;0,304024491931426
"Sd_L2nm[4]";0,313575792790034;0,0190211422056833;0,000109818615727454;0,000109725535879659;0,278791953741618;0,300421255014498;0,312730892803342;0,325703710933402;0,353969720679175
"Sd_L2nm[5]";0,327158230304555;0,0198808073389406;0,000114781894688444;0,000114195731758856;0,291070580079611;0,313272212843177;0,326060399749314;0,340101847527396;0,368534437745358
"Sd_L2nm[6]";0,298604999068636;0,0175036657226937;0,000101057461168024;0,000100432857682313;0,266610353219346;0,28636685029521;0,297671225135564;0,309973830430621;0,334726749521686
"Sd_L2nm[7]";0,311856223959143;0,0168778394507828;9,74442515024871e-05;9,69273498037803e-05;0,280594247908398;0,300297311439613;0,311185539036754;0,322749184469077;0,347183376925044
"Sd_L2nm[8]";0,249957749812083;0,014698807066735;8,48636021674582e-05;8,48632410744551e-05;0,222630942503521;0,239809912136305;0,249429728451177;0,259586912875133;0,280118113786367
"Sd_L2nm[9]";0,282726199925203;0,0186257959753709;0,000107536083202514;0,000107383832579269;0,248596948304446;0,269841014398757;0,282033583335744;0,294575124993215;0,321573595411179
"Sd_L2nm[10]";0,281679527724203;0,0175285442997058;0,000101201097699374;0,000102866603730373;0,249276589850796;0,269626126978335;0,280966581379986;0,292920979561976;0,318301840538348
"Sd_L2nm[11]";0,284734959536168;0,0169757163211002;9,8009343876739e-05;9,80074987297734e-05;0,253384627533113;0,272901045658075;0,28404506063882;0,295695480972829;0,320156307648151
"Sd_L2nm[12]";0,27324472467946;0,0152227293520186;8,78884688918876e-05;8,81815290361165e-05;0,24456711918807;0,262806065964098;0,272758624959769;0,283348473185764;0,304188605359695
"Sd_L2nm[13]";0,283736064701333;0,015793919764911;9,11862382783074e-05;9,058425391992e-05;0,254348543595215;0,272701257914079;0,283284151532809;0,294076171100469;0,31636286990709
"Sd_L2nm[14]";0,243364356888497;0,0148543082160318;8,57613884715165e-05;8,52941905258131e-05;0,215793910637588;0,233079029882422;0,242878188498368;0,253180697179452;0,273703313523421
"Sd_L2nm[15]";0,245847274568042;0,014404059767018;8,31618778391128e-05;8,47220940839504e-05;0,21855432653571;0,235992685137249;0,245531235509235;0,255409409525886;0,274870935548264
"Sd_L2nm[16]";0,269758321090294;0,0151709679579514;8,75896243439045e-05;8,95911071837274e-05;0,241285249656332;0,259270135059638;0,26922774860252;0,279744832933094;0,300950641239917
"Sd_L2nm[17]";0,258395057170788;0,0160511801214277;9,26715316391748e-05;9,26708000608751e-05;0,228487029173265;0,247257868201222;0,257965308551279;0,268932995386631;0,291232620953221
"Sd_L2nm[18]";0,25941757743698;0,0143065301897122;8,25987905619987e-05;8,30408176359243e-05;0,232311376733827;0,249636563424142;0,259077077936195;0,268935056846604;0,288493516794106
"Sd_L2nm[19]";0,249134789173398;0,0151009615959266;8,71854424243043e-05;8,66084444694648e-05;0,220847175895932;0,238699966437508;0,2486924038218;0,259000947057426;0,279847994108235
"Sd_L2nm[20]";0,245255796131056;0,0144112972556553;8,32036634992431e-05;8,44864106626816e-05;0,218134917868056;0,235303033595945;0,244931009525423;0,25469487634942;0,274595217650443
"Sd_L2nm[21]";0,25851750885123;0,0138969065569262;8,02338274154442e-05;8,04493093727587e-05;0,232273335436297;0,248930222545152;0,258132759223593;0,267649574330231;0,286639349486035
"Sd_L2nm[22]";0,257858898727284;0,0142906948378093;8,25073651151599e-05;8,20466669989913e-05;0,231218783028087;0,247997555691286;0,257446241464396;0,267263318418954;0,286989059268664
"Sd_L2nm[23]";0,2725098323277;0,0157112301214283;9,07088293990678e-05;9,08058931548446e-05;0,24299840993809;0,261804228754746;0,272131282609995;0,282804772088326;0,304553040253097
"Sd_L2nm[24]";0,279396359693679;0,0163456068211016;9,43714049823082e-05;9,38842473247e-05;0,249079292032215;0,268101679126342;0,278889040382941;0,290066720895369;0,313275114798566
